sample_id,text,category,generated_at
WASTE_CONTAMINATED_0440,Temuan audit: daging giling sapi terkontaminasi cipratan cairan pembersih kimia sanitasi lantai di chiller holding pass. Bobot perkiraan: 6 kg.,CONTAMINATED,2026-09-30T11:08:57.910644
WASTE_CONTAMINATED_0323,fillet dada ayam terkontaminasi cipratan cairan pembersih kimia sanitasi lantai di walk-in freezer. Bobot perkiraan: 6 kg.,CONTAMINATED,2026-09-30T11:08:57.909580
WASTE_CONTAMINATED_0207,Log limbah: Ditemukan potongan daging wagyu MB7 yang terkena cemaran cipratan cairan pembersih kimia sanitasi lantai di display showcase pastry.,CONTAMINATED,2026-09-30T11:08:57.908580
WASTE_EXPIRED_0363,Temuan audit: saus tiram botol besar pada rak walk-in freezer sudah stempel expired date terlampaui dan tidak boleh disajikan. Segera laporkan ke chef on duty untuk tindakan preventif sesuai SOP.,EXPIRED,2026-09-30T11:08:57.907582
WASTE_CONTAMINATED_0332,Catatan QC: Reject segera cumi-cumi segar akibat kontak dengan debu kotor akibat pembersihan blower ventilasi.,CONTAMINATED,2026-09-30T11:08:57.909580
WASTE_EXPIRED_0116,Laporan waste: Tanggal kedaluwarsa whipping cream cair di rak pantry kering kadaluwarsa per tanggal kemarin dan harus segera diretur.,EXPIRED,2026-09-30T11:08:57.905516
WASTE_EXPIRED_0396,Temuan audit: Tanggal kedaluwarsa kroisan butter almond di chiller holding pass sudah lewat batas best before sejak minggu kemarin. Catatan: perlu cross-check barcode supplier.,EXPIRED,2026-09-30T11:08:57.907582
WASTE_CONTAMINATED_0105,Laporan waste: ikan salmon fillet terkontaminasi tetesan darah mentah dari rak atas di meja butchery station. Ref: #297.,CONTAMINATED,2026-09-30T11:08:57.908580
WASTE_SURPLUS_0034,Stok matang puding coklat fla sisa operasional layanan breakfast buffet penutupan pagi di lantai kitchen line. Ditemukan oleh staff shift malam saat inspeksi rutin.,SURPLUS,2026-09-30T11:08:57.916718
WASTE_EXPIRED_0251,Insiden dapur: Reject whipping cream cair: stempel expired date terlampaui dan tidak boleh disajikan saat audit inventory. Ref: #730.,EXPIRED,2026-09-30T11:08:57.906583
WASTE_OVERCOOKED_0154,Catatan QC: fillet ayam krispi gosong hangus karena api terlalu besar saat plating order express. Ditemukan oleh staff shift pagi saat inspeksi rutin.,OVERCOOKED,2026-09-30T11:08:57.911644
WASTE_EXPIRED_0079,Reject minyak wijen premium: kadaluwarsa per tanggal kemarin dan harus segera diretur saat audit inventory. Bobot perkiraan: 10 kg.,EXPIRED,2026-09-30T11:08:57.904516
WASTE_SURPLUS_0040,Log limbah: nasi goreng spesial seafood berlebih pada display display showcase pastry karena proyeksi tamu meleset. Ref: #286.,SURPLUS,2026-09-30T11:08:57.916718
WASTE_CONTAMINATED_0154,BAHAYA FOOD SAFETY: cumi-cumi segar terpapar debu kotor akibat pembersihan blower ventilasi saat penggorengan kapasitas besar. Bobot perkiraan: 3 kg.,CONTAMINATED,2026-09-30T11:08:57.908580
WASTE_SURPLUS_0161,Temuan shift pagi: pasta spaghetti bolognese berlebih pada display cold storage utama karena proyeksi tamu meleset. Ditemukan oleh staff shift malam saat inspeksi rutin.,SURPLUS,2026-09-30T11:08:57.917719
WASTE_CONTAMINATED_0224,Catatan QC: Reject segera paha ayam marinasi akibat kontak dengan debu kotor akibat pembersihan blower ventilasi. Ref: #593.,CONTAMINATED,2026-09-30T11:08:57.908580
WASTE_EXPIRED_0432,Catatan QC: Ditemukan susu UHT full cream yang telah stempel expired date terlampaui dan tidak boleh disajikan.,EXPIRED,2026-09-30T11:08:57.907582
WASTE_SURPLUS_0415,Insiden dapur: Overproduction pasta spaghetti bolognese berlebih setelah paket promo makan siang meeting korporat. Ref: #904.,SURPLUS,2026-09-30T11:08:57.918718
WASTE_CONTAMINATED_0043,Reject segera daun selada iceberg akibat kontak dengan pecahan kaca dari gelas pecah di line prep.,CONTAMINATED,2026-09-30T11:08:57.907582
WASTE_EXPIRED_0420,Log limbah: Ditemukan roti brioche burger yang telah sudah lewat batas best before sejak minggu kemarin. Catatan: perlu cross-check barcode supplier.,EXPIRED,2026-09-30T11:08:57.907582
WASTE_SURPLUS_0098,Stok matang sponge cake vanila sisa operasional prasmanan buffet dinner hotel malam hari di rak pantry kering.,SURPLUS,2026-09-30T11:08:57.916718
WASTE_EXPIRED_0029,Catatan QC: saus tomat kemasan pouch pada rak cold storage utama sudah melewati masa simpan maksimum gudang penyimpanan.,EXPIRED,2026-09-30T11:08:57.904516
WASTE_PREP_WASTE_0048,Limbah potongan remah potongan kulit puff pastry dan tepi adonan roti terkumpul di area sauce preparation area. Bobot perkiraan: 13 kg.,PREP_WASTE,2026-09-30T11:08:57.913648
WASTE_CONTAMINATED_0371,Temuan audit: Reject segera jamur kancing akibat kontak dengan pecahan kaca dari gelas pecah di line prep. Segera laporkan ke chef on duty untuk tindakan preventif sesuai SOP.,CONTAMINATED,2026-09-30T11:08:57.910644
WASTE_OVERCOOKED_0229,sponge cake vanila terlalu lama di panci stock pot kaldu sehingga menghitam pekat karena terlambat diangkat dari fryer. Catatan: perlu cross-check barcode supplier.,OVERCOOKED,2026-09-30T11:08:57.911644
WASTE_OVERCOOKED_0360,Insiden dapur: Reject pesanan sponge cake vanila: bagian luar gosong terbakar pahit walau dalam masih mentah di panci stock pot kaldu. Ditemukan oleh staff shift siang saat inspeksi rutin.,OVERCOOKED,2026-09-30T11:08:57.912644
WASTE_SPOILED_0234,Insiden dapur: jamur kancing ditemukan tekstur lembek basah dan berbau apek busuk pada saat pengecekan chiller 1. Ref: #152.,SPOILED,2026-09-30T11:08:57.903518
WASTE_PREP_WASTE_0410,"Temuan audit: Sisa organik tulang, insang, dan kepala ikan kakap segar dari proses mise en place salad bar buffet.",PREP_WASTE,2026-09-30T11:08:57.915646
WASTE_SPOILED_0366,Temuan audit: Reject brokoli segar: mengalami pembusukan parah dan berbau anyir tengik. Bobot perkiraan: 10 kg.,SPOILED,2026-09-30T11:08:57.903518
WASTE_CONTAMINATED_0156,Temuan audit: Ditemukan ikan kakap merah yang terkena cemaran debu kotor akibat pembersihan blower ventilasi di chiller holding pass.,CONTAMINATED,2026-09-30T11:08:57.908580
WASTE_SURPLUS_0423,Catatan QC: Stok matang nasi liwet komplet sisa operasional layanan breakfast buffet penutupan pagi di walk-in freezer.,SURPLUS,2026-09-30T11:08:57.918718
WASTE_PREP_WASTE_0240,Temuan shift pagi: Limbah potongan cangkang telur ayam dan sisa kulit bawang bombay terkumpul di area vegetable cold pantry. Segera laporkan ke chef on duty untuk tindakan preventif sesuai SOP.,PREP_WASTE,2026-09-30T11:08:57.915646
WASTE_EXPIRED_0430,Temuan shift pagi: roti brioche burger telah melewati tanggal expiry date 2 hari lalu. Segera laporkan ke chef on duty untuk tindakan preventif sesuai SOP.,EXPIRED,2026-09-30T11:08:57.907582
WASTE_SURPLUS_0370,Catatan QC: Sisa porsi sajian nasi liwet komplet dari event gala dinner VIP ballroom masih layak namun tidak terjual.,SURPLUS,2026-09-30T11:08:57.918718
WASTE_PREP_WASTE_0157,"Temuan audit: kulit wortel, biji paprika, dan ujung timun hasil proses persiapan di fish butchery station.",PREP_WASTE,2026-09-30T11:08:57.914644
WASTE_SURPLUS_0258,nasi liwet komplet sisa paket promo makan siang meeting korporat yang tidak terkonsumsi di meja butchery station.,SURPLUS,2026-09-30T11:08:57.917719
WASTE_PREP_WASTE_0033,"Laporan waste: Sisa penyiangan tulang, insang, dan kepala ikan kakap segar pada persiapan shift pagi di hot kitchen production pass.",PREP_WASTE,2026-09-30T11:08:57.913648
WASTE_EXPIRED_0060,Log limbah: saus tomat kemasan pouch pada rak lantai kitchen line sudah sudah lewat batas best before sejak minggu kemarin. Catatan: perlu cross-check barcode supplier.,EXPIRED,2026-09-30T11:08:57.904516
WASTE_CONTAMINATED_0181,Log limbah: Reject segera fillet dada ayam akibat kontak dengan tetesan darah mentah dari rak atas. Ditemukan oleh staff shift pagi saat inspeksi rutin.,CONTAMINATED,2026-09-30T11:08:57.908580
WASTE_SPOILED_0355,"Kondisi ikan kakap merah di chiller 1 sudah keluar lendir lengket serta berbau busuk menyengat, harus diafkir.",SPOILED,2026-09-30T11:08:57.903518
WASTE_SPOILED_0325,Laporan waste: fillet dada ayam ditemukan tekstur lembek basah dan berbau apek busuk pada saat pengecekan chiller 1. Catatan: perlu cross-check barcode supplier.,SPOILED,2026-09-30T11:08:57.903518
WASTE_PREP_WASTE_0205,"Laporan waste: tulang, insang, dan kepala ikan kakap segar hasil proses persiapan di hot kitchen production pass.",PREP_WASTE,2026-09-30T11:08:57.914644
WASTE_SPOILED_0444,"Kondisi wortel impor di walk-in freezer sudah tekstur lembek basah dan berbau apek busuk, harus diafkir. Segera laporkan ke chef on duty untuk tindakan preventif sesuai SOP.",SPOILED,2026-09-30T11:08:57.904516
WASTE_SURPLUS_0152,Temuan audit: Sisa porsi sajian puding coklat fla dari layanan breakfast buffet penutupan pagi masih layak namun tidak terjual. Bobot perkiraan: 3 kg.,SURPLUS,2026-09-30T11:08:57.917719
WASTE_SPOILED_0394,"Kondisi jamur kancing di rak pantry kering sudah tampak bercak kapang kehijauan dan berair, harus diafkir. Ref: #251.",SPOILED,2026-09-30T11:08:57.904516
WASTE_SPOILED_0271,Catatan QC: Stok wortel impor berbau tidak sedap dan mengalami pembusukan parah dan berbau anyir tengik di chiller holding pass. Bobot perkiraan: 7 kg.,SPOILED,2026-09-30T11:08:57.903518
WASTE_PREP_WASTE_0265,"kulit kentang, bonggol brokoli, dan tangkai daun bawang ditimbang sebagai yield loss di hot kitchen production pass. Ditemukan oleh staff shift malam saat inspeksi rutin.",PREP_WASTE,2026-09-30T11:08:57.915646
WASTE_EXPIRED_0015,keju mozarella impor kedaluwarsa 4 hari yang lalu sesuai label kemasan.,EXPIRED,2026-09-30T11:08:57.904516
WASTE_OVERCOOKED_0220,Log limbah: roti baguette gosong hangus karena api terlalu besar saat prep mise en place siang. Ditemukan oleh staff shift malam saat inspeksi rutin.,OVERCOOKED,2026-09-30T11:08:57.911644
WASTE_EXPIRED_0095,Insiden dapur: saus tomat kemasan pouch kadaluwarsa per tanggal kemarin dan harus segera diretur. Catatan: perlu cross-check barcode supplier.,EXPIRED,2026-09-30T11:08:57.904516
WASTE_EXPIRED_0123,Laporan waste: saus tomat kemasan pouch sudah lewat batas best before sejak minggu kemarin.,EXPIRED,2026-09-30T11:08:57.905516
WASTE_SPOILED_0292,Reject cumi-cumi segar: terlihat jamur putih dan berbau asam.,SPOILED,2026-09-30T11:08:57.903518
WASTE_PREP_WASTE_0006,Temuan audit: cangkang telur ayam dan sisa kulit bawang bombay hasil proses persiapan di vegetable cold pantry. Bobot perkiraan: 10 kg.,PREP_WASTE,2026-09-30T11:08:57.913648
WASTE_PREP_WASTE_0346,"Log limbah: tulang, insang, dan kepala ikan kakap segar ditimbang sebagai yield loss di vegetable cold pantry. Bobot perkiraan: 10 kg.",PREP_WASTE,2026-09-30T11:08:57.915646
WASTE_OVERCOOKED_0042,Kondisi masakan saus bechamel keju di rak pantry kering menghitam pekat karena terlambat diangkat dari fryer. Ref: #194.,OVERCOOKED,2026-09-30T11:08:57.910644
WASTE_SURPLUS_0424,nasi goreng spesial seafood sisa acara resepsi pernikahan gathering siang yang tidak terkonsumsi di lantai kitchen line. Segera laporkan ke chef on duty untuk tindakan preventif sesuai SOP.,SURPLUS,2026-09-30T11:08:57.918718
WASTE_EXPIRED_0022,Insiden dapur: sponge cake vanila kadaluwarsa per tanggal kemarin dan harus segera diretur.,EXPIRED,2026-09-30T11:08:57.904516
WASTE_SURPLUS_0296,Insiden dapur: sponge cake vanila sisa acara resepsi pernikahan gathering siang yang tidak terkonsumsi di cold storage utama. Catatan: perlu cross-check barcode supplier.,SURPLUS,2026-09-30T11:08:57.917719
WASTE_EXPIRED_0162,keju mozarella impor pada rak display showcase pastry sudah telah melewati tanggal expiry date 2 hari lalu.,EXPIRED,2026-09-30T11:08:57.905516
WASTE_CONTAMINATED_0087,Reject segera daging steak sirloin akibat kontak dengan pecahan kaca dari gelas pecah di line prep. Segera laporkan ke chef on duty untuk tindakan preventif sesuai SOP.,CONTAMINATED,2026-09-30T11:08:57.908580
WASTE_PREP_WASTE_0128,"Catatan QC: Limbah potongan lemak berlebih, urat keras, dan sisa butchery daging sapi terkumpul di area fish butchery station.",PREP_WASTE,2026-09-30T11:08:57.914644
WASTE_CONTAMINATED_0046,Temuan shift pagi: BAHAYA FOOD SAFETY: fillet dada ayam terpapar helaian rambut staff dan keringat saat proses plating saat penggorengan kapasitas besar. Segera laporkan ke chef on duty untuk tindakan preventif sesuai SOP.,CONTAMINATED,2026-09-30T11:08:57.907582
WASTE_SPOILED_0189,Laporan waste: Stok ikan kakap merah berbau tidak sedap dan tekstur lembek basah dan berbau apek busuk di cold storage utama. Segera laporkan ke chef on duty untuk tindakan preventif sesuai SOP.,SPOILED,2026-09-30T11:08:57.902520
WASTE_SURPLUS_0435,Overproduction puding coklat fla berlebih setelah paket promo makan siang meeting korporat.,SURPLUS,2026-09-30T11:08:57.918718
WASTE_EXPIRED_0202,Tanggal kedaluwarsa sponge cake vanila di rak pantry kering kadaluwarsa per tanggal kemarin dan harus segera diretur. Ref: #504.,EXPIRED,2026-09-30T11:08:57.906583
WASTE_SURPLUS_0392,Insiden dapur: Overproduction kroisan butter almond berlebih setelah acara resepsi pernikahan gathering siang. Catatan: perlu cross-check barcode supplier.,SURPLUS,2026-09-30T11:08:57.918718
WASTE_CONTAMINATED_0322,Temuan shift pagi: potongan daging wagyu MB7 terkontaminasi helaian rambut staff dan keringat saat proses plating di cold storage utama. Ditemukan oleh staff shift pagi saat inspeksi rutin.,CONTAMINATED,2026-09-30T11:08:57.909580
WASTE_CONTAMINATED_0274,Temuan audit: ikan salmon fillet terkontaminasi cipratan cairan pembersih kimia sanitasi lantai di display showcase pastry.,CONTAMINATED,2026-09-30T11:08:57.909580
WASTE_EXPIRED_0200,Laporan waste: Ditemukan saus tiram botol besar yang telah telah melewati tanggal expiry date 2 hari lalu. Ref: #396.,EXPIRED,2026-09-30T11:08:57.906583
WASTE_OVERCOOKED_0371,Log limbah: sponge cake vanila terlalu lama di panci stock pot kaldu sehingga terlalu kering mengeras layaknya arang dan tidak layak jual.,OVERCOOKED,2026-09-30T11:08:57.913648
WASTE_EXPIRED_0168,Laporan waste: keju mozarella impor pada rak rak pantry kering sudah melewati masa simpan maksimum gudang penyimpanan. Ditemukan oleh staff shift malam saat inspeksi rutin.,EXPIRED,2026-09-30T11:08:57.905516
WASTE_SPOILED_0033,"Kondisi fillet dada ayam di chiller 1 sudah keluar lendir lengket serta berbau busuk menyengat, harus diafkir.",SPOILED,2026-09-30T11:08:57.901519
WASTE_PREP_WASTE_0246,"Limbah potongan lemak berlebih, urat keras, dan sisa butchery daging sapi terkumpul di area hot kitchen production pass. Catatan: perlu cross-check barcode supplier.",PREP_WASTE,2026-09-30T11:08:57.915646
WASTE_SURPLUS_0310,sponge cake vanila berlebih pada display display showcase pastry karena proyeksi tamu meleset. Ref: #247.,SURPLUS,2026-09-30T11:08:57.917719
WASTE_EXPIRED_0001,kroisan butter almond stempel expired date terlampaui dan tidak boleh disajikan. Ditemukan oleh staff shift pagi saat inspeksi rutin.,EXPIRED,2026-09-30T11:08:57.904516
WASTE_OVERCOOKED_0205,Insiden dapur: Reject pesanan saus bechamel keju: gosong gosong pahit dan bertekstur liat keras di charcoal grill station. Bobot perkiraan: 14 kg.,OVERCOOKED,2026-09-30T11:08:57.911644
WASTE_SPOILED_0197,Catatan QC: fillet dada ayam ditemukan tekstur lembek basah dan berbau apek busuk pada saat pengecekan cold storage utama. Bobot perkiraan: 9 kg.,SPOILED,2026-09-30T11:08:57.902520
WASTE_PREP_WASTE_0046,Temuan shift pagi: remah potongan kulit puff pastry dan tepi adonan roti ditimbang sebagai yield loss di sauce preparation area. Ref: #269.,PREP_WASTE,2026-09-30T11:08:57.913648
WASTE_OVERCOOKED_0407,Reject pesanan saus bechamel keju: menghitam pekat karena terlambat diangkat dari fryer di panci stock pot kaldu. Segera laporkan ke chef on duty untuk tindakan preventif sesuai SOP.,OVERCOOKED,2026-09-30T11:08:57.913648
WASTE_EXPIRED_0072,Temuan shift pagi: Tanggal kedaluwarsa puding coklat fla di lantai kitchen line kedaluwarsa 4 hari yang lalu sesuai label kemasan. Catatan: perlu cross-check barcode supplier.,EXPIRED,2026-09-30T11:08:57.904516
WASTE_CONTAMINATED_0080,Ditemukan fillet dada ayam yang terkena cemaran debu kotor akibat pembersihan blower ventilasi di chiller holding pass. Bobot perkiraan: 14 kg.,CONTAMINATED,2026-09-30T11:08:57.908580
WASTE_SURPLUS_0207,Insiden dapur: Overproduction sponge cake vanila berlebih setelah prasmanan buffet dinner hotel malam hari. Catatan: perlu cross-check barcode supplier.,SURPLUS,2026-09-30T11:08:57.917719
WASTE_SPOILED_0094,Temuan shift pagi: Stok daging steak sirloin berbau tidak sedap dan berwarna kehitaman dan lembek hancur di lantai kitchen line. Bobot perkiraan: 14 kg.,SPOILED,2026-09-30T11:08:57.901519
WASTE_PREP_WASTE_0372,"Insiden dapur: Limbah potongan tulang, insang, dan kepala ikan kakap segar terkumpul di area meat prep station.",PREP_WASTE,2026-09-30T11:08:57.915646
WASTE_SURPLUS_0285,Catatan QC: Stok matang roti brioche burger sisa operasional acara resepsi pernikahan gathering siang di rak pantry kering. Ditemukan oleh staff shift siang saat inspeksi rutin.,SURPLUS,2026-09-30T11:08:57.917719
WASTE_PREP_WASTE_0426,"Catatan QC: Sisa penyiangan lemak berlebih, urat keras, dan sisa butchery daging sapi pada persiapan shift pagi di fish butchery station. Ditemukan oleh staff shift malam saat inspeksi rutin.",PREP_WASTE,2026-09-30T11:08:57.916718
WASTE_OVERCOOKED_0113,Log limbah: saus bechamel keju gagal saji karena suhu panci stock pot kaldu berlebih dan gosong gosong pahit dan bertekstur liat keras. Bobot perkiraan: 13 kg.,OVERCOOKED,2026-09-30T11:08:57.911644
WASTE_OVERCOOKED_0012,steak wagyu tenderloin terlalu lama di panci stock pot kaldu sehingga hangus berkerak hitam dan berbau sangit pekat. Bobot perkiraan: 3 kg.,OVERCOOKED,2026-09-30T11:08:57.910644
WASTE_EXPIRED_0046,Insiden dapur: Reject saus bechamel keju: sudah lewat batas best before sejak minggu kemarin saat audit inventory.,EXPIRED,2026-09-30T11:08:57.904516
WASTE_CONTAMINATED_0215,Ditemukan brokoli segar yang terkena cemaran helaian rambut staff dan keringat saat proses plating di cold storage utama. Bobot perkiraan: 7 kg.,CONTAMINATED,2026-09-30T11:08:57.908580
WASTE_PREP_WASTE_0065,"kulit wortel, biji paprika, dan ujung timun hasil proses persiapan di vegetable cold pantry. Ditemukan oleh staff shift siang saat inspeksi rutin.",PREP_WASTE,2026-09-30T11:08:57.914644
WASTE_CONTAMINATED_0356,cumi-cumi segar jatuh langsung ke walk-in freezer dan terkena helaian rambut staff dan keringat saat proses plating. Ditemukan oleh staff shift siang saat inspeksi rutin.,CONTAMINATED,2026-09-30T11:08:57.910644
WASTE_CONTAMINATED_0001,Laporan waste: BAHAYA FOOD SAFETY: brokoli segar terpapar serangga lalat serta kotoran hama di area kerja saat prep mise en place siang. Catatan: perlu cross-check barcode supplier.,CONTAMINATED,2026-09-30T11:08:57.907582
WASTE_SURPLUS_0394,Temuan audit: sponge cake vanila berlebih pada display rak pantry kering karena proyeksi tamu meleset. Ref: #298.,SURPLUS,2026-09-30T11:08:57.918718
WASTE_SURPLUS_0269,Catatan QC: Overproduction nasi goreng spesial seafood berlebih setelah event gala dinner VIP ballroom. Segera laporkan ke chef on duty untuk tindakan preventif sesuai SOP.,SURPLUS,2026-09-30T11:08:57.917719
WASTE_EXPIRED_0407,Insiden dapur: keju mozarella impor pada rak meja butchery station sudah kedaluwarsa 4 hari yang lalu sesuai label kemasan. Ditemukan oleh staff shift siang saat inspeksi rutin.,EXPIRED,2026-09-30T11:08:57.907582
WASTE_EXPIRED_0008,Insiden dapur: keju mozarella impor pada rak display showcase pastry sudah stempel expired date terlampaui dan tidak boleh disajikan. Bobot perkiraan: 15 kg.,EXPIRED,2026-09-30T11:08:57.904516
WASTE_SPOILED_0222,Temuan audit: Stok wortel impor berbau tidak sedap dan mengalami pembusukan parah dan berbau anyir tengik di cold storage utama. Ditemukan oleh staff shift malam saat inspeksi rutin.,SPOILED,2026-09-30T11:08:57.903518
WASTE_EXPIRED_0230,Temuan audit: saus bechamel keju pada rak display showcase pastry sudah melewati masa simpan maksimum gudang penyimpanan. Bobot perkiraan: 5 kg.,EXPIRED,2026-09-30T11:08:57.906583
WASTE_SPOILED_0176,Reject fillet dada ayam: mengalami pembusukan parah dan berbau anyir tengik.,SPOILED,2026-09-30T11:08:57.902520
WASTE_CONTAMINATED_0013,Catatan QC: Reject segera fillet dada ayam akibat kontak dengan tetesan darah mentah dari rak atas. Ref: #293.,CONTAMINATED,2026-09-30T11:08:57.907582
WASTE_SURPLUS_0137,Temuan audit: Sisa porsi sajian puding coklat fla dari event gala dinner VIP ballroom masih layak namun tidak terjual. Bobot perkiraan: 14 kg.,SURPLUS,2026-09-30T11:08:57.916718
WASTE_PREP_WASTE_0345,"Log limbah: tulang, insang, dan kepala ikan kakap segar ditimbang sebagai yield loss di sauce preparation area. Ref: #959.",PREP_WASTE,2026-09-30T11:08:57.915646
WASTE_PREP_WASTE_0190,Laporan waste: Sisa penyiangan remah potongan kulit puff pastry dan tepi adonan roti pada persiapan shift pagi di pastry bakery corner.,PREP_WASTE,2026-09-30T11:08:57.914644
WASTE_SPOILED_0440,Insiden dapur: ikan kakap merah ditemukan berwarna kehitaman dan lembek hancur pada saat pengecekan rak pantry kering. Ditemukan oleh staff shift siang saat inspeksi rutin.,SPOILED,2026-09-30T11:08:57.904516
WASTE_SPOILED_0437,Catatan QC: Reject cumi-cumi segar: tekstur lembek basah dan berbau apek busuk. Ditemukan oleh staff shift pagi saat inspeksi rutin.,SPOILED,2026-09-30T11:08:57.904516
WASTE_EXPIRED_0385,Catatan QC: Reject saus bechamel keju: stempel expired date terlampaui dan tidak boleh disajikan saat audit inventory. Ditemukan oleh staff shift siang saat inspeksi rutin.,EXPIRED,2026-09-30T11:08:57.907582
WASTE_PREP_WASTE_0144,Insiden dapur: cangkang telur ayam dan sisa kulit bawang bombay ditimbang sebagai yield loss di meat prep station.,PREP_WASTE,2026-09-30T11:08:57.914644
WASTE_SURPLUS_0410,Temuan shift pagi: Stok matang roti brioche burger sisa operasional acara resepsi pernikahan gathering siang di rak pantry kering. Bobot perkiraan: 10 kg.,SURPLUS,2026-09-30T11:08:57.918718
WASTE_PREP_WASTE_0278,"Temuan shift pagi: tulang, insang, dan kepala ikan kakap segar hasil proses persiapan di hot kitchen production pass. Bobot perkiraan: 13 kg.",PREP_WASTE,2026-09-30T11:08:57.915646
WASTE_CONTAMINATED_0017,Temuan shift pagi: Ditemukan ikan kakap merah yang terkena cemaran tetesan darah mentah dari rak atas di chiller 1. Segera laporkan ke chef on duty untuk tindakan preventif sesuai SOP.,CONTAMINATED,2026-09-30T11:08:57.907582
WASTE_OVERCOOKED_0213,Temuan shift pagi: steak wagyu tenderloin terlalu lama di salamander heater sehingga gosong gosong pahit dan bertekstur liat keras. Segera laporkan ke chef on duty untuk tindakan preventif sesuai SOP.,OVERCOOKED,2026-09-30T11:08:57.911644
WASTE_SPOILED_0071,Laporan waste: kol kubis manis tampak bercak kapang kehijauan dan berair di lantai kitchen line.,SPOILED,2026-09-30T11:08:57.901519
WASTE_SPOILED_0240,"Kondisi paha ayam marinasi di chiller 1 sudah berwarna kehitaman dan lembek hancur, harus diafkir. Segera laporkan ke chef on duty untuk tindakan preventif sesuai SOP.",SPOILED,2026-09-30T11:08:57.903518
WASTE_PREP_WASTE_0030,"lemak berlebih, urat keras, dan sisa butchery daging sapi hasil proses persiapan di meat prep station. Ref: #637.",PREP_WASTE,2026-09-30T11:08:57.913648
WASTE_SPOILED_0045,"Kondisi jamur kancing di chiller holding pass sudah tekstur lembek basah dan berbau apek busuk, harus diafkir.",SPOILED,2026-09-30T11:08:57.901519
WASTE_SPOILED_0057,daun selada iceberg ditemukan berwarna kehitaman dan lembek hancur pada saat pengecekan rak pantry kering. Catatan: perlu cross-check barcode supplier.,SPOILED,2026-09-30T11:08:57.901519
WASTE_CONTAMINATED_0012,Temuan audit: tomat merah jatuh langsung ke display showcase pastry dan terkena cipratan cairan pembersih kimia sanitasi lantai. Ref: #420.,CONTAMINATED,2026-09-30T11:08:57.907582
WASTE_OVERCOOKED_0088,Insiden dapur: sponge cake vanila terlalu lama di charcoal grill station sehingga menghitam pekat karena terlambat diangkat dari fryer. Bobot perkiraan: 13 kg.,OVERCOOKED,2026-09-30T11:08:57.911644
WASTE_SURPLUS_0173,Catatan QC: roti brioche burger sisa paket promo makan siang meeting korporat yang tidak terkonsumsi di lantai kitchen line. Segera laporkan ke chef on duty untuk tindakan preventif sesuai SOP.,SURPLUS,2026-09-30T11:08:57.917719
WASTE_SURPLUS_0369,kroisan butter almond berlebih pada display meja butchery station karena proyeksi tamu meleset. Catatan: perlu cross-check barcode supplier.,SURPLUS,2026-09-30T11:08:57.918718
WASTE_SPOILED_0074,brokoli segar keluar lendir lengket serta berbau busuk menyengat di chiller 1. Ref: #304.,SPOILED,2026-09-30T11:08:57.901519
WASTE_SPOILED_0322,ikan salmon fillet tampak bercak kapang kehijauan dan berair di meja butchery station.,SPOILED,2026-09-30T11:08:57.903518
WASTE_PREP_WASTE_0216,"Sisa organik kulit kentang, bonggol brokoli, dan tangkai daun bawang dari proses mise en place beef stew tenderloin. Bobot perkiraan: 5 kg.",PREP_WASTE,2026-09-30T11:08:57.914644
WASTE_OVERCOOKED_0116,saus bechamel keju terlalu lama di charcoal grill station sehingga menghitam pekat karena terlambat diangkat dari fryer. Bobot perkiraan: 13 kg.,OVERCOOKED,2026-09-30T11:08:57.911644
WASTE_SURPLUS_0076,Catatan QC: nasi goreng spesial seafood sisa prasmanan buffet dinner hotel malam hari yang tidak terkonsumsi di chiller 1. Catatan: perlu cross-check barcode supplier.,SURPLUS,2026-09-30T11:08:57.916718
WASTE_OVERCOOKED_0434,Laporan waste: Kondisi masakan roti baguette di chiller 1 hangus berkerak hitam dan berbau sangit pekat.,OVERCOOKED,2026-09-30T11:08:57.913648
WASTE_OVERCOOKED_0159,Log limbah: Kondisi masakan steak wagyu tenderloin di cold storage utama menghitam pekat karena terlambat diangkat dari fryer. Bobot perkiraan: 12 kg.,OVERCOOKED,2026-09-30T11:08:57.911644
WASTE_CONTAMINATED_0226,Temuan shift pagi: ikan kakap merah jatuh langsung ke display showcase pastry dan terkena pecahan kaca dari gelas pecah di line prep. Ref: #786.,CONTAMINATED,2026-09-30T11:08:57.908580
WASTE_CONTAMINATED_0008,Insiden dapur: Reject segera daging giling sapi akibat kontak dengan serangga lalat serta kotoran hama di area kerja. Segera laporkan ke chef on duty untuk tindakan preventif sesuai SOP.,CONTAMINATED,2026-09-30T11:08:57.907582
WASTE_OVERCOOKED_0142,fillet ayam krispi gosong hangus karena api terlalu besar saat plating order express. Catatan: perlu cross-check barcode supplier.,OVERCOOKED,2026-09-30T11:08:57.911644
WASTE_EXPIRED_0221,Tanggal kedaluwarsa roti brioche burger di chiller holding pass melewati masa simpan maksimum gudang penyimpanan. Catatan: perlu cross-check barcode supplier.,EXPIRED,2026-09-30T11:08:57.906583
WASTE_SPOILED_0125,paha ayam marinasi berwarna kehitaman dan lembek hancur di display showcase pastry. Ditemukan oleh staff shift pagi saat inspeksi rutin.,SPOILED,2026-09-30T11:08:57.902520
WASTE_SURPLUS_0449,Overproduction nasi goreng spesial seafood berlebih setelah layanan breakfast buffet penutupan pagi. Ref: #706.,SURPLUS,2026-09-30T11:08:57.918718
WASTE_SURPLUS_0327,Log limbah: Sisa porsi sajian roti brioche burger dari prasmanan buffet dinner hotel malam hari masih layak namun tidak terjual. Catatan: perlu cross-check barcode supplier.,SURPLUS,2026-09-30T11:08:57.917719
WASTE_EXPIRED_0316,Log limbah: puding coklat fla pada rak lantai kitchen line sudah kedaluwarsa 4 hari yang lalu sesuai label kemasan. Segera laporkan ke chef on duty untuk tindakan preventif sesuai SOP.,EXPIRED,2026-09-30T11:08:57.906583
WASTE_SURPLUS_0389,pasta spaghetti bolognese sisa paket promo makan siang meeting korporat yang tidak terkonsumsi di cold storage utama.,SURPLUS,2026-09-30T11:08:57.918718
WASTE_CONTAMINATED_0198,Catatan QC: Ditemukan daging giling sapi yang terkena cemaran serangga lalat serta kotoran hama di area kerja di walk-in freezer. Segera laporkan ke chef on duty untuk tindakan preventif sesuai SOP.,CONTAMINATED,2026-09-30T11:08:57.908580
WASTE_PREP_WASTE_0062,"Log limbah: kulit kentang, bonggol brokoli, dan tangkai daun bawang ditimbang sebagai yield loss di meat prep station. Catatan: perlu cross-check barcode supplier.",PREP_WASTE,2026-09-30T11:08:57.914644
WASTE_OVERCOOKED_0449,Temuan shift pagi: Reject pesanan sponge cake vanila: hangus berkerak hitam dan berbau sangit pekat di wajan wok burner.,OVERCOOKED,2026-09-30T11:08:57.913648
WASTE_SPOILED_0142,"Catatan QC: Kondisi kol kubis manis di chiller 1 sudah keluar lendir lengket serta berbau busuk menyengat, harus diafkir. Bobot perkiraan: 3 kg.",SPOILED,2026-09-30T11:08:57.902520
WASTE_CONTAMINATED_0370,potongan daging wagyu MB7 jatuh langsung ke walk-in freezer dan terkena cipratan cairan pembersih kimia sanitasi lantai. Ditemukan oleh staff shift siang saat inspeksi rutin.,CONTAMINATED,2026-09-30T11:08:57.910644
WASTE_CONTAMINATED_0290,Reject segera brokoli segar akibat kontak dengan helaian rambut staff dan keringat saat proses plating. Segera laporkan ke chef on duty untuk tindakan preventif sesuai SOP.,CONTAMINATED,2026-09-30T11:08:57.909580
WASTE_PREP_WASTE_0437,"Limbah potongan kulit wortel, biji paprika, dan ujung timun terkumpul di area fish butchery station. Catatan: perlu cross-check barcode supplier.",PREP_WASTE,2026-09-30T11:08:57.916718
WASTE_SURPLUS_0377,Catatan QC: Sisa porsi sajian nasi goreng spesial seafood dari prasmanan buffet dinner hotel malam hari masih layak namun tidak terjual. Segera laporkan ke chef on duty untuk tindakan preventif sesuai SOP.,SURPLUS,2026-09-30T11:08:57.918718
WASTE_EXPIRED_0425,Log limbah: Tanggal kedaluwarsa sponge cake vanila di lantai kitchen line sudah lewat batas best before sejak minggu kemarin. Catatan: perlu cross-check barcode supplier.,EXPIRED,2026-09-30T11:08:57.907582
WASTE_PREP_WASTE_0151,"kulit kentang, bonggol brokoli, dan tangkai daun bawang ditimbang sebagai yield loss di vegetable cold pantry. Bobot perkiraan: 9 kg.",PREP_WASTE,2026-09-30T11:08:57.914644
WASTE_OVERCOOKED_0431,Insiden dapur: steak wagyu tenderloin gagal saji karena suhu wajan wok burner berlebih dan terlalu kering mengeras layaknya arang dan tidak layak jual.,OVERCOOKED,2026-09-30T11:08:57.913648
WASTE_CONTAMINATED_0417,daging giling sapi terkontaminasi helaian rambut staff dan keringat saat proses plating di display showcase pastry.,CONTAMINATED,2026-09-30T11:08:57.910644
WASTE_SPOILED_0195,Stok tomat merah berbau tidak sedap dan mengalami pembusukan parah dan berbau anyir tengik di cold storage utama. Bobot perkiraan: 10 kg.,SPOILED,2026-09-30T11:08:57.902520
WASTE_OVERCOOKED_0422,Laporan waste: Kondisi masakan steak wagyu tenderloin di lantai kitchen line hangus berkerak hitam dan berbau sangit pekat. Bobot perkiraan: 1 kg.,OVERCOOKED,2026-09-30T11:08:57.913648
WASTE_EXPIRED_0011,Temuan audit: Reject kroisan butter almond: kadaluwarsa per tanggal kemarin dan harus segera diretur saat audit inventory. Catatan: perlu cross-check barcode supplier.,EXPIRED,2026-09-30T11:08:57.904516
WASTE_PREP_WASTE_0229,Sisa organik remah potongan kulit puff pastry dan tepi adonan roti dari proses mise en place signature fish and chips. Ref: #719.,PREP_WASTE,2026-09-30T11:08:57.915646
WASTE_PREP_WASTE_0272,"Temuan audit: lemak berlebih, urat keras, dan sisa butchery daging sapi hasil proses persiapan di sauce preparation area. Ref: #663.",PREP_WASTE,2026-09-30T11:08:57.915646
WASTE_EXPIRED_0086,Temuan audit: mayonnaise dressing pada rak chiller holding pass sudah kedaluwarsa 4 hari yang lalu sesuai label kemasan. Segera laporkan ke chef on duty untuk tindakan preventif sesuai SOP.,EXPIRED,2026-09-30T11:08:57.904516
WASTE_PREP_WASTE_0354,"Temuan audit: tulang, insang, dan kepala ikan kakap segar hasil proses persiapan di vegetable cold pantry.",PREP_WASTE,2026-09-30T11:08:57.915646
WASTE_SURPLUS_0038,Insiden dapur: Sisa porsi sajian sponge cake vanila dari event gala dinner VIP ballroom masih layak namun tidak terjual. Ditemukan oleh staff shift pagi saat inspeksi rutin.,SURPLUS,2026-09-30T11:08:57.916718
WASTE_CONTAMINATED_0214,Temuan shift pagi: daging giling sapi terkontaminasi tetesan darah mentah dari rak atas di meja butchery station.,CONTAMINATED,2026-09-30T11:08:57.908580
WASTE_SPOILED_0064,"Temuan shift pagi: Kondisi potongan daging wagyu MB7 di display showcase pastry sudah terlihat jamur putih dan berbau asam, harus diafkir. Ditemukan oleh staff shift malam saat inspeksi rutin.",SPOILED,2026-09-30T11:08:57.901519
WASTE_EXPIRED_0361,Laporan waste: Tanggal kedaluwarsa minyak wijen premium di chiller 1 kadaluwarsa per tanggal kemarin dan harus segera diretur. Ditemukan oleh staff shift malam saat inspeksi rutin.,EXPIRED,2026-09-30T11:08:57.907582
WASTE_OVERCOOKED_0405,Temuan shift pagi: Reject pesanan fillet ayam krispi: terlalu kering mengeras layaknya arang dan tidak layak jual di panci stock pot kaldu. Catatan: perlu cross-check barcode supplier.,OVERCOOKED,2026-09-30T11:08:57.913648
WASTE_CONTAMINATED_0326,Log limbah: BAHAYA FOOD SAFETY: daun selada iceberg terpapar cipratan cairan pembersih kimia sanitasi lantai saat batch cooking prasmanan. Bobot perkiraan: 2 kg.,CONTAMINATED,2026-09-30T11:08:57.909580
WASTE_OVERCOOKED_0296,Temuan shift pagi: roti baguette gagal saji karena suhu deep fryer commercial berlebih dan gosong gosong pahit dan bertekstur liat keras. Ditemukan oleh staff shift pagi saat inspeksi rutin.,OVERCOOKED,2026-09-30T11:08:57.912644
WASTE_CONTAMINATED_0338,Temuan audit: udang windu kupas terkontaminasi debu kotor akibat pembersihan blower ventilasi di cold storage utama. Bobot perkiraan: 1 kg.,CONTAMINATED,2026-09-30T11:08:57.909580
WASTE_PREP_WASTE_0080,"Laporan waste: Sisa penyiangan lemak berlebih, urat keras, dan sisa butchery daging sapi pada persiapan shift pagi di hot kitchen production pass. Ref: #574.",PREP_WASTE,2026-09-30T11:08:57.914644
WASTE_CONTAMINATED_0426,Catatan QC: ikan kakap merah terkontaminasi serangga lalat serta kotoran hama di area kerja di meja butchery station.,CONTAMINATED,2026-09-30T11:08:57.910644
WASTE_SURPLUS_0121,Temuan shift pagi: Overproduction pasta spaghetti bolognese berlebih setelah prasmanan buffet dinner hotel malam hari.,SURPLUS,2026-09-30T11:08:57.916718
WASTE_SURPLUS_0195,Log limbah: Stok matang pasta spaghetti bolognese sisa operasional paket promo makan siang meeting korporat di meja butchery station. Ref: #422.,SURPLUS,2026-09-30T11:08:57.917719
WASTE_PREP_WASTE_0072,"Temuan audit: Sisa penyiangan tulang, insang, dan kepala ikan kakap segar pada persiapan shift pagi di meat prep station. Ref: #771.",PREP_WASTE,2026-09-30T11:08:57.914644
WASTE_SPOILED_0297,Laporan waste: cumi-cumi segar berwarna kehitaman dan lembek hancur di walk-in freezer. Ditemukan oleh staff shift malam saat inspeksi rutin.,SPOILED,2026-09-30T11:08:57.903518
WASTE_SPOILED_0423,"Kondisi wortel impor di chiller 1 sudah terlihat jamur putih dan berbau asam, harus diafkir. Segera laporkan ke chef on duty untuk tindakan preventif sesuai SOP.",SPOILED,2026-09-30T11:08:57.904516
WASTE_PREP_WASTE_0330,Limbah potongan remah potongan kulit puff pastry dan tepi adonan roti terkumpul di area fish butchery station. Ref: #144.,PREP_WASTE,2026-09-30T11:08:57.915646
WASTE_CONTAMINATED_0362,Insiden dapur: daging giling sapi jatuh langsung ke meja butchery station dan terkena serangga lalat serta kotoran hama di area kerja.,CONTAMINATED,2026-09-30T11:08:57.910644
WASTE_CONTAMINATED_0165,Insiden dapur: BAHAYA FOOD SAFETY: potongan daging wagyu MB7 terpapar helaian rambut staff dan keringat saat proses plating saat batch cooking prasmanan. Catatan: perlu cross-check barcode supplier.,CONTAMINATED,2026-09-30T11:08:57.908580
WASTE_CONTAMINATED_0185,Insiden dapur: BAHAYA FOOD SAFETY: tomat merah terpapar tetesan darah mentah dari rak atas saat plating order express.,CONTAMINATED,2026-09-30T11:08:57.908580
WASTE_SPOILED_0030,Log limbah: Reject wortel impor: tampak bercak kapang kehijauan dan berair.,SPOILED,2026-09-30T11:08:57.901519
WASTE_PREP_WASTE_0105,Log limbah: cangkang telur ayam dan sisa kulit bawang bombay ditimbang sebagai yield loss di fish butchery station.,PREP_WASTE,2026-09-30T11:08:57.914644
WASTE_OVERCOOKED_0317,Laporan waste: sponge cake vanila gosong hangus karena api terlalu besar saat penggorengan kapasitas besar. Ref: #865.,OVERCOOKED,2026-09-30T11:08:57.912644
WASTE_EXPIRED_0380,Reject saus tomat kemasan pouch: melewati masa simpan maksimum gudang penyimpanan saat audit inventory. Ditemukan oleh staff shift pagi saat inspeksi rutin.,EXPIRED,2026-09-30T11:08:57.907582
WASTE_SURPLUS_0189,Insiden dapur: Stok matang sponge cake vanila sisa operasional event gala dinner VIP ballroom di rak pantry kering.,SURPLUS,2026-09-30T11:08:57.917719
WASTE_PREP_WASTE_0192,"Temuan audit: Limbah potongan lemak berlebih, urat keras, dan sisa butchery daging sapi terkumpul di area hot kitchen production pass. Bobot perkiraan: 3 kg.",PREP_WASTE,2026-09-30T11:08:57.914644
WASTE_EXPIRED_0132,Catatan QC: Reject kroisan butter almond: telah melewati tanggal expiry date 2 hari lalu saat audit inventory. Segera laporkan ke chef on duty untuk tindakan preventif sesuai SOP.,EXPIRED,2026-09-30T11:08:57.905516
WASTE_EXPIRED_0360,Catatan QC: saus bechamel keju pada rak meja butchery station sudah stempel expired date terlampaui dan tidak boleh disajikan. Catatan: perlu cross-check barcode supplier.,EXPIRED,2026-09-30T11:08:57.907582
WASTE_SPOILED_0171,Reject ikan kakap merah: tekstur lembek basah dan berbau apek busuk. Catatan: perlu cross-check barcode supplier.,SPOILED,2026-09-30T11:08:57.902520
WASTE_EXPIRED_0341,Temuan shift pagi: Tanggal kedaluwarsa puding coklat fla di meja butchery station sudah lewat batas best before sejak minggu kemarin. Segera laporkan ke chef on duty untuk tindakan preventif sesuai SOP.,EXPIRED,2026-09-30T11:08:57.907582
WASTE_SPOILED_0044,Reject tomat merah: berwarna kehitaman dan lembek hancur. Ref: #665.,SPOILED,2026-09-30T11:08:57.901519
WASTE_SPOILED_0088,"Laporan waste: Kondisi ikan salmon fillet di walk-in freezer sudah tekstur lembek basah dan berbau apek busuk, harus diafkir. Ditemukan oleh staff shift malam saat inspeksi rutin.",SPOILED,2026-09-30T11:08:57.901519
WASTE_OVERCOOKED_0352,Kondisi masakan saus bechamel keju di walk-in freezer menghitam pekat karena terlambat diangkat dari fryer. Ditemukan oleh staff shift malam saat inspeksi rutin.,OVERCOOKED,2026-09-30T11:08:57.912644
WASTE_SURPLUS_0270,Laporan waste: sponge cake vanila berlebih pada display lantai kitchen line karena proyeksi tamu meleset.,SURPLUS,2026-09-30T11:08:57.917719
WASTE_SURPLUS_0210,Laporan waste: Overproduction nasi liwet komplet berlebih setelah event gala dinner VIP ballroom. Ref: #185.,SURPLUS,2026-09-30T11:08:57.917719
WASTE_PREP_WASTE_0032,Catatan QC: cangkang telur ayam dan sisa kulit bawang bombay hasil proses persiapan di fish butchery station. Ref: #581.,PREP_WASTE,2026-09-30T11:08:57.913648
WASTE_EXPIRED_0049,sponge cake vanila melewati masa simpan maksimum gudang penyimpanan.,EXPIRED,2026-09-30T11:08:57.904516
WASTE_SPOILED_0333,Log limbah: udang windu kupas ditemukan terlihat jamur putih dan berbau asam pada saat pengecekan chiller 1. Catatan: perlu cross-check barcode supplier.,SPOILED,2026-09-30T11:08:57.903518
WASTE_SURPLUS_0317,Sisa porsi sajian puding coklat fla dari acara resepsi pernikahan gathering siang masih layak namun tidak terjual. Bobot perkiraan: 5 kg.,SURPLUS,2026-09-30T11:08:57.917719
WASTE_SPOILED_0431,Laporan waste: tomat merah tampak bercak kapang kehijauan dan berair di chiller holding pass. Bobot perkiraan: 4 kg.,SPOILED,2026-09-30T11:08:57.904516
WASTE_CONTAMINATED_0382,Temuan audit: daging steak sirloin jatuh langsung ke display showcase pastry dan terkena tetesan darah mentah dari rak atas. Segera laporkan ke chef on duty untuk tindakan preventif sesuai SOP.,CONTAMINATED,2026-09-30T11:08:57.910644
WASTE_CONTAMINATED_0050,Catatan QC: potongan daging wagyu MB7 jatuh langsung ke walk-in freezer dan terkena pecahan kaca dari gelas pecah di line prep. Segera laporkan ke chef on duty untuk tindakan preventif sesuai SOP.,CONTAMINATED,2026-09-30T11:08:57.907582
WASTE_SURPLUS_0383,Temuan shift pagi: Stok matang puding coklat fla sisa operasional paket promo makan siang meeting korporat di rak pantry kering.,SURPLUS,2026-09-30T11:08:57.918718
WASTE_EXPIRED_0270,minyak wijen premium pada rak rak pantry kering sudah sudah lewat batas best before sejak minggu kemarin. Ditemukan oleh staff shift malam saat inspeksi rutin.,EXPIRED,2026-09-30T11:08:57.906583
WASTE_SPOILED_0150,Log limbah: jamur kancing ditemukan keluar lendir lengket serta berbau busuk menyengat pada saat pengecekan cold storage utama. Ditemukan oleh staff shift siang saat inspeksi rutin.,SPOILED,2026-09-30T11:08:57.902520
WASTE_EXPIRED_0058,Temuan shift pagi: Reject roti brioche burger: melewati masa simpan maksimum gudang penyimpanan saat audit inventory. Bobot perkiraan: 2 kg.,EXPIRED,2026-09-30T11:08:57.904516
WASTE_CONTAMINATED_0032,Temuan audit: wortel impor jatuh langsung ke cold storage utama dan terkena debu kotor akibat pembersihan blower ventilasi. Catatan: perlu cross-check barcode supplier.,CONTAMINATED,2026-09-30T11:08:57.907582
WASTE_SPOILED_0135,"Temuan shift pagi: Kondisi daun selada iceberg di cold storage utama sudah keluar lendir lengket serta berbau busuk menyengat, harus diafkir. Segera laporkan ke chef on duty untuk tindakan preventif sesuai SOP.",SPOILED,2026-09-30T11:08:57.902520
WASTE_CONTAMINATED_0252,Reject segera daging giling sapi akibat kontak dengan cipratan cairan pembersih kimia sanitasi lantai.,CONTAMINATED,2026-09-30T11:08:57.909580
WASTE_SPOILED_0046,Catatan QC: tomat merah ditemukan keluar lendir lengket serta berbau busuk menyengat pada saat pengecekan rak pantry kering. Segera laporkan ke chef on duty untuk tindakan preventif sesuai SOP.,SPOILED,2026-09-30T11:08:57.901519
WASTE_SURPLUS_0089,Log limbah: puding coklat fla sisa prasmanan buffet dinner hotel malam hari yang tidak terkonsumsi di display showcase pastry. Segera laporkan ke chef on duty untuk tindakan preventif sesuai SOP.,SURPLUS,2026-09-30T11:08:57.916718
WASTE_OVERCOOKED_0439,Laporan waste: Kondisi masakan roti baguette di cold storage utama gosong gosong pahit dan bertekstur liat keras. Bobot perkiraan: 12 kg.,OVERCOOKED,2026-09-30T11:08:57.913648
WASTE_CONTAMINATED_0211,BAHAYA FOOD SAFETY: paha ayam marinasi terpapar debu kotor akibat pembersihan blower ventilasi saat penggorengan kapasitas besar.,CONTAMINATED,2026-09-30T11:08:57.908580
WASTE_EXPIRED_0349,Insiden dapur: Tanggal kedaluwarsa roti brioche burger di display showcase pastry stempel expired date terlampaui dan tidak boleh disajikan. Segera laporkan ke chef on duty untuk tindakan preventif sesuai SOP.,EXPIRED,2026-09-30T11:08:57.907582
WASTE_SURPLUS_0399,Catatan QC: kroisan butter almond berlebih pada display display showcase pastry karena proyeksi tamu meleset. Segera laporkan ke chef on duty untuk tindakan preventif sesuai SOP.,SURPLUS,2026-09-30T11:08:57.918718
WASTE_OVERCOOKED_0198,Log limbah: Reject pesanan sponge cake vanila: hangus berkerak hitam dan berbau sangit pekat di panci stock pot kaldu. Ref: #906.,OVERCOOKED,2026-09-30T11:08:57.911644
WASTE_EXPIRED_0299,Tanggal kedaluwarsa saus bechamel keju di walk-in freezer melewati masa simpan maksimum gudang penyimpanan. Ditemukan oleh staff shift malam saat inspeksi rutin.,EXPIRED,2026-09-30T11:08:57.906583
WASTE_PREP_WASTE_0273,"Temuan shift pagi: Sisa organik tulang, insang, dan kepala ikan kakap segar dari proses mise en place cream soup mushroom.",PREP_WASTE,2026-09-30T11:08:57.915646
WASTE_OVERCOOKED_0218,Catatan QC: roti baguette gagal saji karena suhu deck oven baking berlebih dan terlalu kering mengeras layaknya arang dan tidak layak jual. Ditemukan oleh staff shift pagi saat inspeksi rutin.,OVERCOOKED,2026-09-30T11:08:57.911644
WASTE_SURPLUS_0059,Insiden dapur: Sisa porsi sajian nasi liwet komplet dari layanan breakfast buffet penutupan pagi masih layak namun tidak terjual. Ref: #900.,SURPLUS,2026-09-30T11:08:57.916718
WASTE_SURPLUS_0133,Insiden dapur: Stok matang puding coklat fla sisa operasional layanan breakfast buffet penutupan pagi di cold storage utama. Ref: #204.,SURPLUS,2026-09-30T11:08:57.916718
WASTE_CONTAMINATED_0045,Log limbah: Reject segera tomat merah akibat kontak dengan serangga lalat serta kotoran hama di area kerja. Segera laporkan ke chef on duty untuk tindakan preventif sesuai SOP.,CONTAMINATED,2026-09-30T11:08:57.907582
WASTE_SURPLUS_0044,Log limbah: nasi goreng spesial seafood berlebih pada display rak pantry kering karena proyeksi tamu meleset. Catatan: perlu cross-check barcode supplier.,SURPLUS,2026-09-30T11:08:57.916718
WASTE_SPOILED_0415,"Catatan QC: Kondisi udang windu kupas di walk-in freezer sudah tekstur lembek basah dan berbau apek busuk, harus diafkir.",SPOILED,2026-09-30T11:08:57.904516
WASTE_EXPIRED_0153,sponge cake vanila stempel expired date terlampaui dan tidak boleh disajikan.,EXPIRED,2026-09-30T11:08:57.905516
WASTE_SPOILED_0174,"Temuan audit: Kondisi potongan daging wagyu MB7 di cold storage utama sudah tekstur lembek basah dan berbau apek busuk, harus diafkir. Segera laporkan ke chef on duty untuk tindakan preventif sesuai SOP.",SPOILED,2026-09-30T11:08:57.902520
WASTE_SPOILED_0179,"Laporan waste: Kondisi kol kubis manis di chiller holding pass sudah mengalami pembusukan parah dan berbau anyir tengik, harus diafkir. Ditemukan oleh staff shift malam saat inspeksi rutin.",SPOILED,2026-09-30T11:08:57.902520
WASTE_CONTAMINATED_0041,Temuan shift pagi: BAHAYA FOOD SAFETY: daging steak sirloin terpapar tetesan darah mentah dari rak atas saat penggorengan kapasitas besar. Ditemukan oleh staff shift siang saat inspeksi rutin.,CONTAMINATED,2026-09-30T11:08:57.907582
WASTE_PREP_WASTE_0052,"Temuan audit: Sisa penyiangan lemak berlebih, urat keras, dan sisa butchery daging sapi pada persiapan shift pagi di sauce preparation area.",PREP_WASTE,2026-09-30T11:08:57.913648
WASTE_SURPLUS_0070,Overproduction sup buntut kuah rempah 15 porsi berlebih setelah event gala dinner VIP ballroom.,SURPLUS,2026-09-30T11:08:57.916718
WASTE_SPOILED_0212,Insiden dapur: Reject tomat merah: mengalami pembusukan parah dan berbau anyir tengik.,SPOILED,2026-09-30T11:08:57.902520
WASTE_OVERCOOKED_0026,fillet ayam krispi terlalu lama di deck oven baking sehingga gosong gosong pahit dan bertekstur liat keras. Ref: #752.,OVERCOOKED,2026-09-30T11:08:57.910644
WASTE_SURPLUS_0338,Temuan shift pagi: Sisa porsi sajian sup buntut kuah rempah 15 porsi dari prasmanan buffet dinner hotel malam hari masih layak namun tidak terjual.,SURPLUS,2026-09-30T11:08:57.918718
WASTE_PREP_WASTE_0078,"Insiden dapur: Sisa organik kulit wortel, biji paprika, dan ujung timun dari proses mise en place signature fish and chips. Bobot perkiraan: 10 kg.",PREP_WASTE,2026-09-30T11:08:57.914644
WASTE_SPOILED_0388,Temuan shift pagi: Stok daun selada iceberg berbau tidak sedap dan terlihat jamur putih dan berbau asam di lantai kitchen line. Ditemukan oleh staff shift pagi saat inspeksi rutin.,SPOILED,2026-09-30T11:08:57.904516
WASTE_CONTAMINATED_0365,Temuan audit: Reject segera daun selada iceberg akibat kontak dengan tetesan darah mentah dari rak atas. Ditemukan oleh staff shift pagi saat inspeksi rutin.,CONTAMINATED,2026-09-30T11:08:57.910644
WASTE_CONTAMINATED_0199,Ditemukan fillet dada ayam yang terkena cemaran debu kotor akibat pembersihan blower ventilasi di cold storage utama. Ref: #239.,CONTAMINATED,2026-09-30T11:08:57.908580
WASTE_EXPIRED_0338,kroisan butter almond stempel expired date terlampaui dan tidak boleh disajikan. Bobot perkiraan: 8 kg.,EXPIRED,2026-09-30T11:08:57.907582
WASTE_OVERCOOKED_0267,Reject pesanan saus bechamel keju: bagian luar gosong terbakar pahit walau dalam masih mentah di deck oven baking. Segera laporkan ke chef on duty untuk tindakan preventif sesuai SOP.,OVERCOOKED,2026-09-30T11:08:57.912644
WASTE_SPOILED_0153,Temuan audit: wortel impor mengalami pembusukan parah dan berbau anyir tengik di display showcase pastry. Ref: #206.,SPOILED,2026-09-30T11:08:57.902520
WASTE_SURPLUS_0404,Temuan audit: Overproduction kroisan butter almond berlebih setelah paket promo makan siang meeting korporat.,SURPLUS,2026-09-30T11:08:57.918718
WASTE_SURPLUS_0220,Temuan audit: Overproduction sponge cake vanila berlebih setelah event gala dinner VIP ballroom. Bobot perkiraan: 13 kg.,SURPLUS,2026-09-30T11:08:57.917719
WASTE_CONTAMINATED_0387,Catatan QC: daging steak sirloin jatuh langsung ke chiller holding pass dan terkena cipratan cairan pembersih kimia sanitasi lantai. Segera laporkan ke chef on duty untuk tindakan preventif sesuai SOP.,CONTAMINATED,2026-09-30T11:08:57.910644
WASTE_OVERCOOKED_0062,Temuan shift pagi: sponge cake vanila gagal saji karena suhu panci stock pot kaldu berlebih dan hangus berkerak hitam dan berbau sangit pekat.,OVERCOOKED,2026-09-30T11:08:57.911644
WASTE_EXPIRED_0333,Laporan waste: whipping cream cair pada rak display showcase pastry sudah telah melewati tanggal expiry date 2 hari lalu. Ref: #528.,EXPIRED,2026-09-30T11:08:57.906583
WASTE_OVERCOOKED_0340,Temuan shift pagi: Reject pesanan saus bechamel keju: gosong gosong pahit dan bertekstur liat keras di wajan wok burner. Segera laporkan ke chef on duty untuk tindakan preventif sesuai SOP.,OVERCOOKED,2026-09-30T11:08:57.912644
WASTE_OVERCOOKED_0359,Temuan shift pagi: Kondisi masakan sponge cake vanila di meja butchery station gosong gosong pahit dan bertekstur liat keras. Catatan: perlu cross-check barcode supplier.,OVERCOOKED,2026-09-30T11:08:57.912644
WASTE_CONTAMINATED_0135,daging giling sapi terkontaminasi serangga lalat serta kotoran hama di area kerja di walk-in freezer. Ref: #770.,CONTAMINATED,2026-09-30T11:08:57.908580
WASTE_OVERCOOKED_0351,Temuan shift pagi: Reject pesanan fillet ayam krispi: gosong gosong pahit dan bertekstur liat keras di wajan wok burner.,OVERCOOKED,2026-09-30T11:08:57.912644
WASTE_PREP_WASTE_0154,"tulang, insang, dan kepala ikan kakap segar ditimbang sebagai yield loss di sauce preparation area. Bobot perkiraan: 13 kg.",PREP_WASTE,2026-09-30T11:08:57.914644
WASTE_EXPIRED_0440,Insiden dapur: Reject minyak wijen premium: telah melewati tanggal expiry date 2 hari lalu saat audit inventory. Segera laporkan ke chef on duty untuk tindakan preventif sesuai SOP.,EXPIRED,2026-09-30T11:08:57.907582
WASTE_OVERCOOKED_0208,Temuan shift pagi: roti baguette gosong hangus karena api terlalu besar saat service peak hours dinner. Ditemukan oleh staff shift malam saat inspeksi rutin.,OVERCOOKED,2026-09-30T11:08:57.911644
WASTE_OVERCOOKED_0127,Log limbah: Kondisi masakan fillet ayam krispi di meja butchery station gosong gosong pahit dan bertekstur liat keras.,OVERCOOKED,2026-09-30T11:08:57.911644
WASTE_SURPLUS_0073,Insiden dapur: kroisan butter almond sisa acara resepsi pernikahan gathering siang yang tidak terkonsumsi di cold storage utama.,SURPLUS,2026-09-30T11:08:57.916718
WASTE_EXPIRED_0037,Reject kroisan butter almond: telah melewati tanggal expiry date 2 hari lalu saat audit inventory. Catatan: perlu cross-check barcode supplier.,EXPIRED,2026-09-30T11:08:57.904516
WASTE_SPOILED_0403,Temuan shift pagi: ikan salmon fillet ditemukan berwarna kehitaman dan lembek hancur pada saat pengecekan rak pantry kering.,SPOILED,2026-09-30T11:08:57.904516
WASTE_SPOILED_0412,Insiden dapur: Stok daun selada iceberg berbau tidak sedap dan berwarna kehitaman dan lembek hancur di cold storage utama. Bobot perkiraan: 7 kg.,SPOILED,2026-09-30T11:08:57.904516
WASTE_SURPLUS_0204,Insiden dapur: Overproduction kroisan butter almond berlebih setelah event gala dinner VIP ballroom. Segera laporkan ke chef on duty untuk tindakan preventif sesuai SOP.,SURPLUS,2026-09-30T11:08:57.917719
WASTE_PREP_WASTE_0139,Catatan QC: Limbah potongan remah potongan kulit puff pastry dan tepi adonan roti terkumpul di area fish butchery station. Ref: #423.,PREP_WASTE,2026-09-30T11:08:57.914644
WASTE_SPOILED_0283,"Laporan waste: Kondisi brokoli segar di meja butchery station sudah terlihat jamur putih dan berbau asam, harus diafkir.",SPOILED,2026-09-30T11:08:57.903518
WASTE_SURPLUS_0349,Insiden dapur: nasi liwet komplet berlebih pada display lantai kitchen line karena proyeksi tamu meleset. Ref: #513.,SURPLUS,2026-09-30T11:08:57.918718
WASTE_SURPLUS_0138,Insiden dapur: Stok matang nasi goreng spesial seafood sisa operasional acara resepsi pernikahan gathering siang di chiller 1. Ref: #575.,SURPLUS,2026-09-30T11:08:57.916718
WASTE_EXPIRED_0057,Temuan shift pagi: saus bechamel keju melewati masa simpan maksimum gudang penyimpanan. Ref: #393.,EXPIRED,2026-09-30T11:08:57.904516
WASTE_SURPLUS_0172,Log limbah: Stok matang puding coklat fla sisa operasional paket promo makan siang meeting korporat di rak pantry kering. Catatan: perlu cross-check barcode supplier.,SURPLUS,2026-09-30T11:08:57.917719
WASTE_SPOILED_0255,"Kondisi kol kubis manis di chiller 1 sudah tampak bercak kapang kehijauan dan berair, harus diafkir. Ditemukan oleh staff shift malam saat inspeksi rutin.",SPOILED,2026-09-30T11:08:57.903518
WASTE_PREP_WASTE_0034,Catatan QC: Sisa organik cangkang telur ayam dan sisa kulit bawang bombay dari proses mise en place sup buntut nusantara.,PREP_WASTE,2026-09-30T11:08:57.913648
WASTE_EXPIRED_0310,Log limbah: Reject saus bechamel keju: kedaluwarsa 4 hari yang lalu sesuai label kemasan saat audit inventory.,EXPIRED,2026-09-30T11:08:57.906583
WASTE_EXPIRED_0370,Insiden dapur: susu UHT full cream pada rak cold storage utama sudah stempel expired date terlampaui dan tidak boleh disajikan. Bobot perkiraan: 11 kg.,EXPIRED,2026-09-30T11:08:57.907582
WASTE_SPOILED_0169,Temuan shift pagi: Stok brokoli segar berbau tidak sedap dan terlihat jamur putih dan berbau asam di chiller holding pass. Ref: #844.,SPOILED,2026-09-30T11:08:57.902520
WASTE_SPOILED_0319,"Laporan waste: Kondisi fillet dada ayam di rak pantry kering sudah terlihat jamur putih dan berbau asam, harus diafkir.",SPOILED,2026-09-30T11:08:57.903518
WASTE_SURPLUS_0041,Catatan QC: Sisa porsi sajian sponge cake vanila dari paket promo makan siang meeting korporat masih layak namun tidak terjual.,SURPLUS,2026-09-30T11:08:57.916718
WASTE_EXPIRED_0368,Log limbah: puding coklat fla kadaluwarsa per tanggal kemarin dan harus segera diretur.,EXPIRED,2026-09-30T11:08:57.907582
WASTE_PREP_WASTE_0162,"Log limbah: Sisa penyiangan kulit kentang, bonggol brokoli, dan tangkai daun bawang pada persiapan shift pagi di pastry bakery corner. Segera laporkan ke chef on duty untuk tindakan preventif sesuai SOP.",PREP_WASTE,2026-09-30T11:08:57.914644
WASTE_SPOILED_0136,wortel impor tampak bercak kapang kehijauan dan berair di display showcase pastry. Bobot perkiraan: 4 kg.,SPOILED,2026-09-30T11:08:57.902520
WASTE_CONTAMINATED_0330,Log limbah: BAHAYA FOOD SAFETY: udang windu kupas terpapar cipratan cairan pembersih kimia sanitasi lantai saat penggorengan kapasitas besar. Bobot perkiraan: 9 kg.,CONTAMINATED,2026-09-30T11:08:57.909580
WASTE_PREP_WASTE_0087,"Log limbah: kulit kentang, bonggol brokoli, dan tangkai daun bawang ditimbang sebagai yield loss di vegetable cold pantry. Ditemukan oleh staff shift malam saat inspeksi rutin.",PREP_WASTE,2026-09-30T11:08:57.914644
WASTE_SURPLUS_0091,Sisa porsi sajian pasta spaghetti bolognese dari layanan breakfast buffet penutupan pagi masih layak namun tidak terjual. Ref: #476.,SURPLUS,2026-09-30T11:08:57.916718
WASTE_CONTAMINATED_0288,Temuan shift pagi: Reject segera fillet dada ayam akibat kontak dengan debu kotor akibat pembersihan blower ventilasi. Bobot perkiraan: 9 kg.,CONTAMINATED,2026-09-30T11:08:57.909580
WASTE_PREP_WASTE_0377,Insiden dapur: Sisa organik remah potongan kulit puff pastry dan tepi adonan roti dari proses mise en place menu roasted chicken. Segera laporkan ke chef on duty untuk tindakan preventif sesuai SOP.,PREP_WASTE,2026-09-30T11:08:57.915646
WASTE_OVERCOOKED_0303,Log limbah: Kondisi masakan sponge cake vanila di lantai kitchen line hangus berkerak hitam dan berbau sangit pekat.,OVERCOOKED,2026-09-30T11:08:57.912644
WASTE_EXPIRED_0353,Reject saus tiram botol besar: stempel expired date terlampaui dan tidak boleh disajikan saat audit inventory.,EXPIRED,2026-09-30T11:08:57.907582
WASTE_CONTAMINATED_0077,Insiden dapur: udang windu kupas terkontaminasi debu kotor akibat pembersihan blower ventilasi di display showcase pastry.,CONTAMINATED,2026-09-30T11:08:57.908580
WASTE_CONTAMINATED_0408,Laporan waste: daging steak sirloin jatuh langsung ke lantai kitchen line dan terkena serangga lalat serta kotoran hama di area kerja. Ref: #425.,CONTAMINATED,2026-09-30T11:08:57.910644
WASTE_PREP_WASTE_0348,"Catatan QC: lemak berlebih, urat keras, dan sisa butchery daging sapi hasil proses persiapan di meat prep station. Segera laporkan ke chef on duty untuk tindakan preventif sesuai SOP.",PREP_WASTE,2026-09-30T11:08:57.915646
WASTE_SPOILED_0211,daun selada iceberg ditemukan tekstur lembek basah dan berbau apek busuk pada saat pengecekan walk-in freezer.,SPOILED,2026-09-30T11:08:57.902520
WASTE_PREP_WASTE_0010,"Temuan shift pagi: Sisa organik tulang, insang, dan kepala ikan kakap segar dari proses mise en place cream soup mushroom. Ref: #763.",PREP_WASTE,2026-09-30T11:08:57.913648
WASTE_OVERCOOKED_0369,Temuan audit: sponge cake vanila gagal saji karena suhu deck oven baking berlebih dan bagian luar gosong terbakar pahit walau dalam masih mentah. Segera laporkan ke chef on duty untuk tindakan preventif sesuai SOP.,OVERCOOKED,2026-09-30T11:08:57.913648
WASTE_CONTAMINATED_0033,Log limbah: BAHAYA FOOD SAFETY: kol kubis manis terpapar cipratan cairan pembersih kimia sanitasi lantai saat service peak hours dinner. Ditemukan oleh staff shift malam saat inspeksi rutin.,CONTAMINATED,2026-09-30T11:08:57.907582
WASTE_OVERCOOKED_0138,Log limbah: Kondisi masakan sponge cake vanila di chiller 1 bagian luar gosong terbakar pahit walau dalam masih mentah. Catatan: perlu cross-check barcode supplier.,OVERCOOKED,2026-09-30T11:08:57.911644
WASTE_PREP_WASTE_0447,"kulit wortel, biji paprika, dan ujung timun hasil proses persiapan di hot kitchen production pass. Catatan: perlu cross-check barcode supplier.",PREP_WASTE,2026-09-30T11:08:57.916718
WASTE_SURPLUS_0146,Temuan audit: Overproduction sponge cake vanila berlebih setelah event gala dinner VIP ballroom. Ditemukan oleh staff shift siang saat inspeksi rutin.,SURPLUS,2026-09-30T11:08:57.916718
WASTE_CONTAMINATED_0091,Temuan audit: kol kubis manis jatuh langsung ke lantai kitchen line dan terkena pecahan kaca dari gelas pecah di line prep.,CONTAMINATED,2026-09-30T11:08:57.908580
WASTE_CONTAMINATED_0137,Laporan waste: daun selada iceberg terkontaminasi cipratan cairan pembersih kimia sanitasi lantai di walk-in freezer. Bobot perkiraan: 4 kg.,CONTAMINATED,2026-09-30T11:08:57.908580
WASTE_PREP_WASTE_0101,"Catatan QC: lemak berlebih, urat keras, dan sisa butchery daging sapi hasil proses persiapan di vegetable cold pantry.",PREP_WASTE,2026-09-30T11:08:57.914644
WASTE_SPOILED_0411,Insiden dapur: Reject udang windu kupas: terlihat jamur putih dan berbau asam. Ref: #251.,SPOILED,2026-09-30T11:08:57.904516
WASTE_CONTAMINATED_0329,Log limbah: BAHAYA FOOD SAFETY: brokoli segar terpapar pecahan kaca dari gelas pecah di line prep saat penggorengan kapasitas besar. Segera laporkan ke chef on duty untuk tindakan preventif sesuai SOP.,CONTAMINATED,2026-09-30T11:08:57.909580
WASTE_SPOILED_0299,"Laporan waste: Kondisi potongan daging wagyu MB7 di chiller 1 sudah terlihat jamur putih dan berbau asam, harus diafkir. Bobot perkiraan: 7 kg.",SPOILED,2026-09-30T11:08:57.903518
WASTE_OVERCOOKED_0029,Laporan waste: roti baguette gagal saji karena suhu wajan wok burner berlebih dan bagian luar gosong terbakar pahit walau dalam masih mentah. Catatan: perlu cross-check barcode supplier.,OVERCOOKED,2026-09-30T11:08:57.910644
WASTE_SURPLUS_0353,Laporan waste: Stok matang kroisan butter almond sisa operasional event gala dinner VIP ballroom di meja butchery station. Ref: #437.,SURPLUS,2026-09-30T11:08:57.918718
WASTE_SURPLUS_0126,Log limbah: pasta spaghetti bolognese sisa layanan breakfast buffet penutupan pagi yang tidak terkonsumsi di chiller holding pass. Segera laporkan ke chef on duty untuk tindakan preventif sesuai SOP.,SURPLUS,2026-09-30T11:08:57.916718
WASTE_CONTAMINATED_0134,Catatan QC: fillet dada ayam jatuh langsung ke chiller holding pass dan terkena helaian rambut staff dan keringat saat proses plating.,CONTAMINATED,2026-09-30T11:08:57.908580
WASTE_PREP_WASTE_0204,"Log limbah: tulang, insang, dan kepala ikan kakap segar hasil proses persiapan di hot kitchen production pass.",PREP_WASTE,2026-09-30T11:08:57.914644
WASTE_SURPLUS_0379,Sisa porsi sajian roti brioche burger dari layanan breakfast buffet penutupan pagi masih layak namun tidak terjual. Ref: #697.,SURPLUS,2026-09-30T11:08:57.918718
WASTE_SPOILED_0200,"Catatan QC: Kondisi wortel impor di chiller 1 sudah mengalami pembusukan parah dan berbau anyir tengik, harus diafkir. Catatan: perlu cross-check barcode supplier.",SPOILED,2026-09-30T11:08:57.902520
WASTE_CONTAMINATED_0130,wortel impor terkontaminasi pecahan kaca dari gelas pecah di line prep di rak pantry kering. Ref: #754.,CONTAMINATED,2026-09-30T11:08:57.908580
WASTE_PREP_WASTE_0055,"Catatan QC: kulit kentang, bonggol brokoli, dan tangkai daun bawang ditimbang sebagai yield loss di pastry bakery corner.",PREP_WASTE,2026-09-30T11:08:57.913648
WASTE_SPOILED_0290,Insiden dapur: Reject daging giling sapi: mengalami pembusukan parah dan berbau anyir tengik. Bobot perkiraan: 8 kg.,SPOILED,2026-09-30T11:08:57.903518
WASTE_SPOILED_0247,Reject ikan salmon fillet: berwarna kehitaman dan lembek hancur.,SPOILED,2026-09-30T11:08:57.903518
WASTE_PREP_WASTE_0352,"Temuan audit: Sisa penyiangan kulit kentang, bonggol brokoli, dan tangkai daun bawang pada persiapan shift pagi di vegetable cold pantry. Ref: #643.",PREP_WASTE,2026-09-30T11:08:57.915646
WASTE_OVERCOOKED_0128,Log limbah: Kondisi masakan steak wagyu tenderloin di meja butchery station bagian luar gosong terbakar pahit walau dalam masih mentah. Bobot perkiraan: 6 kg.,OVERCOOKED,2026-09-30T11:08:57.911644
WASTE_EXPIRED_0258,Temuan audit: Ditemukan susu UHT full cream yang telah kedaluwarsa 4 hari yang lalu sesuai label kemasan. Ref: #483.,EXPIRED,2026-09-30T11:08:57.906583
WASTE_OVERCOOKED_0216,Temuan audit: sponge cake vanila gagal saji karena suhu panci stock pot kaldu berlebih dan gosong gosong pahit dan bertekstur liat keras.,OVERCOOKED,2026-09-30T11:08:57.911644
WASTE_OVERCOOKED_0361,Temuan audit: Kondisi masakan sponge cake vanila di display showcase pastry hangus berkerak hitam dan berbau sangit pekat.,OVERCOOKED,2026-09-30T11:08:57.912644
WASTE_OVERCOOKED_0015,Laporan waste: fillet ayam krispi gagal saji karena suhu charcoal grill station berlebih dan menghitam pekat karena terlambat diangkat dari fryer. Ref: #751.,OVERCOOKED,2026-09-30T11:08:57.910644
WASTE_EXPIRED_0171,Log limbah: mayonnaise dressing melewati masa simpan maksimum gudang penyimpanan. Catatan: perlu cross-check barcode supplier.,EXPIRED,2026-09-30T11:08:57.905516
WASTE_CONTAMINATED_0200,tomat merah terkontaminasi serangga lalat serta kotoran hama di area kerja di chiller holding pass. Catatan: perlu cross-check barcode supplier.,CONTAMINATED,2026-09-30T11:08:57.908580
WASTE_PREP_WASTE_0164,Insiden dapur: Sisa organik remah potongan kulit puff pastry dan tepi adonan roti dari proses mise en place cream soup mushroom. Ref: #799.,PREP_WASTE,2026-09-30T11:08:57.914644
WASTE_SPOILED_0408,"Kondisi cumi-cumi segar di chiller holding pass sudah tampak bercak kapang kehijauan dan berair, harus diafkir. Ref: #677.",SPOILED,2026-09-30T11:08:57.904516
WASTE_PREP_WASTE_0084,"kulit kentang, bonggol brokoli, dan tangkai daun bawang hasil proses persiapan di meat prep station.",PREP_WASTE,2026-09-30T11:08:57.914644
WASTE_EXPIRED_0306,Laporan waste: saus tomat kemasan pouch pada rak cold storage utama sudah sudah lewat batas best before sejak minggu kemarin. Ditemukan oleh staff shift pagi saat inspeksi rutin.,EXPIRED,2026-09-30T11:08:57.906583
WASTE_SURPLUS_0167,Temuan shift pagi: pasta spaghetti bolognese sisa prasmanan buffet dinner hotel malam hari yang tidak terkonsumsi di walk-in freezer. Ref: #910.,SURPLUS,2026-09-30T11:08:57.917719
WASTE_PREP_WASTE_0360,"Limbah potongan kulit kentang, bonggol brokoli, dan tangkai daun bawang terkumpul di area vegetable cold pantry.",PREP_WASTE,2026-09-30T11:08:57.915646
WASTE_SURPLUS_0066,Temuan audit: Stok matang pasta spaghetti bolognese sisa operasional paket promo makan siang meeting korporat di display showcase pastry.,SURPLUS,2026-09-30T11:08:57.916718
WASTE_SPOILED_0105,Catatan QC: daging steak sirloin tekstur lembek basah dan berbau apek busuk di chiller holding pass. Catatan: perlu cross-check barcode supplier.,SPOILED,2026-09-30T11:08:57.902520
WASTE_PREP_WASTE_0018,"Catatan QC: Sisa organik kulit kentang, bonggol brokoli, dan tangkai daun bawang dari proses mise en place cream soup mushroom. Ref: #654.",PREP_WASTE,2026-09-30T11:08:57.913648
WASTE_CONTAMINATED_0228,Log limbah: Reject segera potongan daging wagyu MB7 akibat kontak dengan tetesan darah mentah dari rak atas.,CONTAMINATED,2026-09-30T11:08:57.908580
WASTE_PREP_WASTE_0077,"Insiden dapur: kulit wortel, biji paprika, dan ujung timun ditimbang sebagai yield loss di meat prep station.",PREP_WASTE,2026-09-30T11:08:57.914644
WASTE_EXPIRED_0030,Tanggal kedaluwarsa keju mozarella impor di display showcase pastry telah melewati tanggal expiry date 2 hari lalu.,EXPIRED,2026-09-30T11:08:57.904516
WASTE_CONTAMINATED_0124,Catatan QC: Ditemukan wortel impor yang terkena cemaran debu kotor akibat pembersihan blower ventilasi di display showcase pastry. Bobot perkiraan: 12 kg.,CONTAMINATED,2026-09-30T11:08:57.908580
WASTE_SURPLUS_0174,Insiden dapur: Stok matang pasta spaghetti bolognese sisa operasional acara resepsi pernikahan gathering siang di cold storage utama. Ditemukan oleh staff shift siang saat inspeksi rutin.,SURPLUS,2026-09-30T11:08:57.917719
WASTE_SPOILED_0227,ikan salmon fillet ditemukan berwarna kehitaman dan lembek hancur pada saat pengecekan rak pantry kering.,SPOILED,2026-09-30T11:08:57.903518
WASTE_SPOILED_0232,Temuan shift pagi: Reject ikan kakap merah: mengalami pembusukan parah dan berbau anyir tengik. Bobot perkiraan: 8 kg.,SPOILED,2026-09-30T11:08:57.903518
WASTE_PREP_WASTE_0121,"Temuan audit: lemak berlebih, urat keras, dan sisa butchery daging sapi ditimbang sebagai yield loss di sauce preparation area.",PREP_WASTE,2026-09-30T11:08:57.914644
WASTE_PREP_WASTE_0365,"Insiden dapur: Limbah potongan tulang, insang, dan kepala ikan kakap segar terkumpul di area hot kitchen production pass. Catatan: perlu cross-check barcode supplier.",PREP_WASTE,2026-09-30T11:08:57.915646
WASTE_SPOILED_0112,Log limbah: Reject cumi-cumi segar: terlihat jamur putih dan berbau asam. Ref: #620.,SPOILED,2026-09-30T11:08:57.902520
WASTE_SPOILED_0052,Temuan audit: Reject fillet dada ayam: mengalami pembusukan parah dan berbau anyir tengik.,SPOILED,2026-09-30T11:08:57.901519
WASTE_OVERCOOKED_0073,Laporan waste: fillet ayam krispi terlalu lama di charcoal grill station sehingga gosong gosong pahit dan bertekstur liat keras. Segera laporkan ke chef on duty untuk tindakan preventif sesuai SOP.,OVERCOOKED,2026-09-30T11:08:57.911644
WASTE_PREP_WASTE_0067,"Laporan waste: Sisa penyiangan tulang, insang, dan kepala ikan kakap segar pada persiapan shift pagi di vegetable cold pantry.",PREP_WASTE,2026-09-30T11:08:57.914644
WASTE_EXPIRED_0345,Tanggal kedaluwarsa whipping cream cair di meja butchery station sudah lewat batas best before sejak minggu kemarin. Catatan: perlu cross-check barcode supplier.,EXPIRED,2026-09-30T11:08:57.907582
WASTE_OVERCOOKED_0249,Log limbah: Reject pesanan fillet ayam krispi: bagian luar gosong terbakar pahit walau dalam masih mentah di salamander heater. Bobot perkiraan: 15 kg.,OVERCOOKED,2026-09-30T11:08:57.912644
WASTE_SURPLUS_0250,Stok matang nasi goreng spesial seafood sisa operasional layanan breakfast buffet penutupan pagi di walk-in freezer. Ref: #226.,SURPLUS,2026-09-30T11:08:57.917719
WASTE_SURPLUS_0236,Log limbah: Sisa porsi sajian nasi goreng spesial seafood dari prasmanan buffet dinner hotel malam hari masih layak namun tidak terjual. Bobot perkiraan: 13 kg.,SURPLUS,2026-09-30T11:08:57.917719
WASTE_CONTAMINATED_0373,Temuan shift pagi: Reject segera tomat merah akibat kontak dengan helaian rambut staff dan keringat saat proses plating.,CONTAMINATED,2026-09-30T11:08:57.910644
WASTE_SPOILED_0369,Insiden dapur: daun selada iceberg ditemukan terlihat jamur putih dan berbau asam pada saat pengecekan walk-in freezer. Bobot perkiraan: 1 kg.,SPOILED,2026-09-30T11:08:57.903518
WASTE_CONTAMINATED_0399,daging giling sapi jatuh langsung ke meja butchery station dan terkena debu kotor akibat pembersihan blower ventilasi. Ref: #624.,CONTAMINATED,2026-09-30T11:08:57.910644
WASTE_SURPLUS_0215,puding coklat fla berlebih pada display rak pantry kering karena proyeksi tamu meleset.,SURPLUS,2026-09-30T11:08:57.917719
WASTE_SURPLUS_0003,Catatan QC: Stok matang pasta spaghetti bolognese sisa operasional paket promo makan siang meeting korporat di chiller 1. Ditemukan oleh staff shift pagi saat inspeksi rutin.,SURPLUS,2026-09-30T11:08:57.916718
WASTE_CONTAMINATED_0250,Insiden dapur: Reject segera fillet dada ayam akibat kontak dengan tetesan darah mentah dari rak atas. Catatan: perlu cross-check barcode supplier.,CONTAMINATED,2026-09-30T11:08:57.909580
WASTE_CONTAMINATED_0138,Insiden dapur: cumi-cumi segar jatuh langsung ke lantai kitchen line dan terkena pecahan kaca dari gelas pecah di line prep. Ref: #147.,CONTAMINATED,2026-09-30T11:08:57.908580
WASTE_SURPLUS_0150,Laporan waste: Stok matang puding coklat fla sisa operasional layanan breakfast buffet penutupan pagi di chiller holding pass. Segera laporkan ke chef on duty untuk tindakan preventif sesuai SOP.,SURPLUS,2026-09-30T11:08:57.917719
WASTE_EXPIRED_0078,Temuan shift pagi: Tanggal kedaluwarsa keju mozarella impor di walk-in freezer stempel expired date terlampaui dan tidak boleh disajikan. Catatan: perlu cross-check barcode supplier.,EXPIRED,2026-09-30T11:08:57.904516
WASTE_PREP_WASTE_0090,"tulang, insang, dan kepala ikan kakap segar hasil proses persiapan di meat prep station. Ref: #464.",PREP_WASTE,2026-09-30T11:08:57.914644
WASTE_SPOILED_0213,Reject ikan salmon fillet: tampak bercak kapang kehijauan dan berair. Ditemukan oleh staff shift siang saat inspeksi rutin.,SPOILED,2026-09-30T11:08:57.902520
WASTE_PREP_WASTE_0232,"Laporan waste: Limbah potongan tulang, insang, dan kepala ikan kakap segar terkumpul di area pastry bakery corner. Segera laporkan ke chef on duty untuk tindakan preventif sesuai SOP.",PREP_WASTE,2026-09-30T11:08:57.915646
WASTE_EXPIRED_0244,Temuan audit: whipping cream cair kadaluwarsa per tanggal kemarin dan harus segera diretur. Catatan: perlu cross-check barcode supplier.,EXPIRED,2026-09-30T11:08:57.906583
WASTE_CONTAMINATED_0062,Insiden dapur: ikan salmon fillet jatuh langsung ke chiller 1 dan terkena serangga lalat serta kotoran hama di area kerja. Ref: #640.,CONTAMINATED,2026-09-30T11:08:57.908580
WASTE_SURPLUS_0405,Insiden dapur: Sisa porsi sajian pasta spaghetti bolognese dari prasmanan buffet dinner hotel malam hari masih layak namun tidak terjual. Catatan: perlu cross-check barcode supplier.,SURPLUS,2026-09-30T11:08:57.918718
WASTE_EXPIRED_0382,Laporan waste: kroisan butter almond kedaluwarsa 4 hari yang lalu sesuai label kemasan. Ditemukan oleh staff shift malam saat inspeksi rutin.,EXPIRED,2026-09-30T11:08:57.907582
WASTE_SURPLUS_0320,Insiden dapur: Sisa porsi sajian nasi goreng spesial seafood dari layanan breakfast buffet penutupan pagi masih layak namun tidak terjual. Ref: #362.,SURPLUS,2026-09-30T11:08:57.917719
WASTE_EXPIRED_0105,Insiden dapur: Tanggal kedaluwarsa minyak wijen premium di meja butchery station sudah lewat batas best before sejak minggu kemarin. Segera laporkan ke chef on duty untuk tindakan preventif sesuai SOP.,EXPIRED,2026-09-30T11:08:57.905516
WASTE_PREP_WASTE_0041,cangkang telur ayam dan sisa kulit bawang bombay ditimbang sebagai yield loss di pastry bakery corner. Catatan: perlu cross-check barcode supplier.,PREP_WASTE,2026-09-30T11:08:57.913648
WASTE_SPOILED_0219,Laporan waste: daging giling sapi ditemukan tekstur lembek basah dan berbau apek busuk pada saat pengecekan walk-in freezer. Segera laporkan ke chef on duty untuk tindakan preventif sesuai SOP.,SPOILED,2026-09-30T11:08:57.903518
WASTE_SPOILED_0368,Laporan waste: Stok cumi-cumi segar berbau tidak sedap dan tekstur lembek basah dan berbau apek busuk di chiller 1.,SPOILED,2026-09-30T11:08:57.903518
WASTE_CONTAMINATED_0431,Log limbah: Reject segera potongan daging wagyu MB7 akibat kontak dengan tetesan darah mentah dari rak atas. Ref: #761.,CONTAMINATED,2026-09-30T11:08:57.910644
WASTE_SURPLUS_0105,Insiden dapur: Sisa porsi sajian nasi liwet komplet dari prasmanan buffet dinner hotel malam hari masih layak namun tidak terjual.,SURPLUS,2026-09-30T11:08:57.916718
WASTE_CONTAMINATED_0042,Log limbah: Reject segera daging steak sirloin akibat kontak dengan serangga lalat serta kotoran hama di area kerja. Ditemukan oleh staff shift malam saat inspeksi rutin.,CONTAMINATED,2026-09-30T11:08:57.907582
WASTE_EXPIRED_0391,Temuan audit: Reject sponge cake vanila: stempel expired date terlampaui dan tidak boleh disajikan saat audit inventory. Bobot perkiraan: 15 kg.,EXPIRED,2026-09-30T11:08:57.907582
WASTE_PREP_WASTE_0061,"Log limbah: Limbah potongan lemak berlebih, urat keras, dan sisa butchery daging sapi terkumpul di area meat prep station. Ref: #349.",PREP_WASTE,2026-09-30T11:08:57.914644
WASTE_SPOILED_0421,Catatan QC: Reject jamur kancing: berwarna kehitaman dan lembek hancur.,SPOILED,2026-09-30T11:08:57.904516
WASTE_SURPLUS_0131,Laporan waste: nasi goreng spesial seafood sisa paket promo makan siang meeting korporat yang tidak terkonsumsi di meja butchery station. Catatan: perlu cross-check barcode supplier.,SURPLUS,2026-09-30T11:08:57.916718
WASTE_PREP_WASTE_0047,"kulit wortel, biji paprika, dan ujung timun ditimbang sebagai yield loss di hot kitchen production pass.",PREP_WASTE,2026-09-30T11:08:57.913648
WASTE_SURPLUS_0206,Laporan waste: Sisa porsi sajian nasi liwet komplet dari acara resepsi pernikahan gathering siang masih layak namun tidak terjual. Segera laporkan ke chef on duty untuk tindakan preventif sesuai SOP.,SURPLUS,2026-09-30T11:08:57.917719
WASTE_CONTAMINATED_0311,Temuan shift pagi: daun selada iceberg jatuh langsung ke lantai kitchen line dan terkena helaian rambut staff dan keringat saat proses plating. Catatan: perlu cross-check barcode supplier.,CONTAMINATED,2026-09-30T11:08:57.909580
WASTE_CONTAMINATED_0260,Insiden dapur: potongan daging wagyu MB7 terkontaminasi serangga lalat serta kotoran hama di area kerja di chiller holding pass.,CONTAMINATED,2026-09-30T11:08:57.909580
WASTE_EXPIRED_0094,Tanggal kedaluwarsa mayonnaise dressing di rak pantry kering telah melewati tanggal expiry date 2 hari lalu. Segera laporkan ke chef on duty untuk tindakan preventif sesuai SOP.,EXPIRED,2026-09-30T11:08:57.904516
WASTE_OVERCOOKED_0234,Insiden dapur: Reject pesanan steak wagyu tenderloin: bagian luar gosong terbakar pahit walau dalam masih mentah di panci stock pot kaldu.,OVERCOOKED,2026-09-30T11:08:57.912644
WASTE_EXPIRED_0014,Insiden dapur: Tanggal kedaluwarsa saus tiram botol besar di walk-in freezer melewati masa simpan maksimum gudang penyimpanan. Ref: #599.,EXPIRED,2026-09-30T11:08:57.904516
WASTE_CONTAMINATED_0312,BAHAYA FOOD SAFETY: cumi-cumi segar terpapar debu kotor akibat pembersihan blower ventilasi saat batch cooking prasmanan.,CONTAMINATED,2026-09-30T11:08:57.909580
WASTE_SURPLUS_0083,Laporan waste: Overproduction kroisan butter almond berlebih setelah prasmanan buffet dinner hotel malam hari.,SURPLUS,2026-09-30T11:08:57.916718
WASTE_CONTAMINATED_0361,Laporan waste: tomat merah terkontaminasi tetesan darah mentah dari rak atas di walk-in freezer. Segera laporkan ke chef on duty untuk tindakan preventif sesuai SOP.,CONTAMINATED,2026-09-30T11:08:57.910644
WASTE_PREP_WASTE_0023,"Log limbah: Limbah potongan tulang, insang, dan kepala ikan kakap segar terkumpul di area pastry bakery corner. Bobot perkiraan: 9 kg.",PREP_WASTE,2026-09-30T11:08:57.913648
WASTE_EXPIRED_0312,Log limbah: Tanggal kedaluwarsa minyak wijen premium di walk-in freezer sudah lewat batas best before sejak minggu kemarin.,EXPIRED,2026-09-30T11:08:57.906583
WASTE_CONTAMINATED_0291,Temuan shift pagi: BAHAYA FOOD SAFETY: jamur kancing terpapar tetesan darah mentah dari rak atas saat batch cooking prasmanan. Segera laporkan ke chef on duty untuk tindakan preventif sesuai SOP.,CONTAMINATED,2026-09-30T11:08:57.909580
WASTE_EXPIRED_0340,Temuan shift pagi: saus bechamel keju pada rak lantai kitchen line sudah kedaluwarsa 4 hari yang lalu sesuai label kemasan. Segera laporkan ke chef on duty untuk tindakan preventif sesuai SOP.,EXPIRED,2026-09-30T11:08:57.907582
WASTE_SPOILED_0273,Temuan shift pagi: ikan kakap merah ditemukan mengalami pembusukan parah dan berbau anyir tengik pada saat pengecekan rak pantry kering. Ref: #454.,SPOILED,2026-09-30T11:08:57.903518
WASTE_CONTAMINATED_0271,Insiden dapur: Reject segera wortel impor akibat kontak dengan debu kotor akibat pembersihan blower ventilasi. Bobot perkiraan: 1 kg.,CONTAMINATED,2026-09-30T11:08:57.909580
WASTE_CONTAMINATED_0106,Insiden dapur: udang windu kupas jatuh langsung ke rak pantry kering dan terkena cipratan cairan pembersih kimia sanitasi lantai. Ditemukan oleh staff shift malam saat inspeksi rutin.,CONTAMINATED,2026-09-30T11:08:57.908580
WASTE_PREP_WASTE_0260,"Limbah potongan tulang, insang, dan kepala ikan kakap segar terkumpul di area pastry bakery corner. Ref: #970.",PREP_WASTE,2026-09-30T11:08:57.915646
WASTE_SPOILED_0260,"Insiden dapur: Kondisi daging giling sapi di display showcase pastry sudah berwarna kehitaman dan lembek hancur, harus diafkir. Ditemukan oleh staff shift malam saat inspeksi rutin.",SPOILED,2026-09-30T11:08:57.903518
WASTE_SPOILED_0097,"Kondisi potongan daging wagyu MB7 di rak pantry kering sudah terlihat jamur putih dan berbau asam, harus diafkir.",SPOILED,2026-09-30T11:08:57.901519
WASTE_SPOILED_0252,Reject brokoli segar: berwarna kehitaman dan lembek hancur. Catatan: perlu cross-check barcode supplier.,SPOILED,2026-09-30T11:08:57.903518
WASTE_PREP_WASTE_0353,"Temuan audit: Limbah potongan tulang, insang, dan kepala ikan kakap segar terkumpul di area vegetable cold pantry. Ditemukan oleh staff shift siang saat inspeksi rutin.",PREP_WASTE,2026-09-30T11:08:57.915646
WASTE_OVERCOOKED_0160,Temuan shift pagi: roti baguette gosong hangus karena api terlalu besar saat plating order express.,OVERCOOKED,2026-09-30T11:08:57.911644
WASTE_SURPLUS_0050,Log limbah: Sisa porsi sajian nasi goreng spesial seafood dari prasmanan buffet dinner hotel malam hari masih layak namun tidak terjual. Ditemukan oleh staff shift pagi saat inspeksi rutin.,SURPLUS,2026-09-30T11:08:57.916718
WASTE_PREP_WASTE_0274,"Limbah potongan kulit kentang, bonggol brokoli, dan tangkai daun bawang terkumpul di area hot kitchen production pass. Ref: #927.",PREP_WASTE,2026-09-30T11:08:57.915646
WASTE_OVERCOOKED_0064,Insiden dapur: fillet ayam krispi gosong hangus karena api terlalu besar saat batch cooking prasmanan. Ditemukan oleh staff shift malam saat inspeksi rutin.,OVERCOOKED,2026-09-30T11:08:57.911644
WASTE_SURPLUS_0358,Sisa porsi sajian sup buntut kuah rempah 15 porsi dari layanan breakfast buffet penutupan pagi masih layak namun tidak terjual. Ref: #780.,SURPLUS,2026-09-30T11:08:57.918718
WASTE_EXPIRED_0161,Temuan audit: Reject saus tomat kemasan pouch: telah melewati tanggal expiry date 2 hari lalu saat audit inventory. Ref: #292.,EXPIRED,2026-09-30T11:08:57.905516
WASTE_SURPLUS_0199,Insiden dapur: Overproduction kroisan butter almond berlebih setelah acara resepsi pernikahan gathering siang. Ditemukan oleh staff shift pagi saat inspeksi rutin.,SURPLUS,2026-09-30T11:08:57.917719
WASTE_SURPLUS_0332,Temuan audit: puding coklat fla sisa event gala dinner VIP ballroom yang tidak terkonsumsi di cold storage utama. Catatan: perlu cross-check barcode supplier.,SURPLUS,2026-09-30T11:08:57.918718
WASTE_PREP_WASTE_0288,"Laporan waste: Limbah potongan kulit kentang, bonggol brokoli, dan tangkai daun bawang terkumpul di area pastry bakery corner. Catatan: perlu cross-check barcode supplier.",PREP_WASTE,2026-09-30T11:08:57.915646
WASTE_PREP_WASTE_0150,"Temuan audit: kulit wortel, biji paprika, dan ujung timun ditimbang sebagai yield loss di hot kitchen production pass. Catatan: perlu cross-check barcode supplier.",PREP_WASTE,2026-09-30T11:08:57.914644
WASTE_OVERCOOKED_0049,Kondisi masakan roti baguette di cold storage utama terlalu kering mengeras layaknya arang dan tidak layak jual. Ditemukan oleh staff shift pagi saat inspeksi rutin.,OVERCOOKED,2026-09-30T11:08:57.910644
WASTE_EXPIRED_0318,Insiden dapur: Ditemukan keju mozarella impor yang telah kadaluwarsa per tanggal kemarin dan harus segera diretur. Ref: #878.,EXPIRED,2026-09-30T11:08:57.906583
WASTE_SURPLUS_0289,roti brioche burger sisa layanan breakfast buffet penutupan pagi yang tidak terkonsumsi di lantai kitchen line. Catatan: perlu cross-check barcode supplier.,SURPLUS,2026-09-30T11:08:57.917719
WASTE_PREP_WASTE_0404,"Catatan QC: Sisa organik kulit kentang, bonggol brokoli, dan tangkai daun bawang dari proses mise en place menu roasted chicken. Bobot perkiraan: 9 kg.",PREP_WASTE,2026-09-30T11:08:57.915646
WASTE_SPOILED_0409,Temuan audit: Stok paha ayam marinasi berbau tidak sedap dan keluar lendir lengket serta berbau busuk menyengat di walk-in freezer. Ref: #138.,SPOILED,2026-09-30T11:08:57.904516
WASTE_CONTAMINATED_0438,Insiden dapur: wortel impor terkontaminasi tetesan darah mentah dari rak atas di meja butchery station. Ref: #101.,CONTAMINATED,2026-09-30T11:08:57.910644
WASTE_EXPIRED_0228,sponge cake vanila pada rak cold storage utama sudah kadaluwarsa per tanggal kemarin dan harus segera diretur. Ref: #567.,EXPIRED,2026-09-30T11:08:57.906583
WASTE_OVERCOOKED_0411,Temuan audit: steak wagyu tenderloin terlalu lama di wajan wok burner sehingga bagian luar gosong terbakar pahit walau dalam masih mentah. Catatan: perlu cross-check barcode supplier.,OVERCOOKED,2026-09-30T11:08:57.913648
WASTE_EXPIRED_0108,Laporan waste: roti brioche burger melewati masa simpan maksimum gudang penyimpanan.,EXPIRED,2026-09-30T11:08:57.905516
WASTE_EXPIRED_0441,Temuan audit: keju mozarella impor pada rak display showcase pastry sudah kedaluwarsa 4 hari yang lalu sesuai label kemasan. Ref: #942.,EXPIRED,2026-09-30T11:08:57.907582
WASTE_EXPIRED_0150,Temuan shift pagi: sponge cake vanila telah melewati tanggal expiry date 2 hari lalu. Segera laporkan ke chef on duty untuk tindakan preventif sesuai SOP.,EXPIRED,2026-09-30T11:08:57.905516
WASTE_PREP_WASTE_0021,"Log limbah: Sisa penyiangan tulang, insang, dan kepala ikan kakap segar pada persiapan shift pagi di sauce preparation area.",PREP_WASTE,2026-09-30T11:08:57.913648
WASTE_SURPLUS_0134,Temuan shift pagi: Sisa porsi sajian kroisan butter almond dari acara resepsi pernikahan gathering siang masih layak namun tidak terjual.,SURPLUS,2026-09-30T11:08:57.916718
WASTE_SURPLUS_0440,Insiden dapur: Stok matang roti brioche burger sisa operasional acara resepsi pernikahan gathering siang di chiller holding pass.,SURPLUS,2026-09-30T11:08:57.918718
WASTE_SURPLUS_0153,Stok matang roti brioche burger sisa operasional layanan breakfast buffet penutupan pagi di rak pantry kering. Catatan: perlu cross-check barcode supplier.,SURPLUS,2026-09-30T11:08:57.917719
WASTE_SURPLUS_0212,Insiden dapur: sponge cake vanila sisa event gala dinner VIP ballroom yang tidak terkonsumsi di walk-in freezer.,SURPLUS,2026-09-30T11:08:57.917719
WASTE_OVERCOOKED_0212,steak wagyu tenderloin terlalu lama di wajan wok burner sehingga bagian luar gosong terbakar pahit walau dalam masih mentah. Segera laporkan ke chef on duty untuk tindakan preventif sesuai SOP.,OVERCOOKED,2026-09-30T11:08:57.911644
WASTE_EXPIRED_0036,Tanggal kedaluwarsa saus tomat kemasan pouch di meja butchery station melewati masa simpan maksimum gudang penyimpanan.,EXPIRED,2026-09-30T11:08:57.904516
WASTE_EXPIRED_0147,Log limbah: Reject saus tiram botol besar: stempel expired date terlampaui dan tidak boleh disajikan saat audit inventory. Ref: #181.,EXPIRED,2026-09-30T11:08:57.905516
WASTE_OVERCOOKED_0106,Log limbah: Reject pesanan sponge cake vanila: menghitam pekat karena terlambat diangkat dari fryer di salamander heater.,OVERCOOKED,2026-09-30T11:08:57.911644
WASTE_EXPIRED_0201,puding coklat fla pada rak lantai kitchen line sudah sudah lewat batas best before sejak minggu kemarin. Segera laporkan ke chef on duty untuk tindakan preventif sesuai SOP.,EXPIRED,2026-09-30T11:08:57.906583
WASTE_SPOILED_0031,Log limbah: udang windu kupas tekstur lembek basah dan berbau apek busuk di display showcase pastry. Catatan: perlu cross-check barcode supplier.,SPOILED,2026-09-30T11:08:57.901519
WASTE_SPOILED_0433,Catatan QC: brokoli segar keluar lendir lengket serta berbau busuk menyengat di cold storage utama.,SPOILED,2026-09-30T11:08:57.904516
WASTE_OVERCOOKED_0273,Temuan audit: Kondisi masakan steak wagyu tenderloin di cold storage utama terlalu kering mengeras layaknya arang dan tidak layak jual. Ref: #860.,OVERCOOKED,2026-09-30T11:08:57.912644
WASTE_SURPLUS_0165,Overproduction roti brioche burger berlebih setelah paket promo makan siang meeting korporat.,SURPLUS,2026-09-30T11:08:57.917719
WASTE_OVERCOOKED_0078,Reject pesanan roti baguette: bagian luar gosong terbakar pahit walau dalam masih mentah di deep fryer commercial.,OVERCOOKED,2026-09-30T11:08:57.911644
WASTE_EXPIRED_0118,Log limbah: kroisan butter almond pada rak cold storage utama sudah telah melewati tanggal expiry date 2 hari lalu.,EXPIRED,2026-09-30T11:08:57.905516
WASTE_CONTAMINATED_0414,Ditemukan jamur kancing yang terkena cemaran tetesan darah mentah dari rak atas di lantai kitchen line.,CONTAMINATED,2026-09-30T11:08:57.910644
WASTE_PREP_WASTE_0029,"Temuan shift pagi: Sisa penyiangan kulit kentang, bonggol brokoli, dan tangkai daun bawang pada persiapan shift pagi di sauce preparation area. Ref: #473.",PREP_WASTE,2026-09-30T11:08:57.913648
WASTE_SPOILED_0068,daging steak sirloin ditemukan tekstur lembek basah dan berbau apek busuk pada saat pengecekan chiller 1.,SPOILED,2026-09-30T11:08:57.901519
WASTE_SURPLUS_0447,roti brioche burger sisa prasmanan buffet dinner hotel malam hari yang tidak terkonsumsi di display showcase pastry. Catatan: perlu cross-check barcode supplier.,SURPLUS,2026-09-30T11:08:57.918718
WASTE_SPOILED_0434,Log limbah: paha ayam marinasi berwarna kehitaman dan lembek hancur di cold storage utama.,SPOILED,2026-09-30T11:08:57.904516
WASTE_EXPIRED_0013,Log limbah: Reject kroisan butter almond: kedaluwarsa 4 hari yang lalu sesuai label kemasan saat audit inventory. Segera laporkan ke chef on duty untuk tindakan preventif sesuai SOP.,EXPIRED,2026-09-30T11:08:57.904516
WASTE_SURPLUS_0357,kroisan butter almond sisa layanan breakfast buffet penutupan pagi yang tidak terkonsumsi di meja butchery station.,SURPLUS,2026-09-30T11:08:57.918718
WASTE_EXPIRED_0208,whipping cream cair pada rak chiller 1 sudah kadaluwarsa per tanggal kemarin dan harus segera diretur. Ref: #314.,EXPIRED,2026-09-30T11:08:57.906583
WASTE_OVERCOOKED_0398,Kondisi masakan fillet ayam krispi di chiller 1 terlalu kering mengeras layaknya arang dan tidak layak jual.,OVERCOOKED,2026-09-30T11:08:57.913648
WASTE_SURPLUS_0318,Catatan QC: Overproduction sponge cake vanila berlebih setelah prasmanan buffet dinner hotel malam hari. Ref: #984.,SURPLUS,2026-09-30T11:08:57.917719
WASTE_CONTAMINATED_0410,Log limbah: Ditemukan udang windu kupas yang terkena cemaran pecahan kaca dari gelas pecah di line prep di rak pantry kering. Catatan: perlu cross-check barcode supplier.,CONTAMINATED,2026-09-30T11:08:57.910644
WASTE_CONTAMINATED_0280,Temuan audit: Ditemukan tomat merah yang terkena cemaran cipratan cairan pembersih kimia sanitasi lantai di cold storage utama. Ref: #772.,CONTAMINATED,2026-09-30T11:08:57.909580
WASTE_CONTAMINATED_0162,Log limbah: Ditemukan paha ayam marinasi yang terkena cemaran helaian rambut staff dan keringat saat proses plating di meja butchery station.,CONTAMINATED,2026-09-30T11:08:57.908580
WASTE_PREP_WASTE_0369,Temuan shift pagi: Sisa organik remah potongan kulit puff pastry dan tepi adonan roti dari proses mise en place signature fish and chips.,PREP_WASTE,2026-09-30T11:08:57.915646
WASTE_EXPIRED_0408,Laporan waste: saus bechamel keju telah melewati tanggal expiry date 2 hari lalu. Ref: #609.,EXPIRED,2026-09-30T11:08:57.907582
WASTE_SPOILED_0238,jamur kancing ditemukan keluar lendir lengket serta berbau busuk menyengat pada saat pengecekan walk-in freezer. Bobot perkiraan: 6 kg.,SPOILED,2026-09-30T11:08:57.903518
WASTE_CONTAMINATED_0236,BAHAYA FOOD SAFETY: udang windu kupas terpapar serangga lalat serta kotoran hama di area kerja saat plating order express. Ditemukan oleh staff shift malam saat inspeksi rutin.,CONTAMINATED,2026-09-30T11:08:57.909580
WASTE_OVERCOOKED_0145,Insiden dapur: Kondisi masakan fillet ayam krispi di chiller holding pass menghitam pekat karena terlambat diangkat dari fryer. Segera laporkan ke chef on duty untuk tindakan preventif sesuai SOP.,OVERCOOKED,2026-09-30T11:08:57.911644
WASTE_SPOILED_0110,Log limbah: daging giling sapi keluar lendir lengket serta berbau busuk menyengat di cold storage utama.,SPOILED,2026-09-30T11:08:57.902520
WASTE_PREP_WASTE_0424,"Sisa organik lemak berlebih, urat keras, dan sisa butchery daging sapi dari proses mise en place menu roasted chicken. Segera laporkan ke chef on duty untuk tindakan preventif sesuai SOP.",PREP_WASTE,2026-09-30T11:08:57.916718
WASTE_SURPLUS_0271,Log limbah: Sisa porsi sajian sup buntut kuah rempah 15 porsi dari layanan breakfast buffet penutupan pagi masih layak namun tidak terjual. Bobot perkiraan: 3 kg.,SURPLUS,2026-09-30T11:08:57.917719
WASTE_SURPLUS_0055,Overproduction kroisan butter almond berlebih setelah paket promo makan siang meeting korporat. Ditemukan oleh staff shift siang saat inspeksi rutin.,SURPLUS,2026-09-30T11:08:57.916718
WASTE_SPOILED_0164,Log limbah: Reject daun selada iceberg: tampak bercak kapang kehijauan dan berair. Ditemukan oleh staff shift malam saat inspeksi rutin.,SPOILED,2026-09-30T11:08:57.902520
WASTE_SURPLUS_0192,Log limbah: Overproduction sponge cake vanila berlebih setelah acara resepsi pernikahan gathering siang. Ditemukan oleh staff shift pagi saat inspeksi rutin.,SURPLUS,2026-09-30T11:08:57.917719
WASTE_SPOILED_0310,"Laporan waste: Kondisi fillet dada ayam di walk-in freezer sudah tekstur lembek basah dan berbau apek busuk, harus diafkir. Bobot perkiraan: 8 kg.",SPOILED,2026-09-30T11:08:57.903518
WASTE_SPOILED_0253,"Temuan audit: Kondisi ikan salmon fillet di chiller 1 sudah mengalami pembusukan parah dan berbau anyir tengik, harus diafkir. Bobot perkiraan: 4 kg.",SPOILED,2026-09-30T11:08:57.903518
WASTE_PREP_WASTE_0208,"Insiden dapur: tulang, insang, dan kepala ikan kakap segar hasil proses persiapan di pastry bakery corner. Segera laporkan ke chef on duty untuk tindakan preventif sesuai SOP.",PREP_WASTE,2026-09-30T11:08:57.914644
WASTE_EXPIRED_0229,saus tomat kemasan pouch pada rak lantai kitchen line sudah kedaluwarsa 4 hari yang lalu sesuai label kemasan. Ref: #883.,EXPIRED,2026-09-30T11:08:57.906583
WASTE_OVERCOOKED_0008,Reject pesanan roti baguette: hangus berkerak hitam dan berbau sangit pekat di wajan wok burner. Segera laporkan ke chef on duty untuk tindakan preventif sesuai SOP.,OVERCOOKED,2026-09-30T11:08:57.910644
WASTE_CONTAMINATED_0360,Log limbah: BAHAYA FOOD SAFETY: brokoli segar terpapar serangga lalat serta kotoran hama di area kerja saat service peak hours dinner. Catatan: perlu cross-check barcode supplier.,CONTAMINATED,2026-09-30T11:08:57.910644
WASTE_PREP_WASTE_0318,"Temuan audit: Sisa penyiangan tulang, insang, dan kepala ikan kakap segar pada persiapan shift pagi di vegetable cold pantry. Ref: #491.",PREP_WASTE,2026-09-30T11:08:57.915646
WASTE_EXPIRED_0332,Ditemukan kroisan butter almond yang telah sudah lewat batas best before sejak minggu kemarin.,EXPIRED,2026-09-30T11:08:57.906583
WASTE_OVERCOOKED_0440,Insiden dapur: Kondisi masakan sponge cake vanila di lantai kitchen line menghitam pekat karena terlambat diangkat dari fryer. Catatan: perlu cross-check barcode supplier.,OVERCOOKED,2026-09-30T11:08:57.913648
WASTE_OVERCOOKED_0149,Insiden dapur: saus bechamel keju terlalu lama di deck oven baking sehingga terlalu kering mengeras layaknya arang dan tidak layak jual. Segera laporkan ke chef on duty untuk tindakan preventif sesuai SOP.,OVERCOOKED,2026-09-30T11:08:57.911644
WASTE_CONTAMINATED_0027,Catatan QC: Ditemukan wortel impor yang terkena cemaran cipratan cairan pembersih kimia sanitasi lantai di lantai kitchen line. Ditemukan oleh staff shift pagi saat inspeksi rutin.,CONTAMINATED,2026-09-30T11:08:57.907582
WASTE_OVERCOOKED_0251,Reject pesanan fillet ayam krispi: hangus berkerak hitam dan berbau sangit pekat di wajan wok burner. Catatan: perlu cross-check barcode supplier.,OVERCOOKED,2026-09-30T11:08:57.912644
WASTE_SURPLUS_0400,Catatan QC: sup buntut kuah rempah 15 porsi sisa layanan breakfast buffet penutupan pagi yang tidak terkonsumsi di walk-in freezer. Ref: #557.,SURPLUS,2026-09-30T11:08:57.918718
WASTE_EXPIRED_0392,Temuan audit: Tanggal kedaluwarsa keju mozarella impor di chiller 1 melewati masa simpan maksimum gudang penyimpanan. Catatan: perlu cross-check barcode supplier.,EXPIRED,2026-09-30T11:08:57.907582
WASTE_PREP_WASTE_0296,"Insiden dapur: kulit kentang, bonggol brokoli, dan tangkai daun bawang ditimbang sebagai yield loss di vegetable cold pantry.",PREP_WASTE,2026-09-30T11:08:57.915646
WASTE_EXPIRED_0206,Temuan shift pagi: Tanggal kedaluwarsa susu UHT full cream di chiller holding pass melewati masa simpan maksimum gudang penyimpanan.,EXPIRED,2026-09-30T11:08:57.906583
WASTE_SURPLUS_0292,Catatan QC: Stok matang puding coklat fla sisa operasional event gala dinner VIP ballroom di rak pantry kering. Segera laporkan ke chef on duty untuk tindakan preventif sesuai SOP.,SURPLUS,2026-09-30T11:08:57.917719
WASTE_SURPLUS_0027,Catatan QC: Overproduction sup buntut kuah rempah 15 porsi berlebih setelah prasmanan buffet dinner hotel malam hari.,SURPLUS,2026-09-30T11:08:57.916718
WASTE_SPOILED_0436,Stok daun selada iceberg berbau tidak sedap dan tampak bercak kapang kehijauan dan berair di chiller 1. Segera laporkan ke chef on duty untuk tindakan preventif sesuai SOP.,SPOILED,2026-09-30T11:08:57.904516
WASTE_PREP_WASTE_0338,"Sisa penyiangan kulit kentang, bonggol brokoli, dan tangkai daun bawang pada persiapan shift pagi di vegetable cold pantry.",PREP_WASTE,2026-09-30T11:08:57.915646
WASTE_SURPLUS_0162,Temuan shift pagi: Overproduction pasta spaghetti bolognese berlebih setelah event gala dinner VIP ballroom. Segera laporkan ke chef on duty untuk tindakan preventif sesuai SOP.,SURPLUS,2026-09-30T11:08:57.917719
WASTE_EXPIRED_0119,Log limbah: mayonnaise dressing pada rak display showcase pastry sudah telah melewati tanggal expiry date 2 hari lalu. Segera laporkan ke chef on duty untuk tindakan preventif sesuai SOP.,EXPIRED,2026-09-30T11:08:57.905516
WASTE_PREP_WASTE_0359,"Log limbah: Limbah potongan lemak berlebih, urat keras, dan sisa butchery daging sapi terkumpul di area hot kitchen production pass.",PREP_WASTE,2026-09-30T11:08:57.915646
WASTE_EXPIRED_0012,Laporan waste: Ditemukan minyak wijen premium yang telah kadaluwarsa per tanggal kemarin dan harus segera diretur. Catatan: perlu cross-check barcode supplier.,EXPIRED,2026-09-30T11:08:57.904516
WASTE_PREP_WASTE_0366,Insiden dapur: Limbah potongan cangkang telur ayam dan sisa kulit bawang bombay terkumpul di area fish butchery station. Ditemukan oleh staff shift malam saat inspeksi rutin.,PREP_WASTE,2026-09-30T11:08:57.915646
WASTE_CONTAMINATED_0201,Temuan audit: Reject segera fillet dada ayam akibat kontak dengan debu kotor akibat pembersihan blower ventilasi. Bobot perkiraan: 7 kg.,CONTAMINATED,2026-09-30T11:08:57.908580
WASTE_SPOILED_0158,Laporan waste: jamur kancing berwarna kehitaman dan lembek hancur di rak pantry kering. Ref: #529.,SPOILED,2026-09-30T11:08:57.902520
WASTE_PREP_WASTE_0186,"Temuan shift pagi: Sisa organik lemak berlebih, urat keras, dan sisa butchery daging sapi dari proses mise en place menu roasted chicken. Ref: #867.",PREP_WASTE,2026-09-30T11:08:57.914644
WASTE_OVERCOOKED_0204,Insiden dapur: Reject pesanan fillet ayam krispi: menghitam pekat karena terlambat diangkat dari fryer di panci stock pot kaldu. Catatan: perlu cross-check barcode supplier.,OVERCOOKED,2026-09-30T11:08:57.911644
WASTE_CONTAMINATED_0247,Insiden dapur: daging steak sirloin terkontaminasi serangga lalat serta kotoran hama di area kerja di cold storage utama. Catatan: perlu cross-check barcode supplier.,CONTAMINATED,2026-09-30T11:08:57.909580
WASTE_SURPLUS_0344,Sisa porsi sajian nasi goreng spesial seafood dari layanan breakfast buffet penutupan pagi masih layak namun tidak terjual.,SURPLUS,2026-09-30T11:08:57.918718
WASTE_PREP_WASTE_0252,"Insiden dapur: lemak berlebih, urat keras, dan sisa butchery daging sapi ditimbang sebagai yield loss di pastry bakery corner. Bobot perkiraan: 9 kg.",PREP_WASTE,2026-09-30T11:08:57.915646
WASTE_EXPIRED_0156,Insiden dapur: Reject sponge cake vanila: sudah lewat batas best before sejak minggu kemarin saat audit inventory.,EXPIRED,2026-09-30T11:08:57.905516
WASTE_PREP_WASTE_0180,"kulit kentang, bonggol brokoli, dan tangkai daun bawang ditimbang sebagai yield loss di vegetable cold pantry. Catatan: perlu cross-check barcode supplier.",PREP_WASTE,2026-09-30T11:08:57.914644
WASTE_EXPIRED_0083,Tanggal kedaluwarsa susu UHT full cream di chiller holding pass stempel expired date terlampaui dan tidak boleh disajikan. Ref: #231.,EXPIRED,2026-09-30T11:08:57.904516
WASTE_OVERCOOKED_0258,Kondisi masakan fillet ayam krispi di rak pantry kering gosong gosong pahit dan bertekstur liat keras.,OVERCOOKED,2026-09-30T11:08:57.912644
WASTE_SPOILED_0101,Stok ikan salmon fillet berbau tidak sedap dan berwarna kehitaman dan lembek hancur di meja butchery station. Segera laporkan ke chef on duty untuk tindakan preventif sesuai SOP.,SPOILED,2026-09-30T11:08:57.902520
WASTE_SPOILED_0316,Log limbah: daging steak sirloin mengalami pembusukan parah dan berbau anyir tengik di chiller holding pass. Ditemukan oleh staff shift siang saat inspeksi rutin.,SPOILED,2026-09-30T11:08:57.903518
WASTE_OVERCOOKED_0378,Log limbah: Kondisi masakan steak wagyu tenderloin di walk-in freezer gosong gosong pahit dan bertekstur liat keras.,OVERCOOKED,2026-09-30T11:08:57.913648
WASTE_SURPLUS_0197,Temuan audit: sponge cake vanila sisa acara resepsi pernikahan gathering siang yang tidak terkonsumsi di meja butchery station. Bobot perkiraan: 5 kg.,SURPLUS,2026-09-30T11:08:57.917719
WASTE_EXPIRED_0213,Insiden dapur: sponge cake vanila kedaluwarsa 4 hari yang lalu sesuai label kemasan. Ref: #644.,EXPIRED,2026-09-30T11:08:57.906583
WASTE_EXPIRED_0069,Temuan shift pagi: Ditemukan sponge cake vanila yang telah melewati masa simpan maksimum gudang penyimpanan. Ditemukan oleh staff shift pagi saat inspeksi rutin.,EXPIRED,2026-09-30T11:08:57.904516
WASTE_CONTAMINATED_0024,Laporan waste: BAHAYA FOOD SAFETY: ikan kakap merah terpapar helaian rambut staff dan keringat saat proses plating saat batch cooking prasmanan.,CONTAMINATED,2026-09-30T11:08:57.907582
WASTE_SPOILED_0262,"Laporan waste: Kondisi potongan daging wagyu MB7 di display showcase pastry sudah keluar lendir lengket serta berbau busuk menyengat, harus diafkir. Ref: #729.",SPOILED,2026-09-30T11:08:57.903518
WASTE_CONTAMINATED_0204,Catatan QC: paha ayam marinasi terkontaminasi pecahan kaca dari gelas pecah di line prep di display showcase pastry. Ditemukan oleh staff shift malam saat inspeksi rutin.,CONTAMINATED,2026-09-30T11:08:57.908580
WASTE_OVERCOOKED_0266,Laporan waste: roti baguette gosong hangus karena api terlalu besar saat penggorengan kapasitas besar. Bobot perkiraan: 3 kg.,OVERCOOKED,2026-09-30T11:08:57.912644
WASTE_OVERCOOKED_0353,steak wagyu tenderloin gosong hangus karena api terlalu besar saat batch cooking prasmanan. Ditemukan oleh staff shift malam saat inspeksi rutin.,OVERCOOKED,2026-09-30T11:08:57.912644
WASTE_EXPIRED_0336,Catatan QC: Tanggal kedaluwarsa minyak wijen premium di chiller 1 stempel expired date terlampaui dan tidak boleh disajikan. Ref: #760.,EXPIRED,2026-09-30T11:08:57.907582
WASTE_CONTAMINATED_0439,fillet dada ayam terkontaminasi tetesan darah mentah dari rak atas di display showcase pastry.,CONTAMINATED,2026-09-30T11:08:57.910644
WASTE_PREP_WASTE_0367,Temuan shift pagi: Sisa penyiangan remah potongan kulit puff pastry dan tepi adonan roti pada persiapan shift pagi di pastry bakery corner.,PREP_WASTE,2026-09-30T11:08:57.915646
WASTE_SPOILED_0180,Catatan QC: Stok kol kubis manis berbau tidak sedap dan mengalami pembusukan parah dan berbau anyir tengik di chiller holding pass. Ditemukan oleh staff shift malam saat inspeksi rutin.,SPOILED,2026-09-30T11:08:57.902520
WASTE_SPOILED_0323,Stok daun selada iceberg berbau tidak sedap dan keluar lendir lengket serta berbau busuk menyengat di chiller holding pass.,SPOILED,2026-09-30T11:08:57.903518
WASTE_SURPLUS_0352,Sisa porsi sajian sup buntut kuah rempah 15 porsi dari paket promo makan siang meeting korporat masih layak namun tidak terjual.,SURPLUS,2026-09-30T11:08:57.918718
WASTE_EXPIRED_0389,Catatan QC: Reject whipping cream cair: kadaluwarsa per tanggal kemarin dan harus segera diretur saat audit inventory.,EXPIRED,2026-09-30T11:08:57.907582
WASTE_EXPIRED_0007,sponge cake vanila pada rak rak pantry kering sudah melewati masa simpan maksimum gudang penyimpanan. Catatan: perlu cross-check barcode supplier.,EXPIRED,2026-09-30T11:08:57.904516
WASTE_PREP_WASTE_0173,"Sisa penyiangan kulit wortel, biji paprika, dan ujung timun pada persiapan shift pagi di fish butchery station.",PREP_WASTE,2026-09-30T11:08:57.914644
WASTE_OVERCOOKED_0253,roti baguette terlalu lama di salamander heater sehingga hangus berkerak hitam dan berbau sangit pekat. Ref: #976.,OVERCOOKED,2026-09-30T11:08:57.912644
WASTE_SPOILED_0258,Catatan QC: Reject daging giling sapi: terlihat jamur putih dan berbau asam. Segera laporkan ke chef on duty untuk tindakan preventif sesuai SOP.,SPOILED,2026-09-30T11:08:57.903518
WASTE_EXPIRED_0339,Temuan shift pagi: susu UHT full cream pada rak chiller holding pass sudah sudah lewat batas best before sejak minggu kemarin. Ref: #897.,EXPIRED,2026-09-30T11:08:57.907582
WASTE_EXPIRED_0278,Reject roti brioche burger: telah melewati tanggal expiry date 2 hari lalu saat audit inventory. Bobot perkiraan: 15 kg.,EXPIRED,2026-09-30T11:08:57.906583
WASTE_PREP_WASTE_0066,"Laporan waste: Sisa penyiangan lemak berlebih, urat keras, dan sisa butchery daging sapi pada persiapan shift pagi di meat prep station.",PREP_WASTE,2026-09-30T11:08:57.914644
WASTE_OVERCOOKED_0420,Insiden dapur: Reject pesanan fillet ayam krispi: terlalu kering mengeras layaknya arang dan tidak layak jual di deep fryer commercial. Catatan: perlu cross-check barcode supplier.,OVERCOOKED,2026-09-30T11:08:57.913648
WASTE_EXPIRED_0292,Temuan audit: Ditemukan sponge cake vanila yang telah kedaluwarsa 4 hari yang lalu sesuai label kemasan. Segera laporkan ke chef on duty untuk tindakan preventif sesuai SOP.,EXPIRED,2026-09-30T11:08:57.906583
WASTE_EXPIRED_0315,Temuan audit: puding coklat fla pada rak walk-in freezer sudah kedaluwarsa 4 hari yang lalu sesuai label kemasan. Bobot perkiraan: 1 kg.,EXPIRED,2026-09-30T11:08:57.906583
WASTE_EXPIRED_0031,Insiden dapur: Reject saus bechamel keju: telah melewati tanggal expiry date 2 hari lalu saat audit inventory.,EXPIRED,2026-09-30T11:08:57.904516
WASTE_EXPIRED_0227,Log limbah: Tanggal kedaluwarsa puding coklat fla di lantai kitchen line stempel expired date terlampaui dan tidak boleh disajikan. Segera laporkan ke chef on duty untuk tindakan preventif sesuai SOP.,EXPIRED,2026-09-30T11:08:57.906583
WASTE_SURPLUS_0225,Laporan waste: nasi liwet komplet berlebih pada display cold storage utama karena proyeksi tamu meleset.,SURPLUS,2026-09-30T11:08:57.917719
WASTE_EXPIRED_0409,Laporan waste: saus tiram botol besar sudah lewat batas best before sejak minggu kemarin. Catatan: perlu cross-check barcode supplier.,EXPIRED,2026-09-30T11:08:57.907582
WASTE_PREP_WASTE_0220,Catatan QC: cangkang telur ayam dan sisa kulit bawang bombay hasil proses persiapan di fish butchery station.,PREP_WASTE,2026-09-30T11:08:57.914644
WASTE_PREP_WASTE_0373,"Insiden dapur: lemak berlebih, urat keras, dan sisa butchery daging sapi ditimbang sebagai yield loss di sauce preparation area. Ref: #495.",PREP_WASTE,2026-09-30T11:08:57.915646
WASTE_OVERCOOKED_0028,sponge cake vanila gagal saji karena suhu wajan wok burner berlebih dan menghitam pekat karena terlambat diangkat dari fryer.,OVERCOOKED,2026-09-30T11:08:57.910644
WASTE_PREP_WASTE_0304,"kulit kentang, bonggol brokoli, dan tangkai daun bawang ditimbang sebagai yield loss di hot kitchen production pass.",PREP_WASTE,2026-09-30T11:08:57.915646
WASTE_SURPLUS_0264,Temuan audit: Overproduction nasi liwet komplet berlebih setelah prasmanan buffet dinner hotel malam hari. Segera laporkan ke chef on duty untuk tindakan preventif sesuai SOP.,SURPLUS,2026-09-30T11:08:57.917719
WASTE_OVERCOOKED_0202,Reject pesanan sponge cake vanila: bagian luar gosong terbakar pahit walau dalam masih mentah di salamander heater. Ditemukan oleh staff shift siang saat inspeksi rutin.,OVERCOOKED,2026-09-30T11:08:57.911644
WASTE_OVERCOOKED_0444,Catatan QC: fillet ayam krispi terlalu lama di deck oven baking sehingga bagian luar gosong terbakar pahit walau dalam masih mentah. Ref: #673.,OVERCOOKED,2026-09-30T11:08:57.913648
WASTE_OVERCOOKED_0076,Log limbah: sponge cake vanila gosong hangus karena api terlalu besar saat plating order express.,OVERCOOKED,2026-09-30T11:08:57.911644
WASTE_SPOILED_0248,"Laporan waste: Kondisi wortel impor di lantai kitchen line sudah berwarna kehitaman dan lembek hancur, harus diafkir.",SPOILED,2026-09-30T11:08:57.903518
WASTE_SURPLUS_0064,Temuan audit: Stok matang sponge cake vanila sisa operasional paket promo makan siang meeting korporat di lantai kitchen line.,SURPLUS,2026-09-30T11:08:57.916718
WASTE_OVERCOOKED_0381,Temuan audit: sponge cake vanila gagal saji karena suhu panci stock pot kaldu berlebih dan gosong gosong pahit dan bertekstur liat keras. Ref: #926.,OVERCOOKED,2026-09-30T11:08:57.913648
WASTE_SPOILED_0348,Temuan audit: Stok kol kubis manis berbau tidak sedap dan tekstur lembek basah dan berbau apek busuk di walk-in freezer. Bobot perkiraan: 5 kg.,SPOILED,2026-09-30T11:08:57.903518
WASTE_PREP_WASTE_0070,"Laporan waste: kulit kentang, bonggol brokoli, dan tangkai daun bawang hasil proses persiapan di vegetable cold pantry. Catatan: perlu cross-check barcode supplier.",PREP_WASTE,2026-09-30T11:08:57.914644
WASTE_PREP_WASTE_0079,"lemak berlebih, urat keras, dan sisa butchery daging sapi hasil proses persiapan di fish butchery station. Ditemukan oleh staff shift siang saat inspeksi rutin.",PREP_WASTE,2026-09-30T11:08:57.914644
WASTE_PREP_WASTE_0332,"Temuan audit: Limbah potongan tulang, insang, dan kepala ikan kakap segar terkumpul di area hot kitchen production pass.",PREP_WASTE,2026-09-30T11:08:57.915646
WASTE_SURPLUS_0116,Catatan QC: nasi goreng spesial seafood sisa paket promo makan siang meeting korporat yang tidak terkonsumsi di chiller holding pass. Ref: #687.,SURPLUS,2026-09-30T11:08:57.916718
WASTE_OVERCOOKED_0125,Temuan audit: Reject pesanan fillet ayam krispi: menghitam pekat karena terlambat diangkat dari fryer di deep fryer commercial. Ref: #272.,OVERCOOKED,2026-09-30T11:08:57.911644
WASTE_OVERCOOKED_0032,Insiden dapur: sponge cake vanila terlalu lama di wajan wok burner sehingga terlalu kering mengeras layaknya arang dan tidak layak jual.,OVERCOOKED,2026-09-30T11:08:57.910644
WASTE_SPOILED_0446,fillet dada ayam ditemukan tampak bercak kapang kehijauan dan berair pada saat pengecekan chiller holding pass. Segera laporkan ke chef on duty untuk tindakan preventif sesuai SOP.,SPOILED,2026-09-30T11:08:57.904516
WASTE_CONTAMINATED_0065,Temuan shift pagi: udang windu kupas jatuh langsung ke cold storage utama dan terkena cipratan cairan pembersih kimia sanitasi lantai. Ditemukan oleh staff shift siang saat inspeksi rutin.,CONTAMINATED,2026-09-30T11:08:57.908580
WASTE_EXPIRED_0297,Tanggal kedaluwarsa keju mozarella impor di chiller holding pass kadaluwarsa per tanggal kemarin dan harus segera diretur. Segera laporkan ke chef on duty untuk tindakan preventif sesuai SOP.,EXPIRED,2026-09-30T11:08:57.906583
WASTE_CONTAMINATED_0192,Log limbah: BAHAYA FOOD SAFETY: cumi-cumi segar terpapar serangga lalat serta kotoran hama di area kerja saat prep mise en place siang.,CONTAMINATED,2026-09-30T11:08:57.908580
WASTE_CONTAMINATED_0038,Temuan shift pagi: paha ayam marinasi terkontaminasi serangga lalat serta kotoran hama di area kerja di chiller 1. Catatan: perlu cross-check barcode supplier.,CONTAMINATED,2026-09-30T11:08:57.907582
WASTE_CONTAMINATED_0367,Log limbah: wortel impor terkontaminasi serangga lalat serta kotoran hama di area kerja di chiller holding pass. Segera laporkan ke chef on duty untuk tindakan preventif sesuai SOP.,CONTAMINATED,2026-09-30T11:08:57.910644
WASTE_SURPLUS_0047,Catatan QC: Sisa porsi sajian puding coklat fla dari prasmanan buffet dinner hotel malam hari masih layak namun tidak terjual. Ditemukan oleh staff shift siang saat inspeksi rutin.,SURPLUS,2026-09-30T11:08:57.916718
WASTE_OVERCOOKED_0086,Laporan waste: Reject pesanan fillet ayam krispi: hangus berkerak hitam dan berbau sangit pekat di deck oven baking.,OVERCOOKED,2026-09-30T11:08:57.911644
WASTE_PREP_WASTE_0446,"Catatan QC: kulit kentang, bonggol brokoli, dan tangkai daun bawang hasil proses persiapan di fish butchery station. Ditemukan oleh staff shift pagi saat inspeksi rutin.",PREP_WASTE,2026-09-30T11:08:57.916718
WASTE_PREP_WASTE_0089,"Laporan waste: Sisa organik kulit wortel, biji paprika, dan ujung timun dari proses mise en place sup buntut nusantara.",PREP_WASTE,2026-09-30T11:08:57.914644
WASTE_SURPLUS_0315,Catatan QC: roti brioche burger berlebih pada display walk-in freezer karena proyeksi tamu meleset. Segera laporkan ke chef on duty untuk tindakan preventif sesuai SOP.,SURPLUS,2026-09-30T11:08:57.917719
WASTE_SPOILED_0354,Temuan audit: paha ayam marinasi ditemukan tampak bercak kapang kehijauan dan berair pada saat pengecekan chiller holding pass. Ref: #445.,SPOILED,2026-09-30T11:08:57.903518
WASTE_SPOILED_0209,Laporan waste: tomat merah keluar lendir lengket serta berbau busuk menyengat di lantai kitchen line. Ref: #625.,SPOILED,2026-09-30T11:08:57.902520
WASTE_EXPIRED_0352,Temuan audit: sponge cake vanila pada rak rak pantry kering sudah melewati masa simpan maksimum gudang penyimpanan.,EXPIRED,2026-09-30T11:08:57.907582
WASTE_PREP_WASTE_0256,"Catatan QC: lemak berlebih, urat keras, dan sisa butchery daging sapi hasil proses persiapan di sauce preparation area. Ditemukan oleh staff shift pagi saat inspeksi rutin.",PREP_WASTE,2026-09-30T11:08:57.915646
WASTE_SURPLUS_0198,Temuan shift pagi: Sisa porsi sajian nasi liwet komplet dari event gala dinner VIP ballroom masih layak namun tidak terjual.,SURPLUS,2026-09-30T11:08:57.917719
WASTE_CONTAMINATED_0321,Temuan audit: wortel impor jatuh langsung ke rak pantry kering dan terkena debu kotor akibat pembersihan blower ventilasi.,CONTAMINATED,2026-09-30T11:08:57.909580
WASTE_SPOILED_0058,Insiden dapur: Stok brokoli segar berbau tidak sedap dan keluar lendir lengket serta berbau busuk menyengat di cold storage utama.,SPOILED,2026-09-30T11:08:57.901519
WASTE_OVERCOOKED_0318,steak wagyu tenderloin gagal saji karena suhu salamander heater berlebih dan gosong gosong pahit dan bertekstur liat keras. Bobot perkiraan: 6 kg.,OVERCOOKED,2026-09-30T11:08:57.912644
WASTE_PREP_WASTE_0103,"Temuan audit: Sisa penyiangan kulit kentang, bonggol brokoli, dan tangkai daun bawang pada persiapan shift pagi di sauce preparation area. Segera laporkan ke chef on duty untuk tindakan preventif sesuai SOP.",PREP_WASTE,2026-09-30T11:08:57.914644
WASTE_SPOILED_0230,Temuan shift pagi: udang windu kupas ditemukan keluar lendir lengket serta berbau busuk menyengat pada saat pengecekan walk-in freezer. Ref: #691.,SPOILED,2026-09-30T11:08:57.903518
WASTE_PREP_WASTE_0092,"Sisa organik tulang, insang, dan kepala ikan kakap segar dari proses mise en place sup buntut nusantara.",PREP_WASTE,2026-09-30T11:08:57.914644
WASTE_SURPLUS_0323,Temuan shift pagi: Sisa porsi sajian pasta spaghetti bolognese dari prasmanan buffet dinner hotel malam hari masih layak namun tidak terjual.,SURPLUS,2026-09-30T11:08:57.917719
WASTE_SURPLUS_0414,Log limbah: Sisa porsi sajian kroisan butter almond dari acara resepsi pernikahan gathering siang masih layak namun tidak terjual. Ref: #774.,SURPLUS,2026-09-30T11:08:57.918718
WASTE_SURPLUS_0256,Overproduction nasi liwet komplet berlebih setelah prasmanan buffet dinner hotel malam hari.,SURPLUS,2026-09-30T11:08:57.917719
WASTE_EXPIRED_0418,Temuan audit: saus bechamel keju kedaluwarsa 4 hari yang lalu sesuai label kemasan. Ditemukan oleh staff shift pagi saat inspeksi rutin.,EXPIRED,2026-09-30T11:08:57.907582
WASTE_PREP_WASTE_0206,Temuan audit: Sisa penyiangan remah potongan kulit puff pastry dan tepi adonan roti pada persiapan shift pagi di vegetable cold pantry.,PREP_WASTE,2026-09-30T11:08:57.914644
WASTE_SPOILED_0070,Catatan QC: paha ayam marinasi ditemukan tekstur lembek basah dan berbau apek busuk pada saat pengecekan meja butchery station. Segera laporkan ke chef on duty untuk tindakan preventif sesuai SOP.,SPOILED,2026-09-30T11:08:57.901519
WASTE_EXPIRED_0115,Insiden dapur: Tanggal kedaluwarsa puding coklat fla di meja butchery station kedaluwarsa 4 hari yang lalu sesuai label kemasan.,EXPIRED,2026-09-30T11:08:57.905516
WASTE_SURPLUS_0273,Catatan QC: Sisa porsi sajian nasi goreng spesial seafood dari paket promo makan siang meeting korporat masih layak namun tidak terjual. Segera laporkan ke chef on duty untuk tindakan preventif sesuai SOP.,SURPLUS,2026-09-30T11:08:57.917719
WASTE_OVERCOOKED_0428,Insiden dapur: Kondisi masakan saus bechamel keju di lantai kitchen line bagian luar gosong terbakar pahit walau dalam masih mentah. Ditemukan oleh staff shift malam saat inspeksi rutin.,OVERCOOKED,2026-09-30T11:08:57.913648
WASTE_PREP_WASTE_0069,Temuan audit: Sisa organik cangkang telur ayam dan sisa kulit bawang bombay dari proses mise en place menu roasted chicken. Catatan: perlu cross-check barcode supplier.,PREP_WASTE,2026-09-30T11:08:57.914644
WASTE_CONTAMINATED_0372,fillet dada ayam terkontaminasi pecahan kaca dari gelas pecah di line prep di rak pantry kering.,CONTAMINATED,2026-09-30T11:08:57.910644
WASTE_CONTAMINATED_0174,BAHAYA FOOD SAFETY: daun selada iceberg terpapar debu kotor akibat pembersihan blower ventilasi saat prep mise en place siang. Catatan: perlu cross-check barcode supplier.,CONTAMINATED,2026-09-30T11:08:57.908580
WASTE_PREP_WASTE_0135,"Sisa organik lemak berlebih, urat keras, dan sisa butchery daging sapi dari proses mise en place signature fish and chips.",PREP_WASTE,2026-09-30T11:08:57.914644
WASTE_OVERCOOKED_0112,Temuan audit: Kondisi masakan steak wagyu tenderloin di lantai kitchen line menghitam pekat karena terlambat diangkat dari fryer. Ref: #858.,OVERCOOKED,2026-09-30T11:08:57.911644
WASTE_OVERCOOKED_0392,Insiden dapur: sponge cake vanila gosong hangus karena api terlalu besar saat penggorengan kapasitas besar. Catatan: perlu cross-check barcode supplier.,OVERCOOKED,2026-09-30T11:08:57.913648
WASTE_EXPIRED_0246,Insiden dapur: kroisan butter almond pada rak display showcase pastry sudah kadaluwarsa per tanggal kemarin dan harus segera diretur. Ref: #688.,EXPIRED,2026-09-30T11:08:57.906583
WASTE_SURPLUS_0235,Insiden dapur: sup buntut kuah rempah 15 porsi sisa paket promo makan siang meeting korporat yang tidak terkonsumsi di meja butchery station. Segera laporkan ke chef on duty untuk tindakan preventif sesuai SOP.,SURPLUS,2026-09-30T11:08:57.917719
WASTE_SPOILED_0280,Insiden dapur: Stok udang windu kupas berbau tidak sedap dan tekstur lembek basah dan berbau apek busuk di lantai kitchen line. Ref: #252.,SPOILED,2026-09-30T11:08:57.903518
WASTE_SURPLUS_0354,Laporan waste: nasi goreng spesial seafood berlebih pada display chiller holding pass karena proyeksi tamu meleset.,SURPLUS,2026-09-30T11:08:57.918718
WASTE_EXPIRED_0442,Log limbah: Reject mayonnaise dressing: kedaluwarsa 4 hari yang lalu sesuai label kemasan saat audit inventory.,EXPIRED,2026-09-30T11:08:57.907582
WASTE_CONTAMINATED_0437,Log limbah: Reject segera fillet dada ayam akibat kontak dengan cipratan cairan pembersih kimia sanitasi lantai.,CONTAMINATED,2026-09-30T11:08:57.910644
WASTE_OVERCOOKED_0374,Log limbah: saus bechamel keju gosong hangus karena api terlalu besar saat service peak hours dinner. Ditemukan oleh staff shift pagi saat inspeksi rutin.,OVERCOOKED,2026-09-30T11:08:57.913648
WASTE_PREP_WASTE_0168,"lemak berlebih, urat keras, dan sisa butchery daging sapi ditimbang sebagai yield loss di meat prep station.",PREP_WASTE,2026-09-30T11:08:57.914644
WASTE_PREP_WASTE_0012,"Limbah potongan tulang, insang, dan kepala ikan kakap segar terkumpul di area hot kitchen production pass. Segera laporkan ke chef on duty untuk tindakan preventif sesuai SOP.",PREP_WASTE,2026-09-30T11:08:57.913648
WASTE_SURPLUS_0244,Sisa porsi sajian nasi goreng spesial seafood dari paket promo makan siang meeting korporat masih layak namun tidak terjual. Bobot perkiraan: 11 kg.,SURPLUS,2026-09-30T11:08:57.917719
WASTE_SPOILED_0441,Insiden dapur: daging giling sapi terlihat jamur putih dan berbau asam di display showcase pastry. Catatan: perlu cross-check barcode supplier.,SPOILED,2026-09-30T11:08:57.904516
WASTE_EXPIRED_0059,Temuan shift pagi: Ditemukan roti brioche burger yang telah telah melewati tanggal expiry date 2 hari lalu. Catatan: perlu cross-check barcode supplier.,EXPIRED,2026-09-30T11:08:57.904516
WASTE_SPOILED_0077,Log limbah: brokoli segar ditemukan terlihat jamur putih dan berbau asam pada saat pengecekan rak pantry kering. Catatan: perlu cross-check barcode supplier.,SPOILED,2026-09-30T11:08:57.901519
WASTE_EXPIRED_0073,Catatan QC: susu UHT full cream telah melewati tanggal expiry date 2 hari lalu.,EXPIRED,2026-09-30T11:08:57.904516
WASTE_PREP_WASTE_0219,Laporan waste: Sisa penyiangan cangkang telur ayam dan sisa kulit bawang bombay pada persiapan shift pagi di meat prep station. Bobot perkiraan: 11 kg.,PREP_WASTE,2026-09-30T11:08:57.914644
WASTE_OVERCOOKED_0162,Catatan QC: Kondisi masakan saus bechamel keju di lantai kitchen line terlalu kering mengeras layaknya arang dan tidak layak jual. Catatan: perlu cross-check barcode supplier.,OVERCOOKED,2026-09-30T11:08:57.911644
WASTE_CONTAMINATED_0314,Temuan shift pagi: Ditemukan ikan kakap merah yang terkena cemaran cipratan cairan pembersih kimia sanitasi lantai di cold storage utama. Segera laporkan ke chef on duty untuk tindakan preventif sesuai SOP.,CONTAMINATED,2026-09-30T11:08:57.909580
WASTE_CONTAMINATED_0348,Insiden dapur: fillet dada ayam terkontaminasi tetesan darah mentah dari rak atas di lantai kitchen line.,CONTAMINATED,2026-09-30T11:08:57.910644
WASTE_CONTAMINATED_0327,Catatan QC: tomat merah jatuh langsung ke cold storage utama dan terkena helaian rambut staff dan keringat saat proses plating. Segera laporkan ke chef on duty untuk tindakan preventif sesuai SOP.,CONTAMINATED,2026-09-30T11:08:57.909580
WASTE_EXPIRED_0183,Temuan shift pagi: Reject susu UHT full cream: kedaluwarsa 4 hari yang lalu sesuai label kemasan saat audit inventory.,EXPIRED,2026-09-30T11:08:57.906583
WASTE_EXPIRED_0033,Catatan QC: Reject minyak wijen premium: melewati masa simpan maksimum gudang penyimpanan saat audit inventory.,EXPIRED,2026-09-30T11:08:57.904516
WASTE_OVERCOOKED_0217,Catatan QC: Kondisi masakan steak wagyu tenderloin di walk-in freezer terlalu kering mengeras layaknya arang dan tidak layak jual. Ditemukan oleh staff shift siang saat inspeksi rutin.,OVERCOOKED,2026-09-30T11:08:57.911644
WASTE_SURPLUS_0058,Catatan QC: Overproduction pasta spaghetti bolognese berlebih setelah prasmanan buffet dinner hotel malam hari. Bobot perkiraan: 4 kg.,SURPLUS,2026-09-30T11:08:57.916718
WASTE_SURPLUS_0346,Temuan shift pagi: Sisa porsi sajian sponge cake vanila dari event gala dinner VIP ballroom masih layak namun tidak terjual. Ref: #651.,SURPLUS,2026-09-30T11:08:57.918718
WASTE_SPOILED_0439,Temuan audit: Reject daging steak sirloin: terlihat jamur putih dan berbau asam. Catatan: perlu cross-check barcode supplier.,SPOILED,2026-09-30T11:08:57.904516
WASTE_OVERCOOKED_0114,Temuan shift pagi: Reject pesanan steak wagyu tenderloin: gosong gosong pahit dan bertekstur liat keras di deep fryer commercial. Bobot perkiraan: 9 kg.,OVERCOOKED,2026-09-30T11:08:57.911644
WASTE_OVERCOOKED_0264,Laporan waste: Kondisi masakan fillet ayam krispi di walk-in freezer bagian luar gosong terbakar pahit walau dalam masih mentah. Ref: #939.,OVERCOOKED,2026-09-30T11:08:57.912644
WASTE_SPOILED_0167,"Laporan waste: Kondisi fillet dada ayam di lantai kitchen line sudah terlihat jamur putih dan berbau asam, harus diafkir. Segera laporkan ke chef on duty untuk tindakan preventif sesuai SOP.",SPOILED,2026-09-30T11:08:57.902520
WASTE_SPOILED_0060,Temuan shift pagi: Stok ikan salmon fillet berbau tidak sedap dan terlihat jamur putih dan berbau asam di lantai kitchen line. Catatan: perlu cross-check barcode supplier.,SPOILED,2026-09-30T11:08:57.901519
WASTE_EXPIRED_0081,Catatan QC: whipping cream cair pada rak walk-in freezer sudah telah melewati tanggal expiry date 2 hari lalu. Ditemukan oleh staff shift malam saat inspeksi rutin.,EXPIRED,2026-09-30T11:08:57.904516
WASTE_SPOILED_0050,"Log limbah: Kondisi kol kubis manis di chiller holding pass sudah terlihat jamur putih dan berbau asam, harus diafkir. Bobot perkiraan: 3 kg.",SPOILED,2026-09-30T11:08:57.901519
WASTE_CONTAMINATED_0301,Catatan QC: udang windu kupas terkontaminasi cipratan cairan pembersih kimia sanitasi lantai di display showcase pastry.,CONTAMINATED,2026-09-30T11:08:57.909580
WASTE_OVERCOOKED_0207,Temuan shift pagi: steak wagyu tenderloin terlalu lama di salamander heater sehingga menghitam pekat karena terlambat diangkat dari fryer. Catatan: perlu cross-check barcode supplier.,OVERCOOKED,2026-09-30T11:08:57.911644
WASTE_CONTAMINATED_0234,Temuan shift pagi: Reject segera tomat merah akibat kontak dengan debu kotor akibat pembersihan blower ventilasi.,CONTAMINATED,2026-09-30T11:08:57.909580
WASTE_SPOILED_0049,Reject udang windu kupas: berwarna kehitaman dan lembek hancur.,SPOILED,2026-09-30T11:08:57.901519
WASTE_CONTAMINATED_0342,daun selada iceberg terkontaminasi debu kotor akibat pembersihan blower ventilasi di meja butchery station.,CONTAMINATED,2026-09-30T11:08:57.909580
WASTE_PREP_WASTE_0108,Temuan shift pagi: Limbah potongan cangkang telur ayam dan sisa kulit bawang bombay terkumpul di area hot kitchen production pass. Segera laporkan ke chef on duty untuk tindakan preventif sesuai SOP.,PREP_WASTE,2026-09-30T11:08:57.914644
WASTE_CONTAMINATED_0158,Laporan waste: Reject segera potongan daging wagyu MB7 akibat kontak dengan debu kotor akibat pembersihan blower ventilasi. Ditemukan oleh staff shift malam saat inspeksi rutin.,CONTAMINATED,2026-09-30T11:08:57.908580
WASTE_PREP_WASTE_0009,Insiden dapur: remah potongan kulit puff pastry dan tepi adonan roti ditimbang sebagai yield loss di sauce preparation area.,PREP_WASTE,2026-09-30T11:08:57.913648
WASTE_SURPLUS_0282,Sisa porsi sajian sup buntut kuah rempah 15 porsi dari event gala dinner VIP ballroom masih layak namun tidak terjual.,SURPLUS,2026-09-30T11:08:57.917719
WASTE_SPOILED_0026,Insiden dapur: daging giling sapi ditemukan mengalami pembusukan parah dan berbau anyir tengik pada saat pengecekan lantai kitchen line. Catatan: perlu cross-check barcode supplier.,SPOILED,2026-09-30T11:08:57.901519
WASTE_CONTAMINATED_0148,Laporan waste: Ditemukan daging steak sirloin yang terkena cemaran pecahan kaca dari gelas pecah di line prep di display showcase pastry. Ditemukan oleh staff shift pagi saat inspeksi rutin.,CONTAMINATED,2026-09-30T11:08:57.908580
WASTE_PREP_WASTE_0073,"tulang, insang, dan kepala ikan kakap segar hasil proses persiapan di sauce preparation area. Segera laporkan ke chef on duty untuk tindakan preventif sesuai SOP.",PREP_WASTE,2026-09-30T11:08:57.914644
WASTE_SURPLUS_0123,Catatan QC: nasi goreng spesial seafood berlebih pada display walk-in freezer karena proyeksi tamu meleset. Ditemukan oleh staff shift pagi saat inspeksi rutin.,SURPLUS,2026-09-30T11:08:57.916718
WASTE_PREP_WASTE_0378,"Insiden dapur: kulit wortel, biji paprika, dan ujung timun hasil proses persiapan di hot kitchen production pass. Segera laporkan ke chef on duty untuk tindakan preventif sesuai SOP.",PREP_WASTE,2026-09-30T11:08:57.915646
WASTE_PREP_WASTE_0016,"lemak berlebih, urat keras, dan sisa butchery daging sapi hasil proses persiapan di pastry bakery corner. Ditemukan oleh staff shift malam saat inspeksi rutin.",PREP_WASTE,2026-09-30T11:08:57.913648
WASTE_SPOILED_0362,"Temuan audit: Kondisi wortel impor di walk-in freezer sudah terlihat jamur putih dan berbau asam, harus diafkir. Catatan: perlu cross-check barcode supplier.",SPOILED,2026-09-30T11:08:57.903518
WASTE_CONTAMINATED_0352,Log limbah: kol kubis manis terkontaminasi cipratan cairan pembersih kimia sanitasi lantai di rak pantry kering. Ref: #725.,CONTAMINATED,2026-09-30T11:08:57.910644
WASTE_OVERCOOKED_0003,Temuan audit: Reject pesanan roti baguette: bagian luar gosong terbakar pahit walau dalam masih mentah di charcoal grill station. Ditemukan oleh staff shift siang saat inspeksi rutin.,OVERCOOKED,2026-09-30T11:08:57.910644
WASTE_PREP_WASTE_0297,"Sisa organik kulit wortel, biji paprika, dan ujung timun dari proses mise en place signature fish and chips. Ditemukan oleh staff shift siang saat inspeksi rutin.",PREP_WASTE,2026-09-30T11:08:57.915646
WASTE_PREP_WASTE_0113,cangkang telur ayam dan sisa kulit bawang bombay hasil proses persiapan di sauce preparation area. Ref: #449.,PREP_WASTE,2026-09-30T11:08:57.914644
WASTE_PREP_WASTE_0375,"Laporan waste: kulit kentang, bonggol brokoli, dan tangkai daun bawang hasil proses persiapan di pastry bakery corner. Bobot perkiraan: 5 kg.",PREP_WASTE,2026-09-30T11:08:57.915646
WASTE_SURPLUS_0119,Insiden dapur: Stok matang kroisan butter almond sisa operasional paket promo makan siang meeting korporat di chiller holding pass. Ditemukan oleh staff shift pagi saat inspeksi rutin.,SURPLUS,2026-09-30T11:08:57.916718
WASTE_CONTAMINATED_0118,ikan kakap merah terkontaminasi tetesan darah mentah dari rak atas di cold storage utama.,CONTAMINATED,2026-09-30T11:08:57.908580
WASTE_OVERCOOKED_0158,Temuan shift pagi: Kondisi masakan saus bechamel keju di cold storage utama terlalu kering mengeras layaknya arang dan tidak layak jual. Ref: #231.,OVERCOOKED,2026-09-30T11:08:57.911644
WASTE_SPOILED_0241,paha ayam marinasi tampak bercak kapang kehijauan dan berair di display showcase pastry.,SPOILED,2026-09-30T11:08:57.903518
WASTE_OVERCOOKED_0183,Insiden dapur: Reject pesanan fillet ayam krispi: terlalu kering mengeras layaknya arang dan tidak layak jual di panci stock pot kaldu. Bobot perkiraan: 10 kg.,OVERCOOKED,2026-09-30T11:08:57.911644
WASTE_EXPIRED_0133,Ditemukan saus tomat kemasan pouch yang telah kedaluwarsa 4 hari yang lalu sesuai label kemasan. Bobot perkiraan: 8 kg.,EXPIRED,2026-09-30T11:08:57.905516
WASTE_CONTAMINATED_0079,Laporan waste: kol kubis manis terkontaminasi helaian rambut staff dan keringat saat proses plating di chiller holding pass. Segera laporkan ke chef on duty untuk tindakan preventif sesuai SOP.,CONTAMINATED,2026-09-30T11:08:57.908580
WASTE_EXPIRED_0323,Temuan shift pagi: susu UHT full cream telah melewati tanggal expiry date 2 hari lalu. Ref: #252.,EXPIRED,2026-09-30T11:08:57.906583
WASTE_OVERCOOKED_0292,saus bechamel keju gosong hangus karena api terlalu besar saat prep mise en place siang.,OVERCOOKED,2026-09-30T11:08:57.912644
WASTE_SURPLUS_0304,Catatan QC: sup buntut kuah rempah 15 porsi sisa paket promo makan siang meeting korporat yang tidak terkonsumsi di chiller holding pass. Segera laporkan ke chef on duty untuk tindakan preventif sesuai SOP.,SURPLUS,2026-09-30T11:08:57.917719
WASTE_SPOILED_0351,"Log limbah: Kondisi daun selada iceberg di lantai kitchen line sudah tampak bercak kapang kehijauan dan berair, harus diafkir.",SPOILED,2026-09-30T11:08:57.903518
WASTE_SURPLUS_0227,Temuan audit: pasta spaghetti bolognese sisa prasmanan buffet dinner hotel malam hari yang tidak terkonsumsi di chiller holding pass.,SURPLUS,2026-09-30T11:08:57.917719
WASTE_OVERCOOKED_0227,Insiden dapur: steak wagyu tenderloin terlalu lama di wajan wok burner sehingga bagian luar gosong terbakar pahit walau dalam masih mentah. Ditemukan oleh staff shift siang saat inspeksi rutin.,OVERCOOKED,2026-09-30T11:08:57.911644
WASTE_PREP_WASTE_0063,"Limbah potongan kulit kentang, bonggol brokoli, dan tangkai daun bawang terkumpul di area meat prep station. Ref: #152.",PREP_WASTE,2026-09-30T11:08:57.914644
WASTE_OVERCOOKED_0102,saus bechamel keju terlalu lama di deep fryer commercial sehingga bagian luar gosong terbakar pahit walau dalam masih mentah.,OVERCOOKED,2026-09-30T11:08:57.911644
WASTE_CONTAMINATED_0102,ikan kakap merah terkontaminasi cipratan cairan pembersih kimia sanitasi lantai di chiller 1. Bobot perkiraan: 7 kg.,CONTAMINATED,2026-09-30T11:08:57.908580
WASTE_PREP_WASTE_0282,"Laporan waste: Limbah potongan kulit kentang, bonggol brokoli, dan tangkai daun bawang terkumpul di area fish butchery station.",PREP_WASTE,2026-09-30T11:08:57.915646
WASTE_SURPLUS_0226,Insiden dapur: Stok matang puding coklat fla sisa operasional event gala dinner VIP ballroom di lantai kitchen line. Ref: #216.,SURPLUS,2026-09-30T11:08:57.917719
WASTE_CONTAMINATED_0059,brokoli segar jatuh langsung ke meja butchery station dan terkena tetesan darah mentah dari rak atas.,CONTAMINATED,2026-09-30T11:08:57.907582
WASTE_SURPLUS_0265,pasta spaghetti bolognese berlebih pada display walk-in freezer karena proyeksi tamu meleset. Catatan: perlu cross-check barcode supplier.,SURPLUS,2026-09-30T11:08:57.917719
WASTE_PREP_WASTE_0421,"Temuan shift pagi: lemak berlebih, urat keras, dan sisa butchery daging sapi ditimbang sebagai yield loss di hot kitchen production pass. Segera laporkan ke chef on duty untuk tindakan preventif sesuai SOP.",PREP_WASTE,2026-09-30T11:08:57.916718
WASTE_CONTAMINATED_0101,Insiden dapur: fillet dada ayam jatuh langsung ke rak pantry kering dan terkena cipratan cairan pembersih kimia sanitasi lantai. Catatan: perlu cross-check barcode supplier.,CONTAMINATED,2026-09-30T11:08:57.908580
WASTE_OVERCOOKED_0057,sponge cake vanila gagal saji karena suhu charcoal grill station berlebih dan gosong gosong pahit dan bertekstur liat keras.,OVERCOOKED,2026-09-30T11:08:57.911644
WASTE_EXPIRED_0089,Log limbah: mayonnaise dressing melewati masa simpan maksimum gudang penyimpanan. Bobot perkiraan: 9 kg.,EXPIRED,2026-09-30T11:08:57.904516
WASTE_CONTAMINATED_0337,Temuan audit: BAHAYA FOOD SAFETY: jamur kancing terpapar cipratan cairan pembersih kimia sanitasi lantai saat batch cooking prasmanan.,CONTAMINATED,2026-09-30T11:08:57.909580
WASTE_CONTAMINATED_0331,Laporan waste: BAHAYA FOOD SAFETY: tomat merah terpapar pecahan kaca dari gelas pecah di line prep saat plating order express.,CONTAMINATED,2026-09-30T11:08:57.909580
WASTE_PREP_WASTE_0335,cangkang telur ayam dan sisa kulit bawang bombay hasil proses persiapan di meat prep station. Segera laporkan ke chef on duty untuk tindakan preventif sesuai SOP.,PREP_WASTE,2026-09-30T11:08:57.915646
WASTE_OVERCOOKED_0181,saus bechamel keju gosong hangus karena api terlalu besar saat prep mise en place siang. Catatan: perlu cross-check barcode supplier.,OVERCOOKED,2026-09-30T11:08:57.911644
WASTE_SURPLUS_0177,Temuan audit: Stok matang nasi goreng spesial seafood sisa operasional event gala dinner VIP ballroom di cold storage utama. Segera laporkan ke chef on duty untuk tindakan preventif sesuai SOP.,SURPLUS,2026-09-30T11:08:57.917719
WASTE_OVERCOOKED_0310,Insiden dapur: saus bechamel keju terlalu lama di charcoal grill station sehingga menghitam pekat karena terlambat diangkat dari fryer.,OVERCOOKED,2026-09-30T11:08:57.912644
WASTE_CONTAMINATED_0297,Laporan waste: BAHAYA FOOD SAFETY: wortel impor terpapar tetesan darah mentah dari rak atas saat penggorengan kapasitas besar. Catatan: perlu cross-check barcode supplier.,CONTAMINATED,2026-09-30T11:08:57.909580
WASTE_OVERCOOKED_0442,Temuan audit: fillet ayam krispi terlalu lama di deep fryer commercial sehingga hangus berkerak hitam dan berbau sangit pekat. Ref: #510.,OVERCOOKED,2026-09-30T11:08:57.913648
WASTE_PREP_WASTE_0376,"Temuan audit: Sisa organik tulang, insang, dan kepala ikan kakap segar dari proses mise en place sup buntut nusantara. Ditemukan oleh staff shift siang saat inspeksi rutin.",PREP_WASTE,2026-09-30T11:08:57.915646
WASTE_SPOILED_0124,Reject kol kubis manis: mengalami pembusukan parah dan berbau anyir tengik. Segera laporkan ke chef on duty untuk tindakan preventif sesuai SOP.,SPOILED,2026-09-30T11:08:57.902520
WASTE_SURPLUS_0272,nasi liwet komplet sisa acara resepsi pernikahan gathering siang yang tidak terkonsumsi di display showcase pastry. Ref: #350.,SURPLUS,2026-09-30T11:08:57.917719
WASTE_SURPLUS_0362,Log limbah: roti brioche burger berlebih pada display lantai kitchen line karena proyeksi tamu meleset. Catatan: perlu cross-check barcode supplier.,SURPLUS,2026-09-30T11:08:57.918718
WASTE_EXPIRED_0169,Laporan waste: saus bechamel keju melewati masa simpan maksimum gudang penyimpanan. Ditemukan oleh staff shift siang saat inspeksi rutin.,EXPIRED,2026-09-30T11:08:57.905516
WASTE_SPOILED_0407,Temuan shift pagi: paha ayam marinasi berwarna kehitaman dan lembek hancur di lantai kitchen line. Ref: #959.,SPOILED,2026-09-30T11:08:57.904516
WASTE_SURPLUS_0157,Sisa porsi sajian roti brioche burger dari event gala dinner VIP ballroom masih layak namun tidak terjual. Ref: #582.,SURPLUS,2026-09-30T11:08:57.917719
WASTE_OVERCOOKED_0036,Insiden dapur: roti baguette gagal saji karena suhu salamander heater berlebih dan hangus berkerak hitam dan berbau sangit pekat. Bobot perkiraan: 13 kg.,OVERCOOKED,2026-09-30T11:08:57.910644
WASTE_CONTAMINATED_0030,Log limbah: Ditemukan brokoli segar yang terkena cemaran tetesan darah mentah dari rak atas di display showcase pastry.,CONTAMINATED,2026-09-30T11:08:57.907582
WASTE_EXPIRED_0048,Tanggal kedaluwarsa roti brioche burger di rak pantry kering kadaluwarsa per tanggal kemarin dan harus segera diretur. Catatan: perlu cross-check barcode supplier.,EXPIRED,2026-09-30T11:08:57.904516
WASTE_PREP_WASTE_0026,"Limbah potongan tulang, insang, dan kepala ikan kakap segar terkumpul di area hot kitchen production pass.",PREP_WASTE,2026-09-30T11:08:57.913648
WASTE_SPOILED_0343,Stok cumi-cumi segar berbau tidak sedap dan berwarna kehitaman dan lembek hancur di cold storage utama. Bobot perkiraan: 13 kg.,SPOILED,2026-09-30T11:08:57.903518
WASTE_PREP_WASTE_0226,"tulang, insang, dan kepala ikan kakap segar ditimbang sebagai yield loss di hot kitchen production pass. Ditemukan oleh staff shift pagi saat inspeksi rutin.",PREP_WASTE,2026-09-30T11:08:57.914644
WASTE_SPOILED_0300,Catatan QC: jamur kancing tekstur lembek basah dan berbau apek busuk di cold storage utama.,SPOILED,2026-09-30T11:08:57.903518
WASTE_SURPLUS_0024,Log limbah: sponge cake vanila sisa acara resepsi pernikahan gathering siang yang tidak terkonsumsi di chiller holding pass. Ditemukan oleh staff shift siang saat inspeksi rutin.,SURPLUS,2026-09-30T11:08:57.916718
WASTE_EXPIRED_0280,Insiden dapur: Tanggal kedaluwarsa puding coklat fla di display showcase pastry stempel expired date terlampaui dan tidak boleh disajikan. Segera laporkan ke chef on duty untuk tindakan preventif sesuai SOP.,EXPIRED,2026-09-30T11:08:57.906583
WASTE_EXPIRED_0372,Temuan shift pagi: Tanggal kedaluwarsa mayonnaise dressing di display showcase pastry melewati masa simpan maksimum gudang penyimpanan.,EXPIRED,2026-09-30T11:08:57.907582
WASTE_EXPIRED_0334,Laporan waste: Ditemukan roti brioche burger yang telah melewati masa simpan maksimum gudang penyimpanan.,EXPIRED,2026-09-30T11:08:57.907582
WASTE_OVERCOOKED_0388,Log limbah: sponge cake vanila gosong hangus karena api terlalu besar saat service peak hours dinner. Ref: #405.,OVERCOOKED,2026-09-30T11:08:57.913648
WASTE_OVERCOOKED_0017,Log limbah: Reject pesanan fillet ayam krispi: terlalu kering mengeras layaknya arang dan tidak layak jual di deep fryer commercial. Segera laporkan ke chef on duty untuk tindakan preventif sesuai SOP.,OVERCOOKED,2026-09-30T11:08:57.910644
WASTE_SPOILED_0221,Catatan QC: Stok brokoli segar berbau tidak sedap dan berwarna kehitaman dan lembek hancur di display showcase pastry. Catatan: perlu cross-check barcode supplier.,SPOILED,2026-09-30T11:08:57.903518
WASTE_CONTAMINATED_0418,Log limbah: Ditemukan fillet dada ayam yang terkena cemaran helaian rambut staff dan keringat saat proses plating di display showcase pastry.,CONTAMINATED,2026-09-30T11:08:57.910644
WASTE_EXPIRED_0256,Log limbah: Ditemukan saus tiram botol besar yang telah melewati masa simpan maksimum gudang penyimpanan.,EXPIRED,2026-09-30T11:08:57.906583
WASTE_SPOILED_0450,Temuan shift pagi: Reject udang windu kupas: mengalami pembusukan parah dan berbau anyir tengik.,SPOILED,2026-09-30T11:08:57.904516
WASTE_CONTAMINATED_0287,Catatan QC: Ditemukan ikan salmon fillet yang terkena cemaran debu kotor akibat pembersihan blower ventilasi di rak pantry kering. Ditemukan oleh staff shift pagi saat inspeksi rutin.,CONTAMINATED,2026-09-30T11:08:57.909580
WASTE_SPOILED_0085,Temuan shift pagi: Stok brokoli segar berbau tidak sedap dan tampak bercak kapang kehijauan dan berair di meja butchery station. Ditemukan oleh staff shift pagi saat inspeksi rutin.,SPOILED,2026-09-30T11:08:57.901519
WASTE_CONTAMINATED_0308,Temuan audit: Ditemukan jamur kancing yang terkena cemaran tetesan darah mentah dari rak atas di walk-in freezer.,CONTAMINATED,2026-09-30T11:08:57.909580
WASTE_EXPIRED_0172,Catatan QC: Ditemukan roti brioche burger yang telah kadaluwarsa per tanggal kemarin dan harus segera diretur.,EXPIRED,2026-09-30T11:08:57.905516
WASTE_SPOILED_0267,cumi-cumi segar ditemukan terlihat jamur putih dan berbau asam pada saat pengecekan meja butchery station. Ditemukan oleh staff shift pagi saat inspeksi rutin.,SPOILED,2026-09-30T11:08:57.903518
WASTE_PREP_WASTE_0388,"Laporan waste: Limbah potongan lemak berlebih, urat keras, dan sisa butchery daging sapi terkumpul di area vegetable cold pantry. Bobot perkiraan: 15 kg.",PREP_WASTE,2026-09-30T11:08:57.915646
WASTE_SPOILED_0291,"Temuan audit: Kondisi jamur kancing di meja butchery station sudah keluar lendir lengket serta berbau busuk menyengat, harus diafkir.",SPOILED,2026-09-30T11:08:57.903518
WASTE_EXPIRED_0358,Laporan waste: keju mozarella impor pada rak cold storage utama sudah stempel expired date terlampaui dan tidak boleh disajikan.,EXPIRED,2026-09-30T11:08:57.907582
WASTE_CONTAMINATED_0149,Insiden dapur: BAHAYA FOOD SAFETY: udang windu kupas terpapar cipratan cairan pembersih kimia sanitasi lantai saat plating order express.,CONTAMINATED,2026-09-30T11:08:57.908580
WASTE_SPOILED_0417,Insiden dapur: Reject ikan kakap merah: terlihat jamur putih dan berbau asam. Catatan: perlu cross-check barcode supplier.,SPOILED,2026-09-30T11:08:57.904516
WASTE_EXPIRED_0023,mayonnaise dressing kedaluwarsa 4 hari yang lalu sesuai label kemasan. Segera laporkan ke chef on duty untuk tindakan preventif sesuai SOP.,EXPIRED,2026-09-30T11:08:57.904516
WASTE_SURPLUS_0267,Insiden dapur: kroisan butter almond berlebih pada display chiller 1 karena proyeksi tamu meleset. Ref: #198.,SURPLUS,2026-09-30T11:08:57.917719
WASTE_CONTAMINATED_0099,Log limbah: paha ayam marinasi terkontaminasi pecahan kaca dari gelas pecah di line prep di cold storage utama. Segera laporkan ke chef on duty untuk tindakan preventif sesuai SOP.,CONTAMINATED,2026-09-30T11:08:57.908580
WASTE_PREP_WASTE_0427,"Temuan audit: Limbah potongan kulit kentang, bonggol brokoli, dan tangkai daun bawang terkumpul di area pastry bakery corner.",PREP_WASTE,2026-09-30T11:08:57.916718
WASTE_SURPLUS_0365,roti brioche burger berlebih pada display lantai kitchen line karena proyeksi tamu meleset. Bobot perkiraan: 9 kg.,SURPLUS,2026-09-30T11:08:57.918718
WASTE_EXPIRED_0205,Temuan audit: mayonnaise dressing telah melewati tanggal expiry date 2 hari lalu. Ref: #731.,EXPIRED,2026-09-30T11:08:57.906583
WASTE_PREP_WASTE_0178,cangkang telur ayam dan sisa kulit bawang bombay ditimbang sebagai yield loss di meat prep station. Catatan: perlu cross-check barcode supplier.,PREP_WASTE,2026-09-30T11:08:57.914644
WASTE_SURPLUS_0311,Laporan waste: nasi liwet komplet sisa acara resepsi pernikahan gathering siang yang tidak terkonsumsi di cold storage utama. Segera laporkan ke chef on duty untuk tindakan preventif sesuai SOP.,SURPLUS,2026-09-30T11:08:57.917719
WASTE_SPOILED_0344,Stok cumi-cumi segar berbau tidak sedap dan mengalami pembusukan parah dan berbau anyir tengik di meja butchery station. Catatan: perlu cross-check barcode supplier.,SPOILED,2026-09-30T11:08:57.903518
WASTE_SURPLUS_0233,sup buntut kuah rempah 15 porsi sisa prasmanan buffet dinner hotel malam hari yang tidak terkonsumsi di chiller holding pass. Bobot perkiraan: 14 kg.,SURPLUS,2026-09-30T11:08:57.917719
WASTE_SURPLUS_0442,sup buntut kuah rempah 15 porsi berlebih pada display display showcase pastry karena proyeksi tamu meleset. Segera laporkan ke chef on duty untuk tindakan preventif sesuai SOP.,SURPLUS,2026-09-30T11:08:57.918718
WASTE_CONTAMINATED_0235,Temuan shift pagi: BAHAYA FOOD SAFETY: daging giling sapi terpapar cipratan cairan pembersih kimia sanitasi lantai saat prep mise en place siang. Segera laporkan ke chef on duty untuk tindakan preventif sesuai SOP.,CONTAMINATED,2026-09-30T11:08:57.909580
WASTE_SPOILED_0279,Catatan QC: Stok daging giling sapi berbau tidak sedap dan tampak bercak kapang kehijauan dan berair di lantai kitchen line. Catatan: perlu cross-check barcode supplier.,SPOILED,2026-09-30T11:08:57.903518
WASTE_CONTAMINATED_0190,ikan salmon fillet jatuh langsung ke lantai kitchen line dan terkena helaian rambut staff dan keringat saat proses plating.,CONTAMINATED,2026-09-30T11:08:57.908580
WASTE_CONTAMINATED_0031,Log limbah: Ditemukan cumi-cumi segar yang terkena cemaran helaian rambut staff dan keringat saat proses plating di lantai kitchen line. Bobot perkiraan: 12 kg.,CONTAMINATED,2026-09-30T11:08:57.907582
WASTE_OVERCOOKED_0019,Catatan QC: Reject pesanan roti baguette: bagian luar gosong terbakar pahit walau dalam masih mentah di panci stock pot kaldu. Ditemukan oleh staff shift pagi saat inspeksi rutin.,OVERCOOKED,2026-09-30T11:08:57.910644
WASTE_CONTAMINATED_0384,Log limbah: Ditemukan daun selada iceberg yang terkena cemaran tetesan darah mentah dari rak atas di rak pantry kering. Catatan: perlu cross-check barcode supplier.,CONTAMINATED,2026-09-30T11:08:57.910644
WASTE_SPOILED_0019,Reject cumi-cumi segar: terlihat jamur putih dan berbau asam. Segera laporkan ke chef on duty untuk tindakan preventif sesuai SOP.,SPOILED,2026-09-30T11:08:57.901519
WASTE_EXPIRED_0164,Temuan shift pagi: minyak wijen premium stempel expired date terlampaui dan tidak boleh disajikan. Ditemukan oleh staff shift siang saat inspeksi rutin.,EXPIRED,2026-09-30T11:08:57.905516
WASTE_EXPIRED_0194,Temuan shift pagi: Ditemukan minyak wijen premium yang telah kadaluwarsa per tanggal kemarin dan harus segera diretur. Bobot perkiraan: 2 kg.,EXPIRED,2026-09-30T11:08:57.906583
WASTE_SURPLUS_0229,Temuan shift pagi: Stok matang kroisan butter almond sisa operasional event gala dinner VIP ballroom di rak pantry kering. Catatan: perlu cross-check barcode supplier.,SURPLUS,2026-09-30T11:08:57.917719
WASTE_PREP_WASTE_0396,"Temuan shift pagi: Limbah potongan kulit wortel, biji paprika, dan ujung timun terkumpul di area hot kitchen production pass. Catatan: perlu cross-check barcode supplier.",PREP_WASTE,2026-09-30T11:08:57.915646
WASTE_PREP_WASTE_0075,Sisa organik cangkang telur ayam dan sisa kulit bawang bombay dari proses mise en place beef stew tenderloin. Ditemukan oleh staff shift pagi saat inspeksi rutin.,PREP_WASTE,2026-09-30T11:08:57.914644
WASTE_OVERCOOKED_0061,Laporan waste: roti baguette gosong hangus karena api terlalu besar saat prep mise en place siang. Segera laporkan ke chef on duty untuk tindakan preventif sesuai SOP.,OVERCOOKED,2026-09-30T11:08:57.911644
WASTE_OVERCOOKED_0437,Log limbah: Reject pesanan saus bechamel keju: hangus berkerak hitam dan berbau sangit pekat di charcoal grill station. Segera laporkan ke chef on duty untuk tindakan preventif sesuai SOP.,OVERCOOKED,2026-09-30T11:08:57.913648
WASTE_PREP_WASTE_0259,"Catatan QC: Limbah potongan kulit wortel, biji paprika, dan ujung timun terkumpul di area hot kitchen production pass. Bobot perkiraan: 14 kg.",PREP_WASTE,2026-09-30T11:08:57.915646
WASTE_SURPLUS_0242,Laporan waste: Stok matang roti brioche burger sisa operasional prasmanan buffet dinner hotel malam hari di lantai kitchen line. Catatan: perlu cross-check barcode supplier.,SURPLUS,2026-09-30T11:08:57.917719
WASTE_PREP_WASTE_0405,"Insiden dapur: lemak berlebih, urat keras, dan sisa butchery daging sapi ditimbang sebagai yield loss di vegetable cold pantry. Catatan: perlu cross-check barcode supplier.",PREP_WASTE,2026-09-30T11:08:57.915646
WASTE_CONTAMINATED_0111,Temuan audit: Ditemukan daging steak sirloin yang terkena cemaran helaian rambut staff dan keringat saat proses plating di meja butchery station. Catatan: perlu cross-check barcode supplier.,CONTAMINATED,2026-09-30T11:08:57.908580
WASTE_OVERCOOKED_0414,Log limbah: Kondisi masakan steak wagyu tenderloin di meja butchery station terlalu kering mengeras layaknya arang dan tidak layak jual.,OVERCOOKED,2026-09-30T11:08:57.913648
WASTE_SURPLUS_0343,Laporan waste: pasta spaghetti bolognese berlebih pada display rak pantry kering karena proyeksi tamu meleset. Catatan: perlu cross-check barcode supplier.,SURPLUS,2026-09-30T11:08:57.918718
WASTE_EXPIRED_0231,Catatan QC: Ditemukan keju mozarella impor yang telah kadaluwarsa per tanggal kemarin dan harus segera diretur.,EXPIRED,2026-09-30T11:08:57.906583
WASTE_EXPIRED_0337,Reject keju mozarella impor: sudah lewat batas best before sejak minggu kemarin saat audit inventory. Bobot perkiraan: 15 kg.,EXPIRED,2026-09-30T11:08:57.907582
WASTE_CONTAMINATED_0345,Temuan audit: paha ayam marinasi terkontaminasi helaian rambut staff dan keringat saat proses plating di rak pantry kering.,CONTAMINATED,2026-09-30T11:08:57.910644
WASTE_OVERCOOKED_0259,Reject pesanan roti baguette: gosong gosong pahit dan bertekstur liat keras di wajan wok burner. Catatan: perlu cross-check barcode supplier.,OVERCOOKED,2026-09-30T11:08:57.912644
WASTE_SURPLUS_0228,roti brioche burger berlebih pada display chiller 1 karena proyeksi tamu meleset.,SURPLUS,2026-09-30T11:08:57.917719
WASTE_SPOILED_0220,"Catatan QC: Kondisi tomat merah di walk-in freezer sudah terlihat jamur putih dan berbau asam, harus diafkir.",SPOILED,2026-09-30T11:08:57.903518
WASTE_EXPIRED_0152,Temuan shift pagi: Reject sponge cake vanila: sudah lewat batas best before sejak minggu kemarin saat audit inventory. Ref: #553.,EXPIRED,2026-09-30T11:08:57.905516
WASTE_PREP_WASTE_0363,"lemak berlebih, urat keras, dan sisa butchery daging sapi ditimbang sebagai yield loss di meat prep station. Segera laporkan ke chef on duty untuk tindakan preventif sesuai SOP.",PREP_WASTE,2026-09-30T11:08:57.915646
WASTE_OVERCOOKED_0027,Temuan audit: Kondisi masakan roti baguette di rak pantry kering hangus berkerak hitam dan berbau sangit pekat.,OVERCOOKED,2026-09-30T11:08:57.910644
WASTE_SPOILED_0304,Insiden dapur: fillet dada ayam ditemukan mengalami pembusukan parah dan berbau anyir tengik pada saat pengecekan lantai kitchen line.,SPOILED,2026-09-30T11:08:57.903518
WASTE_PREP_WASTE_0231,"Laporan waste: Sisa penyiangan kulit wortel, biji paprika, dan ujung timun pada persiapan shift pagi di pastry bakery corner. Bobot perkiraan: 11 kg.",PREP_WASTE,2026-09-30T11:08:57.915646
WASTE_PREP_WASTE_0196,cangkang telur ayam dan sisa kulit bawang bombay hasil proses persiapan di vegetable cold pantry. Catatan: perlu cross-check barcode supplier.,PREP_WASTE,2026-09-30T11:08:57.914644
WASTE_OVERCOOKED_0169,Insiden dapur: steak wagyu tenderloin terlalu lama di panci stock pot kaldu sehingga terlalu kering mengeras layaknya arang dan tidak layak jual.,OVERCOOKED,2026-09-30T11:08:57.911644
WASTE_OVERCOOKED_0141,Laporan waste: roti baguette terlalu lama di salamander heater sehingga hangus berkerak hitam dan berbau sangit pekat. Ditemukan oleh staff shift pagi saat inspeksi rutin.,OVERCOOKED,2026-09-30T11:08:57.911644
WASTE_OVERCOOKED_0233,Insiden dapur: sponge cake vanila terlalu lama di panci stock pot kaldu sehingga gosong gosong pahit dan bertekstur liat keras.,OVERCOOKED,2026-09-30T11:08:57.912644
WASTE_SPOILED_0345,Temuan audit: Reject daun selada iceberg: tampak bercak kapang kehijauan dan berair.,SPOILED,2026-09-30T11:08:57.903518
WASTE_CONTAMINATED_0128,Temuan shift pagi: BAHAYA FOOD SAFETY: ikan salmon fillet terpapar cipratan cairan pembersih kimia sanitasi lantai saat service peak hours dinner. Segera laporkan ke chef on duty untuk tindakan preventif sesuai SOP.,CONTAMINATED,2026-09-30T11:08:57.908580
WASTE_SURPLUS_0111,Temuan audit: Stok matang sup buntut kuah rempah 15 porsi sisa operasional layanan breakfast buffet penutupan pagi di lantai kitchen line.,SURPLUS,2026-09-30T11:08:57.916718
WASTE_EXPIRED_0198,keju mozarella impor pada rak display showcase pastry sudah stempel expired date terlampaui dan tidak boleh disajikan. Bobot perkiraan: 9 kg.,EXPIRED,2026-09-30T11:08:57.906583
WASTE_SURPLUS_0125,Log limbah: Sisa porsi sajian pasta spaghetti bolognese dari acara resepsi pernikahan gathering siang masih layak namun tidak terjual.,SURPLUS,2026-09-30T11:08:57.916718
WASTE_PREP_WASTE_0008,Log limbah: Sisa penyiangan remah potongan kulit puff pastry dan tepi adonan roti pada persiapan shift pagi di vegetable cold pantry.,PREP_WASTE,2026-09-30T11:08:57.913648
WASTE_OVERCOOKED_0188,Log limbah: saus bechamel keju gagal saji karena suhu charcoal grill station berlebih dan bagian luar gosong terbakar pahit walau dalam masih mentah.,OVERCOOKED,2026-09-30T11:08:57.911644
WASTE_SURPLUS_0046,Insiden dapur: nasi liwet komplet sisa acara resepsi pernikahan gathering siang yang tidak terkonsumsi di meja butchery station. Ref: #670.,SURPLUS,2026-09-30T11:08:57.916718
WASTE_OVERCOOKED_0197,saus bechamel keju terlalu lama di salamander heater sehingga hangus berkerak hitam dan berbau sangit pekat. Ditemukan oleh staff shift malam saat inspeksi rutin.,OVERCOOKED,2026-09-30T11:08:57.911644
WASTE_OVERCOOKED_0156,Temuan shift pagi: roti baguette gosong hangus karena api terlalu besar saat batch cooking prasmanan. Ref: #192.,OVERCOOKED,2026-09-30T11:08:57.911644
WASTE_CONTAMINATED_0172,Temuan audit: wortel impor terkontaminasi serangga lalat serta kotoran hama di area kerja di cold storage utama. Segera laporkan ke chef on duty untuk tindakan preventif sesuai SOP.,CONTAMINATED,2026-09-30T11:08:57.908580
WASTE_CONTAMINATED_0379,Laporan waste: Ditemukan cumi-cumi segar yang terkena cemaran serangga lalat serta kotoran hama di area kerja di meja butchery station. Ditemukan oleh staff shift pagi saat inspeksi rutin.,CONTAMINATED,2026-09-30T11:08:57.910644
WASTE_SPOILED_0193,Reject brokoli segar: keluar lendir lengket serta berbau busuk menyengat. Ditemukan oleh staff shift pagi saat inspeksi rutin.,SPOILED,2026-09-30T11:08:57.902520
WASTE_SPOILED_0175,Stok potongan daging wagyu MB7 berbau tidak sedap dan tekstur lembek basah dan berbau apek busuk di meja butchery station. Bobot perkiraan: 6 kg.,SPOILED,2026-09-30T11:08:57.902520
WASTE_PREP_WASTE_0114,"Insiden dapur: lemak berlebih, urat keras, dan sisa butchery daging sapi hasil proses persiapan di pastry bakery corner. Catatan: perlu cross-check barcode supplier.",PREP_WASTE,2026-09-30T11:08:57.914644
WASTE_SURPLUS_0437,Sisa porsi sajian kroisan butter almond dari paket promo makan siang meeting korporat masih layak namun tidak terjual. Bobot perkiraan: 13 kg.,SURPLUS,2026-09-30T11:08:57.918718
WASTE_PREP_WASTE_0350,Log limbah: Sisa organik remah potongan kulit puff pastry dan tepi adonan roti dari proses mise en place menu roasted chicken. Catatan: perlu cross-check barcode supplier.,PREP_WASTE,2026-09-30T11:08:57.915646
WASTE_PREP_WASTE_0337,"Log limbah: tulang, insang, dan kepala ikan kakap segar ditimbang sebagai yield loss di pastry bakery corner. Ditemukan oleh staff shift siang saat inspeksi rutin.",PREP_WASTE,2026-09-30T11:08:57.915646
WASTE_CONTAMINATED_0112,Log limbah: Reject segera tomat merah akibat kontak dengan pecahan kaca dari gelas pecah di line prep. Segera laporkan ke chef on duty untuk tindakan preventif sesuai SOP.,CONTAMINATED,2026-09-30T11:08:57.908580
WASTE_EXPIRED_0219,Catatan QC: Tanggal kedaluwarsa keju mozarella impor di rak pantry kering kedaluwarsa 4 hari yang lalu sesuai label kemasan. Bobot perkiraan: 12 kg.,EXPIRED,2026-09-30T11:08:57.906583
WASTE_SPOILED_0129,"Catatan QC: Kondisi jamur kancing di cold storage utama sudah mengalami pembusukan parah dan berbau anyir tengik, harus diafkir. Bobot perkiraan: 1 kg.",SPOILED,2026-09-30T11:08:57.902520
WASTE_SPOILED_0341,Log limbah: daun selada iceberg ditemukan tekstur lembek basah dan berbau apek busuk pada saat pengecekan meja butchery station. Ref: #827.,SPOILED,2026-09-30T11:08:57.903518
WASTE_PREP_WASTE_0158,"Sisa penyiangan tulang, insang, dan kepala ikan kakap segar pada persiapan shift pagi di pastry bakery corner. Bobot perkiraan: 3 kg.",PREP_WASTE,2026-09-30T11:08:57.914644
WASTE_SURPLUS_0450,sup buntut kuah rempah 15 porsi berlebih pada display rak pantry kering karena proyeksi tamu meleset. Catatan: perlu cross-check barcode supplier.,SURPLUS,2026-09-30T11:08:57.918718
WASTE_OVERCOOKED_0126,Catatan QC: steak wagyu tenderloin gosong hangus karena api terlalu besar saat batch cooking prasmanan.,OVERCOOKED,2026-09-30T11:08:57.911644
WASTE_PREP_WASTE_0413,Catatan QC: cangkang telur ayam dan sisa kulit bawang bombay ditimbang sebagai yield loss di pastry bakery corner. Ditemukan oleh staff shift pagi saat inspeksi rutin.,PREP_WASTE,2026-09-30T11:08:57.915646
WASTE_SPOILED_0308,"Temuan shift pagi: Kondisi udang windu kupas di cold storage utama sudah mengalami pembusukan parah dan berbau anyir tengik, harus diafkir. Catatan: perlu cross-check barcode supplier.",SPOILED,2026-09-30T11:08:57.903518
WASTE_EXPIRED_0188,Catatan QC: keju mozarella impor kadaluwarsa per tanggal kemarin dan harus segera diretur. Catatan: perlu cross-check barcode supplier.,EXPIRED,2026-09-30T11:08:57.906583
WASTE_SPOILED_0384,kol kubis manis mengalami pembusukan parah dan berbau anyir tengik di chiller 1.,SPOILED,2026-09-30T11:08:57.904516
WASTE_OVERCOOKED_0137,sponge cake vanila gosong hangus karena api terlalu besar saat plating order express. Bobot perkiraan: 15 kg.,OVERCOOKED,2026-09-30T11:08:57.911644
WASTE_SURPLUS_0255,Log limbah: Stok matang kroisan butter almond sisa operasional acara resepsi pernikahan gathering siang di chiller 1. Ref: #658.,SURPLUS,2026-09-30T11:08:57.917719
WASTE_SURPLUS_0188,roti brioche burger sisa prasmanan buffet dinner hotel malam hari yang tidak terkonsumsi di rak pantry kering. Segera laporkan ke chef on duty untuk tindakan preventif sesuai SOP.,SURPLUS,2026-09-30T11:08:57.917719
WASTE_SPOILED_0178,"Temuan audit: Kondisi tomat merah di lantai kitchen line sudah mengalami pembusukan parah dan berbau anyir tengik, harus diafkir. Bobot perkiraan: 11 kg.",SPOILED,2026-09-30T11:08:57.902520
WASTE_SPOILED_0427,Stok kol kubis manis berbau tidak sedap dan terlihat jamur putih dan berbau asam di rak pantry kering. Catatan: perlu cross-check barcode supplier.,SPOILED,2026-09-30T11:08:57.904516
WASTE_EXPIRED_0045,Ditemukan whipping cream cair yang telah telah melewati tanggal expiry date 2 hari lalu. Catatan: perlu cross-check barcode supplier.,EXPIRED,2026-09-30T11:08:57.904516
WASTE_PREP_WASTE_0241,"Catatan QC: kulit wortel, biji paprika, dan ujung timun ditimbang sebagai yield loss di meat prep station. Ref: #282.",PREP_WASTE,2026-09-30T11:08:57.915646
WASTE_CONTAMINATED_0391,Laporan waste: daging giling sapi terkontaminasi helaian rambut staff dan keringat saat proses plating di cold storage utama. Ref: #710.,CONTAMINATED,2026-09-30T11:08:57.910644
WASTE_CONTAMINATED_0189,BAHAYA FOOD SAFETY: fillet dada ayam terpapar helaian rambut staff dan keringat saat proses plating saat penggorengan kapasitas besar. Ditemukan oleh staff shift malam saat inspeksi rutin.,CONTAMINATED,2026-09-30T11:08:57.908580
WASTE_SPOILED_0185,Catatan QC: Stok brokoli segar berbau tidak sedap dan tampak bercak kapang kehijauan dan berair di meja butchery station. Catatan: perlu cross-check barcode supplier.,SPOILED,2026-09-30T11:08:57.902520
WASTE_CONTAMINATED_0422,Temuan shift pagi: paha ayam marinasi terkontaminasi pecahan kaca dari gelas pecah di line prep di meja butchery station. Ditemukan oleh staff shift siang saat inspeksi rutin.,CONTAMINATED,2026-09-30T11:08:57.910644
WASTE_PREP_WASTE_0389,"Laporan waste: Sisa organik kulit wortel, biji paprika, dan ujung timun dari proses mise en place beef stew tenderloin.",PREP_WASTE,2026-09-30T11:08:57.915646
WASTE_PREP_WASTE_0112,Log limbah: remah potongan kulit puff pastry dan tepi adonan roti hasil proses persiapan di meat prep station.,PREP_WASTE,2026-09-30T11:08:57.914644
WASTE_CONTAMINATED_0115,Temuan shift pagi: jamur kancing terkontaminasi tetesan darah mentah dari rak atas di rak pantry kering. Catatan: perlu cross-check barcode supplier.,CONTAMINATED,2026-09-30T11:08:57.908580
WASTE_OVERCOOKED_0279,Log limbah: steak wagyu tenderloin gagal saji karena suhu panci stock pot kaldu berlebih dan hangus berkerak hitam dan berbau sangit pekat.,OVERCOOKED,2026-09-30T11:08:57.912644
WASTE_CONTAMINATED_0119,Insiden dapur: Reject segera kol kubis manis akibat kontak dengan cipratan cairan pembersih kimia sanitasi lantai. Ditemukan oleh staff shift siang saat inspeksi rutin.,CONTAMINATED,2026-09-30T11:08:57.908580
WASTE_CONTAMINATED_0159,Catatan QC: potongan daging wagyu MB7 terkontaminasi serangga lalat serta kotoran hama di area kerja di chiller 1. Ref: #600.,CONTAMINATED,2026-09-30T11:08:57.908580
WASTE_SURPLUS_0301,Log limbah: Overproduction puding coklat fla berlebih setelah acara resepsi pernikahan gathering siang.,SURPLUS,2026-09-30T11:08:57.917719
WASTE_EXPIRED_0040,Insiden dapur: sponge cake vanila pada rak rak pantry kering sudah melewati masa simpan maksimum gudang penyimpanan. Ref: #384.,EXPIRED,2026-09-30T11:08:57.904516
WASTE_CONTAMINATED_0300,Insiden dapur: brokoli segar jatuh langsung ke meja butchery station dan terkena pecahan kaca dari gelas pecah di line prep. Segera laporkan ke chef on duty untuk tindakan preventif sesuai SOP.,CONTAMINATED,2026-09-30T11:08:57.909580
WASTE_PREP_WASTE_0429,"Catatan QC: Sisa organik lemak berlebih, urat keras, dan sisa butchery daging sapi dari proses mise en place cream soup mushroom. Ref: #834.",PREP_WASTE,2026-09-30T11:08:57.916718
WASTE_EXPIRED_0241,Tanggal kedaluwarsa keju mozarella impor di display showcase pastry sudah lewat batas best before sejak minggu kemarin. Segera laporkan ke chef on duty untuk tindakan preventif sesuai SOP.,EXPIRED,2026-09-30T11:08:57.906583
WASTE_SURPLUS_0191,nasi goreng spesial seafood sisa prasmanan buffet dinner hotel malam hari yang tidak terkonsumsi di walk-in freezer.,SURPLUS,2026-09-30T11:08:57.917719
WASTE_OVERCOOKED_0395,Insiden dapur: Reject pesanan roti baguette: menghitam pekat karena terlambat diangkat dari fryer di deep fryer commercial. Segera laporkan ke chef on duty untuk tindakan preventif sesuai SOP.,OVERCOOKED,2026-09-30T11:08:57.913648
WASTE_EXPIRED_0307,whipping cream cair kadaluwarsa per tanggal kemarin dan harus segera diretur.,EXPIRED,2026-09-30T11:08:57.906583
WASTE_SURPLUS_0185,Laporan waste: Stok matang nasi liwet komplet sisa operasional prasmanan buffet dinner hotel malam hari di rak pantry kering. Bobot perkiraan: 10 kg.,SURPLUS,2026-09-30T11:08:57.917719
WASTE_OVERCOOKED_0379,Temuan audit: saus bechamel keju gagal saji karena suhu wajan wok burner berlebih dan hangus berkerak hitam dan berbau sangit pekat. Ref: #631.,OVERCOOKED,2026-09-30T11:08:57.913648
WASTE_PREP_WASTE_0133,"kulit kentang, bonggol brokoli, dan tangkai daun bawang hasil proses persiapan di sauce preparation area. Catatan: perlu cross-check barcode supplier.",PREP_WASTE,2026-09-30T11:08:57.914644
WASTE_SPOILED_0119,"Log limbah: Kondisi daging steak sirloin di cold storage utama sudah berwarna kehitaman dan lembek hancur, harus diafkir. Bobot perkiraan: 14 kg.",SPOILED,2026-09-30T11:08:57.902520
WASTE_PREP_WASTE_0015,Laporan waste: remah potongan kulit puff pastry dan tepi adonan roti ditimbang sebagai yield loss di pastry bakery corner. Catatan: perlu cross-check barcode supplier.,PREP_WASTE,2026-09-30T11:08:57.913648
WASTE_SPOILED_0282,Log limbah: Stok kol kubis manis berbau tidak sedap dan keluar lendir lengket serta berbau busuk menyengat di lantai kitchen line. Ref: #642.,SPOILED,2026-09-30T11:08:57.903518
WASTE_SURPLUS_0117,Temuan shift pagi: sup buntut kuah rempah 15 porsi sisa layanan breakfast buffet penutupan pagi yang tidak terkonsumsi di rak pantry kering.,SURPLUS,2026-09-30T11:08:57.916718
WASTE_PREP_WASTE_0381,"Temuan audit: Sisa organik kulit wortel, biji paprika, dan ujung timun dari proses mise en place cream soup mushroom. Catatan: perlu cross-check barcode supplier.",PREP_WASTE,2026-09-30T11:08:57.915646
WASTE_PREP_WASTE_0298,"Sisa organik tulang, insang, dan kepala ikan kakap segar dari proses mise en place cream soup mushroom.",PREP_WASTE,2026-09-30T11:08:57.915646
WASTE_SURPLUS_0274,Catatan QC: Sisa porsi sajian nasi goreng spesial seafood dari event gala dinner VIP ballroom masih layak namun tidak terjual. Catatan: perlu cross-check barcode supplier.,SURPLUS,2026-09-30T11:08:57.917719
WASTE_EXPIRED_0413,Temuan audit: Tanggal kedaluwarsa minyak wijen premium di walk-in freezer kedaluwarsa 4 hari yang lalu sesuai label kemasan. Catatan: perlu cross-check barcode supplier.,EXPIRED,2026-09-30T11:08:57.907582
WASTE_CONTAMINATED_0070,Log limbah: BAHAYA FOOD SAFETY: cumi-cumi segar terpapar helaian rambut staff dan keringat saat proses plating saat service peak hours dinner. Ref: #435.,CONTAMINATED,2026-09-30T11:08:57.908580
WASTE_CONTAMINATED_0400,Temuan audit: BAHAYA FOOD SAFETY: udang windu kupas terpapar debu kotor akibat pembersihan blower ventilasi saat service peak hours dinner. Ref: #697.,CONTAMINATED,2026-09-30T11:08:57.910644
WASTE_PREP_WASTE_0153,"Log limbah: Limbah potongan kulit wortel, biji paprika, dan ujung timun terkumpul di area meat prep station. Ditemukan oleh staff shift pagi saat inspeksi rutin.",PREP_WASTE,2026-09-30T11:08:57.914644
WASTE_SPOILED_0367,Temuan audit: potongan daging wagyu MB7 ditemukan mengalami pembusukan parah dan berbau anyir tengik pada saat pengecekan chiller 1. Ref: #606.,SPOILED,2026-09-30T11:08:57.903518
WASTE_SURPLUS_0387,Temuan audit: roti brioche burger berlebih pada display chiller holding pass karena proyeksi tamu meleset. Bobot perkiraan: 1 kg.,SURPLUS,2026-09-30T11:08:57.918718
WASTE_EXPIRED_0106,keju mozarella impor kadaluwarsa per tanggal kemarin dan harus segera diretur. Segera laporkan ke chef on duty untuk tindakan preventif sesuai SOP.,EXPIRED,2026-09-30T11:08:57.905516
WASTE_PREP_WASTE_0319,"Limbah potongan tulang, insang, dan kepala ikan kakap segar terkumpul di area meat prep station. Ditemukan oleh staff shift pagi saat inspeksi rutin.",PREP_WASTE,2026-09-30T11:08:57.915646
WASTE_OVERCOOKED_0157,Catatan QC: Kondisi masakan fillet ayam krispi di chiller holding pass gosong gosong pahit dan bertekstur liat keras. Segera laporkan ke chef on duty untuk tindakan preventif sesuai SOP.,OVERCOOKED,2026-09-30T11:08:57.911644
WASTE_OVERCOOKED_0070,saus bechamel keju gosong hangus karena api terlalu besar saat service peak hours dinner. Catatan: perlu cross-check barcode supplier.,OVERCOOKED,2026-09-30T11:08:57.911644
WASTE_SURPLUS_0388,Log limbah: nasi goreng spesial seafood sisa paket promo makan siang meeting korporat yang tidak terkonsumsi di meja butchery station.,SURPLUS,2026-09-30T11:08:57.918718
WASTE_SPOILED_0204,"Temuan audit: Kondisi ikan kakap merah di cold storage utama sudah tampak bercak kapang kehijauan dan berair, harus diafkir. Segera laporkan ke chef on duty untuk tindakan preventif sesuai SOP.",SPOILED,2026-09-30T11:08:57.902520
WASTE_PREP_WASTE_0276,"Limbah potongan kulit kentang, bonggol brokoli, dan tangkai daun bawang terkumpul di area vegetable cold pantry. Ref: #278.",PREP_WASTE,2026-09-30T11:08:57.915646
WASTE_PREP_WASTE_0166,"Sisa penyiangan kulit wortel, biji paprika, dan ujung timun pada persiapan shift pagi di hot kitchen production pass. Catatan: perlu cross-check barcode supplier.",PREP_WASTE,2026-09-30T11:08:57.914644
WASTE_SPOILED_0121,Log limbah: ikan kakap merah terlihat jamur putih dan berbau asam di cold storage utama. Ditemukan oleh staff shift pagi saat inspeksi rutin.,SPOILED,2026-09-30T11:08:57.902520
WASTE_SPOILED_0284,"Log limbah: Kondisi fillet dada ayam di chiller 1 sudah keluar lendir lengket serta berbau busuk menyengat, harus diafkir. Catatan: perlu cross-check barcode supplier.",SPOILED,2026-09-30T11:08:57.903518
WASTE_EXPIRED_0126,Log limbah: roti brioche burger pada rak meja butchery station sudah kedaluwarsa 4 hari yang lalu sesuai label kemasan. Segera laporkan ke chef on duty untuk tindakan preventif sesuai SOP.,EXPIRED,2026-09-30T11:08:57.905516
WASTE_OVERCOOKED_0168,saus bechamel keju gagal saji karena suhu wajan wok burner berlebih dan terlalu kering mengeras layaknya arang dan tidak layak jual.,OVERCOOKED,2026-09-30T11:08:57.911644
WASTE_SURPLUS_0049,Insiden dapur: roti brioche burger berlebih pada display walk-in freezer karena proyeksi tamu meleset. Ref: #555.,SURPLUS,2026-09-30T11:08:57.916718
WASTE_OVERCOOKED_0301,Insiden dapur: fillet ayam krispi terlalu lama di salamander heater sehingga bagian luar gosong terbakar pahit walau dalam masih mentah. Segera laporkan ke chef on duty untuk tindakan preventif sesuai SOP.,OVERCOOKED,2026-09-30T11:08:57.912644
WASTE_SURPLUS_0011,pasta spaghetti bolognese sisa paket promo makan siang meeting korporat yang tidak terkonsumsi di walk-in freezer. Bobot perkiraan: 5 kg.,SURPLUS,2026-09-30T11:08:57.916718
WASTE_SPOILED_0276,Log limbah: udang windu kupas terlihat jamur putih dan berbau asam di meja butchery station.,SPOILED,2026-09-30T11:08:57.903518
WASTE_PREP_WASTE_0387,"lemak berlebih, urat keras, dan sisa butchery daging sapi hasil proses persiapan di meat prep station.",PREP_WASTE,2026-09-30T11:08:57.915646
WASTE_SPOILED_0257,Reject kol kubis manis: tekstur lembek basah dan berbau apek busuk.,SPOILED,2026-09-30T11:08:57.903518
WASTE_SPOILED_0361,Laporan waste: daun selada iceberg ditemukan berwarna kehitaman dan lembek hancur pada saat pengecekan rak pantry kering.,SPOILED,2026-09-30T11:08:57.903518
WASTE_CONTAMINATED_0427,Temuan audit: BAHAYA FOOD SAFETY: daging giling sapi terpapar tetesan darah mentah dari rak atas saat batch cooking prasmanan. Ditemukan oleh staff shift malam saat inspeksi rutin.,CONTAMINATED,2026-09-30T11:08:57.910644
WASTE_EXPIRED_0155,Log limbah: Ditemukan susu UHT full cream yang telah kedaluwarsa 4 hari yang lalu sesuai label kemasan.,EXPIRED,2026-09-30T11:08:57.905516
WASTE_CONTAMINATED_0126,Temuan audit: daging giling sapi jatuh langsung ke walk-in freezer dan terkena helaian rambut staff dan keringat saat proses plating. Ditemukan oleh staff shift siang saat inspeksi rutin.,CONTAMINATED,2026-09-30T11:08:57.908580
WASTE_OVERCOOKED_0416,steak wagyu tenderloin terlalu lama di deck oven baking sehingga terlalu kering mengeras layaknya arang dan tidak layak jual. Ref: #819.,OVERCOOKED,2026-09-30T11:08:57.913648
WASTE_EXPIRED_0180,Catatan QC: susu UHT full cream pada rak display showcase pastry sudah kadaluwarsa per tanggal kemarin dan harus segera diretur.,EXPIRED,2026-09-30T11:08:57.905516
WASTE_OVERCOOKED_0123,Log limbah: Reject pesanan steak wagyu tenderloin: bagian luar gosong terbakar pahit walau dalam masih mentah di panci stock pot kaldu. Ref: #654.,OVERCOOKED,2026-09-30T11:08:57.911644
WASTE_PREP_WASTE_0305,"Temuan shift pagi: tulang, insang, dan kepala ikan kakap segar hasil proses persiapan di vegetable cold pantry. Segera laporkan ke chef on duty untuk tindakan preventif sesuai SOP.",PREP_WASTE,2026-09-30T11:08:57.915646
WASTE_CONTAMINATED_0142,Ditemukan ikan kakap merah yang terkena cemaran pecahan kaca dari gelas pecah di line prep di meja butchery station. Catatan: perlu cross-check barcode supplier.,CONTAMINATED,2026-09-30T11:08:57.908580
WASTE_SPOILED_0287,Insiden dapur: potongan daging wagyu MB7 ditemukan terlihat jamur putih dan berbau asam pada saat pengecekan display showcase pastry. Segera laporkan ke chef on duty untuk tindakan preventif sesuai SOP.,SPOILED,2026-09-30T11:08:57.903518
WASTE_OVERCOOKED_0164,Log limbah: saus bechamel keju terlalu lama di salamander heater sehingga gosong gosong pahit dan bertekstur liat keras. Bobot perkiraan: 10 kg.,OVERCOOKED,2026-09-30T11:08:57.911644
WASTE_CONTAMINATED_0195,Log limbah: BAHAYA FOOD SAFETY: wortel impor terpapar cipratan cairan pembersih kimia sanitasi lantai saat penggorengan kapasitas besar. Bobot perkiraan: 5 kg.,CONTAMINATED,2026-09-30T11:08:57.908580
WASTE_OVERCOOKED_0040,saus bechamel keju gagal saji karena suhu salamander heater berlebih dan gosong gosong pahit dan bertekstur liat keras. Ref: #884.,OVERCOOKED,2026-09-30T11:08:57.910644
WASTE_OVERCOOKED_0153,Log limbah: Reject pesanan roti baguette: menghitam pekat karena terlambat diangkat dari fryer di salamander heater. Ditemukan oleh staff shift pagi saat inspeksi rutin.,OVERCOOKED,2026-09-30T11:08:57.911644
WASTE_SPOILED_0424,Insiden dapur: ikan kakap merah mengalami pembusukan parah dan berbau anyir tengik di rak pantry kering. Catatan: perlu cross-check barcode supplier.,SPOILED,2026-09-30T11:08:57.904516
WASTE_PREP_WASTE_0280,"Catatan QC: kulit kentang, bonggol brokoli, dan tangkai daun bawang ditimbang sebagai yield loss di meat prep station.",PREP_WASTE,2026-09-30T11:08:57.915646
WASTE_OVERCOOKED_0119,Temuan audit: fillet ayam krispi gagal saji karena suhu charcoal grill station berlebih dan menghitam pekat karena terlambat diangkat dari fryer. Catatan: perlu cross-check barcode supplier.,OVERCOOKED,2026-09-30T11:08:57.911644
WASTE_PREP_WASTE_0191,"Catatan QC: Sisa penyiangan tulang, insang, dan kepala ikan kakap segar pada persiapan shift pagi di hot kitchen production pass. Catatan: perlu cross-check barcode supplier.",PREP_WASTE,2026-09-30T11:08:57.914644
WASTE_SPOILED_0163,Temuan audit: Reject daging steak sirloin: keluar lendir lengket serta berbau busuk menyengat. Catatan: perlu cross-check barcode supplier.,SPOILED,2026-09-30T11:08:57.902520
WASTE_SPOILED_0066,Catatan QC: potongan daging wagyu MB7 ditemukan tampak bercak kapang kehijauan dan berair pada saat pengecekan rak pantry kering. Bobot perkiraan: 6 kg.,SPOILED,2026-09-30T11:08:57.901519
WASTE_PREP_WASTE_0119,cangkang telur ayam dan sisa kulit bawang bombay ditimbang sebagai yield loss di fish butchery station. Segera laporkan ke chef on duty untuk tindakan preventif sesuai SOP.,PREP_WASTE,2026-09-30T11:08:57.914644
WASTE_OVERCOOKED_0387,Temuan shift pagi: roti baguette gosong hangus karena api terlalu besar saat plating order express. Ref: #851.,OVERCOOKED,2026-09-30T11:08:57.913648
WASTE_OVERCOOKED_0080,Temuan audit: roti baguette gosong hangus karena api terlalu besar saat plating order express. Bobot perkiraan: 9 kg.,OVERCOOKED,2026-09-30T11:08:57.911644
WASTE_EXPIRED_0293,Insiden dapur: Ditemukan saus bechamel keju yang telah melewati masa simpan maksimum gudang penyimpanan. Ref: #917.,EXPIRED,2026-09-30T11:08:57.906583
WASTE_OVERCOOKED_0069,sponge cake vanila gagal saji karena suhu charcoal grill station berlebih dan terlalu kering mengeras layaknya arang dan tidak layak jual. Ref: #299.,OVERCOOKED,2026-09-30T11:08:57.911644
WASTE_CONTAMINATED_0066,BAHAYA FOOD SAFETY: udang windu kupas terpapar helaian rambut staff dan keringat saat proses plating saat penggorengan kapasitas besar.,CONTAMINATED,2026-09-30T11:08:57.908580
WASTE_SPOILED_0231,fillet dada ayam ditemukan tampak bercak kapang kehijauan dan berair pada saat pengecekan meja butchery station. Segera laporkan ke chef on duty untuk tindakan preventif sesuai SOP.,SPOILED,2026-09-30T11:08:57.903518
WASTE_PREP_WASTE_0316,"kulit wortel, biji paprika, dan ujung timun ditimbang sebagai yield loss di hot kitchen production pass. Segera laporkan ke chef on duty untuk tindakan preventif sesuai SOP.",PREP_WASTE,2026-09-30T11:08:57.915646
WASTE_CONTAMINATED_0053,Laporan waste: Reject segera daging steak sirloin akibat kontak dengan pecahan kaca dari gelas pecah di line prep. Bobot perkiraan: 14 kg.,CONTAMINATED,2026-09-30T11:08:57.907582
WASTE_OVERCOOKED_0031,Laporan waste: Kondisi masakan steak wagyu tenderloin di cold storage utama bagian luar gosong terbakar pahit walau dalam masih mentah.,OVERCOOKED,2026-09-30T11:08:57.910644
WASTE_CONTAMINATED_0203,Log limbah: tomat merah terkontaminasi cipratan cairan pembersih kimia sanitasi lantai di lantai kitchen line.,CONTAMINATED,2026-09-30T11:08:57.908580
WASTE_OVERCOOKED_0302,Catatan QC: sponge cake vanila gosong hangus karena api terlalu besar saat service peak hours dinner.,OVERCOOKED,2026-09-30T11:08:57.912644
WASTE_SURPLUS_0230,Stok matang pasta spaghetti bolognese sisa operasional layanan breakfast buffet penutupan pagi di meja butchery station. Ref: #887.,SURPLUS,2026-09-30T11:08:57.917719
WASTE_SURPLUS_0115,Temuan shift pagi: Overproduction nasi goreng spesial seafood berlebih setelah paket promo makan siang meeting korporat. Ref: #256.,SURPLUS,2026-09-30T11:08:57.916718
WASTE_CONTAMINATED_0423,Insiden dapur: Ditemukan potongan daging wagyu MB7 yang terkena cemaran debu kotor akibat pembersihan blower ventilasi di display showcase pastry. Bobot perkiraan: 14 kg.,CONTAMINATED,2026-09-30T11:08:57.910644
WASTE_EXPIRED_0387,Insiden dapur: Reject susu UHT full cream: kadaluwarsa per tanggal kemarin dan harus segera diretur saat audit inventory. Ditemukan oleh staff shift malam saat inspeksi rutin.,EXPIRED,2026-09-30T11:08:57.907582
WASTE_OVERCOOKED_0386,Insiden dapur: Reject pesanan sponge cake vanila: menghitam pekat karena terlambat diangkat dari fryer di panci stock pot kaldu. Segera laporkan ke chef on duty untuk tindakan preventif sesuai SOP.,OVERCOOKED,2026-09-30T11:08:57.913648
WASTE_SPOILED_0375,Catatan QC: udang windu kupas mengalami pembusukan parah dan berbau anyir tengik di chiller 1. Bobot perkiraan: 9 kg.,SPOILED,2026-09-30T11:08:57.903518
WASTE_PREP_WASTE_0031,Catatan QC: cangkang telur ayam dan sisa kulit bawang bombay ditimbang sebagai yield loss di fish butchery station.,PREP_WASTE,2026-09-30T11:08:57.913648
WASTE_OVERCOOKED_0430,Reject pesanan steak wagyu tenderloin: menghitam pekat karena terlambat diangkat dari fryer di wajan wok burner. Bobot perkiraan: 13 kg.,OVERCOOKED,2026-09-30T11:08:57.913648
WASTE_OVERCOOKED_0397,Temuan shift pagi: Reject pesanan steak wagyu tenderloin: bagian luar gosong terbakar pahit walau dalam masih mentah di salamander heater.,OVERCOOKED,2026-09-30T11:08:57.913648
WASTE_SPOILED_0298,"Log limbah: Kondisi ikan salmon fillet di cold storage utama sudah keluar lendir lengket serta berbau busuk menyengat, harus diafkir. Ref: #515.",SPOILED,2026-09-30T11:08:57.903518
WASTE_EXPIRED_0149,Catatan QC: saus tomat kemasan pouch pada rak walk-in freezer sudah melewati masa simpan maksimum gudang penyimpanan. Catatan: perlu cross-check barcode supplier.,EXPIRED,2026-09-30T11:08:57.905516
WASTE_OVERCOOKED_0367,Temuan audit: Kondisi masakan fillet ayam krispi di chiller 1 terlalu kering mengeras layaknya arang dan tidak layak jual.,OVERCOOKED,2026-09-30T11:08:57.913648
WASTE_EXPIRED_0302,Reject sponge cake vanila: melewati masa simpan maksimum gudang penyimpanan saat audit inventory.,EXPIRED,2026-09-30T11:08:57.906583
WASTE_SPOILED_0100,"Kondisi kol kubis manis di cold storage utama sudah tekstur lembek basah dan berbau apek busuk, harus diafkir. Segera laporkan ke chef on duty untuk tindakan preventif sesuai SOP.",SPOILED,2026-09-30T11:08:57.901519
WASTE_OVERCOOKED_0403,Temuan audit: Reject pesanan saus bechamel keju: menghitam pekat karena terlambat diangkat dari fryer di panci stock pot kaldu.,OVERCOOKED,2026-09-30T11:08:57.913648
WASTE_OVERCOOKED_0046,fillet ayam krispi gosong hangus karena api terlalu besar saat plating order express.,OVERCOOKED,2026-09-30T11:08:57.910644
WASTE_EXPIRED_0417,Reject susu UHT full cream: melewati masa simpan maksimum gudang penyimpanan saat audit inventory. Bobot perkiraan: 5 kg.,EXPIRED,2026-09-30T11:08:57.907582
WASTE_EXPIRED_0287,Catatan QC: minyak wijen premium pada rak meja butchery station sudah stempel expired date terlampaui dan tidak boleh disajikan. Segera laporkan ke chef on duty untuk tindakan preventif sesuai SOP.,EXPIRED,2026-09-30T11:08:57.906583
WASTE_CONTAMINATED_0179,Temuan shift pagi: fillet dada ayam jatuh langsung ke cold storage utama dan terkena tetesan darah mentah dari rak atas. Catatan: perlu cross-check barcode supplier.,CONTAMINATED,2026-09-30T11:08:57.908580
WASTE_PREP_WASTE_0397,"Catatan QC: Limbah potongan kulit wortel, biji paprika, dan ujung timun terkumpul di area pastry bakery corner. Ref: #570.",PREP_WASTE,2026-09-30T11:08:57.915646
WASTE_EXPIRED_0080,Laporan waste: Ditemukan saus tiram botol besar yang telah sudah lewat batas best before sejak minggu kemarin. Catatan: perlu cross-check barcode supplier.,EXPIRED,2026-09-30T11:08:57.904516
WASTE_OVERCOOKED_0095,Insiden dapur: saus bechamel keju terlalu lama di panci stock pot kaldu sehingga gosong gosong pahit dan bertekstur liat keras.,OVERCOOKED,2026-09-30T11:08:57.911644
WASTE_OVERCOOKED_0056,Temuan audit: sponge cake vanila gagal saji karena suhu deck oven baking berlebih dan terlalu kering mengeras layaknya arang dan tidak layak jual. Ditemukan oleh staff shift pagi saat inspeksi rutin.,OVERCOOKED,2026-09-30T11:08:57.911644
WASTE_PREP_WASTE_0230,Temuan audit: Sisa penyiangan remah potongan kulit puff pastry dan tepi adonan roti pada persiapan shift pagi di hot kitchen production pass.,PREP_WASTE,2026-09-30T11:08:57.915646
WASTE_EXPIRED_0187,Log limbah: Ditemukan roti brioche burger yang telah kedaluwarsa 4 hari yang lalu sesuai label kemasan. Catatan: perlu cross-check barcode supplier.,EXPIRED,2026-09-30T11:08:57.906583
WASTE_SURPLUS_0128,Temuan audit: puding coklat fla berlebih pada display display showcase pastry karena proyeksi tamu meleset. Ref: #842.,SURPLUS,2026-09-30T11:08:57.916718
WASTE_SPOILED_0186,Temuan audit: Stok udang windu kupas berbau tidak sedap dan tampak bercak kapang kehijauan dan berair di meja butchery station.,SPOILED,2026-09-30T11:08:57.902520
WASTE_OVERCOOKED_0271,Log limbah: fillet ayam krispi gosong hangus karena api terlalu besar saat penggorengan kapasitas besar. Segera laporkan ke chef on duty untuk tindakan preventif sesuai SOP.,OVERCOOKED,2026-09-30T11:08:57.912644
WASTE_PREP_WASTE_0051,"Temuan audit: tulang, insang, dan kepala ikan kakap segar hasil proses persiapan di meat prep station. Ref: #299.",PREP_WASTE,2026-09-30T11:08:57.913648
WASTE_CONTAMINATED_0305,Temuan audit: daging giling sapi jatuh langsung ke cold storage utama dan terkena tetesan darah mentah dari rak atas. Ref: #329.,CONTAMINATED,2026-09-30T11:08:57.909580
WASTE_CONTAMINATED_0393,paha ayam marinasi terkontaminasi cipratan cairan pembersih kimia sanitasi lantai di chiller 1.,CONTAMINATED,2026-09-30T11:08:57.910644
WASTE_OVERCOOKED_0252,Log limbah: steak wagyu tenderloin gagal saji karena suhu wajan wok burner berlebih dan hangus berkerak hitam dan berbau sangit pekat. Ref: #202.,OVERCOOKED,2026-09-30T11:08:57.912644
WASTE_SURPLUS_0095,Laporan waste: Stok matang nasi liwet komplet sisa operasional acara resepsi pernikahan gathering siang di lantai kitchen line.,SURPLUS,2026-09-30T11:08:57.916718
WASTE_SURPLUS_0407,Stok matang sponge cake vanila sisa operasional paket promo makan siang meeting korporat di walk-in freezer. Ditemukan oleh staff shift malam saat inspeksi rutin.,SURPLUS,2026-09-30T11:08:57.918718
WASTE_PREP_WASTE_0327,Limbah potongan cangkang telur ayam dan sisa kulit bawang bombay terkumpul di area meat prep station.,PREP_WASTE,2026-09-30T11:08:57.915646
WASTE_EXPIRED_0062,Temuan audit: Tanggal kedaluwarsa puding coklat fla di meja butchery station kadaluwarsa per tanggal kemarin dan harus segera diretur. Ref: #799.,EXPIRED,2026-09-30T11:08:57.904516
WASTE_OVERCOOKED_0100,Insiden dapur: Reject pesanan fillet ayam krispi: menghitam pekat karena terlambat diangkat dari fryer di charcoal grill station. Bobot perkiraan: 6 kg.,OVERCOOKED,2026-09-30T11:08:57.911644
WASTE_CONTAMINATED_0145,Insiden dapur: Reject segera tomat merah akibat kontak dengan serangga lalat serta kotoran hama di area kerja. Bobot perkiraan: 9 kg.,CONTAMINATED,2026-09-30T11:08:57.908580
WASTE_OVERCOOKED_0283,Insiden dapur: Reject pesanan steak wagyu tenderloin: gosong gosong pahit dan bertekstur liat keras di deck oven baking.,OVERCOOKED,2026-09-30T11:08:57.912644
WASTE_OVERCOOKED_0277,Log limbah: Reject pesanan saus bechamel keju: menghitam pekat karena terlambat diangkat dari fryer di charcoal grill station. Catatan: perlu cross-check barcode supplier.,OVERCOOKED,2026-09-30T11:08:57.912644
WASTE_SURPLUS_0007,Sisa porsi sajian nasi goreng spesial seafood dari prasmanan buffet dinner hotel malam hari masih layak namun tidak terjual. Segera laporkan ke chef on duty untuk tindakan preventif sesuai SOP.,SURPLUS,2026-09-30T11:08:57.916718
WASTE_EXPIRED_0158,Log limbah: whipping cream cair kedaluwarsa 4 hari yang lalu sesuai label kemasan. Ditemukan oleh staff shift pagi saat inspeksi rutin.,EXPIRED,2026-09-30T11:08:57.905516
WASTE_CONTAMINATED_0317,potongan daging wagyu MB7 terkontaminasi debu kotor akibat pembersihan blower ventilasi di cold storage utama. Catatan: perlu cross-check barcode supplier.,CONTAMINATED,2026-09-30T11:08:57.909580
WASTE_EXPIRED_0112,Laporan waste: Ditemukan saus tiram botol besar yang telah kedaluwarsa 4 hari yang lalu sesuai label kemasan.,EXPIRED,2026-09-30T11:08:57.905516
WASTE_SPOILED_0152,Reject udang windu kupas: tampak bercak kapang kehijauan dan berair. Catatan: perlu cross-check barcode supplier.,SPOILED,2026-09-30T11:08:57.902520
WASTE_PREP_WASTE_0019,Temuan audit: Sisa penyiangan cangkang telur ayam dan sisa kulit bawang bombay pada persiapan shift pagi di meat prep station. Segera laporkan ke chef on duty untuk tindakan preventif sesuai SOP.,PREP_WASTE,2026-09-30T11:08:57.913648
WASTE_SPOILED_0382,Insiden dapur: Stok udang windu kupas berbau tidak sedap dan tekstur lembek basah dan berbau apek busuk di cold storage utama. Ref: #789.,SPOILED,2026-09-30T11:08:57.903518
WASTE_CONTAMINATED_0390,Temuan shift pagi: Ditemukan ikan kakap merah yang terkena cemaran debu kotor akibat pembersihan blower ventilasi di lantai kitchen line.,CONTAMINATED,2026-09-30T11:08:57.910644
WASTE_EXPIRED_0282,Insiden dapur: puding coklat fla kadaluwarsa per tanggal kemarin dan harus segera diretur. Segera laporkan ke chef on duty untuk tindakan preventif sesuai SOP.,EXPIRED,2026-09-30T11:08:57.906583
WASTE_CONTAMINATED_0191,Temuan shift pagi: jamur kancing jatuh langsung ke rak pantry kering dan terkena cipratan cairan pembersih kimia sanitasi lantai.,CONTAMINATED,2026-09-30T11:08:57.908580
WASTE_CONTAMINATED_0396,Temuan audit: BAHAYA FOOD SAFETY: brokoli segar terpapar pecahan kaca dari gelas pecah di line prep saat prep mise en place siang.,CONTAMINATED,2026-09-30T11:08:57.910644
WASTE_SURPLUS_0211,Catatan QC: Stok matang pasta spaghetti bolognese sisa operasional event gala dinner VIP ballroom di lantai kitchen line. Bobot perkiraan: 9 kg.,SURPLUS,2026-09-30T11:08:57.917719
WASTE_SPOILED_0024,"Laporan waste: Kondisi wortel impor di rak pantry kering sudah mengalami pembusukan parah dan berbau anyir tengik, harus diafkir. Bobot perkiraan: 4 kg.",SPOILED,2026-09-30T11:08:57.901519
WASTE_SPOILED_0159,"Laporan waste: Kondisi daun selada iceberg di chiller 1 sudah berwarna kehitaman dan lembek hancur, harus diafkir. Catatan: perlu cross-check barcode supplier.",SPOILED,2026-09-30T11:08:57.902520
WASTE_OVERCOOKED_0413,saus bechamel keju gagal saji karena suhu deep fryer commercial berlebih dan hangus berkerak hitam dan berbau sangit pekat. Catatan: perlu cross-check barcode supplier.,OVERCOOKED,2026-09-30T11:08:57.913648
WASTE_EXPIRED_0412,Log limbah: saus bechamel keju telah melewati tanggal expiry date 2 hari lalu. Segera laporkan ke chef on duty untuk tindakan preventif sesuai SOP.,EXPIRED,2026-09-30T11:08:57.907582
WASTE_CONTAMINATED_0343,Insiden dapur: tomat merah terkontaminasi pecahan kaca dari gelas pecah di line prep di lantai kitchen line.,CONTAMINATED,2026-09-30T11:08:57.909580
WASTE_SPOILED_0332,Catatan QC: Reject potongan daging wagyu MB7: tekstur lembek basah dan berbau apek busuk. Ref: #129.,SPOILED,2026-09-30T11:08:57.903518
WASTE_CONTAMINATED_0003,cumi-cumi segar jatuh langsung ke lantai kitchen line dan terkena helaian rambut staff dan keringat saat proses plating. Ref: #541.,CONTAMINATED,2026-09-30T11:08:57.907582
WASTE_PREP_WASTE_0343,"Laporan waste: Limbah potongan kulit wortel, biji paprika, dan ujung timun terkumpul di area sauce preparation area.",PREP_WASTE,2026-09-30T11:08:57.915646
WASTE_SURPLUS_0331,Log limbah: kroisan butter almond berlebih pada display chiller 1 karena proyeksi tamu meleset. Ref: #745.,SURPLUS,2026-09-30T11:08:57.918718
WASTE_PREP_WASTE_0203,"Temuan audit: Sisa organik tulang, insang, dan kepala ikan kakap segar dari proses mise en place menu roasted chicken. Ref: #975.",PREP_WASTE,2026-09-30T11:08:57.914644
WASTE_SPOILED_0445,Stok brokoli segar berbau tidak sedap dan terlihat jamur putih dan berbau asam di walk-in freezer.,SPOILED,2026-09-30T11:08:57.904516
WASTE_SURPLUS_0397,Insiden dapur: roti brioche burger berlebih pada display walk-in freezer karena proyeksi tamu meleset. Segera laporkan ke chef on duty untuk tindakan preventif sesuai SOP.,SURPLUS,2026-09-30T11:08:57.918718
WASTE_OVERCOOKED_0328,Temuan shift pagi: Kondisi masakan steak wagyu tenderloin di walk-in freezer hangus berkerak hitam dan berbau sangit pekat.,OVERCOOKED,2026-09-30T11:08:57.912644
WASTE_SURPLUS_0393,Laporan waste: nasi goreng spesial seafood sisa paket promo makan siang meeting korporat yang tidak terkonsumsi di rak pantry kering. Catatan: perlu cross-check barcode supplier.,SURPLUS,2026-09-30T11:08:57.918718
WASTE_EXPIRED_0193,Catatan QC: Reject saus tomat kemasan pouch: stempel expired date terlampaui dan tidak boleh disajikan saat audit inventory. Ref: #571.,EXPIRED,2026-09-30T11:08:57.906583
WASTE_OVERCOOKED_0104,Log limbah: Kondisi masakan roti baguette di walk-in freezer gosong gosong pahit dan bertekstur liat keras.,OVERCOOKED,2026-09-30T11:08:57.911644
WASTE_OVERCOOKED_0418,Catatan QC: sponge cake vanila gagal saji karena suhu wajan wok burner berlebih dan terlalu kering mengeras layaknya arang dan tidak layak jual. Segera laporkan ke chef on duty untuk tindakan preventif sesuai SOP.,OVERCOOKED,2026-09-30T11:08:57.913648
WASTE_SPOILED_0312,ikan kakap merah ditemukan keluar lendir lengket serta berbau busuk menyengat pada saat pengecekan display showcase pastry. Bobot perkiraan: 12 kg.,SPOILED,2026-09-30T11:08:57.903518
WASTE_SPOILED_0352,Temuan audit: Stok cumi-cumi segar berbau tidak sedap dan mengalami pembusukan parah dan berbau anyir tengik di chiller holding pass.,SPOILED,2026-09-30T11:08:57.903518
WASTE_EXPIRED_0099,Catatan QC: Tanggal kedaluwarsa susu UHT full cream di walk-in freezer melewati masa simpan maksimum gudang penyimpanan.,EXPIRED,2026-09-30T11:08:57.904516
WASTE_PREP_WASTE_0321,"Sisa organik kulit wortel, biji paprika, dan ujung timun dari proses mise en place menu roasted chicken.",PREP_WASTE,2026-09-30T11:08:57.915646
WASTE_OVERCOOKED_0210,Temuan shift pagi: sponge cake vanila gosong hangus karena api terlalu besar saat prep mise en place siang. Bobot perkiraan: 5 kg.,OVERCOOKED,2026-09-30T11:08:57.911644
WASTE_CONTAMINATED_0286,Temuan audit: fillet dada ayam jatuh langsung ke meja butchery station dan terkena cipratan cairan pembersih kimia sanitasi lantai. Bobot perkiraan: 4 kg.,CONTAMINATED,2026-09-30T11:08:57.909580
WASTE_SURPLUS_0219,Laporan waste: Overproduction sponge cake vanila berlebih setelah acara resepsi pernikahan gathering siang. Bobot perkiraan: 11 kg.,SURPLUS,2026-09-30T11:08:57.917719
WASTE_PREP_WASTE_0111,Catatan QC: Sisa organik cangkang telur ayam dan sisa kulit bawang bombay dari proses mise en place menu roasted chicken. Ref: #235.,PREP_WASTE,2026-09-30T11:08:57.914644
WASTE_SPOILED_0307,"Log limbah: Kondisi daun selada iceberg di lantai kitchen line sudah tekstur lembek basah dan berbau apek busuk, harus diafkir. Segera laporkan ke chef on duty untuk tindakan preventif sesuai SOP.",SPOILED,2026-09-30T11:08:57.903518
WASTE_SPOILED_0288,Insiden dapur: cumi-cumi segar ditemukan keluar lendir lengket serta berbau busuk menyengat pada saat pengecekan rak pantry kering. Bobot perkiraan: 1 kg.,SPOILED,2026-09-30T11:08:57.903518
WASTE_EXPIRED_0245,Laporan waste: puding coklat fla stempel expired date terlampaui dan tidak boleh disajikan.,EXPIRED,2026-09-30T11:08:57.906583
WASTE_SPOILED_0309,Log limbah: Reject potongan daging wagyu MB7: berwarna kehitaman dan lembek hancur. Ditemukan oleh staff shift pagi saat inspeksi rutin.,SPOILED,2026-09-30T11:08:57.903518
WASTE_EXPIRED_0181,mayonnaise dressing sudah lewat batas best before sejak minggu kemarin.,EXPIRED,2026-09-30T11:08:57.905516
WASTE_PREP_WASTE_0409,Insiden dapur: Sisa organik remah potongan kulit puff pastry dan tepi adonan roti dari proses mise en place beef stew tenderloin. Bobot perkiraan: 8 kg.,PREP_WASTE,2026-09-30T11:08:57.915646
WASTE_CONTAMINATED_0004,Log limbah: BAHAYA FOOD SAFETY: daging giling sapi terpapar debu kotor akibat pembersihan blower ventilasi saat batch cooking prasmanan. Ditemukan oleh staff shift pagi saat inspeksi rutin.,CONTAMINATED,2026-09-30T11:08:57.907582
WASTE_SURPLUS_0013,Laporan waste: Overproduction nasi liwet komplet berlebih setelah prasmanan buffet dinner hotel malam hari. Catatan: perlu cross-check barcode supplier.,SURPLUS,2026-09-30T11:08:57.916718
WASTE_PREP_WASTE_0333,"Catatan QC: Limbah potongan lemak berlebih, urat keras, dan sisa butchery daging sapi terkumpul di area hot kitchen production pass. Catatan: perlu cross-check barcode supplier.",PREP_WASTE,2026-09-30T11:08:57.915646
WASTE_SURPLUS_0025,nasi liwet komplet sisa paket promo makan siang meeting korporat yang tidak terkonsumsi di lantai kitchen line. Bobot perkiraan: 5 kg.,SURPLUS,2026-09-30T11:08:57.916718
WASTE_OVERCOOKED_0272,Reject pesanan roti baguette: bagian luar gosong terbakar pahit walau dalam masih mentah di wajan wok burner.,OVERCOOKED,2026-09-30T11:08:57.912644
WASTE_PREP_WASTE_0300,Insiden dapur: remah potongan kulit puff pastry dan tepi adonan roti hasil proses persiapan di sauce preparation area. Catatan: perlu cross-check barcode supplier.,PREP_WASTE,2026-09-30T11:08:57.915646
WASTE_CONTAMINATED_0100,Insiden dapur: Ditemukan paha ayam marinasi yang terkena cemaran cipratan cairan pembersih kimia sanitasi lantai di chiller holding pass. Ditemukan oleh staff shift malam saat inspeksi rutin.,CONTAMINATED,2026-09-30T11:08:57.908580
WASTE_PREP_WASTE_0056,"Insiden dapur: lemak berlebih, urat keras, dan sisa butchery daging sapi ditimbang sebagai yield loss di vegetable cold pantry. Bobot perkiraan: 1 kg.",PREP_WASTE,2026-09-30T11:08:57.913648
WASTE_SPOILED_0301,potongan daging wagyu MB7 berwarna kehitaman dan lembek hancur di rak pantry kering. Bobot perkiraan: 15 kg.,SPOILED,2026-09-30T11:08:57.903518
WASTE_OVERCOOKED_0257,Reject pesanan fillet ayam krispi: hangus berkerak hitam dan berbau sangit pekat di panci stock pot kaldu. Catatan: perlu cross-check barcode supplier.,OVERCOOKED,2026-09-30T11:08:57.912644
WASTE_CONTAMINATED_0009,Catatan QC: wortel impor jatuh langsung ke chiller 1 dan terkena helaian rambut staff dan keringat saat proses plating. Bobot perkiraan: 3 kg.,CONTAMINATED,2026-09-30T11:08:57.907582
WASTE_CONTAMINATED_0218,potongan daging wagyu MB7 terkontaminasi pecahan kaca dari gelas pecah di line prep di meja butchery station. Bobot perkiraan: 1 kg.,CONTAMINATED,2026-09-30T11:08:57.908580
WASTE_OVERCOOKED_0176,Reject pesanan fillet ayam krispi: menghitam pekat karena terlambat diangkat dari fryer di deck oven baking.,OVERCOOKED,2026-09-30T11:08:57.911644
WASTE_OVERCOOKED_0443,Laporan waste: roti baguette gosong hangus karena api terlalu besar saat prep mise en place siang. Ditemukan oleh staff shift malam saat inspeksi rutin.,OVERCOOKED,2026-09-30T11:08:57.913648
WASTE_SPOILED_0014,Catatan QC: Reject potongan daging wagyu MB7: tekstur lembek basah dan berbau apek busuk. Bobot perkiraan: 7 kg.,SPOILED,2026-09-30T11:08:57.901519
WASTE_EXPIRED_0424,Insiden dapur: Tanggal kedaluwarsa sponge cake vanila di cold storage utama stempel expired date terlampaui dan tidak boleh disajikan. Catatan: perlu cross-check barcode supplier.,EXPIRED,2026-09-30T11:08:57.907582
WASTE_CONTAMINATED_0279,Temuan shift pagi: ikan kakap merah jatuh langsung ke meja butchery station dan terkena debu kotor akibat pembersihan blower ventilasi. Segera laporkan ke chef on duty untuk tindakan preventif sesuai SOP.,CONTAMINATED,2026-09-30T11:08:57.909580
WASTE_EXPIRED_0359,Catatan QC: saus bechamel keju stempel expired date terlampaui dan tidak boleh disajikan. Catatan: perlu cross-check barcode supplier.,EXPIRED,2026-09-30T11:08:57.907582
WASTE_OVERCOOKED_0293,Temuan shift pagi: roti baguette gagal saji karena suhu wajan wok burner berlebih dan terlalu kering mengeras layaknya arang dan tidak layak jual. Segera laporkan ke chef on duty untuk tindakan preventif sesuai SOP.,OVERCOOKED,2026-09-30T11:08:57.912644
WASTE_EXPIRED_0065,Temuan audit: puding coklat fla stempel expired date terlampaui dan tidak boleh disajikan.,EXPIRED,2026-09-30T11:08:57.904516
WASTE_PREP_WASTE_0371,Sisa organik remah potongan kulit puff pastry dan tepi adonan roti dari proses mise en place menu roasted chicken. Segera laporkan ke chef on duty untuk tindakan preventif sesuai SOP.,PREP_WASTE,2026-09-30T11:08:57.915646
WASTE_SPOILED_0410,jamur kancing mengalami pembusukan parah dan berbau anyir tengik di chiller 1. Ref: #728.,SPOILED,2026-09-30T11:08:57.904516
WASTE_OVERCOOKED_0244,roti baguette terlalu lama di deck oven baking sehingga gosong gosong pahit dan bertekstur liat keras.,OVERCOOKED,2026-09-30T11:08:57.912644
WASTE_SPOILED_0314,Catatan QC: daun selada iceberg berwarna kehitaman dan lembek hancur di lantai kitchen line.,SPOILED,2026-09-30T11:08:57.903518
WASTE_PREP_WASTE_0320,"Temuan audit: Sisa penyiangan lemak berlebih, urat keras, dan sisa butchery daging sapi pada persiapan shift pagi di meat prep station. Catatan: perlu cross-check barcode supplier.",PREP_WASTE,2026-09-30T11:08:57.915646
WASTE_PREP_WASTE_0210,"Catatan QC: Sisa organik tulang, insang, dan kepala ikan kakap segar dari proses mise en place cream soup mushroom.",PREP_WASTE,2026-09-30T11:08:57.914644
WASTE_CONTAMINATED_0169,BAHAYA FOOD SAFETY: potongan daging wagyu MB7 terpapar pecahan kaca dari gelas pecah di line prep saat penggorengan kapasitas besar.,CONTAMINATED,2026-09-30T11:08:57.908580
WASTE_SURPLUS_0071,Log limbah: Sisa porsi sajian kroisan butter almond dari layanan breakfast buffet penutupan pagi masih layak namun tidak terjual. Catatan: perlu cross-check barcode supplier.,SURPLUS,2026-09-30T11:08:57.916718
WASTE_CONTAMINATED_0194,Temuan shift pagi: BAHAYA FOOD SAFETY: ikan salmon fillet terpapar debu kotor akibat pembersihan blower ventilasi saat batch cooking prasmanan. Ref: #842.,CONTAMINATED,2026-09-30T11:08:57.908580
WASTE_OVERCOOKED_0295,Temuan shift pagi: Reject pesanan roti baguette: hangus berkerak hitam dan berbau sangit pekat di deck oven baking. Segera laporkan ke chef on duty untuk tindakan preventif sesuai SOP.,OVERCOOKED,2026-09-30T11:08:57.912644
WASTE_SPOILED_0383,Log limbah: kol kubis manis berwarna kehitaman dan lembek hancur di cold storage utama.,SPOILED,2026-09-30T11:08:57.903518
WASTE_CONTAMINATED_0374,Temuan audit: jamur kancing terkontaminasi serangga lalat serta kotoran hama di area kerja di display showcase pastry. Segera laporkan ke chef on duty untuk tindakan preventif sesuai SOP.,CONTAMINATED,2026-09-30T11:08:57.910644
WASTE_PREP_WASTE_0097,"Laporan waste: Sisa penyiangan lemak berlebih, urat keras, dan sisa butchery daging sapi pada persiapan shift pagi di fish butchery station. Catatan: perlu cross-check barcode supplier.",PREP_WASTE,2026-09-30T11:08:57.914644
WASTE_CONTAMINATED_0184,Catatan QC: daun selada iceberg terkontaminasi cipratan cairan pembersih kimia sanitasi lantai di display showcase pastry. Catatan: perlu cross-check barcode supplier.,CONTAMINATED,2026-09-30T11:08:57.908580
WASTE_CONTAMINATED_0176,Temuan shift pagi: Ditemukan jamur kancing yang terkena cemaran cipratan cairan pembersih kimia sanitasi lantai di meja butchery station. Bobot perkiraan: 13 kg.,CONTAMINATED,2026-09-30T11:08:57.908580
WASTE_SURPLUS_0020,Log limbah: Sisa porsi sajian sup buntut kuah rempah 15 porsi dari prasmanan buffet dinner hotel malam hari masih layak namun tidak terjual. Ref: #696.,SURPLUS,2026-09-30T11:08:57.916718
WASTE_EXPIRED_0410,Laporan waste: Reject whipping cream cair: stempel expired date terlampaui dan tidak boleh disajikan saat audit inventory. Segera laporkan ke chef on duty untuk tindakan preventif sesuai SOP.,EXPIRED,2026-09-30T11:08:57.907582
WASTE_SURPLUS_0061,Catatan QC: Stok matang pasta spaghetti bolognese sisa operasional paket promo makan siang meeting korporat di lantai kitchen line. Bobot perkiraan: 13 kg.,SURPLUS,2026-09-30T11:08:57.916718
WASTE_EXPIRED_0390,Laporan waste: Ditemukan saus bechamel keju yang telah kedaluwarsa 4 hari yang lalu sesuai label kemasan. Ref: #178.,EXPIRED,2026-09-30T11:08:57.907582
WASTE_SPOILED_0264,Laporan waste: Reject daun selada iceberg: terlihat jamur putih dan berbau asam. Bobot perkiraan: 2 kg.,SPOILED,2026-09-30T11:08:57.903518
WASTE_CONTAMINATED_0206,Laporan waste: Reject segera daging giling sapi akibat kontak dengan pecahan kaca dari gelas pecah di line prep. Catatan: perlu cross-check barcode supplier.,CONTAMINATED,2026-09-30T11:08:57.908580
WASTE_SURPLUS_0088,puding coklat fla sisa paket promo makan siang meeting korporat yang tidak terkonsumsi di lantai kitchen line. Ref: #461.,SURPLUS,2026-09-30T11:08:57.916718
WASTE_EXPIRED_0103,Ditemukan mayonnaise dressing yang telah sudah lewat batas best before sejak minggu kemarin. Segera laporkan ke chef on duty untuk tindakan preventif sesuai SOP.,EXPIRED,2026-09-30T11:08:57.905516
WASTE_SPOILED_0416,Catatan QC: ikan kakap merah tampak bercak kapang kehijauan dan berair di chiller holding pass.,SPOILED,2026-09-30T11:08:57.904516
WASTE_SPOILED_0223,"Laporan waste: Kondisi paha ayam marinasi di walk-in freezer sudah mengalami pembusukan parah dan berbau anyir tengik, harus diafkir. Catatan: perlu cross-check barcode supplier.",SPOILED,2026-09-30T11:08:57.903518
WASTE_SPOILED_0359,Laporan waste: brokoli segar tekstur lembek basah dan berbau apek busuk di chiller 1. Bobot perkiraan: 3 kg.,SPOILED,2026-09-30T11:08:57.903518
WASTE_PREP_WASTE_0393,"Log limbah: Limbah potongan tulang, insang, dan kepala ikan kakap segar terkumpul di area vegetable cold pantry. Catatan: perlu cross-check barcode supplier.",PREP_WASTE,2026-09-30T11:08:57.915646
WASTE_SURPLUS_0093,Insiden dapur: Stok matang nasi liwet komplet sisa operasional acara resepsi pernikahan gathering siang di lantai kitchen line. Segera laporkan ke chef on duty untuk tindakan preventif sesuai SOP.,SURPLUS,2026-09-30T11:08:57.916718
WASTE_SPOILED_0009,"Laporan waste: Kondisi daging steak sirloin di walk-in freezer sudah berwarna kehitaman dan lembek hancur, harus diafkir. Segera laporkan ke chef on duty untuk tindakan preventif sesuai SOP.",SPOILED,2026-09-30T11:08:57.901519
WASTE_PREP_WASTE_0005,"Catatan QC: Sisa penyiangan kulit wortel, biji paprika, dan ujung timun pada persiapan shift pagi di hot kitchen production pass. Ditemukan oleh staff shift malam saat inspeksi rutin.",PREP_WASTE,2026-09-30T11:08:57.913648
WASTE_PREP_WASTE_0213,"Catatan QC: kulit kentang, bonggol brokoli, dan tangkai daun bawang ditimbang sebagai yield loss di pastry bakery corner. Bobot perkiraan: 8 kg.",PREP_WASTE,2026-09-30T11:08:57.914644
WASTE_CONTAMINATED_0063,Temuan shift pagi: Reject segera paha ayam marinasi akibat kontak dengan helaian rambut staff dan keringat saat proses plating.,CONTAMINATED,2026-09-30T11:08:57.908580
WASTE_SPOILED_0317,Catatan QC: Stok jamur kancing berbau tidak sedap dan keluar lendir lengket serta berbau busuk menyengat di display showcase pastry. Segera laporkan ke chef on duty untuk tindakan preventif sesuai SOP.,SPOILED,2026-09-30T11:08:57.903518
WASTE_CONTAMINATED_0071,Laporan waste: Reject segera daging steak sirloin akibat kontak dengan serangga lalat serta kotoran hama di area kerja.,CONTAMINATED,2026-09-30T11:08:57.908580
WASTE_OVERCOOKED_0321,Temuan audit: fillet ayam krispi terlalu lama di deck oven baking sehingga gosong gosong pahit dan bertekstur liat keras. Segera laporkan ke chef on duty untuk tindakan preventif sesuai SOP.,OVERCOOKED,2026-09-30T11:08:57.912644
WASTE_SPOILED_0305,"Kondisi udang windu kupas di cold storage utama sudah tekstur lembek basah dan berbau apek busuk, harus diafkir. Bobot perkiraan: 6 kg.",SPOILED,2026-09-30T11:08:57.903518
WASTE_SPOILED_0428,Laporan waste: kol kubis manis ditemukan terlihat jamur putih dan berbau asam pada saat pengecekan display showcase pastry. Catatan: perlu cross-check barcode supplier.,SPOILED,2026-09-30T11:08:57.904516
WASTE_CONTAMINATED_0188,Laporan waste: BAHAYA FOOD SAFETY: fillet dada ayam terpapar serangga lalat serta kotoran hama di area kerja saat prep mise en place siang. Ref: #483.,CONTAMINATED,2026-09-30T11:08:57.908580
WASTE_SPOILED_0106,daging steak sirloin tekstur lembek basah dan berbau apek busuk di cold storage utama.,SPOILED,2026-09-30T11:08:57.902520
WASTE_CONTAMINATED_0229,Temuan shift pagi: daun selada iceberg jatuh langsung ke cold storage utama dan terkena pecahan kaca dari gelas pecah di line prep. Ditemukan oleh staff shift pagi saat inspeksi rutin.,CONTAMINATED,2026-09-30T11:08:57.908580
WASTE_OVERCOOKED_0390,roti baguette gagal saji karena suhu wajan wok burner berlebih dan terlalu kering mengeras layaknya arang dan tidak layak jual. Ref: #380.,OVERCOOKED,2026-09-30T11:08:57.913648
WASTE_SPOILED_0122,Insiden dapur: brokoli segar tekstur lembek basah dan berbau apek busuk di chiller 1. Ref: #467.,SPOILED,2026-09-30T11:08:57.902520
WASTE_EXPIRED_0236,Catatan QC: Tanggal kedaluwarsa saus tomat kemasan pouch di walk-in freezer stempel expired date terlampaui dan tidak boleh disajikan. Segera laporkan ke chef on duty untuk tindakan preventif sesuai SOP.,EXPIRED,2026-09-30T11:08:57.906583
WASTE_PREP_WASTE_0014,"Log limbah: Limbah potongan kulit kentang, bonggol brokoli, dan tangkai daun bawang terkumpul di area fish butchery station. Ditemukan oleh staff shift pagi saat inspeksi rutin.",PREP_WASTE,2026-09-30T11:08:57.913648
WASTE_SURPLUS_0333,Insiden dapur: Sisa porsi sajian nasi liwet komplet dari acara resepsi pernikahan gathering siang masih layak namun tidak terjual. Ditemukan oleh staff shift pagi saat inspeksi rutin.,SURPLUS,2026-09-30T11:08:57.918718
WASTE_SURPLUS_0402,Temuan audit: roti brioche burger berlebih pada display lantai kitchen line karena proyeksi tamu meleset. Bobot perkiraan: 1 kg.,SURPLUS,2026-09-30T11:08:57.918718
WASTE_PREP_WASTE_0086,Sisa organik cangkang telur ayam dan sisa kulit bawang bombay dari proses mise en place salad bar buffet. Ditemukan oleh staff shift malam saat inspeksi rutin.,PREP_WASTE,2026-09-30T11:08:57.914644
WASTE_SPOILED_0103,Temuan audit: ikan kakap merah berwarna kehitaman dan lembek hancur di chiller 1. Segera laporkan ke chef on duty untuk tindakan preventif sesuai SOP.,SPOILED,2026-09-30T11:08:57.902520
WASTE_CONTAMINATED_0217,Temuan shift pagi: cumi-cumi segar jatuh langsung ke chiller holding pass dan terkena helaian rambut staff dan keringat saat proses plating. Ditemukan oleh staff shift malam saat inspeksi rutin.,CONTAMINATED,2026-09-30T11:08:57.908580
WASTE_OVERCOOKED_0087,Laporan waste: Reject pesanan sponge cake vanila: menghitam pekat karena terlambat diangkat dari fryer di wajan wok burner. Ditemukan oleh staff shift pagi saat inspeksi rutin.,OVERCOOKED,2026-09-30T11:08:57.911644
WASTE_SPOILED_0116,Insiden dapur: daging giling sapi keluar lendir lengket serta berbau busuk menyengat di meja butchery station.,SPOILED,2026-09-30T11:08:57.902520
WASTE_PREP_WASTE_0171,"Sisa organik kulit kentang, bonggol brokoli, dan tangkai daun bawang dari proses mise en place menu roasted chicken. Ref: #514.",PREP_WASTE,2026-09-30T11:08:57.914644
WASTE_PREP_WASTE_0324,"Temuan audit: Sisa penyiangan lemak berlebih, urat keras, dan sisa butchery daging sapi pada persiapan shift pagi di hot kitchen production pass. Ditemukan oleh staff shift siang saat inspeksi rutin.",PREP_WASTE,2026-09-30T11:08:57.915646
WASTE_SURPLUS_0262,Laporan waste: Sisa porsi sajian nasi goreng spesial seafood dari acara resepsi pernikahan gathering siang masih layak namun tidak terjual. Ditemukan oleh staff shift pagi saat inspeksi rutin.,SURPLUS,2026-09-30T11:08:57.917719
WASTE_SURPLUS_0438,Catatan QC: puding coklat fla berlebih pada display lantai kitchen line karena proyeksi tamu meleset. Catatan: perlu cross-check barcode supplier.,SURPLUS,2026-09-30T11:08:57.918718
WASTE_EXPIRED_0295,Reject saus tomat kemasan pouch: stempel expired date terlampaui dan tidak boleh disajikan saat audit inventory.,EXPIRED,2026-09-30T11:08:57.906583
WASTE_CONTAMINATED_0133,Temuan shift pagi: Reject segera fillet dada ayam akibat kontak dengan debu kotor akibat pembersihan blower ventilasi. Ditemukan oleh staff shift pagi saat inspeksi rutin.,CONTAMINATED,2026-09-30T11:08:57.908580
WASTE_PREP_WASTE_0430,"Catatan QC: lemak berlebih, urat keras, dan sisa butchery daging sapi hasil proses persiapan di hot kitchen production pass. Segera laporkan ke chef on duty untuk tindakan preventif sesuai SOP.",PREP_WASTE,2026-09-30T11:08:57.916718
WASTE_SURPLUS_0275,Temuan audit: Sisa porsi sajian nasi liwet komplet dari paket promo makan siang meeting korporat masih layak namun tidak terjual.,SURPLUS,2026-09-30T11:08:57.917719
WASTE_OVERCOOKED_0348,Insiden dapur: Reject pesanan sponge cake vanila: terlalu kering mengeras layaknya arang dan tidak layak jual di panci stock pot kaldu.,OVERCOOKED,2026-09-30T11:08:57.912644
WASTE_SURPLUS_0406,Laporan waste: Stok matang puding coklat fla sisa operasional layanan breakfast buffet penutupan pagi di display showcase pastry.,SURPLUS,2026-09-30T11:08:57.918718
WASTE_CONTAMINATED_0028,Catatan QC: BAHAYA FOOD SAFETY: daging giling sapi terpapar serangga lalat serta kotoran hama di area kerja saat penggorengan kapasitas besar.,CONTAMINATED,2026-09-30T11:08:57.907582
WASTE_CONTAMINATED_0394,Log limbah: Reject segera daging steak sirloin akibat kontak dengan debu kotor akibat pembersihan blower ventilasi. Ditemukan oleh staff shift pagi saat inspeksi rutin.,CONTAMINATED,2026-09-30T11:08:57.910644
WASTE_OVERCOOKED_0107,Log limbah: Kondisi masakan sponge cake vanila di display showcase pastry terlalu kering mengeras layaknya arang dan tidak layak jual. Bobot perkiraan: 7 kg.,OVERCOOKED,2026-09-30T11:08:57.911644
WASTE_EXPIRED_0223,Temuan shift pagi: Reject puding coklat fla: kedaluwarsa 4 hari yang lalu sesuai label kemasan saat audit inventory.,EXPIRED,2026-09-30T11:08:57.906583
WASTE_SURPLUS_0246,Laporan waste: Stok matang nasi liwet komplet sisa operasional event gala dinner VIP ballroom di display showcase pastry.,SURPLUS,2026-09-30T11:08:57.917719
WASTE_OVERCOOKED_0201,Reject pesanan fillet ayam krispi: menghitam pekat karena terlambat diangkat dari fryer di charcoal grill station.,OVERCOOKED,2026-09-30T11:08:57.911644
WASTE_EXPIRED_0142,Temuan audit: susu UHT full cream pada rak display showcase pastry sudah melewati masa simpan maksimum gudang penyimpanan. Segera laporkan ke chef on duty untuk tindakan preventif sesuai SOP.,EXPIRED,2026-09-30T11:08:57.905516
WASTE_EXPIRED_0439,Reject sponge cake vanila: kedaluwarsa 4 hari yang lalu sesuai label kemasan saat audit inventory. Ditemukan oleh staff shift malam saat inspeksi rutin.,EXPIRED,2026-09-30T11:08:57.907582
WASTE_PREP_WASTE_0435,remah potongan kulit puff pastry dan tepi adonan roti ditimbang sebagai yield loss di hot kitchen production pass. Ditemukan oleh staff shift pagi saat inspeksi rutin.,PREP_WASTE,2026-09-30T11:08:57.916718
WASTE_SURPLUS_0112,Temuan audit: nasi liwet komplet berlebih pada display cold storage utama karena proyeksi tamu meleset. Ditemukan oleh staff shift pagi saat inspeksi rutin.,SURPLUS,2026-09-30T11:08:57.916718
WASTE_PREP_WASTE_0293,"Catatan QC: Limbah potongan lemak berlebih, urat keras, dan sisa butchery daging sapi terkumpul di area sauce preparation area. Ditemukan oleh staff shift malam saat inspeksi rutin.",PREP_WASTE,2026-09-30T11:08:57.915646
WASTE_SURPLUS_0036,Insiden dapur: Overproduction sponge cake vanila berlebih setelah layanan breakfast buffet penutupan pagi.,SURPLUS,2026-09-30T11:08:57.916718
WASTE_OVERCOOKED_0002,saus bechamel keju gosong hangus karena api terlalu besar saat plating order express. Segera laporkan ke chef on duty untuk tindakan preventif sesuai SOP.,OVERCOOKED,2026-09-30T11:08:57.910644
WASTE_EXPIRED_0351,Reject saus bechamel keju: stempel expired date terlampaui dan tidak boleh disajikan saat audit inventory. Bobot perkiraan: 6 kg.,EXPIRED,2026-09-30T11:08:57.907582
WASTE_PREP_WASTE_0434,Catatan QC: Sisa organik remah potongan kulit puff pastry dan tepi adonan roti dari proses mise en place sup buntut nusantara. Ditemukan oleh staff shift pagi saat inspeksi rutin.,PREP_WASTE,2026-09-30T11:08:57.916718
WASTE_CONTAMINATED_0335,Laporan waste: tomat merah terkontaminasi debu kotor akibat pembersihan blower ventilasi di meja butchery station. Ref: #991.,CONTAMINATED,2026-09-30T11:08:57.909580
WASTE_PREP_WASTE_0253,"Insiden dapur: Sisa organik kulit wortel, biji paprika, dan ujung timun dari proses mise en place signature fish and chips.",PREP_WASTE,2026-09-30T11:08:57.915646
WASTE_SURPLUS_0149,Catatan QC: kroisan butter almond sisa acara resepsi pernikahan gathering siang yang tidak terkonsumsi di walk-in freezer.,SURPLUS,2026-09-30T11:08:57.917719
WASTE_SURPLUS_0194,Temuan audit: Overproduction kroisan butter almond berlebih setelah event gala dinner VIP ballroom. Ditemukan oleh staff shift pagi saat inspeksi rutin.,SURPLUS,2026-09-30T11:08:57.917719
WASTE_SPOILED_0274,daun selada iceberg terlihat jamur putih dan berbau asam di lantai kitchen line. Ref: #884.,SPOILED,2026-09-30T11:08:57.903518
WASTE_SPOILED_0072,"Temuan shift pagi: Kondisi cumi-cumi segar di meja butchery station sudah tampak bercak kapang kehijauan dan berair, harus diafkir.",SPOILED,2026-09-30T11:08:57.901519
WASTE_OVERCOOKED_0101,Temuan shift pagi: Kondisi masakan roti baguette di display showcase pastry bagian luar gosong terbakar pahit walau dalam masih mentah. Ref: #482.,OVERCOOKED,2026-09-30T11:08:57.911644
WASTE_SPOILED_0395,Stok cumi-cumi segar berbau tidak sedap dan tampak bercak kapang kehijauan dan berair di display showcase pastry. Segera laporkan ke chef on duty untuk tindakan preventif sesuai SOP.,SPOILED,2026-09-30T11:08:57.904516
WASTE_EXPIRED_0134,Temuan audit: Tanggal kedaluwarsa sponge cake vanila di lantai kitchen line kedaluwarsa 4 hari yang lalu sesuai label kemasan.,EXPIRED,2026-09-30T11:08:57.905516
WASTE_SURPLUS_0031,Log limbah: Stok matang nasi liwet komplet sisa operasional paket promo makan siang meeting korporat di display showcase pastry.,SURPLUS,2026-09-30T11:08:57.916718
WASTE_OVERCOOKED_0261,Temuan audit: steak wagyu tenderloin gosong hangus karena api terlalu besar saat batch cooking prasmanan. Catatan: perlu cross-check barcode supplier.,OVERCOOKED,2026-09-30T11:08:57.912644
WASTE_EXPIRED_0051,Laporan waste: Tanggal kedaluwarsa minyak wijen premium di lantai kitchen line kadaluwarsa per tanggal kemarin dan harus segera diretur. Segera laporkan ke chef on duty untuk tindakan preventif sesuai SOP.,EXPIRED,2026-09-30T11:08:57.904516
WASTE_OVERCOOKED_0288,Temuan audit: steak wagyu tenderloin gagal saji karena suhu charcoal grill station berlebih dan hangus berkerak hitam dan berbau sangit pekat. Bobot perkiraan: 7 kg.,OVERCOOKED,2026-09-30T11:08:57.912644
WASTE_PREP_WASTE_0149,"Sisa penyiangan kulit wortel, biji paprika, dan ujung timun pada persiapan shift pagi di sauce preparation area.",PREP_WASTE,2026-09-30T11:08:57.914644
WASTE_SURPLUS_0432,Temuan audit: Stok matang sup buntut kuah rempah 15 porsi sisa operasional layanan breakfast buffet penutupan pagi di walk-in freezer. Segera laporkan ke chef on duty untuk tindakan preventif sesuai SOP.,SURPLUS,2026-09-30T11:08:57.918718
WASTE_SURPLUS_0222,Insiden dapur: Stok matang nasi goreng spesial seafood sisa operasional paket promo makan siang meeting korporat di walk-in freezer. Bobot perkiraan: 14 kg.,SURPLUS,2026-09-30T11:08:57.917719
WASTE_PREP_WASTE_0155,"Sisa penyiangan kulit wortel, biji paprika, dan ujung timun pada persiapan shift pagi di hot kitchen production pass. Segera laporkan ke chef on duty untuk tindakan preventif sesuai SOP.",PREP_WASTE,2026-09-30T11:08:57.914644
WASTE_OVERCOOKED_0058,Kondisi masakan roti baguette di meja butchery station gosong gosong pahit dan bertekstur liat keras. Segera laporkan ke chef on duty untuk tindakan preventif sesuai SOP.,OVERCOOKED,2026-09-30T11:08:57.911644
WASTE_SPOILED_0206,Laporan waste: jamur kancing ditemukan terlihat jamur putih dan berbau asam pada saat pengecekan lantai kitchen line. Ditemukan oleh staff shift pagi saat inspeksi rutin.,SPOILED,2026-09-30T11:08:57.902520
WASTE_EXPIRED_0284,Catatan QC: keju mozarella impor pada rak rak pantry kering sudah stempel expired date terlampaui dan tidak boleh disajikan. Segera laporkan ke chef on duty untuk tindakan preventif sesuai SOP.,EXPIRED,2026-09-30T11:08:57.906583
WASTE_EXPIRED_0077,Laporan waste: Ditemukan saus bechamel keju yang telah kedaluwarsa 4 hari yang lalu sesuai label kemasan. Catatan: perlu cross-check barcode supplier.,EXPIRED,2026-09-30T11:08:57.904516
WASTE_PREP_WASTE_0122,Laporan waste: remah potongan kulit puff pastry dan tepi adonan roti hasil proses persiapan di hot kitchen production pass. Ref: #389.,PREP_WASTE,2026-09-30T11:08:57.914644
WASTE_PREP_WASTE_0394,"Laporan waste: kulit kentang, bonggol brokoli, dan tangkai daun bawang hasil proses persiapan di pastry bakery corner. Ditemukan oleh staff shift siang saat inspeksi rutin.",PREP_WASTE,2026-09-30T11:08:57.915646
WASTE_SPOILED_0378,wortel impor ditemukan berwarna kehitaman dan lembek hancur pada saat pengecekan chiller holding pass. Ditemukan oleh staff shift malam saat inspeksi rutin.,SPOILED,2026-09-30T11:08:57.903518
WASTE_PREP_WASTE_0215,"Insiden dapur: Sisa organik tulang, insang, dan kepala ikan kakap segar dari proses mise en place beef stew tenderloin. Ditemukan oleh staff shift malam saat inspeksi rutin.",PREP_WASTE,2026-09-30T11:08:57.914644
WASTE_SURPLUS_0166,sup buntut kuah rempah 15 porsi berlebih pada display cold storage utama karena proyeksi tamu meleset.,SURPLUS,2026-09-30T11:08:57.917719
WASTE_CONTAMINATED_0275,Log limbah: Ditemukan ikan kakap merah yang terkena cemaran serangga lalat serta kotoran hama di area kerja di rak pantry kering.,CONTAMINATED,2026-09-30T11:08:57.909580
WASTE_SPOILED_0387,Insiden dapur: daun selada iceberg keluar lendir lengket serta berbau busuk menyengat di chiller 1. Ditemukan oleh staff shift malam saat inspeksi rutin.,SPOILED,2026-09-30T11:08:57.904516
WASTE_SPOILED_0199,Insiden dapur: daun selada iceberg tekstur lembek basah dan berbau apek busuk di cold storage utama. Catatan: perlu cross-check barcode supplier.,SPOILED,2026-09-30T11:08:57.902520
WASTE_CONTAMINATED_0151,Log limbah: Reject segera cumi-cumi segar akibat kontak dengan serangga lalat serta kotoran hama di area kerja. Ref: #769.,CONTAMINATED,2026-09-30T11:08:57.908580
WASTE_EXPIRED_0141,Catatan QC: puding coklat fla stempel expired date terlampaui dan tidak boleh disajikan. Bobot perkiraan: 9 kg.,EXPIRED,2026-09-30T11:08:57.905516
WASTE_EXPIRED_0070,Reject saus bechamel keju: stempel expired date terlampaui dan tidak boleh disajikan saat audit inventory. Segera laporkan ke chef on duty untuk tindakan preventif sesuai SOP.,EXPIRED,2026-09-30T11:08:57.904516
WASTE_OVERCOOKED_0306,steak wagyu tenderloin gagal saji karena suhu deck oven baking berlebih dan gosong gosong pahit dan bertekstur liat keras.,OVERCOOKED,2026-09-30T11:08:57.912644
WASTE_SPOILED_0430,wortel impor ditemukan mengalami pembusukan parah dan berbau anyir tengik pada saat pengecekan display showcase pastry.,SPOILED,2026-09-30T11:08:57.904516
WASTE_SPOILED_0208,Insiden dapur: kol kubis manis ditemukan mengalami pembusukan parah dan berbau anyir tengik pada saat pengecekan meja butchery station. Segera laporkan ke chef on duty untuk tindakan preventif sesuai SOP.,SPOILED,2026-09-30T11:08:57.902520
WASTE_EXPIRED_0042,susu UHT full cream pada rak chiller holding pass sudah kedaluwarsa 4 hari yang lalu sesuai label kemasan.,EXPIRED,2026-09-30T11:08:57.904516
WASTE_SURPLUS_0373,sup buntut kuah rempah 15 porsi sisa layanan breakfast buffet penutupan pagi yang tidak terkonsumsi di chiller holding pass. Segera laporkan ke chef on duty untuk tindakan preventif sesuai SOP.,SURPLUS,2026-09-30T11:08:57.918718
WASTE_EXPIRED_0343,Laporan waste: Tanggal kedaluwarsa whipping cream cair di meja butchery station stempel expired date terlampaui dan tidak boleh disajikan. Ditemukan oleh staff shift pagi saat inspeksi rutin.,EXPIRED,2026-09-30T11:08:57.907582
WASTE_OVERCOOKED_0291,Reject pesanan fillet ayam krispi: bagian luar gosong terbakar pahit walau dalam masih mentah di wajan wok burner. Ref: #953.,OVERCOOKED,2026-09-30T11:08:57.912644
WASTE_OVERCOOKED_0074,Catatan QC: steak wagyu tenderloin terlalu lama di charcoal grill station sehingga hangus berkerak hitam dan berbau sangit pekat. Segera laporkan ke chef on duty untuk tindakan preventif sesuai SOP.,OVERCOOKED,2026-09-30T11:08:57.911644
WASTE_SURPLUS_0218,nasi liwet komplet sisa acara resepsi pernikahan gathering siang yang tidak terkonsumsi di chiller holding pass. Bobot perkiraan: 1 kg.,SURPLUS,2026-09-30T11:08:57.917719
WASTE_SPOILED_0084,Temuan audit: Stok daging steak sirloin berbau tidak sedap dan tampak bercak kapang kehijauan dan berair di chiller 1. Catatan: perlu cross-check barcode supplier.,SPOILED,2026-09-30T11:08:57.901519
WASTE_PREP_WASTE_0329,"Sisa penyiangan kulit wortel, biji paprika, dan ujung timun pada persiapan shift pagi di meat prep station. Bobot perkiraan: 7 kg.",PREP_WASTE,2026-09-30T11:08:57.915646
WASTE_PREP_WASTE_0152,"Log limbah: Sisa organik lemak berlebih, urat keras, dan sisa butchery daging sapi dari proses mise en place beef stew tenderloin. Bobot perkiraan: 12 kg.",PREP_WASTE,2026-09-30T11:08:57.914644
WASTE_SPOILED_0021,Temuan shift pagi: potongan daging wagyu MB7 ditemukan tekstur lembek basah dan berbau apek busuk pada saat pengecekan rak pantry kering. Ditemukan oleh staff shift malam saat inspeksi rutin.,SPOILED,2026-09-30T11:08:57.901519
WASTE_CONTAMINATED_0225,Laporan waste: BAHAYA FOOD SAFETY: ikan kakap merah terpapar serangga lalat serta kotoran hama di area kerja saat batch cooking prasmanan. Ditemukan oleh staff shift pagi saat inspeksi rutin.,CONTAMINATED,2026-09-30T11:08:57.908580
WASTE_CONTAMINATED_0364,Reject segera cumi-cumi segar akibat kontak dengan tetesan darah mentah dari rak atas. Ref: #584.,CONTAMINATED,2026-09-30T11:08:57.910644
WASTE_OVERCOOKED_0226,Kondisi masakan saus bechamel keju di lantai kitchen line hangus berkerak hitam dan berbau sangit pekat. Bobot perkiraan: 10 kg.,OVERCOOKED,2026-09-30T11:08:57.911644
WASTE_SURPLUS_0176,Overproduction roti brioche burger berlebih setelah layanan breakfast buffet penutupan pagi.,SURPLUS,2026-09-30T11:08:57.917719
WASTE_CONTAMINATED_0074,Catatan QC: Reject segera fillet dada ayam akibat kontak dengan cipratan cairan pembersih kimia sanitasi lantai. Segera laporkan ke chef on duty untuk tindakan preventif sesuai SOP.,CONTAMINATED,2026-09-30T11:08:57.908580
WASTE_EXPIRED_0434,Temuan shift pagi: Tanggal kedaluwarsa sponge cake vanila di cold storage utama melewati masa simpan maksimum gudang penyimpanan.,EXPIRED,2026-09-30T11:08:57.907582
WASTE_OVERCOOKED_0363,Laporan waste: steak wagyu tenderloin terlalu lama di charcoal grill station sehingga menghitam pekat karena terlambat diangkat dari fryer. Bobot perkiraan: 14 kg.,OVERCOOKED,2026-09-30T11:08:57.912644
WASTE_PREP_WASTE_0244,"Insiden dapur: Sisa penyiangan lemak berlebih, urat keras, dan sisa butchery daging sapi pada persiapan shift pagi di vegetable cold pantry. Catatan: perlu cross-check barcode supplier.",PREP_WASTE,2026-09-30T11:08:57.915646
WASTE_EXPIRED_0437,Log limbah: puding coklat fla pada rak display showcase pastry sudah telah melewati tanggal expiry date 2 hari lalu. Ditemukan oleh staff shift siang saat inspeksi rutin.,EXPIRED,2026-09-30T11:08:57.907582
WASTE_CONTAMINATED_0389,Catatan QC: daging giling sapi terkontaminasi debu kotor akibat pembersihan blower ventilasi di meja butchery station. Ref: #291.,CONTAMINATED,2026-09-30T11:08:57.910644
WASTE_PREP_WASTE_0432,"Temuan shift pagi: kulit wortel, biji paprika, dan ujung timun ditimbang sebagai yield loss di vegetable cold pantry. Catatan: perlu cross-check barcode supplier.",PREP_WASTE,2026-09-30T11:08:57.916718
WASTE_PREP_WASTE_0068,Sisa organik remah potongan kulit puff pastry dan tepi adonan roti dari proses mise en place signature fish and chips. Catatan: perlu cross-check barcode supplier.,PREP_WASTE,2026-09-30T11:08:57.914644
WASTE_CONTAMINATED_0296,Insiden dapur: Ditemukan ikan kakap merah yang terkena cemaran tetesan darah mentah dari rak atas di rak pantry kering.,CONTAMINATED,2026-09-30T11:08:57.909580
WASTE_SURPLUS_0234,Insiden dapur: Sisa porsi sajian nasi liwet komplet dari layanan breakfast buffet penutupan pagi masih layak namun tidak terjual. Segera laporkan ke chef on duty untuk tindakan preventif sesuai SOP.,SURPLUS,2026-09-30T11:08:57.917719
WASTE_EXPIRED_0009,roti brioche burger stempel expired date terlampaui dan tidak boleh disajikan. Ref: #842.,EXPIRED,2026-09-30T11:08:57.904516
WASTE_OVERCOOKED_0186,Temuan audit: saus bechamel keju gagal saji karena suhu deck oven baking berlebih dan bagian luar gosong terbakar pahit walau dalam masih mentah. Bobot perkiraan: 7 kg.,OVERCOOKED,2026-09-30T11:08:57.911644
WASTE_SPOILED_0079,"Kondisi ikan kakap merah di lantai kitchen line sudah tampak bercak kapang kehijauan dan berair, harus diafkir. Catatan: perlu cross-check barcode supplier.",SPOILED,2026-09-30T11:08:57.901519
WASTE_SURPLUS_0375,Log limbah: Stok matang roti brioche burger sisa operasional event gala dinner VIP ballroom di rak pantry kering.,SURPLUS,2026-09-30T11:08:57.918718
WASTE_CONTAMINATED_0157,Insiden dapur: BAHAYA FOOD SAFETY: daun selada iceberg terpapar debu kotor akibat pembersihan blower ventilasi saat batch cooking prasmanan. Bobot perkiraan: 2 kg.,CONTAMINATED,2026-09-30T11:08:57.908580
WASTE_CONTAMINATED_0007,Temuan audit: Ditemukan ikan kakap merah yang terkena cemaran debu kotor akibat pembersihan blower ventilasi di cold storage utama. Ditemukan oleh staff shift pagi saat inspeksi rutin.,CONTAMINATED,2026-09-30T11:08:57.907582
WASTE_CONTAMINATED_0369,Temuan shift pagi: Ditemukan cumi-cumi segar yang terkena cemaran cipratan cairan pembersih kimia sanitasi lantai di cold storage utama. Catatan: perlu cross-check barcode supplier.,CONTAMINATED,2026-09-30T11:08:57.910644
WASTE_PREP_WASTE_0214,"Catatan QC: Sisa organik kulit kentang, bonggol brokoli, dan tangkai daun bawang dari proses mise en place signature fish and chips. Segera laporkan ke chef on duty untuk tindakan preventif sesuai SOP.",PREP_WASTE,2026-09-30T11:08:57.914644
WASTE_SURPLUS_0179,Laporan waste: Sisa porsi sajian sup buntut kuah rempah 15 porsi dari layanan breakfast buffet penutupan pagi masih layak namun tidak terjual. Ditemukan oleh staff shift malam saat inspeksi rutin.,SURPLUS,2026-09-30T11:08:57.917719
WASTE_SPOILED_0381,Temuan shift pagi: cumi-cumi segar ditemukan terlihat jamur putih dan berbau asam pada saat pengecekan chiller holding pass. Ditemukan oleh staff shift malam saat inspeksi rutin.,SPOILED,2026-09-30T11:08:57.903518
WASTE_OVERCOOKED_0341,Insiden dapur: Reject pesanan fillet ayam krispi: bagian luar gosong terbakar pahit walau dalam masih mentah di charcoal grill station. Ref: #236.,OVERCOOKED,2026-09-30T11:08:57.912644
WASTE_OVERCOOKED_0245,Laporan waste: Reject pesanan saus bechamel keju: terlalu kering mengeras layaknya arang dan tidak layak jual di deep fryer commercial. Segera laporkan ke chef on duty untuk tindakan preventif sesuai SOP.,OVERCOOKED,2026-09-30T11:08:57.912644
WASTE_EXPIRED_0266,Temuan shift pagi: Reject sponge cake vanila: kedaluwarsa 4 hari yang lalu sesuai label kemasan saat audit inventory. Ditemukan oleh staff shift malam saat inspeksi rutin.,EXPIRED,2026-09-30T11:08:57.906583
WASTE_SURPLUS_0155,Laporan waste: Overproduction nasi liwet komplet berlebih setelah paket promo makan siang meeting korporat.,SURPLUS,2026-09-30T11:08:57.917719
WASTE_EXPIRED_0237,Temuan audit: saus tomat kemasan pouch pada rak walk-in freezer sudah telah melewati tanggal expiry date 2 hari lalu. Bobot perkiraan: 1 kg.,EXPIRED,2026-09-30T11:08:57.906583
WASTE_SURPLUS_0060,Laporan waste: puding coklat fla berlebih pada display chiller holding pass karena proyeksi tamu meleset.,SURPLUS,2026-09-30T11:08:57.916718
WASTE_SPOILED_0306,Log limbah: Stok potongan daging wagyu MB7 berbau tidak sedap dan keluar lendir lengket serta berbau busuk menyengat di chiller holding pass. Segera laporkan ke chef on duty untuk tindakan preventif sesuai SOP.,SPOILED,2026-09-30T11:08:57.903518
WASTE_SPOILED_0210,Stok jamur kancing berbau tidak sedap dan berwarna kehitaman dan lembek hancur di chiller 1. Catatan: perlu cross-check barcode supplier.,SPOILED,2026-09-30T11:08:57.902520
WASTE_PREP_WASTE_0176,"Log limbah: Sisa organik kulit kentang, bonggol brokoli, dan tangkai daun bawang dari proses mise en place sup buntut nusantara.",PREP_WASTE,2026-09-30T11:08:57.914644
WASTE_SURPLUS_0428,Catatan QC: sup buntut kuah rempah 15 porsi berlebih pada display rak pantry kering karena proyeksi tamu meleset. Segera laporkan ke chef on duty untuk tindakan preventif sesuai SOP.,SURPLUS,2026-09-30T11:08:57.918718
WASTE_OVERCOOKED_0172,Log limbah: Kondisi masakan roti baguette di display showcase pastry gosong gosong pahit dan bertekstur liat keras. Ref: #569.,OVERCOOKED,2026-09-30T11:08:57.911644
WASTE_EXPIRED_0436,Log limbah: Ditemukan whipping cream cair yang telah stempel expired date terlampaui dan tidak boleh disajikan. Ref: #323.,EXPIRED,2026-09-30T11:08:57.907582
WASTE_PREP_WASTE_0386,"Sisa organik tulang, insang, dan kepala ikan kakap segar dari proses mise en place menu roasted chicken. Segera laporkan ke chef on duty untuk tindakan preventif sesuai SOP.",PREP_WASTE,2026-09-30T11:08:57.915646
WASTE_PREP_WASTE_0227,"Catatan QC: tulang, insang, dan kepala ikan kakap segar hasil proses persiapan di hot kitchen production pass. Segera laporkan ke chef on duty untuk tindakan preventif sesuai SOP.",PREP_WASTE,2026-09-30T11:08:57.914644
WASTE_CONTAMINATED_0450,Temuan audit: brokoli segar terkontaminasi cipratan cairan pembersih kimia sanitasi lantai di walk-in freezer.,CONTAMINATED,2026-09-30T11:08:57.910644
WASTE_CONTAMINATED_0445,Ditemukan daun selada iceberg yang terkena cemaran pecahan kaca dari gelas pecah di line prep di walk-in freezer. Ditemukan oleh staff shift siang saat inspeksi rutin.,CONTAMINATED,2026-09-30T11:08:57.910644
WASTE_SPOILED_0192,Insiden dapur: kol kubis manis tampak bercak kapang kehijauan dan berair di cold storage utama.,SPOILED,2026-09-30T11:08:57.902520
WASTE_OVERCOOKED_0063,Temuan shift pagi: roti baguette gagal saji karena suhu deep fryer commercial berlebih dan bagian luar gosong terbakar pahit walau dalam masih mentah.,OVERCOOKED,2026-09-30T11:08:57.911644
WASTE_EXPIRED_0034,Log limbah: keju mozarella impor pada rak walk-in freezer sudah telah melewati tanggal expiry date 2 hari lalu.,EXPIRED,2026-09-30T11:08:57.904516
WASTE_CONTAMINATED_0016,Temuan shift pagi: cumi-cumi segar terkontaminasi helaian rambut staff dan keringat saat proses plating di display showcase pastry. Bobot perkiraan: 12 kg.,CONTAMINATED,2026-09-30T11:08:57.907582
WASTE_SPOILED_0278,Temuan audit: Reject tomat merah: tekstur lembek basah dan berbau apek busuk. Ditemukan oleh staff shift siang saat inspeksi rutin.,SPOILED,2026-09-30T11:08:57.903518
WASTE_CONTAMINATED_0089,Temuan audit: BAHAYA FOOD SAFETY: daging steak sirloin terpapar pecahan kaca dari gelas pecah di line prep saat prep mise en place siang. Ref: #414.,CONTAMINATED,2026-09-30T11:08:57.908580
WASTE_SURPLUS_0216,Catatan QC: roti brioche burger berlebih pada display lantai kitchen line karena proyeksi tamu meleset. Ref: #166.,SURPLUS,2026-09-30T11:08:57.917719
WASTE_OVERCOOKED_0399,Log limbah: Reject pesanan saus bechamel keju: hangus berkerak hitam dan berbau sangit pekat di panci stock pot kaldu.,OVERCOOKED,2026-09-30T11:08:57.913648
WASTE_EXPIRED_0122,Insiden dapur: puding coklat fla pada rak lantai kitchen line sudah melewati masa simpan maksimum gudang penyimpanan.,EXPIRED,2026-09-30T11:08:57.905516
WASTE_CONTAMINATED_0094,Laporan waste: Ditemukan daun selada iceberg yang terkena cemaran serangga lalat serta kotoran hama di area kerja di rak pantry kering. Bobot perkiraan: 5 kg.,CONTAMINATED,2026-09-30T11:08:57.908580
WASTE_EXPIRED_0136,Ditemukan kroisan butter almond yang telah telah melewati tanggal expiry date 2 hari lalu. Segera laporkan ke chef on duty untuk tindakan preventif sesuai SOP.,EXPIRED,2026-09-30T11:08:57.905516
WASTE_CONTAMINATED_0375,Log limbah: Reject segera udang windu kupas akibat kontak dengan helaian rambut staff dan keringat saat proses plating. Bobot perkiraan: 7 kg.,CONTAMINATED,2026-09-30T11:08:57.910644
WASTE_SURPLUS_0444,Stok matang pasta spaghetti bolognese sisa operasional layanan breakfast buffet penutupan pagi di chiller holding pass. Segera laporkan ke chef on duty untuk tindakan preventif sesuai SOP.,SURPLUS,2026-09-30T11:08:57.918718
WASTE_OVERCOOKED_0304,Insiden dapur: Reject pesanan sponge cake vanila: bagian luar gosong terbakar pahit walau dalam masih mentah di wajan wok burner. Ref: #358.,OVERCOOKED,2026-09-30T11:08:57.912644
WASTE_EXPIRED_0225,Temuan shift pagi: Tanggal kedaluwarsa minyak wijen premium di chiller 1 sudah lewat batas best before sejak minggu kemarin. Ditemukan oleh staff shift pagi saat inspeksi rutin.,EXPIRED,2026-09-30T11:08:57.906583
WASTE_OVERCOOKED_0278,Temuan shift pagi: Kondisi masakan roti baguette di lantai kitchen line gosong gosong pahit dan bertekstur liat keras. Bobot perkiraan: 8 kg.,OVERCOOKED,2026-09-30T11:08:57.912644
WASTE_EXPIRED_0406,Log limbah: Tanggal kedaluwarsa kroisan butter almond di meja butchery station stempel expired date terlampaui dan tidak boleh disajikan. Bobot perkiraan: 13 kg.,EXPIRED,2026-09-30T11:08:57.907582
WASTE_SPOILED_0448,Insiden dapur: Stok ikan salmon fillet berbau tidak sedap dan terlihat jamur putih dan berbau asam di chiller holding pass.,SPOILED,2026-09-30T11:08:57.904516
WASTE_PREP_WASTE_0027,"Log limbah: kulit kentang, bonggol brokoli, dan tangkai daun bawang ditimbang sebagai yield loss di pastry bakery corner. Segera laporkan ke chef on duty untuk tindakan preventif sesuai SOP.",PREP_WASTE,2026-09-30T11:08:57.913648
WASTE_OVERCOOKED_0001,Catatan QC: roti baguette gagal saji karena suhu deep fryer commercial berlebih dan terlalu kering mengeras layaknya arang dan tidak layak jual. Segera laporkan ke chef on duty untuk tindakan preventif sesuai SOP.,OVERCOOKED,2026-09-30T11:08:57.910644
WASTE_PREP_WASTE_0211,"Log limbah: Limbah potongan kulit kentang, bonggol brokoli, dan tangkai daun bawang terkumpul di area vegetable cold pantry. Bobot perkiraan: 15 kg.",PREP_WASTE,2026-09-30T11:08:57.914644
WASTE_SURPLUS_0159,Log limbah: Overproduction pasta spaghetti bolognese berlebih setelah prasmanan buffet dinner hotel malam hari. Catatan: perlu cross-check barcode supplier.,SURPLUS,2026-09-30T11:08:57.917719
WASTE_PREP_WASTE_0395,"Temuan audit: Sisa penyiangan kulit wortel, biji paprika, dan ujung timun pada persiapan shift pagi di meat prep station. Ditemukan oleh staff shift malam saat inspeksi rutin.",PREP_WASTE,2026-09-30T11:08:57.915646
WASTE_SURPLUS_0308,Log limbah: Overproduction sponge cake vanila berlebih setelah event gala dinner VIP ballroom. Catatan: perlu cross-check barcode supplier.,SURPLUS,2026-09-30T11:08:57.917719
WASTE_SPOILED_0295,tomat merah ditemukan tekstur lembek basah dan berbau apek busuk pada saat pengecekan chiller 1.,SPOILED,2026-09-30T11:08:57.903518
WASTE_EXPIRED_0139,Temuan audit: whipping cream cair pada rak meja butchery station sudah telah melewati tanggal expiry date 2 hari lalu. Catatan: perlu cross-check barcode supplier.,EXPIRED,2026-09-30T11:08:57.905516
WASTE_OVERCOOKED_0265,Catatan QC: Reject pesanan roti baguette: terlalu kering mengeras layaknya arang dan tidak layak jual di charcoal grill station. Catatan: perlu cross-check barcode supplier.,OVERCOOKED,2026-09-30T11:08:57.912644
WASTE_SURPLUS_0294,sponge cake vanila berlebih pada display display showcase pastry karena proyeksi tamu meleset.,SURPLUS,2026-09-30T11:08:57.917719
WASTE_SURPLUS_0359,Temuan audit: Sisa porsi sajian sponge cake vanila dari prasmanan buffet dinner hotel malam hari masih layak namun tidak terjual. Segera laporkan ke chef on duty untuk tindakan preventif sesuai SOP.,SURPLUS,2026-09-30T11:08:57.918718
WASTE_PREP_WASTE_0202,"Insiden dapur: Sisa penyiangan tulang, insang, dan kepala ikan kakap segar pada persiapan shift pagi di hot kitchen production pass. Ditemukan oleh staff shift pagi saat inspeksi rutin.",PREP_WASTE,2026-09-30T11:08:57.914644
WASTE_SPOILED_0426,Catatan QC: cumi-cumi segar ditemukan mengalami pembusukan parah dan berbau anyir tengik pada saat pengecekan chiller 1. Ditemukan oleh staff shift siang saat inspeksi rutin.,SPOILED,2026-09-30T11:08:57.904516
WASTE_EXPIRED_0085,Catatan QC: Ditemukan whipping cream cair yang telah sudah lewat batas best before sejak minggu kemarin. Ditemukan oleh staff shift pagi saat inspeksi rutin.,EXPIRED,2026-09-30T11:08:57.904516
WASTE_CONTAMINATED_0155,jamur kancing jatuh langsung ke meja butchery station dan terkena serangga lalat serta kotoran hama di area kerja. Segera laporkan ke chef on duty untuk tindakan preventif sesuai SOP.,CONTAMINATED,2026-09-30T11:08:57.908580
WASTE_OVERCOOKED_0163,Catatan QC: Kondisi masakan saus bechamel keju di walk-in freezer terlalu kering mengeras layaknya arang dan tidak layak jual.,OVERCOOKED,2026-09-30T11:08:57.911644
WASTE_SURPLUS_0213,Catatan QC: sponge cake vanila berlebih pada display chiller holding pass karena proyeksi tamu meleset. Segera laporkan ke chef on duty untuk tindakan preventif sesuai SOP.,SURPLUS,2026-09-30T11:08:57.917719
WASTE_CONTAMINATED_0262,Insiden dapur: fillet dada ayam terkontaminasi helaian rambut staff dan keringat saat proses plating di display showcase pastry.,CONTAMINATED,2026-09-30T11:08:57.909580
WASTE_PREP_WASTE_0245,"Temuan shift pagi: kulit wortel, biji paprika, dan ujung timun hasil proses persiapan di fish butchery station. Bobot perkiraan: 15 kg.",PREP_WASTE,2026-09-30T11:08:57.915646
WASTE_PREP_WASTE_0194,Temuan shift pagi: Sisa penyiangan cangkang telur ayam dan sisa kulit bawang bombay pada persiapan shift pagi di vegetable cold pantry.,PREP_WASTE,2026-09-30T11:08:57.914644
WASTE_OVERCOOKED_0131,Temuan shift pagi: saus bechamel keju gosong hangus karena api terlalu besar saat plating order express. Ref: #283.,OVERCOOKED,2026-09-30T11:08:57.911644
WASTE_OVERCOOKED_0393,Reject pesanan steak wagyu tenderloin: bagian luar gosong terbakar pahit walau dalam masih mentah di salamander heater. Bobot perkiraan: 1 kg.,OVERCOOKED,2026-09-30T11:08:57.913648
WASTE_SURPLUS_0145,Insiden dapur: Sisa porsi sajian pasta spaghetti bolognese dari layanan breakfast buffet penutupan pagi masih layak namun tidak terjual. Catatan: perlu cross-check barcode supplier.,SURPLUS,2026-09-30T11:08:57.916718
WASTE_OVERCOOKED_0298,Insiden dapur: sponge cake vanila terlalu lama di panci stock pot kaldu sehingga terlalu kering mengeras layaknya arang dan tidak layak jual.,OVERCOOKED,2026-09-30T11:08:57.912644
WASTE_EXPIRED_0107,Catatan QC: sponge cake vanila kadaluwarsa per tanggal kemarin dan harus segera diretur.,EXPIRED,2026-09-30T11:08:57.905516
WASTE_OVERCOOKED_0313,Reject pesanan sponge cake vanila: menghitam pekat karena terlambat diangkat dari fryer di panci stock pot kaldu. Catatan: perlu cross-check barcode supplier.,OVERCOOKED,2026-09-30T11:08:57.912644
WASTE_OVERCOOKED_0243,Laporan waste: steak wagyu tenderloin gagal saji karena suhu charcoal grill station berlebih dan bagian luar gosong terbakar pahit walau dalam masih mentah. Bobot perkiraan: 12 kg.,OVERCOOKED,2026-09-30T11:08:57.912644
WASTE_SURPLUS_0163,Stok matang pasta spaghetti bolognese sisa operasional layanan breakfast buffet penutupan pagi di chiller 1. Segera laporkan ke chef on duty untuk tindakan preventif sesuai SOP.,SURPLUS,2026-09-30T11:08:57.917719
WASTE_EXPIRED_0121,Catatan QC: Ditemukan susu UHT full cream yang telah stempel expired date terlampaui dan tidak boleh disajikan. Ref: #344.,EXPIRED,2026-09-30T11:08:57.905516
WASTE_SPOILED_0353,daging steak sirloin keluar lendir lengket serta berbau busuk menyengat di chiller holding pass. Ref: #914.,SPOILED,2026-09-30T11:08:57.903518
WASTE_SPOILED_0092,Temuan audit: daun selada iceberg tekstur lembek basah dan berbau apek busuk di meja butchery station. Segera laporkan ke chef on duty untuk tindakan preventif sesuai SOP.,SPOILED,2026-09-30T11:08:57.901519
WASTE_SURPLUS_0032,Sisa porsi sajian nasi liwet komplet dari paket promo makan siang meeting korporat masih layak namun tidak terjual. Bobot perkiraan: 6 kg.,SURPLUS,2026-09-30T11:08:57.916718
WASTE_CONTAMINATED_0309,Temuan shift pagi: cumi-cumi segar jatuh langsung ke display showcase pastry dan terkena pecahan kaca dari gelas pecah di line prep. Catatan: perlu cross-check barcode supplier.,CONTAMINATED,2026-09-30T11:08:57.909580
WASTE_CONTAMINATED_0293,Catatan QC: paha ayam marinasi terkontaminasi helaian rambut staff dan keringat saat proses plating di chiller 1. Ditemukan oleh staff shift malam saat inspeksi rutin.,CONTAMINATED,2026-09-30T11:08:57.909580
WASTE_CONTAMINATED_0278,Laporan waste: BAHAYA FOOD SAFETY: udang windu kupas terpapar cipratan cairan pembersih kimia sanitasi lantai saat batch cooking prasmanan. Ref: #226.,CONTAMINATED,2026-09-30T11:08:57.909580
WASTE_EXPIRED_0248,minyak wijen premium kedaluwarsa 4 hari yang lalu sesuai label kemasan. Bobot perkiraan: 13 kg.,EXPIRED,2026-09-30T11:08:57.906583
WASTE_SURPLUS_0008,Temuan shift pagi: Sisa porsi sajian nasi liwet komplet dari prasmanan buffet dinner hotel malam hari masih layak namun tidak terjual.,SURPLUS,2026-09-30T11:08:57.916718
WASTE_SPOILED_0349,Catatan QC: cumi-cumi segar keluar lendir lengket serta berbau busuk menyengat di lantai kitchen line. Catatan: perlu cross-check barcode supplier.,SPOILED,2026-09-30T11:08:57.903518
WASTE_CONTAMINATED_0366,fillet dada ayam jatuh langsung ke lantai kitchen line dan terkena tetesan darah mentah dari rak atas. Ditemukan oleh staff shift malam saat inspeksi rutin.,CONTAMINATED,2026-09-30T11:08:57.910644
WASTE_PREP_WASTE_0307,"kulit kentang, bonggol brokoli, dan tangkai daun bawang hasil proses persiapan di meat prep station. Segera laporkan ke chef on duty untuk tindakan preventif sesuai SOP.",PREP_WASTE,2026-09-30T11:08:57.915646
WASTE_SURPLUS_0347,Laporan waste: Sisa porsi sajian roti brioche burger dari event gala dinner VIP ballroom masih layak namun tidak terjual.,SURPLUS,2026-09-30T11:08:57.918718
WASTE_CONTAMINATED_0238,Catatan QC: daging giling sapi terkontaminasi serangga lalat serta kotoran hama di area kerja di chiller holding pass. Catatan: perlu cross-check barcode supplier.,CONTAMINATED,2026-09-30T11:08:57.909580
WASTE_OVERCOOKED_0108,Temuan shift pagi: roti baguette gagal saji karena suhu salamander heater berlebih dan hangus berkerak hitam dan berbau sangit pekat. Ditemukan oleh staff shift malam saat inspeksi rutin.,OVERCOOKED,2026-09-30T11:08:57.911644
WASTE_CONTAMINATED_0403,Catatan QC: Reject segera kol kubis manis akibat kontak dengan cipratan cairan pembersih kimia sanitasi lantai. Ditemukan oleh staff shift malam saat inspeksi rutin.,CONTAMINATED,2026-09-30T11:08:57.910644
WASTE_SURPLUS_0312,Catatan QC: puding coklat fla berlebih pada display display showcase pastry karena proyeksi tamu meleset.,SURPLUS,2026-09-30T11:08:57.917719
WASTE_SURPLUS_0298,Temuan audit: roti brioche burger berlebih pada display display showcase pastry karena proyeksi tamu meleset. Segera laporkan ke chef on duty untuk tindakan preventif sesuai SOP.,SURPLUS,2026-09-30T11:08:57.917719
WASTE_PREP_WASTE_0442,Temuan shift pagi: Sisa organik remah potongan kulit puff pastry dan tepi adonan roti dari proses mise en place beef stew tenderloin. Bobot perkiraan: 5 kg.,PREP_WASTE,2026-09-30T11:08:57.916718
WASTE_EXPIRED_0004,Temuan audit: Ditemukan roti brioche burger yang telah stempel expired date terlampaui dan tidak boleh disajikan. Ditemukan oleh staff shift pagi saat inspeksi rutin.,EXPIRED,2026-09-30T11:08:57.904516
WASTE_CONTAMINATED_0014,Temuan audit: Reject segera daging steak sirloin akibat kontak dengan serangga lalat serta kotoran hama di area kerja. Segera laporkan ke chef on duty untuk tindakan preventif sesuai SOP.,CONTAMINATED,2026-09-30T11:08:57.907582
WASTE_OVERCOOKED_0165,sponge cake vanila terlalu lama di salamander heater sehingga hangus berkerak hitam dan berbau sangit pekat. Segera laporkan ke chef on duty untuk tindakan preventif sesuai SOP.,OVERCOOKED,2026-09-30T11:08:57.911644
WASTE_SPOILED_0038,Temuan shift pagi: Stok jamur kancing berbau tidak sedap dan berwarna kehitaman dan lembek hancur di display showcase pastry. Ref: #457.,SPOILED,2026-09-30T11:08:57.901519
WASTE_CONTAMINATED_0075,Laporan waste: Ditemukan brokoli segar yang terkena cemaran helaian rambut staff dan keringat saat proses plating di rak pantry kering. Ref: #584.,CONTAMINATED,2026-09-30T11:08:57.908580
WASTE_SURPLUS_0249,Stok matang nasi liwet komplet sisa operasional acara resepsi pernikahan gathering siang di display showcase pastry.,SURPLUS,2026-09-30T11:08:57.917719
WASTE_PREP_WASTE_0235,Catatan QC: Limbah potongan remah potongan kulit puff pastry dan tepi adonan roti terkumpul di area fish butchery station. Segera laporkan ke chef on duty untuk tindakan preventif sesuai SOP.,PREP_WASTE,2026-09-30T11:08:57.915646
WASTE_PREP_WASTE_0163,"Catatan QC: Limbah potongan kulit kentang, bonggol brokoli, dan tangkai daun bawang terkumpul di area meat prep station.",PREP_WASTE,2026-09-30T11:08:57.914644
WASTE_SPOILED_0040,"Laporan waste: Kondisi wortel impor di walk-in freezer sudah berwarna kehitaman dan lembek hancur, harus diafkir. Bobot perkiraan: 12 kg.",SPOILED,2026-09-30T11:08:57.901519
WASTE_OVERCOOKED_0097,Temuan audit: Reject pesanan sponge cake vanila: terlalu kering mengeras layaknya arang dan tidak layak jual di deep fryer commercial. Segera laporkan ke chef on duty untuk tindakan preventif sesuai SOP.,OVERCOOKED,2026-09-30T11:08:57.911644
WASTE_SPOILED_0170,Temuan audit: Reject daging giling sapi: terlihat jamur putih dan berbau asam.,SPOILED,2026-09-30T11:08:57.902520
WASTE_EXPIRED_0288,Catatan QC: Tanggal kedaluwarsa puding coklat fla di lantai kitchen line sudah lewat batas best before sejak minggu kemarin.,EXPIRED,2026-09-30T11:08:57.906583
WASTE_SURPLUS_0290,Laporan waste: Overproduction sup buntut kuah rempah 15 porsi berlebih setelah prasmanan buffet dinner hotel malam hari.,SURPLUS,2026-09-30T11:08:57.917719
WASTE_OVERCOOKED_0190,Log limbah: Kondisi masakan fillet ayam krispi di lantai kitchen line menghitam pekat karena terlambat diangkat dari fryer. Bobot perkiraan: 1 kg.,OVERCOOKED,2026-09-30T11:08:57.911644
WASTE_EXPIRED_0185,Ditemukan susu UHT full cream yang telah melewati masa simpan maksimum gudang penyimpanan.,EXPIRED,2026-09-30T11:08:57.906583
WASTE_OVERCOOKED_0211,Catatan QC: roti baguette terlalu lama di wajan wok burner sehingga gosong gosong pahit dan bertekstur liat keras. Bobot perkiraan: 4 kg.,OVERCOOKED,2026-09-30T11:08:57.911644
WASTE_EXPIRED_0130,Temuan shift pagi: Reject mayonnaise dressing: melewati masa simpan maksimum gudang penyimpanan saat audit inventory. Ref: #864.,EXPIRED,2026-09-30T11:08:57.905516
WASTE_OVERCOOKED_0441,Log limbah: saus bechamel keju terlalu lama di deep fryer commercial sehingga hangus berkerak hitam dan berbau sangit pekat. Catatan: perlu cross-check barcode supplier.,OVERCOOKED,2026-09-30T11:08:57.913648
WASTE_PREP_WASTE_0255,Catatan QC: remah potongan kulit puff pastry dan tepi adonan roti ditimbang sebagai yield loss di pastry bakery corner.,PREP_WASTE,2026-09-30T11:08:57.915646
WASTE_EXPIRED_0443,Insiden dapur: sponge cake vanila pada rak lantai kitchen line sudah telah melewati tanggal expiry date 2 hari lalu. Ditemukan oleh staff shift pagi saat inspeksi rutin.,EXPIRED,2026-09-30T11:08:57.907582
WASTE_OVERCOOKED_0250,Laporan waste: Reject pesanan sponge cake vanila: menghitam pekat karena terlambat diangkat dari fryer di deck oven baking. Segera laporkan ke chef on duty untuk tindakan preventif sesuai SOP.,OVERCOOKED,2026-09-30T11:08:57.912644
WASTE_EXPIRED_0331,Temuan audit: Ditemukan roti brioche burger yang telah stempel expired date terlampaui dan tidak boleh disajikan. Ref: #808.,EXPIRED,2026-09-30T11:08:57.906583
WASTE_SPOILED_0160,Log limbah: udang windu kupas ditemukan tekstur lembek basah dan berbau apek busuk pada saat pengecekan meja butchery station. Ref: #552.,SPOILED,2026-09-30T11:08:57.902520
WASTE_CONTAMINATED_0354,Laporan waste: Reject segera daging giling sapi akibat kontak dengan pecahan kaca dari gelas pecah di line prep.,CONTAMINATED,2026-09-30T11:08:57.910644
WASTE_CONTAMINATED_0441,Temuan audit: Reject segera tomat merah akibat kontak dengan pecahan kaca dari gelas pecah di line prep. Catatan: perlu cross-check barcode supplier.,CONTAMINATED,2026-09-30T11:08:57.910644
WASTE_PREP_WASTE_0287,"Sisa organik kulit kentang, bonggol brokoli, dan tangkai daun bawang dari proses mise en place signature fish and chips.",PREP_WASTE,2026-09-30T11:08:57.915646
WASTE_SPOILED_0062,Laporan waste: Reject fillet dada ayam: tekstur lembek basah dan berbau apek busuk. Bobot perkiraan: 11 kg.,SPOILED,2026-09-30T11:08:57.901519
WASTE_EXPIRED_0400,Log limbah: Tanggal kedaluwarsa keju mozarella impor di cold storage utama kedaluwarsa 4 hari yang lalu sesuai label kemasan. Bobot perkiraan: 2 kg.,EXPIRED,2026-09-30T11:08:57.907582
WASTE_PREP_WASTE_0004,Temuan audit: remah potongan kulit puff pastry dan tepi adonan roti ditimbang sebagai yield loss di hot kitchen production pass.,PREP_WASTE,2026-09-30T11:08:57.913648
WASTE_SURPLUS_0355,Catatan QC: sponge cake vanila berlebih pada display rak pantry kering karena proyeksi tamu meleset.,SURPLUS,2026-09-30T11:08:57.918718
WASTE_CONTAMINATED_0144,Catatan QC: Reject segera potongan daging wagyu MB7 akibat kontak dengan helaian rambut staff dan keringat saat proses plating.,CONTAMINATED,2026-09-30T11:08:57.908580
WASTE_PREP_WASTE_0448,"Temuan audit: Sisa penyiangan tulang, insang, dan kepala ikan kakap segar pada persiapan shift pagi di pastry bakery corner. Segera laporkan ke chef on duty untuk tindakan preventif sesuai SOP.",PREP_WASTE,2026-09-30T11:08:57.916718
WASTE_OVERCOOKED_0223,Insiden dapur: Kondisi masakan fillet ayam krispi di walk-in freezer terlalu kering mengeras layaknya arang dan tidak layak jual.,OVERCOOKED,2026-09-30T11:08:57.911644
WASTE_OVERCOOKED_0025,steak wagyu tenderloin terlalu lama di charcoal grill station sehingga terlalu kering mengeras layaknya arang dan tidak layak jual. Catatan: perlu cross-check barcode supplier.,OVERCOOKED,2026-09-30T11:08:57.910644
WASTE_CONTAMINATED_0171,daun selada iceberg terkontaminasi tetesan darah mentah dari rak atas di lantai kitchen line. Ref: #863.,CONTAMINATED,2026-09-30T11:08:57.908580
WASTE_SPOILED_0054,"Temuan audit: Kondisi wortel impor di lantai kitchen line sudah keluar lendir lengket serta berbau busuk menyengat, harus diafkir. Bobot perkiraan: 5 kg.",SPOILED,2026-09-30T11:08:57.901519
WASTE_SURPLUS_0420,roti brioche burger berlebih pada display display showcase pastry karena proyeksi tamu meleset. Ditemukan oleh staff shift pagi saat inspeksi rutin.,SURPLUS,2026-09-30T11:08:57.918718
WASTE_EXPIRED_0056,Temuan audit: Ditemukan keju mozarella impor yang telah telah melewati tanggal expiry date 2 hari lalu. Segera laporkan ke chef on duty untuk tindakan preventif sesuai SOP.,EXPIRED,2026-09-30T11:08:57.904516
WASTE_EXPIRED_0303,Log limbah: Reject saus tomat kemasan pouch: melewati masa simpan maksimum gudang penyimpanan saat audit inventory.,EXPIRED,2026-09-30T11:08:57.906583
WASTE_OVERCOOKED_0260,roti baguette gosong hangus karena api terlalu besar saat penggorengan kapasitas besar. Ditemukan oleh staff shift pagi saat inspeksi rutin.,OVERCOOKED,2026-09-30T11:08:57.912644
WASTE_OVERCOOKED_0394,Laporan waste: Kondisi masakan fillet ayam krispi di cold storage utama terlalu kering mengeras layaknya arang dan tidak layak jual. Ref: #255.,OVERCOOKED,2026-09-30T11:08:57.913648
WASTE_OVERCOOKED_0274,Reject pesanan roti baguette: gosong gosong pahit dan bertekstur liat keras di charcoal grill station. Segera laporkan ke chef on duty untuk tindakan preventif sesuai SOP.,OVERCOOKED,2026-09-30T11:08:57.912644
WASTE_OVERCOOKED_0099,Laporan waste: steak wagyu tenderloin gosong hangus karena api terlalu besar saat prep mise en place siang. Catatan: perlu cross-check barcode supplier.,OVERCOOKED,2026-09-30T11:08:57.911644
WASTE_SURPLUS_0448,Temuan shift pagi: Sisa porsi sajian nasi goreng spesial seafood dari paket promo makan siang meeting korporat masih layak namun tidak terjual. Ditemukan oleh staff shift siang saat inspeksi rutin.,SURPLUS,2026-09-30T11:08:57.918718
WASTE_PREP_WASTE_0420,Temuan shift pagi: Limbah potongan remah potongan kulit puff pastry dan tepi adonan roti terkumpul di area vegetable cold pantry.,PREP_WASTE,2026-09-30T11:08:57.916718
WASTE_EXPIRED_0322,saus bechamel keju pada rak chiller 1 sudah kedaluwarsa 4 hari yang lalu sesuai label kemasan. Catatan: perlu cross-check barcode supplier.,EXPIRED,2026-09-30T11:08:57.906583
WASTE_SURPLUS_0280,Log limbah: Stok matang roti brioche burger sisa operasional paket promo makan siang meeting korporat di display showcase pastry. Bobot perkiraan: 13 kg.,SURPLUS,2026-09-30T11:08:57.917719
WASTE_OVERCOOKED_0071,Laporan waste: Reject pesanan saus bechamel keju: menghitam pekat karena terlambat diangkat dari fryer di charcoal grill station.,OVERCOOKED,2026-09-30T11:08:57.911644
WASTE_SURPLUS_0169,Insiden dapur: nasi goreng spesial seafood berlebih pada display chiller 1 karena proyeksi tamu meleset.,SURPLUS,2026-09-30T11:08:57.917719
WASTE_CONTAMINATED_0186,Ditemukan kol kubis manis yang terkena cemaran cipratan cairan pembersih kimia sanitasi lantai di lantai kitchen line. Bobot perkiraan: 4 kg.,CONTAMINATED,2026-09-30T11:08:57.908580
WASTE_PREP_WASTE_0422,"Log limbah: lemak berlebih, urat keras, dan sisa butchery daging sapi hasil proses persiapan di vegetable cold pantry. Catatan: perlu cross-check barcode supplier.",PREP_WASTE,2026-09-30T11:08:57.916718
WASTE_OVERCOOKED_0050,saus bechamel keju terlalu lama di wajan wok burner sehingga gosong gosong pahit dan bertekstur liat keras.,OVERCOOKED,2026-09-30T11:08:57.910644
WASTE_CONTAMINATED_0435,Laporan waste: daging giling sapi terkontaminasi cipratan cairan pembersih kimia sanitasi lantai di walk-in freezer. Catatan: perlu cross-check barcode supplier.,CONTAMINATED,2026-09-30T11:08:57.910644
WASTE_OVERCOOKED_0010,Reject pesanan steak wagyu tenderloin: bagian luar gosong terbakar pahit walau dalam masih mentah di salamander heater. Catatan: perlu cross-check barcode supplier.,OVERCOOKED,2026-09-30T11:08:57.910644
WASTE_OVERCOOKED_0011,Catatan QC: fillet ayam krispi gagal saji karena suhu deck oven baking berlebih dan terlalu kering mengeras layaknya arang dan tidak layak jual.,OVERCOOKED,2026-09-30T11:08:57.910644
WASTE_OVERCOOKED_0263,Laporan waste: Kondisi masakan sponge cake vanila di cold storage utama gosong gosong pahit dan bertekstur liat keras.,OVERCOOKED,2026-09-30T11:08:57.912644
WASTE_CONTAMINATED_0264,Catatan QC: Ditemukan jamur kancing yang terkena cemaran debu kotor akibat pembersihan blower ventilasi di display showcase pastry. Ref: #803.,CONTAMINATED,2026-09-30T11:08:57.909580
WASTE_CONTAMINATED_0064,brokoli segar terkontaminasi pecahan kaca dari gelas pecah di line prep di chiller holding pass. Ref: #842.,CONTAMINATED,2026-09-30T11:08:57.908580
WASTE_SURPLUS_0135,Catatan QC: Overproduction sponge cake vanila berlebih setelah event gala dinner VIP ballroom. Ditemukan oleh staff shift siang saat inspeksi rutin.,SURPLUS,2026-09-30T11:08:57.916718
WASTE_SPOILED_0399,"Laporan waste: Kondisi daging steak sirloin di chiller 1 sudah mengalami pembusukan parah dan berbau anyir tengik, harus diafkir. Bobot perkiraan: 15 kg.",SPOILED,2026-09-30T11:08:57.904516
WASTE_EXPIRED_0135,mayonnaise dressing pada rak chiller holding pass sudah telah melewati tanggal expiry date 2 hari lalu. Ref: #981.,EXPIRED,2026-09-30T11:08:57.905516
WASTE_CONTAMINATED_0049,Temuan audit: Reject segera ikan kakap merah akibat kontak dengan helaian rambut staff dan keringat saat proses plating. Ditemukan oleh staff shift pagi saat inspeksi rutin.,CONTAMINATED,2026-09-30T11:08:57.907582
WASTE_EXPIRED_0255,Temuan audit: Tanggal kedaluwarsa keju mozarella impor di chiller 1 kadaluwarsa per tanggal kemarin dan harus segera diretur.,EXPIRED,2026-09-30T11:08:57.906583
WASTE_SPOILED_0432,Log limbah: Stok daging steak sirloin berbau tidak sedap dan mengalami pembusukan parah dan berbau anyir tengik di meja butchery station.,SPOILED,2026-09-30T11:08:57.904516
WASTE_SPOILED_0293,ikan salmon fillet keluar lendir lengket serta berbau busuk menyengat di lantai kitchen line.,SPOILED,2026-09-30T11:08:57.903518
WASTE_SPOILED_0146,Temuan audit: Stok daging steak sirloin berbau tidak sedap dan mengalami pembusukan parah dan berbau anyir tengik di meja butchery station. Segera laporkan ke chef on duty untuk tindakan preventif sesuai SOP.,SPOILED,2026-09-30T11:08:57.902520
WASTE_PREP_WASTE_0374,"Catatan QC: Sisa penyiangan lemak berlebih, urat keras, dan sisa butchery daging sapi pada persiapan shift pagi di fish butchery station. Ref: #334.",PREP_WASTE,2026-09-30T11:08:57.915646
WASTE_OVERCOOKED_0429,Log limbah: Reject pesanan steak wagyu tenderloin: terlalu kering mengeras layaknya arang dan tidak layak jual di wajan wok burner. Segera laporkan ke chef on duty untuk tindakan preventif sesuai SOP.,OVERCOOKED,2026-09-30T11:08:57.913648
WASTE_CONTAMINATED_0266,Log limbah: Ditemukan brokoli segar yang terkena cemaran helaian rambut staff dan keringat saat proses plating di meja butchery station. Segera laporkan ke chef on duty untuk tindakan preventif sesuai SOP.,CONTAMINATED,2026-09-30T11:08:57.909580
WASTE_SPOILED_0003,Temuan shift pagi: cumi-cumi segar terlihat jamur putih dan berbau asam di lantai kitchen line.,SPOILED,2026-09-30T11:08:57.901519
WASTE_EXPIRED_0127,Ditemukan whipping cream cair yang telah melewati masa simpan maksimum gudang penyimpanan. Catatan: perlu cross-check barcode supplier.,EXPIRED,2026-09-30T11:08:57.905516
WASTE_PREP_WASTE_0267,"Insiden dapur: kulit wortel, biji paprika, dan ujung timun ditimbang sebagai yield loss di fish butchery station.",PREP_WASTE,2026-09-30T11:08:57.915646
WASTE_SPOILED_0340,Insiden dapur: fillet dada ayam tekstur lembek basah dan berbau apek busuk di chiller 1. Segera laporkan ke chef on duty untuk tindakan preventif sesuai SOP.,SPOILED,2026-09-30T11:08:57.903518
WASTE_CONTAMINATED_0386,Temuan shift pagi: Reject segera udang windu kupas akibat kontak dengan serangga lalat serta kotoran hama di area kerja. Bobot perkiraan: 11 kg.,CONTAMINATED,2026-09-30T11:08:57.910644
WASTE_CONTAMINATED_0026,Reject segera daun selada iceberg akibat kontak dengan helaian rambut staff dan keringat saat proses plating.,CONTAMINATED,2026-09-30T11:08:57.907582
WASTE_SPOILED_0266,Stok fillet dada ayam berbau tidak sedap dan tampak bercak kapang kehijauan dan berair di cold storage utama. Ref: #556.,SPOILED,2026-09-30T11:08:57.903518
WASTE_SPOILED_0377,"Log limbah: Kondisi daging giling sapi di display showcase pastry sudah terlihat jamur putih dan berbau asam, harus diafkir. Bobot perkiraan: 12 kg.",SPOILED,2026-09-30T11:08:57.903518
WASTE_SPOILED_0272,Reject daging steak sirloin: tekstur lembek basah dan berbau apek busuk. Bobot perkiraan: 12 kg.,SPOILED,2026-09-30T11:08:57.903518
WASTE_EXPIRED_0247,whipping cream cair pada rak meja butchery station sudah telah melewati tanggal expiry date 2 hari lalu. Ditemukan oleh staff shift pagi saat inspeksi rutin.,EXPIRED,2026-09-30T11:08:57.906583
WASTE_SURPLUS_0245,Temuan shift pagi: roti brioche burger berlebih pada display chiller 1 karena proyeksi tamu meleset. Ref: #246.,SURPLUS,2026-09-30T11:08:57.917719
WASTE_SPOILED_0245,Insiden dapur: daging giling sapi ditemukan mengalami pembusukan parah dan berbau anyir tengik pada saat pengecekan walk-in freezer. Ditemukan oleh staff shift siang saat inspeksi rutin.,SPOILED,2026-09-30T11:08:57.903518
WASTE_SURPLUS_0037,Log limbah: pasta spaghetti bolognese berlebih pada display cold storage utama karena proyeksi tamu meleset.,SURPLUS,2026-09-30T11:08:57.916718
WASTE_EXPIRED_0027,Temuan shift pagi: Reject mayonnaise dressing: sudah lewat batas best before sejak minggu kemarin saat audit inventory. Bobot perkiraan: 1 kg.,EXPIRED,2026-09-30T11:08:57.904516
WASTE_OVERCOOKED_0021,Temuan audit: saus bechamel keju gosong hangus karena api terlalu besar saat batch cooking prasmanan. Segera laporkan ke chef on duty untuk tindakan preventif sesuai SOP.,OVERCOOKED,2026-09-30T11:08:57.910644
WASTE_OVERCOOKED_0044,Reject pesanan sponge cake vanila: menghitam pekat karena terlambat diangkat dari fryer di charcoal grill station. Ref: #716.,OVERCOOKED,2026-09-30T11:08:57.910644
WASTE_OVERCOOKED_0372,Reject pesanan fillet ayam krispi: terlalu kering mengeras layaknya arang dan tidak layak jual di deep fryer commercial. Bobot perkiraan: 4 kg.,OVERCOOKED,2026-09-30T11:08:57.913648
WASTE_OVERCOOKED_0007,Catatan QC: roti baguette terlalu lama di panci stock pot kaldu sehingga menghitam pekat karena terlambat diangkat dari fryer. Ref: #694.,OVERCOOKED,2026-09-30T11:08:57.910644
WASTE_OVERCOOKED_0215,Reject pesanan sponge cake vanila: menghitam pekat karena terlambat diangkat dari fryer di salamander heater. Ditemukan oleh staff shift malam saat inspeksi rutin.,OVERCOOKED,2026-09-30T11:08:57.911644
WASTE_SURPLUS_0396,Temuan audit: Overproduction kroisan butter almond berlebih setelah event gala dinner VIP ballroom. Segera laporkan ke chef on duty untuk tindakan preventif sesuai SOP.,SURPLUS,2026-09-30T11:08:57.918718
WASTE_SPOILED_0251,Temuan shift pagi: potongan daging wagyu MB7 terlihat jamur putih dan berbau asam di rak pantry kering. Catatan: perlu cross-check barcode supplier.,SPOILED,2026-09-30T11:08:57.903518
WASTE_SPOILED_0414,"Catatan QC: Kondisi daging steak sirloin di chiller holding pass sudah berwarna kehitaman dan lembek hancur, harus diafkir. Ref: #781.",SPOILED,2026-09-30T11:08:57.904516
WASTE_PREP_WASTE_0181,Insiden dapur: remah potongan kulit puff pastry dan tepi adonan roti hasil proses persiapan di fish butchery station.,PREP_WASTE,2026-09-30T11:08:57.914644
WASTE_CONTAMINATED_0294,Temuan audit: Reject segera tomat merah akibat kontak dengan helaian rambut staff dan keringat saat proses plating. Ditemukan oleh staff shift siang saat inspeksi rutin.,CONTAMINATED,2026-09-30T11:08:57.909580
WASTE_PREP_WASTE_0125,"Temuan audit: lemak berlebih, urat keras, dan sisa butchery daging sapi ditimbang sebagai yield loss di fish butchery station. Bobot perkiraan: 10 kg.",PREP_WASTE,2026-09-30T11:08:57.914644
WASTE_SPOILED_0311,Laporan waste: paha ayam marinasi ditemukan berwarna kehitaman dan lembek hancur pada saat pengecekan chiller 1. Bobot perkiraan: 2 kg.,SPOILED,2026-09-30T11:08:57.903518
WASTE_EXPIRED_0444,Log limbah: Reject roti brioche burger: melewati masa simpan maksimum gudang penyimpanan saat audit inventory.,EXPIRED,2026-09-30T11:08:57.907582
WASTE_CONTAMINATED_0232,Temuan audit: BAHAYA FOOD SAFETY: daging giling sapi terpapar debu kotor akibat pembersihan blower ventilasi saat batch cooking prasmanan. Bobot perkiraan: 3 kg.,CONTAMINATED,2026-09-30T11:08:57.909580
WASTE_SURPLUS_0368,Stok matang kroisan butter almond sisa operasional layanan breakfast buffet penutupan pagi di lantai kitchen line. Ref: #895.,SURPLUS,2026-09-30T11:08:57.918718
WASTE_SPOILED_0016,"Log limbah: Kondisi kol kubis manis di walk-in freezer sudah tekstur lembek basah dan berbau apek busuk, harus diafkir. Catatan: perlu cross-check barcode supplier.",SPOILED,2026-09-30T11:08:57.901519
WASTE_PREP_WASTE_0247,"lemak berlebih, urat keras, dan sisa butchery daging sapi ditimbang sebagai yield loss di vegetable cold pantry.",PREP_WASTE,2026-09-30T11:08:57.915646
WASTE_EXPIRED_0272,Catatan QC: susu UHT full cream pada rak display showcase pastry sudah kedaluwarsa 4 hari yang lalu sesuai label kemasan. Bobot perkiraan: 3 kg.,EXPIRED,2026-09-30T11:08:57.906583
WASTE_SURPLUS_0122,Temuan audit: Overproduction nasi goreng spesial seafood berlebih setelah prasmanan buffet dinner hotel malam hari. Catatan: perlu cross-check barcode supplier.,SURPLUS,2026-09-30T11:08:57.916718
WASTE_CONTAMINATED_0082,Log limbah: Ditemukan jamur kancing yang terkena cemaran serangga lalat serta kotoran hama di area kerja di lantai kitchen line.,CONTAMINATED,2026-09-30T11:08:57.908580
WASTE_SURPLUS_0030,Laporan waste: sup buntut kuah rempah 15 porsi berlebih pada display lantai kitchen line karena proyeksi tamu meleset. Ditemukan oleh staff shift pagi saat inspeksi rutin.,SURPLUS,2026-09-30T11:08:57.916718
WASTE_PREP_WASTE_0380,"Insiden dapur: kulit kentang, bonggol brokoli, dan tangkai daun bawang ditimbang sebagai yield loss di vegetable cold pantry. Segera laporkan ke chef on duty untuk tindakan preventif sesuai SOP.",PREP_WASTE,2026-09-30T11:08:57.915646
WASTE_SPOILED_0364,paha ayam marinasi ditemukan mengalami pembusukan parah dan berbau anyir tengik pada saat pengecekan rak pantry kering.,SPOILED,2026-09-30T11:08:57.903518
WASTE_OVERCOOKED_0275,Temuan shift pagi: Reject pesanan sponge cake vanila: gosong gosong pahit dan bertekstur liat keras di charcoal grill station.,OVERCOOKED,2026-09-30T11:08:57.912644
WASTE_SPOILED_0183,"Kondisi cumi-cumi segar di rak pantry kering sudah terlihat jamur putih dan berbau asam, harus diafkir. Ditemukan oleh staff shift pagi saat inspeksi rutin.",SPOILED,2026-09-30T11:08:57.902520
WASTE_CONTAMINATED_0086,Temuan shift pagi: kol kubis manis jatuh langsung ke rak pantry kering dan terkena helaian rambut staff dan keringat saat proses plating. Bobot perkiraan: 13 kg.,CONTAMINATED,2026-09-30T11:08:57.908580
WASTE_SURPLUS_0247,Temuan shift pagi: Sisa porsi sajian roti brioche burger dari layanan breakfast buffet penutupan pagi masih layak namun tidak terjual.,SURPLUS,2026-09-30T11:08:57.917719
WASTE_CONTAMINATED_0295,Laporan waste: ikan salmon fillet terkontaminasi helaian rambut staff dan keringat saat proses plating di chiller 1. Ditemukan oleh staff shift pagi saat inspeksi rutin.,CONTAMINATED,2026-09-30T11:08:57.909580
WASTE_OVERCOOKED_0082,Insiden dapur: Reject pesanan sponge cake vanila: gosong gosong pahit dan bertekstur liat keras di wajan wok burner. Ditemukan oleh staff shift pagi saat inspeksi rutin.,OVERCOOKED,2026-09-30T11:08:57.911644
WASTE_OVERCOOKED_0006,Insiden dapur: Kondisi masakan roti baguette di lantai kitchen line gosong gosong pahit dan bertekstur liat keras.,OVERCOOKED,2026-09-30T11:08:57.910644
WASTE_CONTAMINATED_0222,Log limbah: paha ayam marinasi jatuh langsung ke meja butchery station dan terkena cipratan cairan pembersih kimia sanitasi lantai. Bobot perkiraan: 5 kg.,CONTAMINATED,2026-09-30T11:08:57.908580
WASTE_SPOILED_0188,Catatan QC: potongan daging wagyu MB7 ditemukan berwarna kehitaman dan lembek hancur pada saat pengecekan rak pantry kering. Catatan: perlu cross-check barcode supplier.,SPOILED,2026-09-30T11:08:57.902520
WASTE_EXPIRED_0170,Laporan waste: Tanggal kedaluwarsa saus tomat kemasan pouch di rak pantry kering kadaluwarsa per tanggal kemarin dan harus segera diretur.,EXPIRED,2026-09-30T11:08:57.905516
WASTE_OVERCOOKED_0325,Temuan shift pagi: saus bechamel keju gosong hangus karena api terlalu besar saat service peak hours dinner.,OVERCOOKED,2026-09-30T11:08:57.912644
WASTE_CONTAMINATED_0276,Ditemukan daging giling sapi yang terkena cemaran helaian rambut staff dan keringat saat proses plating di chiller 1. Ditemukan oleh staff shift malam saat inspeksi rutin.,CONTAMINATED,2026-09-30T11:08:57.909580
WASTE_OVERCOOKED_0345,Temuan shift pagi: roti baguette terlalu lama di charcoal grill station sehingga gosong gosong pahit dan bertekstur liat keras. Catatan: perlu cross-check barcode supplier.,OVERCOOKED,2026-09-30T11:08:57.912644
WASTE_PREP_WASTE_0116,Temuan audit: Limbah potongan cangkang telur ayam dan sisa kulit bawang bombay terkumpul di area fish butchery station. Segera laporkan ke chef on duty untuk tindakan preventif sesuai SOP.,PREP_WASTE,2026-09-30T11:08:57.914644
WASTE_EXPIRED_0165,Insiden dapur: keju mozarella impor pada rak meja butchery station sudah telah melewati tanggal expiry date 2 hari lalu.,EXPIRED,2026-09-30T11:08:57.905516
WASTE_OVERCOOKED_0401,Insiden dapur: roti baguette gagal saji karena suhu deck oven baking berlebih dan terlalu kering mengeras layaknya arang dan tidak layak jual.,OVERCOOKED,2026-09-30T11:08:57.913648
WASTE_CONTAMINATED_0095,Temuan shift pagi: brokoli segar terkontaminasi serangga lalat serta kotoran hama di area kerja di walk-in freezer. Ref: #653.,CONTAMINATED,2026-09-30T11:08:57.908580
WASTE_CONTAMINATED_0035,Temuan audit: Ditemukan potongan daging wagyu MB7 yang terkena cemaran tetesan darah mentah dari rak atas di cold storage utama. Segera laporkan ke chef on duty untuk tindakan preventif sesuai SOP.,CONTAMINATED,2026-09-30T11:08:57.907582
WASTE_SPOILED_0372,"Laporan waste: Kondisi fillet dada ayam di display showcase pastry sudah berwarna kehitaman dan lembek hancur, harus diafkir. Ref: #623.",SPOILED,2026-09-30T11:08:57.903518
WASTE_OVERCOOKED_0214,saus bechamel keju gosong hangus karena api terlalu besar saat plating order express. Ditemukan oleh staff shift siang saat inspeksi rutin.,OVERCOOKED,2026-09-30T11:08:57.911644
WASTE_PREP_WASTE_0050,"Catatan QC: tulang, insang, dan kepala ikan kakap segar ditimbang sebagai yield loss di meat prep station. Ditemukan oleh staff shift malam saat inspeksi rutin.",PREP_WASTE,2026-09-30T11:08:57.913648
WASTE_EXPIRED_0144,Insiden dapur: Reject minyak wijen premium: telah melewati tanggal expiry date 2 hari lalu saat audit inventory.,EXPIRED,2026-09-30T11:08:57.905516
WASTE_EXPIRED_0277,Temuan audit: Tanggal kedaluwarsa kroisan butter almond di lantai kitchen line kedaluwarsa 4 hari yang lalu sesuai label kemasan.,EXPIRED,2026-09-30T11:08:57.906583
WASTE_EXPIRED_0377,Catatan QC: kroisan butter almond kedaluwarsa 4 hari yang lalu sesuai label kemasan.,EXPIRED,2026-09-30T11:08:57.907582
WASTE_EXPIRED_0238,whipping cream cair pada rak meja butchery station sudah sudah lewat batas best before sejak minggu kemarin. Segera laporkan ke chef on duty untuk tindakan preventif sesuai SOP.,EXPIRED,2026-09-30T11:08:57.906583
WASTE_PREP_WASTE_0137,"Laporan waste: Limbah potongan kulit kentang, bonggol brokoli, dan tangkai daun bawang terkumpul di area pastry bakery corner. Segera laporkan ke chef on duty untuk tindakan preventif sesuai SOP.",PREP_WASTE,2026-09-30T11:08:57.914644
WASTE_SPOILED_0137,Insiden dapur: daging giling sapi ditemukan terlihat jamur putih dan berbau asam pada saat pengecekan lantai kitchen line. Segera laporkan ke chef on duty untuk tindakan preventif sesuai SOP.,SPOILED,2026-09-30T11:08:57.902520
WASTE_EXPIRED_0179,Temuan shift pagi: Ditemukan whipping cream cair yang telah kadaluwarsa per tanggal kemarin dan harus segera diretur. Segera laporkan ke chef on duty untuk tindakan preventif sesuai SOP.,EXPIRED,2026-09-30T11:08:57.905516
WASTE_SPOILED_0335,Insiden dapur: jamur kancing ditemukan tampak bercak kapang kehijauan dan berair pada saat pengecekan lantai kitchen line. Ditemukan oleh staff shift malam saat inspeksi rutin.,SPOILED,2026-09-30T11:08:57.903518
WASTE_OVERCOOKED_0376,Laporan waste: fillet ayam krispi gosong hangus karena api terlalu besar saat batch cooking prasmanan. Ditemukan oleh staff shift pagi saat inspeksi rutin.,OVERCOOKED,2026-09-30T11:08:57.913648
WASTE_SURPLUS_0170,Catatan QC: Sisa porsi sajian sponge cake vanila dari paket promo makan siang meeting korporat masih layak namun tidak terjual. Catatan: perlu cross-check barcode supplier.,SURPLUS,2026-09-30T11:08:57.917719
WASTE_CONTAMINATED_0210,Log limbah: Ditemukan ikan salmon fillet yang terkena cemaran debu kotor akibat pembersihan blower ventilasi di display showcase pastry. Ref: #274.,CONTAMINATED,2026-09-30T11:08:57.908580
WASTE_SURPLUS_0005,Laporan waste: Sisa porsi sajian roti brioche burger dari prasmanan buffet dinner hotel malam hari masih layak namun tidak terjual.,SURPLUS,2026-09-30T11:08:57.916718
WASTE_SURPLUS_0181,Laporan waste: Stok matang sponge cake vanila sisa operasional acara resepsi pernikahan gathering siang di lantai kitchen line.,SURPLUS,2026-09-30T11:08:57.917719
WASTE_EXPIRED_0261,roti brioche burger kadaluwarsa per tanggal kemarin dan harus segera diretur.,EXPIRED,2026-09-30T11:08:57.906583
WASTE_CONTAMINATED_0140,Ditemukan kol kubis manis yang terkena cemaran tetesan darah mentah dari rak atas di rak pantry kering. Catatan: perlu cross-check barcode supplier.,CONTAMINATED,2026-09-30T11:08:57.908580
WASTE_PREP_WASTE_0127,"Limbah potongan kulit kentang, bonggol brokoli, dan tangkai daun bawang terkumpul di area sauce preparation area.",PREP_WASTE,2026-09-30T11:08:57.914644
WASTE_OVERCOOKED_0152,Log limbah: Kondisi masakan steak wagyu tenderloin di display showcase pastry gosong gosong pahit dan bertekstur liat keras. Bobot perkiraan: 13 kg.,OVERCOOKED,2026-09-30T11:08:57.911644
WASTE_OVERCOOKED_0335,steak wagyu tenderloin terlalu lama di panci stock pot kaldu sehingga menghitam pekat karena terlambat diangkat dari fryer. Catatan: perlu cross-check barcode supplier.,OVERCOOKED,2026-09-30T11:08:57.912644
WASTE_SURPLUS_0237,Insiden dapur: Sisa porsi sajian nasi liwet komplet dari prasmanan buffet dinner hotel malam hari masih layak namun tidak terjual. Segera laporkan ke chef on duty untuk tindakan preventif sesuai SOP.,SURPLUS,2026-09-30T11:08:57.917719
WASTE_SURPLUS_0021,Temuan shift pagi: Sisa porsi sajian pasta spaghetti bolognese dari event gala dinner VIP ballroom masih layak namun tidak terjual. Ref: #734.,SURPLUS,2026-09-30T11:08:57.916718
WASTE_CONTAMINATED_0213,Catatan QC: potongan daging wagyu MB7 terkontaminasi helaian rambut staff dan keringat saat proses plating di cold storage utama. Ditemukan oleh staff shift siang saat inspeksi rutin.,CONTAMINATED,2026-09-30T11:08:57.908580
WASTE_EXPIRED_0016,Catatan QC: saus bechamel keju telah melewati tanggal expiry date 2 hari lalu. Segera laporkan ke chef on duty untuk tindakan preventif sesuai SOP.,EXPIRED,2026-09-30T11:08:57.904516
WASTE_CONTAMINATED_0324,Catatan QC: Reject segera daging giling sapi akibat kontak dengan serangga lalat serta kotoran hama di area kerja.,CONTAMINATED,2026-09-30T11:08:57.909580
WASTE_OVERCOOKED_0239,Catatan QC: steak wagyu tenderloin gagal saji karena suhu panci stock pot kaldu berlebih dan menghitam pekat karena terlambat diangkat dari fryer.,OVERCOOKED,2026-09-30T11:08:57.912644
WASTE_SURPLUS_0421,Laporan waste: Overproduction nasi liwet komplet berlebih setelah event gala dinner VIP ballroom. Catatan: perlu cross-check barcode supplier.,SURPLUS,2026-09-30T11:08:57.918718
WASTE_PREP_WASTE_0308,"Temuan shift pagi: Limbah potongan lemak berlebih, urat keras, dan sisa butchery daging sapi terkumpul di area pastry bakery corner. Bobot perkiraan: 6 kg.",PREP_WASTE,2026-09-30T11:08:57.915646
WASTE_CONTAMINATED_0205,Catatan QC: Ditemukan ikan kakap merah yang terkena cemaran serangga lalat serta kotoran hama di area kerja di chiller 1. Catatan: perlu cross-check barcode supplier.,CONTAMINATED,2026-09-30T11:08:57.908580
WASTE_OVERCOOKED_0269,Laporan waste: fillet ayam krispi gagal saji karena suhu charcoal grill station berlebih dan gosong gosong pahit dan bertekstur liat keras.,OVERCOOKED,2026-09-30T11:08:57.912644
WASTE_SPOILED_0339,Catatan QC: Reject potongan daging wagyu MB7: tekstur lembek basah dan berbau apek busuk.,SPOILED,2026-09-30T11:08:57.903518
WASTE_OVERCOOKED_0342,Temuan shift pagi: sponge cake vanila gagal saji karena suhu charcoal grill station berlebih dan gosong gosong pahit dan bertekstur liat keras. Catatan: perlu cross-check barcode supplier.,OVERCOOKED,2026-09-30T11:08:57.912644
WASTE_OVERCOOKED_0209,Laporan waste: sponge cake vanila gagal saji karena suhu salamander heater berlebih dan bagian luar gosong terbakar pahit walau dalam masih mentah. Ref: #680.,OVERCOOKED,2026-09-30T11:08:57.911644
WASTE_SURPLUS_0057,Catatan QC: Sisa porsi sajian nasi liwet komplet dari paket promo makan siang meeting korporat masih layak namun tidak terjual. Ref: #460.,SURPLUS,2026-09-30T11:08:57.916718
WASTE_OVERCOOKED_0139,Kondisi masakan fillet ayam krispi di display showcase pastry hangus berkerak hitam dan berbau sangit pekat. Segera laporkan ke chef on duty untuk tindakan preventif sesuai SOP.,OVERCOOKED,2026-09-30T11:08:57.911644
WASTE_OVERCOOKED_0013,Temuan shift pagi: steak wagyu tenderloin gosong hangus karena api terlalu besar saat batch cooking prasmanan. Segera laporkan ke chef on duty untuk tindakan preventif sesuai SOP.,OVERCOOKED,2026-09-30T11:08:57.910644
WASTE_SURPLUS_0023,Insiden dapur: Stok matang roti brioche burger sisa operasional paket promo makan siang meeting korporat di lantai kitchen line. Ref: #571.,SURPLUS,2026-09-30T11:08:57.916718
WASTE_EXPIRED_0367,Insiden dapur: Reject saus tomat kemasan pouch: telah melewati tanggal expiry date 2 hari lalu saat audit inventory. Bobot perkiraan: 3 kg.,EXPIRED,2026-09-30T11:08:57.907582
WASTE_CONTAMINATED_0168,Catatan QC: BAHAYA FOOD SAFETY: ikan salmon fillet terpapar cipratan cairan pembersih kimia sanitasi lantai saat penggorengan kapasitas besar.,CONTAMINATED,2026-09-30T11:08:57.908580
WASTE_SPOILED_0275,Stok brokoli segar berbau tidak sedap dan mengalami pembusukan parah dan berbau anyir tengik di meja butchery station.,SPOILED,2026-09-30T11:08:57.903518
WASTE_PREP_WASTE_0184,"Temuan shift pagi: lemak berlebih, urat keras, dan sisa butchery daging sapi ditimbang sebagai yield loss di fish butchery station. Ditemukan oleh staff shift pagi saat inspeksi rutin.",PREP_WASTE,2026-09-30T11:08:57.914644
WASTE_EXPIRED_0416,Insiden dapur: Reject saus tiram botol besar: kedaluwarsa 4 hari yang lalu sesuai label kemasan saat audit inventory. Ditemukan oleh staff shift pagi saat inspeksi rutin.,EXPIRED,2026-09-30T11:08:57.907582
WASTE_SPOILED_0102,Temuan audit: Stok paha ayam marinasi berbau tidak sedap dan tekstur lembek basah dan berbau apek busuk di chiller 1.,SPOILED,2026-09-30T11:08:57.902520
WASTE_PREP_WASTE_0450,"Catatan QC: tulang, insang, dan kepala ikan kakap segar ditimbang sebagai yield loss di vegetable cold pantry.",PREP_WASTE,2026-09-30T11:08:57.916718
WASTE_SPOILED_0108,potongan daging wagyu MB7 ditemukan mengalami pembusukan parah dan berbau anyir tengik pada saat pengecekan rak pantry kering. Ditemukan oleh staff shift pagi saat inspeksi rutin.,SPOILED,2026-09-30T11:08:57.902520
WASTE_OVERCOOKED_0161,Temuan shift pagi: saus bechamel keju terlalu lama di deep fryer commercial sehingga terlalu kering mengeras layaknya arang dan tidak layak jual. Ditemukan oleh staff shift pagi saat inspeksi rutin.,OVERCOOKED,2026-09-30T11:08:57.911644
WASTE_SURPLUS_0439,Log limbah: Overproduction kroisan butter almond berlebih setelah paket promo makan siang meeting korporat. Bobot perkiraan: 1 kg.,SURPLUS,2026-09-30T11:08:57.918718
WASTE_OVERCOOKED_0380,Catatan QC: Reject pesanan steak wagyu tenderloin: bagian luar gosong terbakar pahit walau dalam masih mentah di panci stock pot kaldu. Bobot perkiraan: 7 kg.,OVERCOOKED,2026-09-30T11:08:57.913648
WASTE_OVERCOOKED_0241,Log limbah: saus bechamel keju gosong hangus karena api terlalu besar saat prep mise en place siang. Ref: #322.,OVERCOOKED,2026-09-30T11:08:57.912644
WASTE_PREP_WASTE_0368,Insiden dapur: cangkang telur ayam dan sisa kulit bawang bombay ditimbang sebagai yield loss di fish butchery station.,PREP_WASTE,2026-09-30T11:08:57.915646
WASTE_SURPLUS_0313,Catatan QC: Stok matang pasta spaghetti bolognese sisa operasional layanan breakfast buffet penutupan pagi di walk-in freezer. Catatan: perlu cross-check barcode supplier.,SURPLUS,2026-09-30T11:08:57.917719
WASTE_PREP_WASTE_0200,"Log limbah: Sisa organik tulang, insang, dan kepala ikan kakap segar dari proses mise en place signature fish and chips. Bobot perkiraan: 7 kg.",PREP_WASTE,2026-09-30T11:08:57.914644
WASTE_SURPLUS_0209,Temuan audit: Sisa porsi sajian nasi goreng spesial seafood dari paket promo makan siang meeting korporat masih layak namun tidak terjual. Bobot perkiraan: 8 kg.,SURPLUS,2026-09-30T11:08:57.917719
WASTE_OVERCOOKED_0072,Temuan shift pagi: sponge cake vanila gosong hangus karena api terlalu besar saat penggorengan kapasitas besar. Ditemukan oleh staff shift pagi saat inspeksi rutin.,OVERCOOKED,2026-09-30T11:08:57.911644
WASTE_OVERCOOKED_0400,Temuan shift pagi: sponge cake vanila terlalu lama di salamander heater sehingga hangus berkerak hitam dan berbau sangit pekat.,OVERCOOKED,2026-09-30T11:08:57.913648
WASTE_EXPIRED_0263,Temuan audit: sponge cake vanila stempel expired date terlampaui dan tidak boleh disajikan. Ditemukan oleh staff shift pagi saat inspeksi rutin.,EXPIRED,2026-09-30T11:08:57.906583
WASTE_SPOILED_0073,"Laporan waste: Kondisi brokoli segar di meja butchery station sudah mengalami pembusukan parah dan berbau anyir tengik, harus diafkir. Ditemukan oleh staff shift malam saat inspeksi rutin.",SPOILED,2026-09-30T11:08:57.901519
WASTE_SURPLUS_0056,Log limbah: Stok matang puding coklat fla sisa operasional paket promo makan siang meeting korporat di walk-in freezer. Bobot perkiraan: 3 kg.,SURPLUS,2026-09-30T11:08:57.916718
WASTE_SURPLUS_0348,sup buntut kuah rempah 15 porsi sisa layanan breakfast buffet penutupan pagi yang tidak terkonsumsi di chiller holding pass. Ditemukan oleh staff shift pagi saat inspeksi rutin.,SURPLUS,2026-09-30T11:08:57.918718
WASTE_EXPIRED_0032,Catatan QC: Tanggal kedaluwarsa susu UHT full cream di chiller holding pass stempel expired date terlampaui dan tidak boleh disajikan. Catatan: perlu cross-check barcode supplier.,EXPIRED,2026-09-30T11:08:57.904516
WASTE_PREP_WASTE_0142,Sisa organik cangkang telur ayam dan sisa kulit bawang bombay dari proses mise en place sup buntut nusantara. Ref: #996.,PREP_WASTE,2026-09-30T11:08:57.914644
WASTE_OVERCOOKED_0308,Insiden dapur: saus bechamel keju gosong hangus karena api terlalu besar saat prep mise en place siang. Ref: #714.,OVERCOOKED,2026-09-30T11:08:57.912644
WASTE_SURPLUS_0416,Insiden dapur: Overproduction roti brioche burger berlebih setelah paket promo makan siang meeting korporat. Catatan: perlu cross-check barcode supplier.,SURPLUS,2026-09-30T11:08:57.918718
WASTE_CONTAMINATED_0272,Temuan shift pagi: Ditemukan daging steak sirloin yang terkena cemaran serangga lalat serta kotoran hama di area kerja di walk-in freezer. Ditemukan oleh staff shift pagi saat inspeksi rutin.,CONTAMINATED,2026-09-30T11:08:57.909580
WASTE_PREP_WASTE_0407,Limbah potongan remah potongan kulit puff pastry dan tepi adonan roti terkumpul di area vegetable cold pantry. Ref: #164.,PREP_WASTE,2026-09-30T11:08:57.915646
WASTE_OVERCOOKED_0368,Temuan shift pagi: fillet ayam krispi gosong hangus karena api terlalu besar saat service peak hours dinner. Ditemukan oleh staff shift pagi saat inspeksi rutin.,OVERCOOKED,2026-09-30T11:08:57.913648
WASTE_PREP_WASTE_0138,"Temuan audit: Sisa organik kulit wortel, biji paprika, dan ujung timun dari proses mise en place signature fish and chips. Catatan: perlu cross-check barcode supplier.",PREP_WASTE,2026-09-30T11:08:57.914644
WASTE_PREP_WASTE_0001,"Catatan QC: Limbah potongan kulit kentang, bonggol brokoli, dan tangkai daun bawang terkumpul di area pastry bakery corner.",PREP_WASTE,2026-09-30T11:08:57.913648
WASTE_SPOILED_0406,Catatan QC: Reject cumi-cumi segar: mengalami pembusukan parah dan berbau anyir tengik. Bobot perkiraan: 5 kg.,SPOILED,2026-09-30T11:08:57.904516
WASTE_EXPIRED_0308,Laporan waste: roti brioche burger kadaluwarsa per tanggal kemarin dan harus segera diretur.,EXPIRED,2026-09-30T11:08:57.906583
WASTE_OVERCOOKED_0242,fillet ayam krispi terlalu lama di charcoal grill station sehingga gosong gosong pahit dan bertekstur liat keras. Segera laporkan ke chef on duty untuk tindakan preventif sesuai SOP.,OVERCOOKED,2026-09-30T11:08:57.912644
WASTE_PREP_WASTE_0291,"Laporan waste: kulit kentang, bonggol brokoli, dan tangkai daun bawang ditimbang sebagai yield loss di hot kitchen production pass. Ditemukan oleh staff shift pagi saat inspeksi rutin.",PREP_WASTE,2026-09-30T11:08:57.915646
WASTE_OVERCOOKED_0238,Temuan audit: fillet ayam krispi gosong hangus karena api terlalu besar saat penggorengan kapasitas besar. Segera laporkan ke chef on duty untuk tindakan preventif sesuai SOP.,OVERCOOKED,2026-09-30T11:08:57.912644
WASTE_SPOILED_0098,Temuan audit: Reject wortel impor: berwarna kehitaman dan lembek hancur. Catatan: perlu cross-check barcode supplier.,SPOILED,2026-09-30T11:08:57.901519
WASTE_CONTAMINATED_0434,Catatan QC: BAHAYA FOOD SAFETY: daging giling sapi terpapar cipratan cairan pembersih kimia sanitasi lantai saat plating order express. Bobot perkiraan: 12 kg.,CONTAMINATED,2026-09-30T11:08:57.910644
WASTE_PREP_WASTE_0349,Limbah potongan remah potongan kulit puff pastry dan tepi adonan roti terkumpul di area sauce preparation area. Segera laporkan ke chef on duty untuk tindakan preventif sesuai SOP.,PREP_WASTE,2026-09-30T11:08:57.915646
WASTE_EXPIRED_0294,Temuan audit: Ditemukan kroisan butter almond yang telah telah melewati tanggal expiry date 2 hari lalu. Ref: #744.,EXPIRED,2026-09-30T11:08:57.906583
WASTE_EXPIRED_0357,Temuan audit: Ditemukan susu UHT full cream yang telah sudah lewat batas best before sejak minggu kemarin.,EXPIRED,2026-09-30T11:08:57.907582
WASTE_SURPLUS_0248,Temuan audit: sponge cake vanila berlebih pada display chiller 1 karena proyeksi tamu meleset. Bobot perkiraan: 9 kg.,SURPLUS,2026-09-30T11:08:57.917719
WASTE_OVERCOOKED_0189,Temuan audit: Kondisi masakan fillet ayam krispi di chiller 1 hangus berkerak hitam dan berbau sangit pekat. Segera laporkan ke chef on duty untuk tindakan preventif sesuai SOP.,OVERCOOKED,2026-09-30T11:08:57.911644
WASTE_SURPLUS_0001,nasi goreng spesial seafood berlebih pada display rak pantry kering karena proyeksi tamu meleset. Ref: #529.,SURPLUS,2026-09-30T11:08:57.916718
WASTE_OVERCOOKED_0323,Temuan shift pagi: Reject pesanan saus bechamel keju: terlalu kering mengeras layaknya arang dan tidak layak jual di wajan wok burner.,OVERCOOKED,2026-09-30T11:08:57.912644
WASTE_PREP_WASTE_0299,Log limbah: cangkang telur ayam dan sisa kulit bawang bombay hasil proses persiapan di vegetable cold pantry. Ref: #122.,PREP_WASTE,2026-09-30T11:08:57.915646
WASTE_SPOILED_0149,Laporan waste: cumi-cumi segar tampak bercak kapang kehijauan dan berair di rak pantry kering. Ditemukan oleh staff shift pagi saat inspeksi rutin.,SPOILED,2026-09-30T11:08:57.902520
WASTE_PREP_WASTE_0391,"Temuan shift pagi: kulit kentang, bonggol brokoli, dan tangkai daun bawang hasil proses persiapan di vegetable cold pantry. Ref: #955.",PREP_WASTE,2026-09-30T11:08:57.915646
WASTE_OVERCOOKED_0326,Insiden dapur: saus bechamel keju gagal saji karena suhu deck oven baking berlebih dan menghitam pekat karena terlambat diangkat dari fryer. Catatan: perlu cross-check barcode supplier.,OVERCOOKED,2026-09-30T11:08:57.912644
WASTE_OVERCOOKED_0195,fillet ayam krispi gosong hangus karena api terlalu besar saat penggorengan kapasitas besar. Ref: #957.,OVERCOOKED,2026-09-30T11:08:57.911644
WASTE_PREP_WASTE_0403,Catatan QC: Sisa penyiangan cangkang telur ayam dan sisa kulit bawang bombay pada persiapan shift pagi di pastry bakery corner. Segera laporkan ke chef on duty untuk tindakan preventif sesuai SOP.,PREP_WASTE,2026-09-30T11:08:57.915646
WASTE_EXPIRED_0243,Log limbah: Reject mayonnaise dressing: sudah lewat batas best before sejak minggu kemarin saat audit inventory. Ditemukan oleh staff shift malam saat inspeksi rutin.,EXPIRED,2026-09-30T11:08:57.906583
WASTE_EXPIRED_0369,Insiden dapur: Ditemukan kroisan butter almond yang telah melewati masa simpan maksimum gudang penyimpanan. Ref: #396.,EXPIRED,2026-09-30T11:08:57.907582
WASTE_OVERCOOKED_0037,Laporan waste: Reject pesanan roti baguette: bagian luar gosong terbakar pahit walau dalam masih mentah di wajan wok burner.,OVERCOOKED,2026-09-30T11:08:57.910644
WASTE_PREP_WASTE_0251,Laporan waste: Limbah potongan cangkang telur ayam dan sisa kulit bawang bombay terkumpul di area pastry bakery corner.,PREP_WASTE,2026-09-30T11:08:57.915646
WASTE_OVERCOOKED_0332,Laporan waste: saus bechamel keju gagal saji karena suhu deep fryer commercial berlebih dan gosong gosong pahit dan bertekstur liat keras. Catatan: perlu cross-check barcode supplier.,OVERCOOKED,2026-09-30T11:08:57.912644
WASTE_SURPLUS_0287,Catatan QC: puding coklat fla berlebih pada display walk-in freezer karena proyeksi tamu meleset. Ref: #272.,SURPLUS,2026-09-30T11:08:57.917719
WASTE_EXPIRED_0252,Reject roti brioche burger: kedaluwarsa 4 hari yang lalu sesuai label kemasan saat audit inventory. Ref: #761.,EXPIRED,2026-09-30T11:08:57.906583
WASTE_SURPLUS_0143,Catatan QC: Stok matang pasta spaghetti bolognese sisa operasional event gala dinner VIP ballroom di chiller 1. Ref: #686.,SURPLUS,2026-09-30T11:08:57.916718
WASTE_CONTAMINATED_0022,Laporan waste: udang windu kupas terkontaminasi serangga lalat serta kotoran hama di area kerja di lantai kitchen line. Ref: #508.,CONTAMINATED,2026-09-30T11:08:57.907582
WASTE_CONTAMINATED_0006,Catatan QC: Reject segera ikan salmon fillet akibat kontak dengan serangga lalat serta kotoran hama di area kerja. Segera laporkan ke chef on duty untuk tindakan preventif sesuai SOP.,CONTAMINATED,2026-09-30T11:08:57.907582
WASTE_EXPIRED_0005,Temuan audit: Reject saus bechamel keju: kadaluwarsa per tanggal kemarin dan harus segera diretur saat audit inventory. Ref: #253.,EXPIRED,2026-09-30T11:08:57.904516
WASTE_OVERCOOKED_0383,Insiden dapur: Reject pesanan roti baguette: menghitam pekat karena terlambat diangkat dari fryer di charcoal grill station. Catatan: perlu cross-check barcode supplier.,OVERCOOKED,2026-09-30T11:08:57.913648
WASTE_SURPLUS_0039,Insiden dapur: kroisan butter almond sisa event gala dinner VIP ballroom yang tidak terkonsumsi di walk-in freezer.,SURPLUS,2026-09-30T11:08:57.916718
WASTE_OVERCOOKED_0083,Catatan QC: sponge cake vanila gosong hangus karena api terlalu besar saat plating order express. Ref: #720.,OVERCOOKED,2026-09-30T11:08:57.911644
WASTE_SPOILED_0168,Temuan audit: daging giling sapi ditemukan terlihat jamur putih dan berbau asam pada saat pengecekan chiller holding pass. Bobot perkiraan: 2 kg.,SPOILED,2026-09-30T11:08:57.902520
WASTE_EXPIRED_0281,sponge cake vanila telah melewati tanggal expiry date 2 hari lalu. Ditemukan oleh staff shift siang saat inspeksi rutin.,EXPIRED,2026-09-30T11:08:57.906583
WASTE_PREP_WASTE_0043,"Limbah potongan kulit kentang, bonggol brokoli, dan tangkai daun bawang terkumpul di area meat prep station. Segera laporkan ke chef on duty untuk tindakan preventif sesuai SOP.",PREP_WASTE,2026-09-30T11:08:57.913648
WASTE_CONTAMINATED_0411,ikan kakap merah terkontaminasi pecahan kaca dari gelas pecah di line prep di display showcase pastry. Bobot perkiraan: 1 kg.,CONTAMINATED,2026-09-30T11:08:57.910644
WASTE_SPOILED_0027,brokoli segar tekstur lembek basah dan berbau apek busuk di lantai kitchen line. Ref: #919.,SPOILED,2026-09-30T11:08:57.901519
WASTE_PREP_WASTE_0130,Temuan audit: cangkang telur ayam dan sisa kulit bawang bombay hasil proses persiapan di sauce preparation area. Bobot perkiraan: 5 kg.,PREP_WASTE,2026-09-30T11:08:57.914644
WASTE_PREP_WASTE_0225,Catatan QC: Limbah potongan cangkang telur ayam dan sisa kulit bawang bombay terkumpul di area fish butchery station. Bobot perkiraan: 7 kg.,PREP_WASTE,2026-09-30T11:08:57.914644
WASTE_SURPLUS_0446,Sisa porsi sajian pasta spaghetti bolognese dari event gala dinner VIP ballroom masih layak namun tidak terjual. Catatan: perlu cross-check barcode supplier.,SURPLUS,2026-09-30T11:08:57.918718
WASTE_CONTAMINATED_0098,Temuan shift pagi: potongan daging wagyu MB7 jatuh langsung ke display showcase pastry dan terkena helaian rambut staff dan keringat saat proses plating. Bobot perkiraan: 9 kg.,CONTAMINATED,2026-09-30T11:08:57.908580
WASTE_CONTAMINATED_0277,daun selada iceberg terkontaminasi serangga lalat serta kotoran hama di area kerja di chiller holding pass.,CONTAMINATED,2026-09-30T11:08:57.909580
WASTE_CONTAMINATED_0141,Log limbah: BAHAYA FOOD SAFETY: ikan salmon fillet terpapar helaian rambut staff dan keringat saat proses plating saat batch cooking prasmanan. Ditemukan oleh staff shift siang saat inspeksi rutin.,CONTAMINATED,2026-09-30T11:08:57.908580
WASTE_PREP_WASTE_0095,remah potongan kulit puff pastry dan tepi adonan roti hasil proses persiapan di vegetable cold pantry.,PREP_WASTE,2026-09-30T11:08:57.914644
WASTE_PREP_WASTE_0081,"Temuan audit: Limbah potongan lemak berlebih, urat keras, dan sisa butchery daging sapi terkumpul di area pastry bakery corner. Bobot perkiraan: 11 kg.",PREP_WASTE,2026-09-30T11:08:57.914644
WASTE_PREP_WASTE_0328,Laporan waste: Sisa penyiangan remah potongan kulit puff pastry dan tepi adonan roti pada persiapan shift pagi di fish butchery station. Catatan: perlu cross-check barcode supplier.,PREP_WASTE,2026-09-30T11:08:57.915646
WASTE_OVERCOOKED_0030,steak wagyu tenderloin gosong hangus karena api terlalu besar saat plating order express. Ref: #733.,OVERCOOKED,2026-09-30T11:08:57.910644
WASTE_SPOILED_0042,"Kondisi jamur kancing di cold storage utama sudah keluar lendir lengket serta berbau busuk menyengat, harus diafkir.",SPOILED,2026-09-30T11:08:57.901519
WASTE_OVERCOOKED_0103,Temuan audit: Reject pesanan sponge cake vanila: hangus berkerak hitam dan berbau sangit pekat di salamander heater.,OVERCOOKED,2026-09-30T11:08:57.911644
WASTE_SURPLUS_0417,Sisa porsi sajian sponge cake vanila dari paket promo makan siang meeting korporat masih layak namun tidak terjual.,SURPLUS,2026-09-30T11:08:57.918718
WASTE_PREP_WASTE_0188,"Catatan QC: Sisa penyiangan kulit wortel, biji paprika, dan ujung timun pada persiapan shift pagi di sauce preparation area. Ditemukan oleh staff shift pagi saat inspeksi rutin.",PREP_WASTE,2026-09-30T11:08:57.914644
WASTE_PREP_WASTE_0071,Temuan shift pagi: remah potongan kulit puff pastry dan tepi adonan roti ditimbang sebagai yield loss di sauce preparation area. Catatan: perlu cross-check barcode supplier.,PREP_WASTE,2026-09-30T11:08:57.914644
WASTE_OVERCOOKED_0118,Insiden dapur: roti baguette gagal saji karena suhu salamander heater berlebih dan terlalu kering mengeras layaknya arang dan tidak layak jual. Ref: #397.,OVERCOOKED,2026-09-30T11:08:57.911644
WASTE_EXPIRED_0160,Temuan audit: Tanggal kedaluwarsa kroisan butter almond di cold storage utama melewati masa simpan maksimum gudang penyimpanan.,EXPIRED,2026-09-30T11:08:57.905516
WASTE_CONTAMINATED_0233,Insiden dapur: ikan salmon fillet terkontaminasi pecahan kaca dari gelas pecah di line prep di display showcase pastry.,CONTAMINATED,2026-09-30T11:08:57.909580
WASTE_SPOILED_0029,Laporan waste: cumi-cumi segar ditemukan keluar lendir lengket serta berbau busuk menyengat pada saat pengecekan chiller 1.,SPOILED,2026-09-30T11:08:57.901519
WASTE_SPOILED_0442,Catatan QC: Reject daging steak sirloin: tekstur lembek basah dan berbau apek busuk. Catatan: perlu cross-check barcode supplier.,SPOILED,2026-09-30T11:08:57.904516
WASTE_OVERCOOKED_0231,Catatan QC: fillet ayam krispi gosong hangus karena api terlalu besar saat batch cooking prasmanan. Ditemukan oleh staff shift siang saat inspeksi rutin.,OVERCOOKED,2026-09-30T11:08:57.911644
WASTE_SURPLUS_0238,Log limbah: Sisa porsi sajian kroisan butter almond dari acara resepsi pernikahan gathering siang masih layak namun tidak terjual. Ref: #698.,SURPLUS,2026-09-30T11:08:57.917719
WASTE_EXPIRED_0044,Temuan shift pagi: Ditemukan mayonnaise dressing yang telah stempel expired date terlampaui dan tidak boleh disajikan. Ref: #472.,EXPIRED,2026-09-30T11:08:57.904516
WASTE_CONTAMINATED_0359,BAHAYA FOOD SAFETY: daun selada iceberg terpapar tetesan darah mentah dari rak atas saat service peak hours dinner. Bobot perkiraan: 3 kg.,CONTAMINATED,2026-09-30T11:08:57.910644
WASTE_CONTAMINATED_0402,Log limbah: cumi-cumi segar terkontaminasi tetesan darah mentah dari rak atas di lantai kitchen line. Catatan: perlu cross-check barcode supplier.,CONTAMINATED,2026-09-30T11:08:57.910644
WASTE_PREP_WASTE_0325,"Laporan waste: Sisa organik kulit wortel, biji paprika, dan ujung timun dari proses mise en place sup buntut nusantara. Ref: #634.",PREP_WASTE,2026-09-30T11:08:57.915646
WASTE_OVERCOOKED_0033,Catatan QC: roti baguette terlalu lama di panci stock pot kaldu sehingga menghitam pekat karena terlambat diangkat dari fryer.,OVERCOOKED,2026-09-30T11:08:57.910644
WASTE_CONTAMINATED_0405,Temuan shift pagi: udang windu kupas jatuh langsung ke cold storage utama dan terkena helaian rambut staff dan keringat saat proses plating. Ref: #772.,CONTAMINATED,2026-09-30T11:08:57.910644
WASTE_SPOILED_0237,Temuan shift pagi: Reject ikan salmon fillet: berwarna kehitaman dan lembek hancur. Ref: #141.,SPOILED,2026-09-30T11:08:57.903518
WASTE_EXPIRED_0102,Ditemukan sponge cake vanila yang telah kedaluwarsa 4 hari yang lalu sesuai label kemasan. Ref: #270.,EXPIRED,2026-09-30T11:08:57.904516
WASTE_EXPIRED_0071,Insiden dapur: Tanggal kedaluwarsa roti brioche burger di cold storage utama telah melewati tanggal expiry date 2 hari lalu.,EXPIRED,2026-09-30T11:08:57.904516
WASTE_PREP_WASTE_0140,"Temuan audit: Limbah potongan kulit kentang, bonggol brokoli, dan tangkai daun bawang terkumpul di area sauce preparation area. Bobot perkiraan: 14 kg.",PREP_WASTE,2026-09-30T11:08:57.914644
WASTE_CONTAMINATED_0333,paha ayam marinasi jatuh langsung ke walk-in freezer dan terkena tetesan darah mentah dari rak atas.,CONTAMINATED,2026-09-30T11:08:57.909580
WASTE_CONTAMINATED_0239,Catatan QC: BAHAYA FOOD SAFETY: udang windu kupas terpapar cipratan cairan pembersih kimia sanitasi lantai saat batch cooking prasmanan. Ref: #398.,CONTAMINATED,2026-09-30T11:08:57.909580
WASTE_EXPIRED_0271,Insiden dapur: Reject saus tiram botol besar: kedaluwarsa 4 hari yang lalu sesuai label kemasan saat audit inventory.,EXPIRED,2026-09-30T11:08:57.906583
WASTE_EXPIRED_0286,Catatan QC: puding coklat fla pada rak cold storage utama sudah kadaluwarsa per tanggal kemarin dan harus segera diretur. Segera laporkan ke chef on duty untuk tindakan preventif sesuai SOP.,EXPIRED,2026-09-30T11:08:57.906583
WASTE_SURPLUS_0140,Catatan QC: Sisa porsi sajian kroisan butter almond dari layanan breakfast buffet penutupan pagi masih layak namun tidak terjual. Ref: #749.,SURPLUS,2026-09-30T11:08:57.916718
WASTE_SPOILED_0059,ikan kakap merah mengalami pembusukan parah dan berbau anyir tengik di rak pantry kering. Segera laporkan ke chef on duty untuk tindakan preventif sesuai SOP.,SPOILED,2026-09-30T11:08:57.901519
WASTE_EXPIRED_0182,saus tomat kemasan pouch telah melewati tanggal expiry date 2 hari lalu. Bobot perkiraan: 12 kg.,EXPIRED,2026-09-30T11:08:57.905516
WASTE_CONTAMINATED_0282,Insiden dapur: Reject segera daging giling sapi akibat kontak dengan tetesan darah mentah dari rak atas. Catatan: perlu cross-check barcode supplier.,CONTAMINATED,2026-09-30T11:08:57.909580
WASTE_PREP_WASTE_0118,cangkang telur ayam dan sisa kulit bawang bombay hasil proses persiapan di pastry bakery corner. Catatan: perlu cross-check barcode supplier.,PREP_WASTE,2026-09-30T11:08:57.914644
WASTE_EXPIRED_0143,Tanggal kedaluwarsa puding coklat fla di rak pantry kering stempel expired date terlampaui dan tidak boleh disajikan. Segera laporkan ke chef on duty untuk tindakan preventif sesuai SOP.,EXPIRED,2026-09-30T11:08:57.905516
WASTE_CONTAMINATED_0404,Insiden dapur: Ditemukan daun selada iceberg yang terkena cemaran debu kotor akibat pembersihan blower ventilasi di lantai kitchen line. Ditemukan oleh staff shift pagi saat inspeksi rutin.,CONTAMINATED,2026-09-30T11:08:57.910644
WASTE_OVERCOOKED_0038,Reject pesanan sponge cake vanila: gosong gosong pahit dan bertekstur liat keras di wajan wok burner. Catatan: perlu cross-check barcode supplier.,OVERCOOKED,2026-09-30T11:08:57.910644
WASTE_SURPLUS_0108,Log limbah: Overproduction puding coklat fla berlebih setelah acara resepsi pernikahan gathering siang. Ditemukan oleh staff shift pagi saat inspeksi rutin.,SURPLUS,2026-09-30T11:08:57.916718
WASTE_CONTAMINATED_0040,Catatan QC: wortel impor terkontaminasi pecahan kaca dari gelas pecah di line prep di walk-in freezer.,CONTAMINATED,2026-09-30T11:08:57.907582
WASTE_SURPLUS_0266,Insiden dapur: kroisan butter almond sisa layanan breakfast buffet penutupan pagi yang tidak terkonsumsi di rak pantry kering.,SURPLUS,2026-09-30T11:08:57.917719
WASTE_CONTAMINATED_0350,Laporan waste: Reject segera udang windu kupas akibat kontak dengan cipratan cairan pembersih kimia sanitasi lantai. Ref: #320.,CONTAMINATED,2026-09-30T11:08:57.910644
WASTE_CONTAMINATED_0005,Ditemukan potongan daging wagyu MB7 yang terkena cemaran tetesan darah mentah dari rak atas di rak pantry kering. Segera laporkan ke chef on duty untuk tindakan preventif sesuai SOP.,CONTAMINATED,2026-09-30T11:08:57.907582
WASTE_CONTAMINATED_0380,Temuan shift pagi: BAHAYA FOOD SAFETY: wortel impor terpapar tetesan darah mentah dari rak atas saat penggorengan kapasitas besar.,CONTAMINATED,2026-09-30T11:08:57.910644
WASTE_SURPLUS_0276,Insiden dapur: sup buntut kuah rempah 15 porsi berlebih pada display chiller holding pass karena proyeksi tamu meleset. Segera laporkan ke chef on duty untuk tindakan preventif sesuai SOP.,SURPLUS,2026-09-30T11:08:57.917719
WASTE_SURPLUS_0342,Log limbah: Sisa porsi sajian kroisan butter almond dari prasmanan buffet dinner hotel malam hari masih layak namun tidak terjual. Catatan: perlu cross-check barcode supplier.,SURPLUS,2026-09-30T11:08:57.918718
WASTE_PREP_WASTE_0002,Log limbah: cangkang telur ayam dan sisa kulit bawang bombay hasil proses persiapan di sauce preparation area.,PREP_WASTE,2026-09-30T11:08:57.913648
WASTE_SURPLUS_0268,nasi goreng spesial seafood sisa layanan breakfast buffet penutupan pagi yang tidak terkonsumsi di meja butchery station. Ref: #730.,SURPLUS,2026-09-30T11:08:57.917719
WASTE_CONTAMINATED_0243,Catatan QC: jamur kancing jatuh langsung ke lantai kitchen line dan terkena serangga lalat serta kotoran hama di area kerja.,CONTAMINATED,2026-09-30T11:08:57.909580
WASTE_PREP_WASTE_0341,Temuan audit: remah potongan kulit puff pastry dan tepi adonan roti hasil proses persiapan di fish butchery station. Ditemukan oleh staff shift pagi saat inspeksi rutin.,PREP_WASTE,2026-09-30T11:08:57.915646
WASTE_EXPIRED_0257,Temuan audit: saus tomat kemasan pouch sudah lewat batas best before sejak minggu kemarin. Segera laporkan ke chef on duty untuk tindakan preventif sesuai SOP.,EXPIRED,2026-09-30T11:08:57.906583
WASTE_PREP_WASTE_0143,"Laporan waste: Sisa penyiangan kulit wortel, biji paprika, dan ujung timun pada persiapan shift pagi di fish butchery station. Bobot perkiraan: 6 kg.",PREP_WASTE,2026-09-30T11:08:57.914644
WASTE_CONTAMINATED_0123,Temuan shift pagi: kol kubis manis jatuh langsung ke cold storage utama dan terkena debu kotor akibat pembersihan blower ventilasi.,CONTAMINATED,2026-09-30T11:08:57.908580
WASTE_EXPIRED_0296,Temuan audit: Tanggal kedaluwarsa keju mozarella impor di display showcase pastry kadaluwarsa per tanggal kemarin dan harus segera diretur. Bobot perkiraan: 2 kg.,EXPIRED,2026-09-30T11:08:57.906583
WASTE_PREP_WASTE_0317,"Laporan waste: Sisa organik tulang, insang, dan kepala ikan kakap segar dari proses mise en place sup buntut nusantara.",PREP_WASTE,2026-09-30T11:08:57.915646
WASTE_OVERCOOKED_0446,Temuan audit: fillet ayam krispi terlalu lama di salamander heater sehingga gosong gosong pahit dan bertekstur liat keras. Ref: #349.,OVERCOOKED,2026-09-30T11:08:57.913648
WASTE_EXPIRED_0064,Reject saus tiram botol besar: kadaluwarsa per tanggal kemarin dan harus segera diretur saat audit inventory. Ref: #826.,EXPIRED,2026-09-30T11:08:57.904516
WASTE_SPOILED_0082,"Kondisi jamur kancing di rak pantry kering sudah terlihat jamur putih dan berbau asam, harus diafkir. Segera laporkan ke chef on duty untuk tindakan preventif sesuai SOP.",SPOILED,2026-09-30T11:08:57.901519
WASTE_SURPLUS_0148,pasta spaghetti bolognese sisa prasmanan buffet dinner hotel malam hari yang tidak terkonsumsi di display showcase pastry.,SURPLUS,2026-09-30T11:08:57.916718
WASTE_CONTAMINATED_0409,Reject segera kol kubis manis akibat kontak dengan helaian rambut staff dan keringat saat proses plating. Ref: #222.,CONTAMINATED,2026-09-30T11:08:57.910644
WASTE_CONTAMINATED_0015,potongan daging wagyu MB7 jatuh langsung ke meja butchery station dan terkena helaian rambut staff dan keringat saat proses plating. Ref: #215.,CONTAMINATED,2026-09-30T11:08:57.907582
WASTE_OVERCOOKED_0055,Kondisi masakan sponge cake vanila di rak pantry kering bagian luar gosong terbakar pahit walau dalam masih mentah. Catatan: perlu cross-check barcode supplier.,OVERCOOKED,2026-09-30T11:08:57.910644
WASTE_SURPLUS_0281,Overproduction sponge cake vanila berlebih setelah layanan breakfast buffet penutupan pagi. Ditemukan oleh staff shift malam saat inspeksi rutin.,SURPLUS,2026-09-30T11:08:57.917719
WASTE_CONTAMINATED_0209,ikan salmon fillet jatuh langsung ke walk-in freezer dan terkena serangga lalat serta kotoran hama di area kerja.,CONTAMINATED,2026-09-30T11:08:57.908580
WASTE_SPOILED_0151,Laporan waste: ikan salmon fillet ditemukan berwarna kehitaman dan lembek hancur pada saat pengecekan cold storage utama. Catatan: perlu cross-check barcode supplier.,SPOILED,2026-09-30T11:08:57.902520
WASTE_EXPIRED_0325,Catatan QC: keju mozarella impor kadaluwarsa per tanggal kemarin dan harus segera diretur. Bobot perkiraan: 8 kg.,EXPIRED,2026-09-30T11:08:57.906583
WASTE_SPOILED_0330,Laporan waste: wortel impor mengalami pembusukan parah dan berbau anyir tengik di chiller 1.,SPOILED,2026-09-30T11:08:57.903518
WASTE_SPOILED_0007,Temuan shift pagi: Stok daun selada iceberg berbau tidak sedap dan keluar lendir lengket serta berbau busuk menyengat di cold storage utama. Ditemukan oleh staff shift pagi saat inspeksi rutin.,SPOILED,2026-09-30T11:08:57.901519
WASTE_CONTAMINATED_0044,Laporan waste: jamur kancing jatuh langsung ke display showcase pastry dan terkena helaian rambut staff dan keringat saat proses plating. Bobot perkiraan: 8 kg.,CONTAMINATED,2026-09-30T11:08:57.907582
WASTE_PREP_WASTE_0060,"Insiden dapur: tulang, insang, dan kepala ikan kakap segar hasil proses persiapan di hot kitchen production pass. Segera laporkan ke chef on duty untuk tindakan preventif sesuai SOP.",PREP_WASTE,2026-09-30T11:08:57.914644
WASTE_EXPIRED_0285,Catatan QC: Tanggal kedaluwarsa mayonnaise dressing di chiller 1 melewati masa simpan maksimum gudang penyimpanan. Catatan: perlu cross-check barcode supplier.,EXPIRED,2026-09-30T11:08:57.906583
WASTE_CONTAMINATED_0010,Catatan QC: Reject segera daging giling sapi akibat kontak dengan tetesan darah mentah dari rak atas. Ref: #827.,CONTAMINATED,2026-09-30T11:08:57.907582
WASTE_EXPIRED_0019,Laporan waste: Tanggal kedaluwarsa kroisan butter almond di chiller 1 kadaluwarsa per tanggal kemarin dan harus segera diretur. Bobot perkiraan: 12 kg.,EXPIRED,2026-09-30T11:08:57.904516
WASTE_SPOILED_0182,Laporan waste: Stok wortel impor berbau tidak sedap dan keluar lendir lengket serta berbau busuk menyengat di lantai kitchen line. Ditemukan oleh staff shift pagi saat inspeksi rutin.,SPOILED,2026-09-30T11:08:57.902520
WASTE_SPOILED_0165,Log limbah: paha ayam marinasi tampak bercak kapang kehijauan dan berair di chiller 1. Segera laporkan ke chef on duty untuk tindakan preventif sesuai SOP.,SPOILED,2026-09-30T11:08:57.902520
WASTE_EXPIRED_0002,Log limbah: Reject saus tomat kemasan pouch: melewati masa simpan maksimum gudang penyimpanan saat audit inventory. Segera laporkan ke chef on duty untuk tindakan preventif sesuai SOP.,EXPIRED,2026-09-30T11:08:57.904516
WASTE_EXPIRED_0041,Log limbah: mayonnaise dressing pada rak rak pantry kering sudah telah melewati tanggal expiry date 2 hari lalu. Bobot perkiraan: 13 kg.,EXPIRED,2026-09-30T11:08:57.904516
WASTE_OVERCOOKED_0435,Catatan QC: roti baguette gagal saji karena suhu salamander heater berlebih dan hangus berkerak hitam dan berbau sangit pekat.,OVERCOOKED,2026-09-30T11:08:57.913648
WASTE_CONTAMINATED_0244,wortel impor jatuh langsung ke chiller holding pass dan terkena cipratan cairan pembersih kimia sanitasi lantai.,CONTAMINATED,2026-09-30T11:08:57.909580
WASTE_CONTAMINATED_0412,Insiden dapur: daun selada iceberg terkontaminasi cipratan cairan pembersih kimia sanitasi lantai di chiller 1.,CONTAMINATED,2026-09-30T11:08:57.910644
WASTE_PREP_WASTE_0179,"Catatan QC: Sisa penyiangan tulang, insang, dan kepala ikan kakap segar pada persiapan shift pagi di fish butchery station. Ditemukan oleh staff shift siang saat inspeksi rutin.",PREP_WASTE,2026-09-30T11:08:57.914644
WASTE_CONTAMINATED_0212,BAHAYA FOOD SAFETY: ikan kakap merah terpapar pecahan kaca dari gelas pecah di line prep saat prep mise en place siang. Catatan: perlu cross-check barcode supplier.,CONTAMINATED,2026-09-30T11:08:57.908580
WASTE_SURPLUS_0324,Temuan audit: Stok matang nasi goreng spesial seafood sisa operasional acara resepsi pernikahan gathering siang di lantai kitchen line. Ditemukan oleh staff shift siang saat inspeksi rutin.,SURPLUS,2026-09-30T11:08:57.917719
WASTE_OVERCOOKED_0092,Log limbah: Reject pesanan sponge cake vanila: terlalu kering mengeras layaknya arang dan tidak layak jual di charcoal grill station. Ref: #595.,OVERCOOKED,2026-09-30T11:08:57.911644
WASTE_OVERCOOKED_0184,Log limbah: saus bechamel keju gagal saji karena suhu charcoal grill station berlebih dan gosong gosong pahit dan bertekstur liat keras. Catatan: perlu cross-check barcode supplier.,OVERCOOKED,2026-09-30T11:08:57.911644
WASTE_SURPLUS_0239,Laporan waste: nasi goreng spesial seafood sisa paket promo makan siang meeting korporat yang tidak terkonsumsi di lantai kitchen line. Bobot perkiraan: 11 kg.,SURPLUS,2026-09-30T11:08:57.917719
WASTE_PREP_WASTE_0198,Temuan audit: remah potongan kulit puff pastry dan tepi adonan roti hasil proses persiapan di hot kitchen production pass. Ref: #517.,PREP_WASTE,2026-09-30T11:08:57.914644
WASTE_OVERCOOKED_0377,Catatan QC: Kondisi masakan roti baguette di display showcase pastry gosong gosong pahit dan bertekstur liat keras. Segera laporkan ke chef on duty untuk tindakan preventif sesuai SOP.,OVERCOOKED,2026-09-30T11:08:57.913648
WASTE_OVERCOOKED_0417,Insiden dapur: sponge cake vanila terlalu lama di salamander heater sehingga menghitam pekat karena terlambat diangkat dari fryer. Catatan: perlu cross-check barcode supplier.,OVERCOOKED,2026-09-30T11:08:57.913648
WASTE_PREP_WASTE_0358,Sisa organik cangkang telur ayam dan sisa kulit bawang bombay dari proses mise en place beef stew tenderloin. Ref: #264.,PREP_WASTE,2026-09-30T11:08:57.915646
WASTE_PREP_WASTE_0221,"Temuan audit: Sisa organik tulang, insang, dan kepala ikan kakap segar dari proses mise en place cream soup mushroom. Catatan: perlu cross-check barcode supplier.",PREP_WASTE,2026-09-30T11:08:57.914644
WASTE_SURPLUS_0413,Insiden dapur: Overproduction nasi goreng spesial seafood berlebih setelah event gala dinner VIP ballroom. Ref: #238.,SURPLUS,2026-09-30T11:08:57.918718
WASTE_SPOILED_0328,Catatan QC: fillet dada ayam tampak bercak kapang kehijauan dan berair di chiller holding pass. Ref: #451.,SPOILED,2026-09-30T11:08:57.903518
WASTE_SPOILED_0443,Temuan shift pagi: udang windu kupas tekstur lembek basah dan berbau apek busuk di meja butchery station. Segera laporkan ke chef on duty untuk tindakan preventif sesuai SOP.,SPOILED,2026-09-30T11:08:57.904516
WASTE_PREP_WASTE_0058,Log limbah: cangkang telur ayam dan sisa kulit bawang bombay ditimbang sebagai yield loss di meat prep station.,PREP_WASTE,2026-09-30T11:08:57.913648
WASTE_OVERCOOKED_0262,Temuan audit: fillet ayam krispi gagal saji karena suhu deep fryer commercial berlebih dan bagian luar gosong terbakar pahit walau dalam masih mentah. Bobot perkiraan: 1 kg.,OVERCOOKED,2026-09-30T11:08:57.912644
WASTE_EXPIRED_0383,Log limbah: Ditemukan puding coklat fla yang telah kadaluwarsa per tanggal kemarin dan harus segera diretur. Bobot perkiraan: 6 kg.,EXPIRED,2026-09-30T11:08:57.907582
WASTE_PREP_WASTE_0334,"Temuan shift pagi: Limbah potongan kulit wortel, biji paprika, dan ujung timun terkumpul di area vegetable cold pantry. Segera laporkan ke chef on duty untuk tindakan preventif sesuai SOP.",PREP_WASTE,2026-09-30T11:08:57.915646
WASTE_SURPLUS_0154,Log limbah: Sisa porsi sajian nasi liwet komplet dari acara resepsi pernikahan gathering siang masih layak namun tidak terjual. Ref: #710.,SURPLUS,2026-09-30T11:08:57.917719
WASTE_OVERCOOKED_0065,Insiden dapur: roti baguette gagal saji karena suhu deep fryer commercial berlebih dan bagian luar gosong terbakar pahit walau dalam masih mentah. Ditemukan oleh staff shift siang saat inspeksi rutin.,OVERCOOKED,2026-09-30T11:08:57.911644
WASTE_CONTAMINATED_0302,Log limbah: BAHAYA FOOD SAFETY: wortel impor terpapar pecahan kaca dari gelas pecah di line prep saat penggorengan kapasitas besar. Ref: #991.,CONTAMINATED,2026-09-30T11:08:57.909580
WASTE_OVERCOOKED_0150,Catatan QC: steak wagyu tenderloin terlalu lama di wajan wok burner sehingga menghitam pekat karena terlambat diangkat dari fryer. Ref: #266.,OVERCOOKED,2026-09-30T11:08:57.911644
WASTE_PREP_WASTE_0129,Laporan waste: Limbah potongan cangkang telur ayam dan sisa kulit bawang bombay terkumpul di area hot kitchen production pass. Ditemukan oleh staff shift pagi saat inspeksi rutin.,PREP_WASTE,2026-09-30T11:08:57.914644
WASTE_SPOILED_0087,"Insiden dapur: Kondisi ikan salmon fillet di meja butchery station sudah keluar lendir lengket serta berbau busuk menyengat, harus diafkir.",SPOILED,2026-09-30T11:08:57.901519
WASTE_OVERCOOKED_0054,Temuan audit: Kondisi masakan roti baguette di meja butchery station bagian luar gosong terbakar pahit walau dalam masih mentah.,OVERCOOKED,2026-09-30T11:08:57.910644
WASTE_SURPLUS_0386,Catatan QC: Sisa porsi sajian nasi liwet komplet dari event gala dinner VIP ballroom masih layak namun tidak terjual. Ditemukan oleh staff shift malam saat inspeksi rutin.,SURPLUS,2026-09-30T11:08:57.918718
WASTE_OVERCOOKED_0132,roti baguette gosong hangus karena api terlalu besar saat plating order express. Ditemukan oleh staff shift siang saat inspeksi rutin.,OVERCOOKED,2026-09-30T11:08:57.911644
WASTE_EXPIRED_0328,Catatan QC: minyak wijen premium sudah lewat batas best before sejak minggu kemarin.,EXPIRED,2026-09-30T11:08:57.906583
WASTE_OVERCOOKED_0396,Log limbah: Kondisi masakan saus bechamel keju di walk-in freezer hangus berkerak hitam dan berbau sangit pekat. Ref: #942.,OVERCOOKED,2026-09-30T11:08:57.913648
WASTE_SPOILED_0055,Log limbah: cumi-cumi segar ditemukan terlihat jamur putih dan berbau asam pada saat pengecekan walk-in freezer. Bobot perkiraan: 7 kg.,SPOILED,2026-09-30T11:08:57.901519
WASTE_PREP_WASTE_0322,Log limbah: remah potongan kulit puff pastry dan tepi adonan roti hasil proses persiapan di sauce preparation area.,PREP_WASTE,2026-09-30T11:08:57.915646
WASTE_CONTAMINATED_0388,Catatan QC: Ditemukan kol kubis manis yang terkena cemaran serangga lalat serta kotoran hama di area kerja di chiller 1.,CONTAMINATED,2026-09-30T11:08:57.910644
WASTE_PREP_WASTE_0165,"kulit wortel, biji paprika, dan ujung timun hasil proses persiapan di hot kitchen production pass. Ditemukan oleh staff shift siang saat inspeksi rutin.",PREP_WASTE,2026-09-30T11:08:57.914644
WASTE_PREP_WASTE_0038,Log limbah: Limbah potongan remah potongan kulit puff pastry dan tepi adonan roti terkumpul di area pastry bakery corner. Catatan: perlu cross-check barcode supplier.,PREP_WASTE,2026-09-30T11:08:57.913648
WASTE_CONTAMINATED_0346,daging steak sirloin terkontaminasi helaian rambut staff dan keringat saat proses plating di meja butchery station. Ditemukan oleh staff shift siang saat inspeksi rutin.,CONTAMINATED,2026-09-30T11:08:57.910644
WASTE_SPOILED_0114,Stok fillet dada ayam berbau tidak sedap dan tekstur lembek basah dan berbau apek busuk di walk-in freezer. Ditemukan oleh staff shift siang saat inspeksi rutin.,SPOILED,2026-09-30T11:08:57.902520
WASTE_SURPLUS_0284,nasi liwet komplet sisa layanan breakfast buffet penutupan pagi yang tidak terkonsumsi di lantai kitchen line. Bobot perkiraan: 13 kg.,SURPLUS,2026-09-30T11:08:57.917719
WASTE_CONTAMINATED_0088,Log limbah: daging giling sapi jatuh langsung ke display showcase pastry dan terkena debu kotor akibat pembersihan blower ventilasi. Ref: #217.,CONTAMINATED,2026-09-30T11:08:57.908580
WASTE_EXPIRED_0052,Temuan audit: Tanggal kedaluwarsa keju mozarella impor di lantai kitchen line kedaluwarsa 4 hari yang lalu sesuai label kemasan. Ref: #401.,EXPIRED,2026-09-30T11:08:57.904516
WASTE_PREP_WASTE_0035,cangkang telur ayam dan sisa kulit bawang bombay hasil proses persiapan di meat prep station. Ref: #271.,PREP_WASTE,2026-09-30T11:08:57.913648
WASTE_CONTAMINATED_0110,Temuan shift pagi: Ditemukan jamur kancing yang terkena cemaran pecahan kaca dari gelas pecah di line prep di display showcase pastry. Catatan: perlu cross-check barcode supplier.,CONTAMINATED,2026-09-30T11:08:57.908580
WASTE_CONTAMINATED_0299,Temuan shift pagi: BAHAYA FOOD SAFETY: cumi-cumi segar terpapar pecahan kaca dari gelas pecah di line prep saat penggorengan kapasitas besar.,CONTAMINATED,2026-09-30T11:08:57.909580
WASTE_OVERCOOKED_0045,Kondisi masakan saus bechamel keju di cold storage utama terlalu kering mengeras layaknya arang dan tidak layak jual. Ref: #178.,OVERCOOKED,2026-09-30T11:08:57.910644
WASTE_EXPIRED_0140,Temuan shift pagi: Reject keju mozarella impor: kedaluwarsa 4 hari yang lalu sesuai label kemasan saat audit inventory. Catatan: perlu cross-check barcode supplier.,EXPIRED,2026-09-30T11:08:57.905516
WASTE_EXPIRED_0319,Log limbah: roti brioche burger melewati masa simpan maksimum gudang penyimpanan.,EXPIRED,2026-09-30T11:08:57.906583
WASTE_SPOILED_0018,Stok ikan kakap merah berbau tidak sedap dan berwarna kehitaman dan lembek hancur di chiller holding pass. Ditemukan oleh staff shift pagi saat inspeksi rutin.,SPOILED,2026-09-30T11:08:57.901519
WASTE_CONTAMINATED_0143,Temuan shift pagi: daging giling sapi terkontaminasi serangga lalat serta kotoran hama di area kerja di rak pantry kering. Ref: #562.,CONTAMINATED,2026-09-30T11:08:57.908580
WASTE_OVERCOOKED_0098,Temuan shift pagi: Kondisi masakan roti baguette di chiller holding pass menghitam pekat karena terlambat diangkat dari fryer. Ref: #415.,OVERCOOKED,2026-09-30T11:08:57.911644
WASTE_PREP_WASTE_0417,"Temuan shift pagi: Sisa penyiangan tulang, insang, dan kepala ikan kakap segar pada persiapan shift pagi di fish butchery station. Ditemukan oleh staff shift malam saat inspeksi rutin.",PREP_WASTE,2026-09-30T11:08:57.915646
WASTE_SPOILED_0286,Temuan shift pagi: kol kubis manis ditemukan tampak bercak kapang kehijauan dan berair pada saat pengecekan rak pantry kering.,SPOILED,2026-09-30T11:08:57.903518
WASTE_SURPLUS_0127,Insiden dapur: Overproduction kroisan butter almond berlebih setelah layanan breakfast buffet penutupan pagi.,SURPLUS,2026-09-30T11:08:57.916718
WASTE_SPOILED_0429,Log limbah: Stok tomat merah berbau tidak sedap dan berwarna kehitaman dan lembek hancur di walk-in freezer. Segera laporkan ke chef on duty untuk tindakan preventif sesuai SOP.,SPOILED,2026-09-30T11:08:57.904516
WASTE_CONTAMINATED_0429,daun selada iceberg jatuh langsung ke meja butchery station dan terkena cipratan cairan pembersih kimia sanitasi lantai. Catatan: perlu cross-check barcode supplier.,CONTAMINATED,2026-09-30T11:08:57.910644
WASTE_OVERCOOKED_0235,Laporan waste: saus bechamel keju gagal saji karena suhu deck oven baking berlebih dan gosong gosong pahit dan bertekstur liat keras.,OVERCOOKED,2026-09-30T11:08:57.912644
WASTE_EXPIRED_0220,Catatan QC: Tanggal kedaluwarsa keju mozarella impor di chiller holding pass stempel expired date terlampaui dan tidak boleh disajikan.,EXPIRED,2026-09-30T11:08:57.906583
WASTE_SPOILED_0032,Catatan QC: fillet dada ayam ditemukan terlihat jamur putih dan berbau asam pada saat pengecekan rak pantry kering. Catatan: perlu cross-check barcode supplier.,SPOILED,2026-09-30T11:08:57.901519
WASTE_CONTAMINATED_0442,Ditemukan daging steak sirloin yang terkena cemaran debu kotor akibat pembersihan blower ventilasi di cold storage utama. Catatan: perlu cross-check barcode supplier.,CONTAMINATED,2026-09-30T11:08:57.910644
WASTE_EXPIRED_0273,Insiden dapur: minyak wijen premium sudah lewat batas best before sejak minggu kemarin. Bobot perkiraan: 7 kg.,EXPIRED,2026-09-30T11:08:57.906583
WASTE_CONTAMINATED_0052,Temuan audit: Ditemukan daging steak sirloin yang terkena cemaran serangga lalat serta kotoran hama di area kerja di walk-in freezer. Catatan: perlu cross-check barcode supplier.,CONTAMINATED,2026-09-30T11:08:57.907582
WASTE_PREP_WASTE_0261,"Temuan audit: Limbah potongan kulit wortel, biji paprika, dan ujung timun terkumpul di area sauce preparation area. Ditemukan oleh staff shift pagi saat inspeksi rutin.",PREP_WASTE,2026-09-30T11:08:57.915646
WASTE_SPOILED_0215,Laporan waste: kol kubis manis ditemukan berwarna kehitaman dan lembek hancur pada saat pengecekan chiller holding pass. Bobot perkiraan: 9 kg.,SPOILED,2026-09-30T11:08:57.902520
WASTE_CONTAMINATED_0090,Catatan QC: fillet dada ayam jatuh langsung ke chiller 1 dan terkena serangga lalat serta kotoran hama di area kerja. Ditemukan oleh staff shift siang saat inspeksi rutin.,CONTAMINATED,2026-09-30T11:08:57.908580
WASTE_CONTAMINATED_0265,Log limbah: BAHAYA FOOD SAFETY: udang windu kupas terpapar debu kotor akibat pembersihan blower ventilasi saat service peak hours dinner. Catatan: perlu cross-check barcode supplier.,CONTAMINATED,2026-09-30T11:08:57.909580
WASTE_SPOILED_0327,Catatan QC: Stok ikan kakap merah berbau tidak sedap dan terlihat jamur putih dan berbau asam di chiller holding pass. Segera laporkan ke chef on duty untuk tindakan preventif sesuai SOP.,SPOILED,2026-09-30T11:08:57.903518
WASTE_EXPIRED_0111,Log limbah: Ditemukan saus bechamel keju yang telah kadaluwarsa per tanggal kemarin dan harus segera diretur.,EXPIRED,2026-09-30T11:08:57.905516
WASTE_OVERCOOKED_0034,Log limbah: Reject pesanan sponge cake vanila: hangus berkerak hitam dan berbau sangit pekat di salamander heater. Segera laporkan ke chef on duty untuk tindakan preventif sesuai SOP.,OVERCOOKED,2026-09-30T11:08:57.910644
WASTE_CONTAMINATED_0187,Temuan shift pagi: ikan salmon fillet terkontaminasi serangga lalat serta kotoran hama di area kerja di chiller 1. Ref: #877.,CONTAMINATED,2026-09-30T11:08:57.908580
WASTE_PREP_WASTE_0294,remah potongan kulit puff pastry dan tepi adonan roti hasil proses persiapan di hot kitchen production pass.,PREP_WASTE,2026-09-30T11:08:57.915646
WASTE_SPOILED_0342,Temuan shift pagi: wortel impor tampak bercak kapang kehijauan dan berair di display showcase pastry. Ditemukan oleh staff shift pagi saat inspeksi rutin.,SPOILED,2026-09-30T11:08:57.903518
WASTE_SPOILED_0148,"Insiden dapur: Kondisi paha ayam marinasi di lantai kitchen line sudah tampak bercak kapang kehijauan dan berair, harus diafkir. Bobot perkiraan: 8 kg.",SPOILED,2026-09-30T11:08:57.902520
WASTE_PREP_WASTE_0301,"Temuan audit: Sisa organik lemak berlebih, urat keras, dan sisa butchery daging sapi dari proses mise en place signature fish and chips. Bobot perkiraan: 1 kg.",PREP_WASTE,2026-09-30T11:08:57.915646
WASTE_SURPLUS_0445,Log limbah: Overproduction sup buntut kuah rempah 15 porsi berlebih setelah event gala dinner VIP ballroom. Catatan: perlu cross-check barcode supplier.,SURPLUS,2026-09-30T11:08:57.918718
WASTE_CONTAMINATED_0208,Insiden dapur: Ditemukan daun selada iceberg yang terkena cemaran cipratan cairan pembersih kimia sanitasi lantai di walk-in freezer. Catatan: perlu cross-check barcode supplier.,CONTAMINATED,2026-09-30T11:08:57.908580
WASTE_EXPIRED_0399,Catatan QC: Ditemukan whipping cream cair yang telah kadaluwarsa per tanggal kemarin dan harus segera diretur. Segera laporkan ke chef on duty untuk tindakan preventif sesuai SOP.,EXPIRED,2026-09-30T11:08:57.907582
WASTE_CONTAMINATED_0067,Laporan waste: Reject segera potongan daging wagyu MB7 akibat kontak dengan tetesan darah mentah dari rak atas. Ditemukan oleh staff shift malam saat inspeksi rutin.,CONTAMINATED,2026-09-30T11:08:57.908580
WASTE_CONTAMINATED_0173,Laporan waste: cumi-cumi segar terkontaminasi debu kotor akibat pembersihan blower ventilasi di rak pantry kering. Ditemukan oleh staff shift siang saat inspeksi rutin.,CONTAMINATED,2026-09-30T11:08:57.908580
WASTE_PREP_WASTE_0418,"Catatan QC: kulit kentang, bonggol brokoli, dan tangkai daun bawang hasil proses persiapan di meat prep station. Bobot perkiraan: 13 kg.",PREP_WASTE,2026-09-30T11:08:57.915646
WASTE_SPOILED_0156,Temuan audit: ikan kakap merah berwarna kehitaman dan lembek hancur di chiller 1. Ditemukan oleh staff shift malam saat inspeksi rutin.,SPOILED,2026-09-30T11:08:57.902520
WASTE_PREP_WASTE_0141,"Temuan shift pagi: kulit wortel, biji paprika, dan ujung timun hasil proses persiapan di sauce preparation area. Catatan: perlu cross-check barcode supplier.",PREP_WASTE,2026-09-30T11:08:57.914644
WASTE_PREP_WASTE_0074,"lemak berlebih, urat keras, dan sisa butchery daging sapi ditimbang sebagai yield loss di hot kitchen production pass. Catatan: perlu cross-check barcode supplier.",PREP_WASTE,2026-09-30T11:08:57.914644
WASTE_CONTAMINATED_0103,Log limbah: Reject segera cumi-cumi segar akibat kontak dengan cipratan cairan pembersih kimia sanitasi lantai.,CONTAMINATED,2026-09-30T11:08:57.908580
WASTE_PREP_WASTE_0303,"Insiden dapur: tulang, insang, dan kepala ikan kakap segar ditimbang sebagai yield loss di fish butchery station. Ditemukan oleh staff shift pagi saat inspeksi rutin.",PREP_WASTE,2026-09-30T11:08:57.915646
WASTE_SURPLUS_0017,Temuan shift pagi: nasi liwet komplet berlebih pada display chiller 1 karena proyeksi tamu meleset. Bobot perkiraan: 13 kg.,SURPLUS,2026-09-30T11:08:57.916718
WASTE_SPOILED_0177,Reject wortel impor: berwarna kehitaman dan lembek hancur. Bobot perkiraan: 9 kg.,SPOILED,2026-09-30T11:08:57.902520
WASTE_SURPLUS_0141,Temuan audit: Overproduction pasta spaghetti bolognese berlebih setelah paket promo makan siang meeting korporat.,SURPLUS,2026-09-30T11:08:57.916718
WASTE_OVERCOOKED_0175,Laporan waste: Kondisi masakan roti baguette di rak pantry kering hangus berkerak hitam dan berbau sangit pekat. Bobot perkiraan: 10 kg.,OVERCOOKED,2026-09-30T11:08:57.911644
WASTE_SURPLUS_0295,Log limbah: Overproduction sup buntut kuah rempah 15 porsi berlebih setelah event gala dinner VIP ballroom.,SURPLUS,2026-09-30T11:08:57.917719
WASTE_CONTAMINATED_0304,BAHAYA FOOD SAFETY: daging giling sapi terpapar debu kotor akibat pembersihan blower ventilasi saat penggorengan kapasitas besar. Ditemukan oleh staff shift malam saat inspeksi rutin.,CONTAMINATED,2026-09-30T11:08:57.909580
WASTE_PREP_WASTE_0106,Catatan QC: Sisa organik cangkang telur ayam dan sisa kulit bawang bombay dari proses mise en place cream soup mushroom. Catatan: perlu cross-check barcode supplier.,PREP_WASTE,2026-09-30T11:08:57.914644
WASTE_SURPLUS_0288,Insiden dapur: nasi goreng spesial seafood sisa prasmanan buffet dinner hotel malam hari yang tidak terkonsumsi di chiller holding pass. Ref: #999.,SURPLUS,2026-09-30T11:08:57.917719
WASTE_SURPLUS_0010,Sisa porsi sajian puding coklat fla dari paket promo makan siang meeting korporat masih layak namun tidak terjual.,SURPLUS,2026-09-30T11:08:57.916718
WASTE_OVERCOOKED_0375,Insiden dapur: Kondisi masakan fillet ayam krispi di chiller 1 bagian luar gosong terbakar pahit walau dalam masih mentah. Ref: #910.,OVERCOOKED,2026-09-30T11:08:57.913648
WASTE_SURPLUS_0139,Log limbah: Stok matang puding coklat fla sisa operasional layanan breakfast buffet penutupan pagi di chiller holding pass.,SURPLUS,2026-09-30T11:08:57.916718
WASTE_EXPIRED_0426,Catatan QC: roti brioche burger kadaluwarsa per tanggal kemarin dan harus segera diretur. Ditemukan oleh staff shift malam saat inspeksi rutin.,EXPIRED,2026-09-30T11:08:57.907582
WASTE_SURPLUS_0178,sponge cake vanila sisa layanan breakfast buffet penutupan pagi yang tidak terkonsumsi di display showcase pastry. Catatan: perlu cross-check barcode supplier.,SURPLUS,2026-09-30T11:08:57.917719
WASTE_CONTAMINATED_0039,Temuan shift pagi: Ditemukan daun selada iceberg yang terkena cemaran tetesan darah mentah dari rak atas di cold storage utama. Segera laporkan ke chef on duty untuk tindakan preventif sesuai SOP.,CONTAMINATED,2026-09-30T11:08:57.907582
WASTE_SURPLUS_0180,Temuan shift pagi: roti brioche burger berlebih pada display display showcase pastry karena proyeksi tamu meleset. Ref: #631.,SURPLUS,2026-09-30T11:08:57.917719
WASTE_OVERCOOKED_0203,Log limbah: Reject pesanan fillet ayam krispi: hangus berkerak hitam dan berbau sangit pekat di panci stock pot kaldu. Ditemukan oleh staff shift pagi saat inspeksi rutin.,OVERCOOKED,2026-09-30T11:08:57.911644
WASTE_SPOILED_0347,Catatan QC: paha ayam marinasi ditemukan berwarna kehitaman dan lembek hancur pada saat pengecekan walk-in freezer.,SPOILED,2026-09-30T11:08:57.903518
WASTE_SURPLUS_0009,Log limbah: Stok matang sponge cake vanila sisa operasional acara resepsi pernikahan gathering siang di walk-in freezer. Ref: #695.,SURPLUS,2026-09-30T11:08:57.916718
WASTE_SURPLUS_0425,Temuan audit: nasi goreng spesial seafood berlebih pada display lantai kitchen line karena proyeksi tamu meleset.,SURPLUS,2026-09-30T11:08:57.918718
WASTE_OVERCOOKED_0307,Reject pesanan saus bechamel keju: menghitam pekat karena terlambat diangkat dari fryer di charcoal grill station. Bobot perkiraan: 11 kg.,OVERCOOKED,2026-09-30T11:08:57.912644
WASTE_SPOILED_0386,Temuan shift pagi: Stok jamur kancing berbau tidak sedap dan mengalami pembusukan parah dan berbau anyir tengik di walk-in freezer. Bobot perkiraan: 4 kg.,SPOILED,2026-09-30T11:08:57.904516
WASTE_PREP_WASTE_0045,"Temuan audit: Sisa penyiangan tulang, insang, dan kepala ikan kakap segar pada persiapan shift pagi di fish butchery station.",PREP_WASTE,2026-09-30T11:08:57.913648
WASTE_PREP_WASTE_0110,Temuan audit: Limbah potongan remah potongan kulit puff pastry dan tepi adonan roti terkumpul di area vegetable cold pantry. Ref: #217.,PREP_WASTE,2026-09-30T11:08:57.914644
WASTE_SPOILED_0244,potongan daging wagyu MB7 ditemukan tekstur lembek basah dan berbau apek busuk pada saat pengecekan walk-in freezer. Catatan: perlu cross-check barcode supplier.,SPOILED,2026-09-30T11:08:57.903518
WASTE_OVERCOOKED_0391,Catatan QC: roti baguette gosong hangus karena api terlalu besar saat service peak hours dinner. Ditemukan oleh staff shift pagi saat inspeksi rutin.,OVERCOOKED,2026-09-30T11:08:57.913648
WASTE_CONTAMINATED_0037,Insiden dapur: paha ayam marinasi jatuh langsung ke lantai kitchen line dan terkena tetesan darah mentah dari rak atas.,CONTAMINATED,2026-09-30T11:08:57.907582
WASTE_SURPLUS_0431,Insiden dapur: nasi liwet komplet berlebih pada display meja butchery station karena proyeksi tamu meleset.,SURPLUS,2026-09-30T11:08:57.918718
WASTE_SPOILED_0313,Catatan QC: Stok potongan daging wagyu MB7 berbau tidak sedap dan keluar lendir lengket serta berbau busuk menyengat di lantai kitchen line. Ditemukan oleh staff shift siang saat inspeksi rutin.,SPOILED,2026-09-30T11:08:57.903518
WASTE_OVERCOOKED_0110,Insiden dapur: Reject pesanan saus bechamel keju: bagian luar gosong terbakar pahit walau dalam masih mentah di panci stock pot kaldu. Ref: #197.,OVERCOOKED,2026-09-30T11:08:57.911644
WASTE_SURPLUS_0385,Log limbah: Stok matang puding coklat fla sisa operasional layanan breakfast buffet penutupan pagi di chiller 1. Segera laporkan ke chef on duty untuk tindakan preventif sesuai SOP.,SURPLUS,2026-09-30T11:08:57.918718
WASTE_OVERCOOKED_0427,Temuan audit: sponge cake vanila terlalu lama di wajan wok burner sehingga hangus berkerak hitam dan berbau sangit pekat.,OVERCOOKED,2026-09-30T11:08:57.913648
WASTE_CONTAMINATED_0433,Log limbah: Reject segera daging giling sapi akibat kontak dengan serangga lalat serta kotoran hama di area kerja. Catatan: perlu cross-check barcode supplier.,CONTAMINATED,2026-09-30T11:08:57.910644
WASTE_CONTAMINATED_0069,Temuan shift pagi: Ditemukan ikan salmon fillet yang terkena cemaran pecahan kaca dari gelas pecah di line prep di chiller holding pass.,CONTAMINATED,2026-09-30T11:08:57.908580
WASTE_OVERCOOKED_0105,fillet ayam krispi terlalu lama di panci stock pot kaldu sehingga terlalu kering mengeras layaknya arang dan tidak layak jual. Segera laporkan ke chef on duty untuk tindakan preventif sesuai SOP.,OVERCOOKED,2026-09-30T11:08:57.911644
WASTE_EXPIRED_0211,Reject roti brioche burger: melewati masa simpan maksimum gudang penyimpanan saat audit inventory. Ditemukan oleh staff shift siang saat inspeksi rutin.,EXPIRED,2026-09-30T11:08:57.906583
WASTE_CONTAMINATED_0036,BAHAYA FOOD SAFETY: ikan salmon fillet terpapar serangga lalat serta kotoran hama di area kerja saat batch cooking prasmanan. Bobot perkiraan: 12 kg.,CONTAMINATED,2026-09-30T11:08:57.907582
WASTE_SPOILED_0371,Log limbah: Stok paha ayam marinasi berbau tidak sedap dan keluar lendir lengket serta berbau busuk menyengat di lantai kitchen line. Bobot perkiraan: 9 kg.,SPOILED,2026-09-30T11:08:57.903518
WASTE_EXPIRED_0117,Insiden dapur: susu UHT full cream pada rak chiller 1 sudah sudah lewat batas best before sejak minggu kemarin.,EXPIRED,2026-09-30T11:08:57.905516
WASTE_CONTAMINATED_0125,Catatan QC: BAHAYA FOOD SAFETY: brokoli segar terpapar cipratan cairan pembersih kimia sanitasi lantai saat service peak hours dinner. Segera laporkan ke chef on duty untuk tindakan preventif sesuai SOP.,CONTAMINATED,2026-09-30T11:08:57.908580
WASTE_EXPIRED_0375,Temuan audit: Reject puding coklat fla: kedaluwarsa 4 hari yang lalu sesuai label kemasan saat audit inventory. Segera laporkan ke chef on duty untuk tindakan preventif sesuai SOP.,EXPIRED,2026-09-30T11:08:57.907582
WASTE_CONTAMINATED_0083,Laporan waste: ikan salmon fillet jatuh langsung ke walk-in freezer dan terkena helaian rambut staff dan keringat saat proses plating.,CONTAMINATED,2026-09-30T11:08:57.908580
WASTE_PREP_WASTE_0384,"Limbah potongan kulit wortel, biji paprika, dan ujung timun terkumpul di area fish butchery station. Bobot perkiraan: 3 kg.",PREP_WASTE,2026-09-30T11:08:57.915646
WASTE_OVERCOOKED_0364,Insiden dapur: Kondisi masakan fillet ayam krispi di cold storage utama hangus berkerak hitam dan berbau sangit pekat. Ref: #224.,OVERCOOKED,2026-09-30T11:08:57.913648
WASTE_SURPLUS_0077,Stok matang sponge cake vanila sisa operasional prasmanan buffet dinner hotel malam hari di cold storage utama. Ref: #846.,SURPLUS,2026-09-30T11:08:57.916718
WASTE_PREP_WASTE_0189,"Laporan waste: kulit kentang, bonggol brokoli, dan tangkai daun bawang hasil proses persiapan di hot kitchen production pass. Bobot perkiraan: 1 kg.",PREP_WASTE,2026-09-30T11:08:57.914644
WASTE_EXPIRED_0364,Catatan QC: puding coklat fla kadaluwarsa per tanggal kemarin dan harus segera diretur. Ref: #566.,EXPIRED,2026-09-30T11:08:57.907582
WASTE_OVERCOOKED_0081,Insiden dapur: Reject pesanan fillet ayam krispi: menghitam pekat karena terlambat diangkat dari fryer di wajan wok burner.,OVERCOOKED,2026-09-30T11:08:57.911644
WASTE_EXPIRED_0329,Catatan QC: Reject roti brioche burger: kadaluwarsa per tanggal kemarin dan harus segera diretur saat audit inventory.,EXPIRED,2026-09-30T11:08:57.906583
WASTE_CONTAMINATED_0421,Insiden dapur: daging steak sirloin terkontaminasi debu kotor akibat pembersihan blower ventilasi di rak pantry kering. Segera laporkan ke chef on duty untuk tindakan preventif sesuai SOP.,CONTAMINATED,2026-09-30T11:08:57.910644
WASTE_OVERCOOKED_0423,Catatan QC: Reject pesanan sponge cake vanila: gosong gosong pahit dan bertekstur liat keras di panci stock pot kaldu. Catatan: perlu cross-check barcode supplier.,OVERCOOKED,2026-09-30T11:08:57.913648
WASTE_SURPLUS_0337,Temuan shift pagi: Overproduction nasi liwet komplet berlebih setelah layanan breakfast buffet penutupan pagi.,SURPLUS,2026-09-30T11:08:57.918718
WASTE_CONTAMINATED_0153,Insiden dapur: Reject segera ikan salmon fillet akibat kontak dengan serangga lalat serta kotoran hama di area kerja.,CONTAMINATED,2026-09-30T11:08:57.908580
WASTE_PREP_WASTE_0284,"Temuan shift pagi: Sisa penyiangan kulit wortel, biji paprika, dan ujung timun pada persiapan shift pagi di pastry bakery corner.",PREP_WASTE,2026-09-30T11:08:57.915646
WASTE_CONTAMINATED_0114,Insiden dapur: BAHAYA FOOD SAFETY: ikan salmon fillet terpapar serangga lalat serta kotoran hama di area kerja saat penggorengan kapasitas besar. Ref: #927.,CONTAMINATED,2026-09-30T11:08:57.908580
WASTE_OVERCOOKED_0052,Insiden dapur: sponge cake vanila terlalu lama di panci stock pot kaldu sehingga bagian luar gosong terbakar pahit walau dalam masih mentah.,OVERCOOKED,2026-09-30T11:08:57.910644
WASTE_PREP_WASTE_0193,"Temuan shift pagi: Sisa penyiangan kulit wortel, biji paprika, dan ujung timun pada persiapan shift pagi di vegetable cold pantry.",PREP_WASTE,2026-09-30T11:08:57.914644
WASTE_PREP_WASTE_0445,"Catatan QC: lemak berlebih, urat keras, dan sisa butchery daging sapi ditimbang sebagai yield loss di meat prep station. Bobot perkiraan: 8 kg.",PREP_WASTE,2026-09-30T11:08:57.916718
WASTE_SURPLUS_0422,nasi liwet komplet sisa event gala dinner VIP ballroom yang tidak terkonsumsi di cold storage utama.,SURPLUS,2026-09-30T11:08:57.918718
WASTE_SPOILED_0127,Insiden dapur: tomat merah ditemukan tekstur lembek basah dan berbau apek busuk pada saat pengecekan display showcase pastry. Ditemukan oleh staff shift malam saat inspeksi rutin.,SPOILED,2026-09-30T11:08:57.902520
WASTE_EXPIRED_0438,Log limbah: Reject puding coklat fla: stempel expired date terlampaui dan tidak boleh disajikan saat audit inventory. Segera laporkan ke chef on duty untuk tindakan preventif sesuai SOP.,EXPIRED,2026-09-30T11:08:57.907582
WASTE_PREP_WASTE_0411,remah potongan kulit puff pastry dan tepi adonan roti hasil proses persiapan di fish butchery station. Catatan: perlu cross-check barcode supplier.,PREP_WASTE,2026-09-30T11:08:57.915646
WASTE_CONTAMINATED_0448,Temuan audit: Reject segera daging giling sapi akibat kontak dengan pecahan kaca dari gelas pecah di line prep. Ref: #115.,CONTAMINATED,2026-09-30T11:08:57.910644
WASTE_CONTAMINATED_0108,BAHAYA FOOD SAFETY: wortel impor terpapar debu kotor akibat pembersihan blower ventilasi saat batch cooking prasmanan. Bobot perkiraan: 10 kg.,CONTAMINATED,2026-09-30T11:08:57.908580
WASTE_SPOILED_0356,ikan kakap merah ditemukan mengalami pembusukan parah dan berbau anyir tengik pada saat pengecekan chiller 1. Ref: #307.,SPOILED,2026-09-30T11:08:57.903518
WASTE_CONTAMINATED_0104,Laporan waste: Reject segera fillet dada ayam akibat kontak dengan cipratan cairan pembersih kimia sanitasi lantai. Segera laporkan ke chef on duty untuk tindakan preventif sesuai SOP.,CONTAMINATED,2026-09-30T11:08:57.908580
WASTE_OVERCOOKED_0134,saus bechamel keju gagal saji karena suhu salamander heater berlebih dan menghitam pekat karena terlambat diangkat dari fryer. Ref: #747.,OVERCOOKED,2026-09-30T11:08:57.911644
WASTE_EXPIRED_0233,Tanggal kedaluwarsa keju mozarella impor di cold storage utama melewati masa simpan maksimum gudang penyimpanan. Catatan: perlu cross-check barcode supplier.,EXPIRED,2026-09-30T11:08:57.906583
WASTE_EXPIRED_0378,puding coklat fla kadaluwarsa per tanggal kemarin dan harus segera diretur. Segera laporkan ke chef on duty untuk tindakan preventif sesuai SOP.,EXPIRED,2026-09-30T11:08:57.907582
WASTE_SURPLUS_0356,Temuan audit: Sisa porsi sajian sup buntut kuah rempah 15 porsi dari layanan breakfast buffet penutupan pagi masih layak namun tidak terjual. Ditemukan oleh staff shift pagi saat inspeksi rutin.,SURPLUS,2026-09-30T11:08:57.918718
WASTE_PREP_WASTE_0209,Log limbah: remah potongan kulit puff pastry dan tepi adonan roti ditimbang sebagai yield loss di pastry bakery corner. Ref: #831.,PREP_WASTE,2026-09-30T11:08:57.914644
WASTE_OVERCOOKED_0389,Laporan waste: Kondisi masakan saus bechamel keju di chiller holding pass bagian luar gosong terbakar pahit walau dalam masih mentah. Catatan: perlu cross-check barcode supplier.,OVERCOOKED,2026-09-30T11:08:57.913648
WASTE_CONTAMINATED_0085,Temuan shift pagi: Ditemukan fillet dada ayam yang terkena cemaran tetesan darah mentah dari rak atas di meja butchery station. Bobot perkiraan: 11 kg.,CONTAMINATED,2026-09-30T11:08:57.908580
WASTE_CONTAMINATED_0334,Laporan waste: BAHAYA FOOD SAFETY: tomat merah terpapar tetesan darah mentah dari rak atas saat batch cooking prasmanan. Segera laporkan ke chef on duty untuk tindakan preventif sesuai SOP.,CONTAMINATED,2026-09-30T11:08:57.909580
WASTE_SURPLUS_0048,nasi goreng spesial seafood sisa event gala dinner VIP ballroom yang tidak terkonsumsi di rak pantry kering.,SURPLUS,2026-09-30T11:08:57.916718
WASTE_OVERCOOKED_0382,fillet ayam krispi terlalu lama di deck oven baking sehingga gosong gosong pahit dan bertekstur liat keras. Ditemukan oleh staff shift pagi saat inspeksi rutin.,OVERCOOKED,2026-09-30T11:08:57.913648
WASTE_SPOILED_0141,Catatan QC: Reject brokoli segar: keluar lendir lengket serta berbau busuk menyengat. Bobot perkiraan: 4 kg.,SPOILED,2026-09-30T11:08:57.902520
WASTE_SPOILED_0218,Laporan waste: Stok fillet dada ayam berbau tidak sedap dan tampak bercak kapang kehijauan dan berair di cold storage utama. Segera laporkan ke chef on duty untuk tindakan preventif sesuai SOP.,SPOILED,2026-09-30T11:08:57.903518
WASTE_PREP_WASTE_0419,"kulit wortel, biji paprika, dan ujung timun hasil proses persiapan di sauce preparation area.",PREP_WASTE,2026-09-30T11:08:57.916718
WASTE_SURPLUS_0252,Temuan shift pagi: Sisa porsi sajian puding coklat fla dari acara resepsi pernikahan gathering siang masih layak namun tidak terjual. Segera laporkan ke chef on duty untuk tindakan preventif sesuai SOP.,SURPLUS,2026-09-30T11:08:57.917719
WASTE_SURPLUS_0151,Sisa porsi sajian nasi goreng spesial seafood dari layanan breakfast buffet penutupan pagi masih layak namun tidak terjual. Ditemukan oleh staff shift malam saat inspeksi rutin.,SURPLUS,2026-09-30T11:08:57.917719
WASTE_SURPLUS_0109,Temuan audit: Overproduction nasi liwet komplet berlebih setelah layanan breakfast buffet penutupan pagi. Ditemukan oleh staff shift pagi saat inspeksi rutin.,SURPLUS,2026-09-30T11:08:57.916718
WASTE_SURPLUS_0085,sponge cake vanila sisa acara resepsi pernikahan gathering siang yang tidak terkonsumsi di chiller 1. Segera laporkan ke chef on duty untuk tindakan preventif sesuai SOP.,SURPLUS,2026-09-30T11:08:57.916718
WASTE_SPOILED_0023,Temuan shift pagi: Stok daun selada iceberg berbau tidak sedap dan terlihat jamur putih dan berbau asam di chiller 1. Ref: #824.,SPOILED,2026-09-30T11:08:57.901519
WASTE_EXPIRED_0262,Insiden dapur: puding coklat fla stempel expired date terlampaui dan tidak boleh disajikan. Catatan: perlu cross-check barcode supplier.,EXPIRED,2026-09-30T11:08:57.906583
WASTE_CONTAMINATED_0258,Catatan QC: Ditemukan kol kubis manis yang terkena cemaran debu kotor akibat pembersihan blower ventilasi di lantai kitchen line.,CONTAMINATED,2026-09-30T11:08:57.909580
WASTE_OVERCOOKED_0362,Catatan QC: fillet ayam krispi terlalu lama di panci stock pot kaldu sehingga bagian luar gosong terbakar pahit walau dalam masih mentah.,OVERCOOKED,2026-09-30T11:08:57.912644
WASTE_EXPIRED_0422,Temuan shift pagi: whipping cream cair kadaluwarsa per tanggal kemarin dan harus segera diretur. Segera laporkan ke chef on duty untuk tindakan preventif sesuai SOP.,EXPIRED,2026-09-30T11:08:57.907582
WASTE_OVERCOOKED_0354,Catatan QC: fillet ayam krispi gosong hangus karena api terlalu besar saat batch cooking prasmanan.,OVERCOOKED,2026-09-30T11:08:57.912644
WASTE_SPOILED_0011,Temuan shift pagi: potongan daging wagyu MB7 keluar lendir lengket serta berbau busuk menyengat di chiller holding pass. Catatan: perlu cross-check barcode supplier.,SPOILED,2026-09-30T11:08:57.901519
WASTE_PREP_WASTE_0234,"Limbah potongan kulit wortel, biji paprika, dan ujung timun terkumpul di area pastry bakery corner. Bobot perkiraan: 14 kg.",PREP_WASTE,2026-09-30T11:08:57.915646
WASTE_SURPLUS_0299,Overproduction nasi goreng spesial seafood berlebih setelah paket promo makan siang meeting korporat. Catatan: perlu cross-check barcode supplier.,SURPLUS,2026-09-30T11:08:57.917719
WASTE_PREP_WASTE_0174,"Laporan waste: Limbah potongan tulang, insang, dan kepala ikan kakap segar terkumpul di area vegetable cold pantry. Catatan: perlu cross-check barcode supplier.",PREP_WASTE,2026-09-30T11:08:57.914644
WASTE_CONTAMINATED_0416,Temuan shift pagi: Reject segera tomat merah akibat kontak dengan pecahan kaca dari gelas pecah di line prep.,CONTAMINATED,2026-09-30T11:08:57.910644
WASTE_EXPIRED_0305,Catatan QC: Reject susu UHT full cream: telah melewati tanggal expiry date 2 hari lalu saat audit inventory.,EXPIRED,2026-09-30T11:08:57.906583
WASTE_EXPIRED_0177,Temuan audit: saus tomat kemasan pouch pada rak walk-in freezer sudah kadaluwarsa per tanggal kemarin dan harus segera diretur. Ditemukan oleh staff shift pagi saat inspeksi rutin.,EXPIRED,2026-09-30T11:08:57.905516
WASTE_PREP_WASTE_0217,"Insiden dapur: Sisa penyiangan kulit kentang, bonggol brokoli, dan tangkai daun bawang pada persiapan shift pagi di fish butchery station. Bobot perkiraan: 5 kg.",PREP_WASTE,2026-09-30T11:08:57.914644
WASTE_OVERCOOKED_0357,Temuan shift pagi: sponge cake vanila terlalu lama di salamander heater sehingga gosong gosong pahit dan bertekstur liat keras.,OVERCOOKED,2026-09-30T11:08:57.912644
WASTE_SPOILED_0130,Laporan waste: Reject wortel impor: tekstur lembek basah dan berbau apek busuk. Ref: #865.,SPOILED,2026-09-30T11:08:57.902520
WASTE_EXPIRED_0394,Ditemukan roti brioche burger yang telah telah melewati tanggal expiry date 2 hari lalu. Ditemukan oleh staff shift pagi saat inspeksi rutin.,EXPIRED,2026-09-30T11:08:57.907582
WASTE_SPOILED_0324,"Catatan QC: Kondisi udang windu kupas di chiller 1 sudah berwarna kehitaman dan lembek hancur, harus diafkir. Segera laporkan ke chef on duty untuk tindakan preventif sesuai SOP.",SPOILED,2026-09-30T11:08:57.903518
WASTE_PREP_WASTE_0172,"Laporan waste: tulang, insang, dan kepala ikan kakap segar hasil proses persiapan di hot kitchen production pass. Bobot perkiraan: 8 kg.",PREP_WASTE,2026-09-30T11:08:57.914644
WASTE_OVERCOOKED_0339,Temuan audit: Kondisi masakan fillet ayam krispi di walk-in freezer bagian luar gosong terbakar pahit walau dalam masih mentah. Bobot perkiraan: 12 kg.,OVERCOOKED,2026-09-30T11:08:57.912644
WASTE_CONTAMINATED_0385,Log limbah: Ditemukan brokoli segar yang terkena cemaran debu kotor akibat pembersihan blower ventilasi di walk-in freezer. Ditemukan oleh staff shift pagi saat inspeksi rutin.,CONTAMINATED,2026-09-30T11:08:57.910644
WASTE_OVERCOOKED_0322,Catatan QC: saus bechamel keju terlalu lama di salamander heater sehingga menghitam pekat karena terlambat diangkat dari fryer. Ditemukan oleh staff shift malam saat inspeksi rutin.,OVERCOOKED,2026-09-30T11:08:57.912644
WASTE_SURPLUS_0367,Sisa porsi sajian sup buntut kuah rempah 15 porsi dari acara resepsi pernikahan gathering siang masih layak namun tidak terjual. Catatan: perlu cross-check barcode supplier.,SURPLUS,2026-09-30T11:08:57.918718
WASTE_SPOILED_0015,"Kondisi jamur kancing di cold storage utama sudah terlihat jamur putih dan berbau asam, harus diafkir. Catatan: perlu cross-check barcode supplier.",SPOILED,2026-09-30T11:08:57.901519
WASTE_CONTAMINATED_0048,potongan daging wagyu MB7 terkontaminasi serangga lalat serta kotoran hama di area kerja di walk-in freezer. Segera laporkan ke chef on duty untuk tindakan preventif sesuai SOP.,CONTAMINATED,2026-09-30T11:08:57.907582
WASTE_SPOILED_0216,Catatan QC: Reject wortel impor: keluar lendir lengket serta berbau busuk menyengat.,SPOILED,2026-09-30T11:08:57.902520
WASTE_PREP_WASTE_0098,"Insiden dapur: kulit kentang, bonggol brokoli, dan tangkai daun bawang hasil proses persiapan di fish butchery station.",PREP_WASTE,2026-09-30T11:08:57.914644
WASTE_PREP_WASTE_0355,"kulit wortel, biji paprika, dan ujung timun hasil proses persiapan di fish butchery station. Bobot perkiraan: 13 kg.",PREP_WASTE,2026-09-30T11:08:57.915646
WASTE_CONTAMINATED_0283,Reject segera ikan kakap merah akibat kontak dengan cipratan cairan pembersih kimia sanitasi lantai. Catatan: perlu cross-check barcode supplier.,CONTAMINATED,2026-09-30T11:08:57.909580
WASTE_PREP_WASTE_0126,"Temuan shift pagi: Limbah potongan kulit wortel, biji paprika, dan ujung timun terkumpul di area meat prep station.",PREP_WASTE,2026-09-30T11:08:57.914644
WASTE_SURPLUS_0104,Laporan waste: Overproduction roti brioche burger berlebih setelah paket promo makan siang meeting korporat. Ditemukan oleh staff shift siang saat inspeksi rutin.,SURPLUS,2026-09-30T11:08:57.916718
WASTE_EXPIRED_0415,Log limbah: saus bechamel keju pada rak chiller holding pass sudah sudah lewat batas best before sejak minggu kemarin. Bobot perkiraan: 1 kg.,EXPIRED,2026-09-30T11:08:57.907582
WASTE_OVERCOOKED_0309,Catatan QC: steak wagyu tenderloin gagal saji karena suhu deck oven baking berlebih dan terlalu kering mengeras layaknya arang dan tidak layak jual. Bobot perkiraan: 15 kg.,OVERCOOKED,2026-09-30T11:08:57.912644
WASTE_EXPIRED_0067,Laporan waste: saus tiram botol besar pada rak chiller holding pass sudah stempel expired date terlampaui dan tidak boleh disajikan. Ditemukan oleh staff shift malam saat inspeksi rutin.,EXPIRED,2026-09-30T11:08:57.904516
WASTE_OVERCOOKED_0196,saus bechamel keju terlalu lama di deck oven baking sehingga menghitam pekat karena terlambat diangkat dari fryer.,OVERCOOKED,2026-09-30T11:08:57.911644
WASTE_EXPIRED_0148,Temuan audit: Reject sponge cake vanila: kedaluwarsa 4 hari yang lalu sesuai label kemasan saat audit inventory. Bobot perkiraan: 12 kg.,EXPIRED,2026-09-30T11:08:57.905516
WASTE_SPOILED_0196,Temuan shift pagi: Stok brokoli segar berbau tidak sedap dan tekstur lembek basah dan berbau apek busuk di walk-in freezer. Ditemukan oleh staff shift pagi saat inspeksi rutin.,SPOILED,2026-09-30T11:08:57.902520
WASTE_CONTAMINATED_0378,Laporan waste: ikan salmon fillet terkontaminasi pecahan kaca dari gelas pecah di line prep di cold storage utama. Segera laporkan ke chef on duty untuk tindakan preventif sesuai SOP.,CONTAMINATED,2026-09-30T11:08:57.910644
WASTE_SPOILED_0289,Reject kol kubis manis: keluar lendir lengket serta berbau busuk menyengat. Segera laporkan ke chef on duty untuk tindakan preventif sesuai SOP.,SPOILED,2026-09-30T11:08:57.903518
WASTE_CONTAMINATED_0051,Laporan waste: BAHAYA FOOD SAFETY: udang windu kupas terpapar tetesan darah mentah dari rak atas saat batch cooking prasmanan. Ditemukan oleh staff shift siang saat inspeksi rutin.,CONTAMINATED,2026-09-30T11:08:57.907582
WASTE_SURPLUS_0293,Log limbah: sup buntut kuah rempah 15 porsi sisa event gala dinner VIP ballroom yang tidak terkonsumsi di chiller 1. Ditemukan oleh staff shift malam saat inspeksi rutin.,SURPLUS,2026-09-30T11:08:57.917719
WASTE_SURPLUS_0054,Temuan shift pagi: Sisa porsi sajian sup buntut kuah rempah 15 porsi dari layanan breakfast buffet penutupan pagi masih layak namun tidak terjual.,SURPLUS,2026-09-30T11:08:57.916718
WASTE_SURPLUS_0325,Laporan waste: sponge cake vanila sisa paket promo makan siang meeting korporat yang tidak terkonsumsi di chiller 1. Ditemukan oleh staff shift pagi saat inspeksi rutin.,SURPLUS,2026-09-30T11:08:57.917719
WASTE_CONTAMINATED_0221,udang windu kupas jatuh langsung ke rak pantry kering dan terkena tetesan darah mentah dari rak atas. Bobot perkiraan: 12 kg.,CONTAMINATED,2026-09-30T11:08:57.908580
WASTE_PREP_WASTE_0036,Temuan audit: remah potongan kulit puff pastry dan tepi adonan roti ditimbang sebagai yield loss di meat prep station.,PREP_WASTE,2026-09-30T11:08:57.913648
WASTE_EXPIRED_0100,Log limbah: Tanggal kedaluwarsa whipping cream cair di chiller holding pass kadaluwarsa per tanggal kemarin dan harus segera diretur. Segera laporkan ke chef on duty untuk tindakan preventif sesuai SOP.,EXPIRED,2026-09-30T11:08:57.904516
WASTE_SPOILED_0157,"Kondisi wortel impor di walk-in freezer sudah mengalami pembusukan parah dan berbau anyir tengik, harus diafkir.",SPOILED,2026-09-30T11:08:57.902520
WASTE_SPOILED_0420,Log limbah: udang windu kupas ditemukan tekstur lembek basah dan berbau apek busuk pada saat pengecekan chiller holding pass. Segera laporkan ke chef on duty untuk tindakan preventif sesuai SOP.,SPOILED,2026-09-30T11:08:57.904516
WASTE_CONTAMINATED_0023,udang windu kupas terkontaminasi cipratan cairan pembersih kimia sanitasi lantai di rak pantry kering. Catatan: perlu cross-check barcode supplier.,CONTAMINATED,2026-09-30T11:08:57.907582
WASTE_PREP_WASTE_0115,Catatan QC: Sisa organik remah potongan kulit puff pastry dan tepi adonan roti dari proses mise en place signature fish and chips. Catatan: perlu cross-check barcode supplier.,PREP_WASTE,2026-09-30T11:08:57.914644
WASTE_EXPIRED_0028,Insiden dapur: kroisan butter almond pada rak rak pantry kering sudah melewati masa simpan maksimum gudang penyimpanan.,EXPIRED,2026-09-30T11:08:57.904516
WASTE_PREP_WASTE_0236,Insiden dapur: Sisa penyiangan cangkang telur ayam dan sisa kulit bawang bombay pada persiapan shift pagi di vegetable cold pantry. Catatan: perlu cross-check barcode supplier.,PREP_WASTE,2026-09-30T11:08:57.915646
WASTE_OVERCOOKED_0343,roti baguette gosong hangus karena api terlalu besar saat penggorengan kapasitas besar.,OVERCOOKED,2026-09-30T11:08:57.912644
WASTE_PREP_WASTE_0134,"Temuan shift pagi: Sisa organik tulang, insang, dan kepala ikan kakap segar dari proses mise en place sup buntut nusantara. Catatan: perlu cross-check barcode supplier.",PREP_WASTE,2026-09-30T11:08:57.914644
WASTE_PREP_WASTE_0123,Catatan QC: Sisa penyiangan remah potongan kulit puff pastry dan tepi adonan roti pada persiapan shift pagi di hot kitchen production pass. Ditemukan oleh staff shift pagi saat inspeksi rutin.,PREP_WASTE,2026-09-30T11:08:57.914644
WASTE_OVERCOOKED_0174,Insiden dapur: sponge cake vanila terlalu lama di salamander heater sehingga hangus berkerak hitam dan berbau sangit pekat. Catatan: perlu cross-check barcode supplier.,OVERCOOKED,2026-09-30T11:08:57.911644
WASTE_OVERCOOKED_0122,Temuan shift pagi: Reject pesanan saus bechamel keju: terlalu kering mengeras layaknya arang dan tidak layak jual di panci stock pot kaldu.,OVERCOOKED,2026-09-30T11:08:57.911644
WASTE_EXPIRED_0104,Log limbah: Tanggal kedaluwarsa sponge cake vanila di walk-in freezer stempel expired date terlampaui dan tidak boleh disajikan. Catatan: perlu cross-check barcode supplier.,EXPIRED,2026-09-30T11:08:57.905516
WASTE_CONTAMINATED_0303,Log limbah: Reject segera fillet dada ayam akibat kontak dengan pecahan kaca dari gelas pecah di line prep.,CONTAMINATED,2026-09-30T11:08:57.909580
WASTE_SPOILED_0391,Insiden dapur: wortel impor ditemukan tekstur lembek basah dan berbau apek busuk pada saat pengecekan chiller holding pass. Ref: #378.,SPOILED,2026-09-30T11:08:57.904516
WASTE_EXPIRED_0129,Laporan waste: Reject mayonnaise dressing: stempel expired date terlampaui dan tidak boleh disajikan saat audit inventory. Ref: #177.,EXPIRED,2026-09-30T11:08:57.905516
WASTE_OVERCOOKED_0320,Temuan shift pagi: steak wagyu tenderloin terlalu lama di wajan wok burner sehingga bagian luar gosong terbakar pahit walau dalam masih mentah.,OVERCOOKED,2026-09-30T11:08:57.912644
WASTE_SURPLUS_0253,Temuan shift pagi: Stok matang puding coklat fla sisa operasional prasmanan buffet dinner hotel malam hari di rak pantry kering. Segera laporkan ke chef on duty untuk tindakan preventif sesuai SOP.,SURPLUS,2026-09-30T11:08:57.917719
WASTE_PREP_WASTE_0117,"Temuan audit: Limbah potongan lemak berlebih, urat keras, dan sisa butchery daging sapi terkumpul di area meat prep station. Ditemukan oleh staff shift siang saat inspeksi rutin.",PREP_WASTE,2026-09-30T11:08:57.914644
WASTE_SURPLUS_0202,Log limbah: Overproduction kroisan butter almond berlebih setelah event gala dinner VIP ballroom. Ref: #757.,SURPLUS,2026-09-30T11:08:57.917719
WASTE_OVERCOOKED_0290,Temuan audit: fillet ayam krispi terlalu lama di panci stock pot kaldu sehingga bagian luar gosong terbakar pahit walau dalam masih mentah.,OVERCOOKED,2026-09-30T11:08:57.912644
WASTE_EXPIRED_0371,Log limbah: kroisan butter almond melewati masa simpan maksimum gudang penyimpanan.,EXPIRED,2026-09-30T11:08:57.907582
WASTE_SURPLUS_0335,puding coklat fla sisa prasmanan buffet dinner hotel malam hari yang tidak terkonsumsi di walk-in freezer. Ref: #713.,SURPLUS,2026-09-30T11:08:57.918718
WASTE_CONTAMINATED_0107,Temuan shift pagi: BAHAYA FOOD SAFETY: ikan salmon fillet terpapar pecahan kaca dari gelas pecah di line prep saat plating order express. Catatan: perlu cross-check barcode supplier.,CONTAMINATED,2026-09-30T11:08:57.908580
WASTE_CONTAMINATED_0349,Log limbah: Ditemukan fillet dada ayam yang terkena cemaran cipratan cairan pembersih kimia sanitasi lantai di meja butchery station. Ref: #989.,CONTAMINATED,2026-09-30T11:08:57.910644
WASTE_PREP_WASTE_0109,Catatan QC: cangkang telur ayam dan sisa kulit bawang bombay ditimbang sebagai yield loss di hot kitchen production pass. Ditemukan oleh staff shift malam saat inspeksi rutin.,PREP_WASTE,2026-09-30T11:08:57.914644
WASTE_EXPIRED_0215,Tanggal kedaluwarsa sponge cake vanila di chiller holding pass stempel expired date terlampaui dan tidak boleh disajikan. Ref: #463.,EXPIRED,2026-09-30T11:08:57.906583
WASTE_SURPLUS_0147,Stok matang nasi liwet komplet sisa operasional event gala dinner VIP ballroom di chiller holding pass.,SURPLUS,2026-09-30T11:08:57.916718
WASTE_SPOILED_0143,tomat merah keluar lendir lengket serta berbau busuk menyengat di walk-in freezer. Ditemukan oleh staff shift pagi saat inspeksi rutin.,SPOILED,2026-09-30T11:08:57.902520
WASTE_SURPLUS_0106,Insiden dapur: Sisa porsi sajian roti brioche burger dari paket promo makan siang meeting korporat masih layak namun tidak terjual. Segera laporkan ke chef on duty untuk tindakan preventif sesuai SOP.,SURPLUS,2026-09-30T11:08:57.916718
WASTE_CONTAMINATED_0147,BAHAYA FOOD SAFETY: daging giling sapi terpapar pecahan kaca dari gelas pecah di line prep saat plating order express.,CONTAMINATED,2026-09-30T11:08:57.908580
WASTE_SPOILED_0422,Laporan waste: fillet dada ayam terlihat jamur putih dan berbau asam di chiller holding pass.,SPOILED,2026-09-30T11:08:57.904516
WASTE_OVERCOOKED_0311,Insiden dapur: steak wagyu tenderloin gosong hangus karena api terlalu besar saat penggorengan kapasitas besar. Segera laporkan ke chef on duty untuk tindakan preventif sesuai SOP.,OVERCOOKED,2026-09-30T11:08:57.912644
WASTE_OVERCOOKED_0365,Laporan waste: steak wagyu tenderloin gosong hangus karena api terlalu besar saat service peak hours dinner. Ref: #543.,OVERCOOKED,2026-09-30T11:08:57.913648
WASTE_EXPIRED_0350,Tanggal kedaluwarsa minyak wijen premium di chiller 1 sudah lewat batas best before sejak minggu kemarin. Catatan: perlu cross-check barcode supplier.,EXPIRED,2026-09-30T11:08:57.907582
WASTE_PREP_WASTE_0444,Temuan shift pagi: cangkang telur ayam dan sisa kulit bawang bombay hasil proses persiapan di pastry bakery corner. Segera laporkan ke chef on duty untuk tindakan preventif sesuai SOP.,PREP_WASTE,2026-09-30T11:08:57.916718
WASTE_EXPIRED_0166,Log limbah: Reject saus tomat kemasan pouch: kedaluwarsa 4 hari yang lalu sesuai label kemasan saat audit inventory.,EXPIRED,2026-09-30T11:08:57.905516
WASTE_CONTAMINATED_0419,Log limbah: BAHAYA FOOD SAFETY: wortel impor terpapar cipratan cairan pembersih kimia sanitasi lantai saat service peak hours dinner. Bobot perkiraan: 4 kg.,CONTAMINATED,2026-09-30T11:08:57.910644
WASTE_SPOILED_0296,"Temuan audit: Kondisi udang windu kupas di chiller 1 sudah keluar lendir lengket serta berbau busuk menyengat, harus diafkir. Segera laporkan ke chef on duty untuk tindakan preventif sesuai SOP.",SPOILED,2026-09-30T11:08:57.903518
WASTE_SPOILED_0402,"Kondisi daging steak sirloin di lantai kitchen line sudah keluar lendir lengket serta berbau busuk menyengat, harus diafkir. Ditemukan oleh staff shift pagi saat inspeksi rutin.",SPOILED,2026-09-30T11:08:57.904516
WASTE_SPOILED_0089,Temuan audit: Stok kol kubis manis berbau tidak sedap dan terlihat jamur putih dan berbau asam di cold storage utama. Ref: #403.,SPOILED,2026-09-30T11:08:57.901519
WASTE_PREP_WASTE_0414,"Catatan QC: Sisa penyiangan tulang, insang, dan kepala ikan kakap segar pada persiapan shift pagi di hot kitchen production pass.",PREP_WASTE,2026-09-30T11:08:57.915646
WASTE_SURPLUS_0409,Overproduction puding coklat fla berlebih setelah layanan breakfast buffet penutupan pagi. Segera laporkan ke chef on duty untuk tindakan preventif sesuai SOP.,SURPLUS,2026-09-30T11:08:57.918718
WASTE_SPOILED_0132,ikan salmon fillet mengalami pembusukan parah dan berbau anyir tengik di cold storage utama. Catatan: perlu cross-check barcode supplier.,SPOILED,2026-09-30T11:08:57.902520
WASTE_PREP_WASTE_0177,"Laporan waste: tulang, insang, dan kepala ikan kakap segar hasil proses persiapan di hot kitchen production pass. Ref: #652.",PREP_WASTE,2026-09-30T11:08:57.914644
WASTE_PREP_WASTE_0309,"Log limbah: Sisa organik kulit wortel, biji paprika, dan ujung timun dari proses mise en place beef stew tenderloin.",PREP_WASTE,2026-09-30T11:08:57.915646
WASTE_PREP_WASTE_0315,"kulit wortel, biji paprika, dan ujung timun ditimbang sebagai yield loss di fish butchery station.",PREP_WASTE,2026-09-30T11:08:57.915646
WASTE_OVERCOOKED_0053,Insiden dapur: steak wagyu tenderloin terlalu lama di deep fryer commercial sehingga menghitam pekat karena terlambat diangkat dari fryer. Catatan: perlu cross-check barcode supplier.,OVERCOOKED,2026-09-30T11:08:57.910644
WASTE_PREP_WASTE_0423,Temuan shift pagi: Sisa penyiangan remah potongan kulit puff pastry dan tepi adonan roti pada persiapan shift pagi di vegetable cold pantry.,PREP_WASTE,2026-09-30T11:08:57.916718
WASTE_SURPLUS_0096,Sisa porsi sajian sponge cake vanila dari prasmanan buffet dinner hotel malam hari masih layak namun tidak terjual. Segera laporkan ke chef on duty untuk tindakan preventif sesuai SOP.,SURPLUS,2026-09-30T11:08:57.916718
WASTE_CONTAMINATED_0289,Catatan QC: Ditemukan paha ayam marinasi yang terkena cemaran debu kotor akibat pembersihan blower ventilasi di rak pantry kering. Ditemukan oleh staff shift siang saat inspeksi rutin.,CONTAMINATED,2026-09-30T11:08:57.909580
WASTE_EXPIRED_0275,Log limbah: roti brioche burger pada rak chiller holding pass sudah telah melewati tanggal expiry date 2 hari lalu. Catatan: perlu cross-check barcode supplier.,EXPIRED,2026-09-30T11:08:57.906583
WASTE_CONTAMINATED_0415,Laporan waste: tomat merah jatuh langsung ke chiller 1 dan terkena cipratan cairan pembersih kimia sanitasi lantai.,CONTAMINATED,2026-09-30T11:08:57.910644
WASTE_PREP_WASTE_0313,"Limbah potongan kulit kentang, bonggol brokoli, dan tangkai daun bawang terkumpul di area vegetable cold pantry. Segera laporkan ke chef on duty untuk tindakan preventif sesuai SOP.",PREP_WASTE,2026-09-30T11:08:57.915646
WASTE_SPOILED_0270,Insiden dapur: daging giling sapi ditemukan mengalami pembusukan parah dan berbau anyir tengik pada saat pengecekan lantai kitchen line.,SPOILED,2026-09-30T11:08:57.903518
WASTE_SURPLUS_0366,Catatan QC: Overproduction sponge cake vanila berlebih setelah prasmanan buffet dinner hotel malam hari. Ref: #898.,SURPLUS,2026-09-30T11:08:57.918718
WASTE_PREP_WASTE_0449,"Sisa organik kulit wortel, biji paprika, dan ujung timun dari proses mise en place signature fish and chips. Bobot perkiraan: 13 kg.",PREP_WASTE,2026-09-30T11:08:57.916718
WASTE_OVERCOOKED_0023,saus bechamel keju terlalu lama di deck oven baking sehingga bagian luar gosong terbakar pahit walau dalam masih mentah. Segera laporkan ke chef on duty untuk tindakan preventif sesuai SOP.,OVERCOOKED,2026-09-30T11:08:57.910644
WASTE_SURPLUS_0097,Catatan QC: Stok matang roti brioche burger sisa operasional paket promo makan siang meeting korporat di walk-in freezer. Bobot perkiraan: 6 kg.,SURPLUS,2026-09-30T11:08:57.916718
WASTE_CONTAMINATED_0018,BAHAYA FOOD SAFETY: potongan daging wagyu MB7 terpapar serangga lalat serta kotoran hama di area kerja saat plating order express. Catatan: perlu cross-check barcode supplier.,CONTAMINATED,2026-09-30T11:08:57.907582
WASTE_PREP_WASTE_0083,Temuan audit: remah potongan kulit puff pastry dan tepi adonan roti hasil proses persiapan di vegetable cold pantry.,PREP_WASTE,2026-09-30T11:08:57.914644
WASTE_CONTAMINATED_0420,Temuan audit: Reject segera daging giling sapi akibat kontak dengan cipratan cairan pembersih kimia sanitasi lantai.,CONTAMINATED,2026-09-30T11:08:57.910644
WASTE_SURPLUS_0067,Insiden dapur: Overproduction kroisan butter almond berlebih setelah paket promo makan siang meeting korporat. Bobot perkiraan: 14 kg.,SURPLUS,2026-09-30T11:08:57.916718
WASTE_SURPLUS_0339,Temuan audit: Overproduction nasi goreng spesial seafood berlebih setelah prasmanan buffet dinner hotel malam hari.,SURPLUS,2026-09-30T11:08:57.918718
WASTE_EXPIRED_0138,Insiden dapur: Reject saus tiram botol besar: stempel expired date terlampaui dan tidak boleh disajikan saat audit inventory. Catatan: perlu cross-check barcode supplier.,EXPIRED,2026-09-30T11:08:57.905516
WASTE_PREP_WASTE_0059,Laporan waste: Limbah potongan cangkang telur ayam dan sisa kulit bawang bombay terkumpul di area pastry bakery corner. Segera laporkan ke chef on duty untuk tindakan preventif sesuai SOP.,PREP_WASTE,2026-09-30T11:08:57.914644
WASTE_SURPLUS_0441,Insiden dapur: Overproduction sup buntut kuah rempah 15 porsi berlebih setelah acara resepsi pernikahan gathering siang. Bobot perkiraan: 8 kg.,SURPLUS,2026-09-30T11:08:57.918718
WASTE_SPOILED_0376,"Catatan QC: Kondisi udang windu kupas di chiller holding pass sudah terlihat jamur putih dan berbau asam, harus diafkir.",SPOILED,2026-09-30T11:08:57.903518
WASTE_SPOILED_0334,Laporan waste: Stok kol kubis manis berbau tidak sedap dan mengalami pembusukan parah dan berbau anyir tengik di walk-in freezer.,SPOILED,2026-09-30T11:08:57.903518
WASTE_PREP_WASTE_0268,"Laporan waste: Sisa organik kulit kentang, bonggol brokoli, dan tangkai daun bawang dari proses mise en place menu roasted chicken. Catatan: perlu cross-check barcode supplier.",PREP_WASTE,2026-09-30T11:08:57.915646
WASTE_SURPLUS_0291,Laporan waste: Sisa porsi sajian sup buntut kuah rempah 15 porsi dari layanan breakfast buffet penutupan pagi masih layak namun tidak terjual.,SURPLUS,2026-09-30T11:08:57.917719
WASTE_OVERCOOKED_0255,Kondisi masakan fillet ayam krispi di rak pantry kering hangus berkerak hitam dan berbau sangit pekat.,OVERCOOKED,2026-09-30T11:08:57.912644
WASTE_CONTAMINATED_0219,Temuan shift pagi: wortel impor jatuh langsung ke chiller holding pass dan terkena pecahan kaca dari gelas pecah di line prep.,CONTAMINATED,2026-09-30T11:08:57.908580
WASTE_PREP_WASTE_0040,"Insiden dapur: Sisa penyiangan lemak berlebih, urat keras, dan sisa butchery daging sapi pada persiapan shift pagi di vegetable cold pantry. Segera laporkan ke chef on duty untuk tindakan preventif sesuai SOP.",PREP_WASTE,2026-09-30T11:08:57.913648
WASTE_OVERCOOKED_0093,Kondisi masakan steak wagyu tenderloin di lantai kitchen line hangus berkerak hitam dan berbau sangit pekat. Ditemukan oleh staff shift malam saat inspeksi rutin.,OVERCOOKED,2026-09-30T11:08:57.911644
WASTE_PREP_WASTE_0439,"Sisa organik tulang, insang, dan kepala ikan kakap segar dari proses mise en place sup buntut nusantara. Segera laporkan ke chef on duty untuk tindakan preventif sesuai SOP.",PREP_WASTE,2026-09-30T11:08:57.916718
WASTE_CONTAMINATED_0011,ikan kakap merah jatuh langsung ke walk-in freezer dan terkena serangga lalat serta kotoran hama di area kerja. Ditemukan oleh staff shift siang saat inspeksi rutin.,CONTAMINATED,2026-09-30T11:08:57.907582
WASTE_EXPIRED_0327,Log limbah: Reject saus tiram botol besar: sudah lewat batas best before sejak minggu kemarin saat audit inventory. Ref: #800.,EXPIRED,2026-09-30T11:08:57.906583
WASTE_PREP_WASTE_0238,Temuan audit: cangkang telur ayam dan sisa kulit bawang bombay ditimbang sebagai yield loss di meat prep station. Segera laporkan ke chef on duty untuk tindakan preventif sesuai SOP.,PREP_WASTE,2026-09-30T11:08:57.915646
WASTE_SPOILED_0329,"Kondisi daun selada iceberg di cold storage utama sudah berwarna kehitaman dan lembek hancur, harus diafkir. Ditemukan oleh staff shift malam saat inspeksi rutin.",SPOILED,2026-09-30T11:08:57.903518
WASTE_SURPLUS_0022,Temuan shift pagi: kroisan butter almond sisa layanan breakfast buffet penutupan pagi yang tidak terkonsumsi di cold storage utama.,SURPLUS,2026-09-30T11:08:57.916718
WASTE_CONTAMINATED_0443,Temuan shift pagi: Reject segera ikan salmon fillet akibat kontak dengan cipratan cairan pembersih kimia sanitasi lantai. Bobot perkiraan: 4 kg.,CONTAMINATED,2026-09-30T11:08:57.910644
WASTE_SPOILED_0321,Catatan QC: daging steak sirloin ditemukan tampak bercak kapang kehijauan dan berair pada saat pengecekan display showcase pastry. Catatan: perlu cross-check barcode supplier.,SPOILED,2026-09-30T11:08:57.903518
WASTE_OVERCOOKED_0270,Log limbah: steak wagyu tenderloin gosong hangus karena api terlalu besar saat penggorengan kapasitas besar. Ditemukan oleh staff shift pagi saat inspeksi rutin.,OVERCOOKED,2026-09-30T11:08:57.912644
WASTE_OVERCOOKED_0316,Log limbah: steak wagyu tenderloin gagal saji karena suhu panci stock pot kaldu berlebih dan hangus berkerak hitam dan berbau sangit pekat. Catatan: perlu cross-check barcode supplier.,OVERCOOKED,2026-09-30T11:08:57.912644
WASTE_PREP_WASTE_0402,"Laporan waste: kulit kentang, bonggol brokoli, dan tangkai daun bawang ditimbang sebagai yield loss di fish butchery station. Ref: #403.",PREP_WASTE,2026-09-30T11:08:57.915646
WASTE_SPOILED_0013,Insiden dapur: tomat merah ditemukan terlihat jamur putih dan berbau asam pada saat pengecekan rak pantry kering.,SPOILED,2026-09-30T11:08:57.901519
WASTE_EXPIRED_0448,Insiden dapur: Ditemukan minyak wijen premium yang telah kedaluwarsa 4 hari yang lalu sesuai label kemasan. Ref: #186.,EXPIRED,2026-09-30T11:08:57.907582
WASTE_SPOILED_0172,Insiden dapur: Stok daging giling sapi berbau tidak sedap dan berwarna kehitaman dan lembek hancur di chiller holding pass. Segera laporkan ke chef on duty untuk tindakan preventif sesuai SOP.,SPOILED,2026-09-30T11:08:57.902520
WASTE_OVERCOOKED_0324,steak wagyu tenderloin gosong hangus karena api terlalu besar saat penggorengan kapasitas besar. Segera laporkan ke chef on duty untuk tindakan preventif sesuai SOP.,OVERCOOKED,2026-09-30T11:08:57.912644
WASTE_SPOILED_0261,Reject fillet dada ayam: mengalami pembusukan parah dan berbau anyir tengik. Catatan: perlu cross-check barcode supplier.,SPOILED,2026-09-30T11:08:57.903518
WASTE_PREP_WASTE_0314,Sisa penyiangan remah potongan kulit puff pastry dan tepi adonan roti pada persiapan shift pagi di pastry bakery corner. Segera laporkan ke chef on duty untuk tindakan preventif sesuai SOP.,PREP_WASTE,2026-09-30T11:08:57.915646
WASTE_EXPIRED_0240,Temuan audit: Ditemukan saus tiram botol besar yang telah telah melewati tanggal expiry date 2 hari lalu. Catatan: perlu cross-check barcode supplier.,EXPIRED,2026-09-30T11:08:57.906583
WASTE_CONTAMINATED_0002,Reject segera cumi-cumi segar akibat kontak dengan helaian rambut staff dan keringat saat proses plating.,CONTAMINATED,2026-09-30T11:08:57.907582
WASTE_SURPLUS_0208,Laporan waste: puding coklat fla berlebih pada display chiller holding pass karena proyeksi tamu meleset. Bobot perkiraan: 13 kg.,SURPLUS,2026-09-30T11:08:57.917719
WASTE_SPOILED_0259,Catatan QC: Reject brokoli segar: tampak bercak kapang kehijauan dan berair. Segera laporkan ke chef on duty untuk tindakan preventif sesuai SOP.,SPOILED,2026-09-30T11:08:57.903518
WASTE_EXPIRED_0395,Laporan waste: saus bechamel keju telah melewati tanggal expiry date 2 hari lalu. Ditemukan oleh staff shift pagi saat inspeksi rutin.,EXPIRED,2026-09-30T11:08:57.907582
WASTE_SURPLUS_0241,Log limbah: Stok matang sponge cake vanila sisa operasional paket promo makan siang meeting korporat di lantai kitchen line. Ref: #104.,SURPLUS,2026-09-30T11:08:57.917719
WASTE_SPOILED_0139,"Laporan waste: Kondisi kol kubis manis di chiller holding pass sudah keluar lendir lengket serta berbau busuk menyengat, harus diafkir. Segera laporkan ke chef on duty untuk tindakan preventif sesuai SOP.",SPOILED,2026-09-30T11:08:57.902520
WASTE_OVERCOOKED_0224,Insiden dapur: Reject pesanan roti baguette: bagian luar gosong terbakar pahit walau dalam masih mentah di salamander heater. Bobot perkiraan: 6 kg.,OVERCOOKED,2026-09-30T11:08:57.911644
WASTE_SPOILED_0320,Temuan shift pagi: cumi-cumi segar ditemukan tampak bercak kapang kehijauan dan berair pada saat pengecekan meja butchery station.,SPOILED,2026-09-30T11:08:57.903518
WASTE_EXPIRED_0204,Log limbah: kroisan butter almond melewati masa simpan maksimum gudang penyimpanan. Ditemukan oleh staff shift pagi saat inspeksi rutin.,EXPIRED,2026-09-30T11:08:57.906583
WASTE_PREP_WASTE_0331,Log limbah: remah potongan kulit puff pastry dan tepi adonan roti hasil proses persiapan di meat prep station. Bobot perkiraan: 8 kg.,PREP_WASTE,2026-09-30T11:08:57.915646
WASTE_SPOILED_0001,daging giling sapi mengalami pembusukan parah dan berbau anyir tengik di display showcase pastry.,SPOILED,2026-09-30T11:08:57.901519
WASTE_EXPIRED_0109,Log limbah: mayonnaise dressing pada rak chiller holding pass sudah kedaluwarsa 4 hari yang lalu sesuai label kemasan. Ref: #814.,EXPIRED,2026-09-30T11:08:57.905516
WASTE_SPOILED_0140,tomat merah berwarna kehitaman dan lembek hancur di cold storage utama.,SPOILED,2026-09-30T11:08:57.902520
WASTE_SPOILED_0113,"Log limbah: Kondisi kol kubis manis di chiller holding pass sudah tekstur lembek basah dan berbau apek busuk, harus diafkir. Catatan: perlu cross-check barcode supplier.",SPOILED,2026-09-30T11:08:57.902520
WASTE_EXPIRED_0082,Tanggal kedaluwarsa saus tomat kemasan pouch di meja butchery station telah melewati tanggal expiry date 2 hari lalu.,EXPIRED,2026-09-30T11:08:57.904516
WASTE_SPOILED_0225,Log limbah: Reject kol kubis manis: tampak bercak kapang kehijauan dan berair. Catatan: perlu cross-check barcode supplier.,SPOILED,2026-09-30T11:08:57.903518
WASTE_EXPIRED_0274,Temuan shift pagi: Ditemukan puding coklat fla yang telah kadaluwarsa per tanggal kemarin dan harus segera diretur. Ref: #493.,EXPIRED,2026-09-30T11:08:57.906583
WASTE_PREP_WASTE_0385,"Temuan shift pagi: Sisa penyiangan kulit kentang, bonggol brokoli, dan tangkai daun bawang pada persiapan shift pagi di meat prep station.",PREP_WASTE,2026-09-30T11:08:57.915646
WASTE_SURPLUS_0260,Laporan waste: Sisa porsi sajian nasi goreng spesial seafood dari event gala dinner VIP ballroom masih layak namun tidak terjual. Segera laporkan ke chef on duty untuk tindakan preventif sesuai SOP.,SURPLUS,2026-09-30T11:08:57.917719
WASTE_SURPLUS_0065,Temuan shift pagi: Overproduction nasi goreng spesial seafood berlebih setelah prasmanan buffet dinner hotel malam hari. Catatan: perlu cross-check barcode supplier.,SURPLUS,2026-09-30T11:08:57.916718
WASTE_OVERCOOKED_0084,Catatan QC: fillet ayam krispi gosong hangus karena api terlalu besar saat penggorengan kapasitas besar.,OVERCOOKED,2026-09-30T11:08:57.911644
WASTE_SPOILED_0326,Temuan shift pagi: Stok paha ayam marinasi berbau tidak sedap dan mengalami pembusukan parah dan berbau anyir tengik di meja butchery station. Catatan: perlu cross-check barcode supplier.,SPOILED,2026-09-30T11:08:57.903518
WASTE_PREP_WASTE_0292,Catatan QC: Limbah potongan cangkang telur ayam dan sisa kulit bawang bombay terkumpul di area hot kitchen production pass. Ref: #690.,PREP_WASTE,2026-09-30T11:08:57.915646
WASTE_CONTAMINATED_0424,Insiden dapur: BAHAYA FOOD SAFETY: udang windu kupas terpapar serangga lalat serta kotoran hama di area kerja saat batch cooking prasmanan. Ref: #988.,CONTAMINATED,2026-09-30T11:08:57.910644
WASTE_PREP_WASTE_0379,Log limbah: remah potongan kulit puff pastry dan tepi adonan roti ditimbang sebagai yield loss di hot kitchen production pass. Ref: #640.,PREP_WASTE,2026-09-30T11:08:57.915646
WASTE_OVERCOOKED_0109,Temuan shift pagi: Kondisi masakan saus bechamel keju di chiller 1 hangus berkerak hitam dan berbau sangit pekat. Ditemukan oleh staff shift pagi saat inspeksi rutin.,OVERCOOKED,2026-09-30T11:08:57.911644
WASTE_PREP_WASTE_0161,Log limbah: remah potongan kulit puff pastry dan tepi adonan roti ditimbang sebagai yield loss di meat prep station. Segera laporkan ke chef on duty untuk tindakan preventif sesuai SOP.,PREP_WASTE,2026-09-30T11:08:57.914644
WASTE_SURPLUS_0434,Temuan shift pagi: Stok matang sponge cake vanila sisa operasional event gala dinner VIP ballroom di walk-in freezer. Ref: #814.,SURPLUS,2026-09-30T11:08:57.918718
WASTE_EXPIRED_0265,Laporan waste: Ditemukan keju mozarella impor yang telah melewati masa simpan maksimum gudang penyimpanan. Ditemukan oleh staff shift malam saat inspeksi rutin.,EXPIRED,2026-09-30T11:08:57.906583
WASTE_EXPIRED_0397,Laporan waste: Ditemukan puding coklat fla yang telah sudah lewat batas best before sejak minggu kemarin. Ref: #881.,EXPIRED,2026-09-30T11:08:57.907582
WASTE_SPOILED_0194,Log limbah: Stok brokoli segar berbau tidak sedap dan tampak bercak kapang kehijauan dan berair di cold storage utama.,SPOILED,2026-09-30T11:08:57.902520
WASTE_OVERCOOKED_0115,Log limbah: fillet ayam krispi terlalu lama di charcoal grill station sehingga gosong gosong pahit dan bertekstur liat keras.,OVERCOOKED,2026-09-30T11:08:57.911644
WASTE_EXPIRED_0124,Temuan shift pagi: Ditemukan minyak wijen premium yang telah kadaluwarsa per tanggal kemarin dan harus segera diretur. Ref: #688.,EXPIRED,2026-09-30T11:08:57.905516
WASTE_CONTAMINATED_0047,Log limbah: Reject segera daging giling sapi akibat kontak dengan cipratan cairan pembersih kimia sanitasi lantai. Ref: #918.,CONTAMINATED,2026-09-30T11:08:57.907582
WASTE_EXPIRED_0054,Insiden dapur: Reject saus tiram botol besar: melewati masa simpan maksimum gudang penyimpanan saat audit inventory. Catatan: perlu cross-check barcode supplier.,EXPIRED,2026-09-30T11:08:57.904516
WASTE_OVERCOOKED_0280,Temuan shift pagi: saus bechamel keju terlalu lama di wajan wok burner sehingga hangus berkerak hitam dan berbau sangit pekat. Bobot perkiraan: 15 kg.,OVERCOOKED,2026-09-30T11:08:57.912644
WASTE_PREP_WASTE_0279,"Limbah potongan lemak berlebih, urat keras, dan sisa butchery daging sapi terkumpul di area sauce preparation area. Catatan: perlu cross-check barcode supplier.",PREP_WASTE,2026-09-30T11:08:57.915646
WASTE_SPOILED_0118,potongan daging wagyu MB7 berwarna kehitaman dan lembek hancur di chiller 1.,SPOILED,2026-09-30T11:08:57.902520
WASTE_EXPIRED_0196,Temuan audit: saus tiram botol besar stempel expired date terlampaui dan tidak boleh disajikan.,EXPIRED,2026-09-30T11:08:57.906583
WASTE_SPOILED_0004,Log limbah: Reject daun selada iceberg: terlihat jamur putih dan berbau asam. Ditemukan oleh staff shift pagi saat inspeksi rutin.,SPOILED,2026-09-30T11:08:57.901519
WASTE_SPOILED_0075,Laporan waste: wortel impor ditemukan tekstur lembek basah dan berbau apek busuk pada saat pengecekan rak pantry kering. Ditemukan oleh staff shift siang saat inspeksi rutin.,SPOILED,2026-09-30T11:08:57.901519
WASTE_OVERCOOKED_0406,fillet ayam krispi gosong hangus karena api terlalu besar saat service peak hours dinner. Ditemukan oleh staff shift pagi saat inspeksi rutin.,OVERCOOKED,2026-09-30T11:08:57.913648
WASTE_EXPIRED_0018,Temuan shift pagi: Tanggal kedaluwarsa kroisan butter almond di chiller holding pass stempel expired date terlampaui dan tidak boleh disajikan. Bobot perkiraan: 7 kg.,EXPIRED,2026-09-30T11:08:57.904516
WASTE_CONTAMINATED_0446,Log limbah: daging steak sirloin terkontaminasi serangga lalat serta kotoran hama di area kerja di meja butchery station.,CONTAMINATED,2026-09-30T11:08:57.910644
WASTE_SPOILED_0006,Laporan waste: Stok paha ayam marinasi berbau tidak sedap dan berwarna kehitaman dan lembek hancur di lantai kitchen line. Catatan: perlu cross-check barcode supplier.,SPOILED,2026-09-30T11:08:57.901519
WASTE_CONTAMINATED_0347,Log limbah: fillet dada ayam jatuh langsung ke rak pantry kering dan terkena cipratan cairan pembersih kimia sanitasi lantai. Ditemukan oleh staff shift siang saat inspeksi rutin.,CONTAMINATED,2026-09-30T11:08:57.910644
WASTE_CONTAMINATED_0020,Reject segera jamur kancing akibat kontak dengan pecahan kaca dari gelas pecah di line prep.,CONTAMINATED,2026-09-30T11:08:57.907582
WASTE_EXPIRED_0098,roti brioche burger pada rak walk-in freezer sudah stempel expired date terlampaui dan tidak boleh disajikan. Bobot perkiraan: 2 kg.,EXPIRED,2026-09-30T11:08:57.904516
WASTE_SPOILED_0229,Temuan audit: daging steak sirloin tekstur lembek basah dan berbau apek busuk di meja butchery station. Ditemukan oleh staff shift pagi saat inspeksi rutin.,SPOILED,2026-09-30T11:08:57.903518
WASTE_CONTAMINATED_0164,Temuan audit: Reject segera daun selada iceberg akibat kontak dengan pecahan kaca dari gelas pecah di line prep.,CONTAMINATED,2026-09-30T11:08:57.908580
WASTE_EXPIRED_0093,Insiden dapur: saus tomat kemasan pouch pada rak chiller 1 sudah stempel expired date terlampaui dan tidak boleh disajikan.,EXPIRED,2026-09-30T11:08:57.904516
WASTE_SPOILED_0243,Insiden dapur: fillet dada ayam ditemukan tekstur lembek basah dan berbau apek busuk pada saat pengecekan lantai kitchen line. Segera laporkan ke chef on duty untuk tindakan preventif sesuai SOP.,SPOILED,2026-09-30T11:08:57.903518
WASTE_EXPIRED_0449,Temuan shift pagi: Ditemukan whipping cream cair yang telah telah melewati tanggal expiry date 2 hari lalu. Catatan: perlu cross-check barcode supplier.,EXPIRED,2026-09-30T11:08:57.907582
WASTE_PREP_WASTE_0285,"Temuan shift pagi: kulit kentang, bonggol brokoli, dan tangkai daun bawang hasil proses persiapan di sauce preparation area. Segera laporkan ke chef on duty untuk tindakan preventif sesuai SOP.",PREP_WASTE,2026-09-30T11:08:57.915646
WASTE_CONTAMINATED_0261,Log limbah: BAHAYA FOOD SAFETY: kol kubis manis terpapar serangga lalat serta kotoran hama di area kerja saat service peak hours dinner. Ditemukan oleh staff shift malam saat inspeksi rutin.,CONTAMINATED,2026-09-30T11:08:57.909580
WASTE_EXPIRED_0373,Log limbah: saus bechamel keju melewati masa simpan maksimum gudang penyimpanan. Bobot perkiraan: 10 kg.,EXPIRED,2026-09-30T11:08:57.907582
WASTE_PREP_WASTE_0443,cangkang telur ayam dan sisa kulit bawang bombay hasil proses persiapan di vegetable cold pantry.,PREP_WASTE,2026-09-30T11:08:57.916718
WASTE_SURPLUS_0372,Catatan QC: Overproduction sup buntut kuah rempah 15 porsi berlebih setelah prasmanan buffet dinner hotel malam hari. Segera laporkan ke chef on duty untuk tindakan preventif sesuai SOP.,SURPLUS,2026-09-30T11:08:57.918718
WASTE_PREP_WASTE_0167,Insiden dapur: remah potongan kulit puff pastry dan tepi adonan roti ditimbang sebagai yield loss di vegetable cold pantry. Catatan: perlu cross-check barcode supplier.,PREP_WASTE,2026-09-30T11:08:57.914644
WASTE_SURPLUS_0074,Temuan audit: roti brioche burger berlebih pada display chiller 1 karena proyeksi tamu meleset. Catatan: perlu cross-check barcode supplier.,SURPLUS,2026-09-30T11:08:57.916718
WASTE_PREP_WASTE_0281,"Temuan audit: kulit wortel, biji paprika, dan ujung timun ditimbang sebagai yield loss di vegetable cold pantry. Bobot perkiraan: 14 kg.",PREP_WASTE,2026-09-30T11:08:57.915646
WASTE_EXPIRED_0393,Temuan audit: Tanggal kedaluwarsa susu UHT full cream di walk-in freezer telah melewati tanggal expiry date 2 hari lalu. Catatan: perlu cross-check barcode supplier.,EXPIRED,2026-09-30T11:08:57.907582
WASTE_OVERCOOKED_0024,Laporan waste: steak wagyu tenderloin gosong hangus karena api terlalu besar saat batch cooking prasmanan.,OVERCOOKED,2026-09-30T11:08:57.910644
WASTE_SURPLUS_0033,Temuan audit: Overproduction sup buntut kuah rempah 15 porsi berlebih setelah acara resepsi pernikahan gathering siang.,SURPLUS,2026-09-30T11:08:57.916718
WASTE_PREP_WASTE_0264,"Laporan waste: kulit wortel, biji paprika, dan ujung timun ditimbang sebagai yield loss di meat prep station.",PREP_WASTE,2026-09-30T11:08:57.915646
WASTE_OVERCOOKED_0177,Log limbah: steak wagyu tenderloin terlalu lama di wajan wok burner sehingga bagian luar gosong terbakar pahit walau dalam masih mentah. Ref: #379.,OVERCOOKED,2026-09-30T11:08:57.911644
WASTE_OVERCOOKED_0256,Log limbah: fillet ayam krispi terlalu lama di salamander heater sehingga terlalu kering mengeras layaknya arang dan tidak layak jual. Ditemukan oleh staff shift pagi saat inspeksi rutin.,OVERCOOKED,2026-09-30T11:08:57.912644
WASTE_SURPLUS_0263,Catatan QC: Overproduction nasi goreng spesial seafood berlebih setelah prasmanan buffet dinner hotel malam hari. Bobot perkiraan: 14 kg.,SURPLUS,2026-09-30T11:08:57.917719
WASTE_SPOILED_0277,Temuan audit: Reject daging giling sapi: berwarna kehitaman dan lembek hancur.,SPOILED,2026-09-30T11:08:57.903518
WASTE_EXPIRED_0212,Laporan waste: Reject minyak wijen premium: kadaluwarsa per tanggal kemarin dan harus segera diretur saat audit inventory. Ref: #988.,EXPIRED,2026-09-30T11:08:57.906583
WASTE_PREP_WASTE_0290,Log limbah: Sisa organik cangkang telur ayam dan sisa kulit bawang bombay dari proses mise en place cream soup mushroom. Catatan: perlu cross-check barcode supplier.,PREP_WASTE,2026-09-30T11:08:57.915646
WASTE_SURPLUS_0042,Laporan waste: nasi liwet komplet berlebih pada display display showcase pastry karena proyeksi tamu meleset. Bobot perkiraan: 11 kg.,SURPLUS,2026-09-30T11:08:57.916718
WASTE_SURPLUS_0300,Laporan waste: Stok matang sponge cake vanila sisa operasional prasmanan buffet dinner hotel malam hari di walk-in freezer. Segera laporkan ke chef on duty untuk tindakan preventif sesuai SOP.,SURPLUS,2026-09-30T11:08:57.917719
WASTE_OVERCOOKED_0415,Temuan shift pagi: Kondisi masakan fillet ayam krispi di display showcase pastry gosong gosong pahit dan bertekstur liat keras. Ref: #787.,OVERCOOKED,2026-09-30T11:08:57.913648
WASTE_PREP_WASTE_0312,"Log limbah: Limbah potongan kulit wortel, biji paprika, dan ujung timun terkumpul di area meat prep station.",PREP_WASTE,2026-09-30T11:08:57.915646
WASTE_SPOILED_0315,"Temuan shift pagi: Kondisi wortel impor di meja butchery station sudah berwarna kehitaman dan lembek hancur, harus diafkir.",SPOILED,2026-09-30T11:08:57.903518
WASTE_OVERCOOKED_0117,Log limbah: Kondisi masakan sponge cake vanila di chiller 1 terlalu kering mengeras layaknya arang dan tidak layak jual. Catatan: perlu cross-check barcode supplier.,OVERCOOKED,2026-09-30T11:08:57.911644
WASTE_OVERCOOKED_0412,Laporan waste: sponge cake vanila terlalu lama di deck oven baking sehingga hangus berkerak hitam dan berbau sangit pekat. Bobot perkiraan: 12 kg.,OVERCOOKED,2026-09-30T11:08:57.913648
WASTE_CONTAMINATED_0444,Insiden dapur: Reject segera daging giling sapi akibat kontak dengan cipratan cairan pembersih kimia sanitasi lantai.,CONTAMINATED,2026-09-30T11:08:57.910644
WASTE_CONTAMINATED_0406,kol kubis manis terkontaminasi helaian rambut staff dan keringat saat proses plating di chiller holding pass. Segera laporkan ke chef on duty untuk tindakan preventif sesuai SOP.,CONTAMINATED,2026-09-30T11:08:57.910644
WASTE_EXPIRED_0242,Catatan QC: Reject saus tomat kemasan pouch: stempel expired date terlampaui dan tidak boleh disajikan saat audit inventory.,EXPIRED,2026-09-30T11:08:57.906583
WASTE_OVERCOOKED_0192,Insiden dapur: roti baguette terlalu lama di charcoal grill station sehingga bagian luar gosong terbakar pahit walau dalam masih mentah. Bobot perkiraan: 7 kg.,OVERCOOKED,2026-09-30T11:08:57.911644
WASTE_EXPIRED_0163,Ditemukan mayonnaise dressing yang telah melewati masa simpan maksimum gudang penyimpanan. Catatan: perlu cross-check barcode supplier.,EXPIRED,2026-09-30T11:08:57.905516
WASTE_SPOILED_0425,Temuan audit: Stok paha ayam marinasi berbau tidak sedap dan tekstur lembek basah dan berbau apek busuk di display showcase pastry. Segera laporkan ke chef on duty untuk tindakan preventif sesuai SOP.,SPOILED,2026-09-30T11:08:57.904516
WASTE_OVERCOOKED_0228,Insiden dapur: roti baguette terlalu lama di charcoal grill station sehingga menghitam pekat karena terlambat diangkat dari fryer. Ditemukan oleh staff shift pagi saat inspeksi rutin.,OVERCOOKED,2026-09-30T11:08:57.911644
WASTE_EXPIRED_0145,Temuan shift pagi: Reject mayonnaise dressing: melewati masa simpan maksimum gudang penyimpanan saat audit inventory. Bobot perkiraan: 11 kg.,EXPIRED,2026-09-30T11:08:57.905516
WASTE_SURPLUS_0426,Catatan QC: kroisan butter almond berlebih pada display lantai kitchen line karena proyeksi tamu meleset. Catatan: perlu cross-check barcode supplier.,SURPLUS,2026-09-30T11:08:57.918718
WASTE_OVERCOOKED_0043,fillet ayam krispi gagal saji karena suhu wajan wok burner berlebih dan bagian luar gosong terbakar pahit walau dalam masih mentah.,OVERCOOKED,2026-09-30T11:08:57.910644
WASTE_SURPLUS_0171,Catatan QC: sup buntut kuah rempah 15 porsi sisa acara resepsi pernikahan gathering siang yang tidak terkonsumsi di meja butchery station. Segera laporkan ke chef on duty untuk tindakan preventif sesuai SOP.,SURPLUS,2026-09-30T11:08:57.917719
WASTE_EXPIRED_0173,Reject susu UHT full cream: sudah lewat batas best before sejak minggu kemarin saat audit inventory. Bobot perkiraan: 12 kg.,EXPIRED,2026-09-30T11:08:57.905516
WASTE_SPOILED_0034,Laporan waste: brokoli segar tampak bercak kapang kehijauan dan berair di walk-in freezer.,SPOILED,2026-09-30T11:08:57.901519
WASTE_OVERCOOKED_0144,Temuan shift pagi: Kondisi masakan saus bechamel keju di rak pantry kering hangus berkerak hitam dan berbau sangit pekat. Ditemukan oleh staff shift pagi saat inspeksi rutin.,OVERCOOKED,2026-09-30T11:08:57.911644
WASTE_PREP_WASTE_0099,"Temuan audit: Sisa organik kulit kentang, bonggol brokoli, dan tangkai daun bawang dari proses mise en place salad bar buffet. Segera laporkan ke chef on duty untuk tindakan preventif sesuai SOP.",PREP_WASTE,2026-09-30T11:08:57.914644
WASTE_SPOILED_0228,"Log limbah: Kondisi brokoli segar di walk-in freezer sudah tampak bercak kapang kehijauan dan berair, harus diafkir. Ditemukan oleh staff shift malam saat inspeksi rutin.",SPOILED,2026-09-30T11:08:57.903518
WASTE_PREP_WASTE_0222,"Sisa penyiangan kulit wortel, biji paprika, dan ujung timun pada persiapan shift pagi di meat prep station.",PREP_WASTE,2026-09-30T11:08:57.914644
WASTE_CONTAMINATED_0270,Laporan waste: Reject segera ikan salmon fillet akibat kontak dengan tetesan darah mentah dari rak atas.,CONTAMINATED,2026-09-30T11:08:57.909580
WASTE_SPOILED_0109,Laporan waste: kol kubis manis ditemukan tekstur lembek basah dan berbau apek busuk pada saat pengecekan chiller 1. Ref: #918.,SPOILED,2026-09-30T11:08:57.902520
WASTE_PREP_WASTE_0270,"Sisa organik kulit kentang, bonggol brokoli, dan tangkai daun bawang dari proses mise en place beef stew tenderloin.",PREP_WASTE,2026-09-30T11:08:57.915646
WASTE_SPOILED_0067,Temuan shift pagi: cumi-cumi segar tekstur lembek basah dan berbau apek busuk di lantai kitchen line.,SPOILED,2026-09-30T11:08:57.901519
WASTE_OVERCOOKED_0068,Temuan shift pagi: steak wagyu tenderloin terlalu lama di panci stock pot kaldu sehingga gosong gosong pahit dan bertekstur liat keras. Bobot perkiraan: 14 kg.,OVERCOOKED,2026-09-30T11:08:57.911644
WASTE_SURPLUS_0190,Overproduction puding coklat fla berlebih setelah prasmanan buffet dinner hotel malam hari. Bobot perkiraan: 1 kg.,SURPLUS,2026-09-30T11:08:57.917719
WASTE_SPOILED_0025,Stok daun selada iceberg berbau tidak sedap dan mengalami pembusukan parah dan berbau anyir tengik di rak pantry kering.,SPOILED,2026-09-30T11:08:57.901519
WASTE_CONTAMINATED_0336,Temuan shift pagi: fillet dada ayam terkontaminasi serangga lalat serta kotoran hama di area kerja di cold storage utama.,CONTAMINATED,2026-09-30T11:08:57.909580
WASTE_PREP_WASTE_0441,"Limbah potongan tulang, insang, dan kepala ikan kakap segar terkumpul di area hot kitchen production pass. Ref: #896.",PREP_WASTE,2026-09-30T11:08:57.916718
WASTE_SPOILED_0145,"Laporan waste: Kondisi udang windu kupas di meja butchery station sudah mengalami pembusukan parah dan berbau anyir tengik, harus diafkir. Catatan: perlu cross-check barcode supplier.",SPOILED,2026-09-30T11:08:57.902520
WASTE_EXPIRED_0087,Temuan audit: Reject susu UHT full cream: stempel expired date terlampaui dan tidak boleh disajikan saat audit inventory. Bobot perkiraan: 11 kg.,EXPIRED,2026-09-30T11:08:57.904516
WASTE_EXPIRED_0362,Insiden dapur: Reject sponge cake vanila: kedaluwarsa 4 hari yang lalu sesuai label kemasan saat audit inventory.,EXPIRED,2026-09-30T11:08:57.907582
WASTE_SURPLUS_0361,Log limbah: Sisa porsi sajian sponge cake vanila dari prasmanan buffet dinner hotel malam hari masih layak namun tidak terjual. Bobot perkiraan: 9 kg.,SURPLUS,2026-09-30T11:08:57.918718
WASTE_OVERCOOKED_0148,Catatan QC: roti baguette terlalu lama di wajan wok burner sehingga menghitam pekat karena terlambat diangkat dari fryer. Ditemukan oleh staff shift malam saat inspeksi rutin.,OVERCOOKED,2026-09-30T11:08:57.911644
WASTE_SPOILED_0086,Temuan audit: Reject ikan salmon fillet: tekstur lembek basah dan berbau apek busuk. Segera laporkan ke chef on duty untuk tindakan preventif sesuai SOP.,SPOILED,2026-09-30T11:08:57.901519
WASTE_CONTAMINATED_0355,Insiden dapur: daging giling sapi jatuh langsung ke cold storage utama dan terkena serangga lalat serta kotoran hama di area kerja. Segera laporkan ke chef on duty untuk tindakan preventif sesuai SOP.,CONTAMINATED,2026-09-30T11:08:57.910644
WASTE_SURPLUS_0302,Catatan QC: Sisa porsi sajian roti brioche burger dari acara resepsi pernikahan gathering siang masih layak namun tidak terjual. Ref: #908.,SURPLUS,2026-09-30T11:08:57.917719
WASTE_PREP_WASTE_0416,"Temuan audit: tulang, insang, dan kepala ikan kakap segar ditimbang sebagai yield loss di hot kitchen production pass. Segera laporkan ke chef on duty untuk tindakan preventif sesuai SOP.",PREP_WASTE,2026-09-30T11:08:57.915646
WASTE_SURPLUS_0350,Temuan shift pagi: Sisa porsi sajian nasi goreng spesial seafood dari prasmanan buffet dinner hotel malam hari masih layak namun tidak terjual. Ditemukan oleh staff shift pagi saat inspeksi rutin.,SURPLUS,2026-09-30T11:08:57.918718
WASTE_PREP_WASTE_0146,"Catatan QC: Limbah potongan kulit kentang, bonggol brokoli, dan tangkai daun bawang terkumpul di area sauce preparation area.",PREP_WASTE,2026-09-30T11:08:57.914644
WASTE_EXPIRED_0035,kroisan butter almond pada rak meja butchery station sudah telah melewati tanggal expiry date 2 hari lalu. Ditemukan oleh staff shift siang saat inspeksi rutin.,EXPIRED,2026-09-30T11:08:57.904516
WASTE_OVERCOOKED_0305,Insiden dapur: steak wagyu tenderloin gosong hangus karena api terlalu besar saat plating order express. Ditemukan oleh staff shift pagi saat inspeksi rutin.,OVERCOOKED,2026-09-30T11:08:57.912644
WASTE_SURPLUS_0160,nasi liwet komplet sisa event gala dinner VIP ballroom yang tidak terkonsumsi di chiller holding pass. Ditemukan oleh staff shift pagi saat inspeksi rutin.,SURPLUS,2026-09-30T11:08:57.917719
WASTE_SURPLUS_0330,Laporan waste: sup buntut kuah rempah 15 porsi berlebih pada display rak pantry kering karena proyeksi tamu meleset. Catatan: perlu cross-check barcode supplier.,SURPLUS,2026-09-30T11:08:57.917719
WASTE_PREP_WASTE_0223,"Catatan QC: Sisa penyiangan tulang, insang, dan kepala ikan kakap segar pada persiapan shift pagi di sauce preparation area. Bobot perkiraan: 4 kg.",PREP_WASTE,2026-09-30T11:08:57.914644
WASTE_EXPIRED_0289,Temuan audit: Ditemukan kroisan butter almond yang telah kedaluwarsa 4 hari yang lalu sesuai label kemasan.,EXPIRED,2026-09-30T11:08:57.906583
WASTE_EXPIRED_0356,Laporan waste: susu UHT full cream kedaluwarsa 4 hari yang lalu sesuai label kemasan. Bobot perkiraan: 9 kg.,EXPIRED,2026-09-30T11:08:57.907582
WASTE_SURPLUS_0120,Laporan waste: sponge cake vanila sisa layanan breakfast buffet penutupan pagi yang tidak terkonsumsi di walk-in freezer.,SURPLUS,2026-09-30T11:08:57.916718
WASTE_SURPLUS_0411,Insiden dapur: sponge cake vanila sisa layanan breakfast buffet penutupan pagi yang tidak terkonsumsi di chiller 1. Bobot perkiraan: 12 kg.,SURPLUS,2026-09-30T11:08:57.918718
WASTE_PREP_WASTE_0323,"Laporan waste: kulit wortel, biji paprika, dan ujung timun ditimbang sebagai yield loss di hot kitchen production pass.",PREP_WASTE,2026-09-30T11:08:57.915646
WASTE_OVERCOOKED_0425,Temuan shift pagi: steak wagyu tenderloin gosong hangus karena api terlalu besar saat penggorengan kapasitas besar. Ref: #919.,OVERCOOKED,2026-09-30T11:08:57.913648
WASTE_SPOILED_0363,Stok ikan salmon fillet berbau tidak sedap dan keluar lendir lengket serta berbau busuk menyengat di walk-in freezer. Catatan: perlu cross-check barcode supplier.,SPOILED,2026-09-30T11:08:57.903518
WASTE_EXPIRED_0300,Laporan waste: Reject mayonnaise dressing: melewati masa simpan maksimum gudang penyimpanan saat audit inventory. Ditemukan oleh staff shift siang saat inspeksi rutin.,EXPIRED,2026-09-30T11:08:57.906583
WASTE_CONTAMINATED_0019,Laporan waste: ikan salmon fillet jatuh langsung ke chiller holding pass dan terkena cipratan cairan pembersih kimia sanitasi lantai.,CONTAMINATED,2026-09-30T11:08:57.907582
WASTE_OVERCOOKED_0297,roti baguette gagal saji karena suhu wajan wok burner berlebih dan menghitam pekat karena terlambat diangkat dari fryer.,OVERCOOKED,2026-09-30T11:08:57.912644
WASTE_CONTAMINATED_0127,Catatan QC: daun selada iceberg terkontaminasi helaian rambut staff dan keringat saat proses plating di chiller 1.,CONTAMINATED,2026-09-30T11:08:57.908580
WASTE_CONTAMINATED_0131,Temuan shift pagi: BAHAYA FOOD SAFETY: daun selada iceberg terpapar debu kotor akibat pembersihan blower ventilasi saat plating order express. Ref: #926.,CONTAMINATED,2026-09-30T11:08:57.908580
WASTE_EXPIRED_0433,Temuan audit: Ditemukan minyak wijen premium yang telah melewati masa simpan maksimum gudang penyimpanan.,EXPIRED,2026-09-30T11:08:57.907582
WASTE_CONTAMINATED_0436,Catatan QC: BAHAYA FOOD SAFETY: fillet dada ayam terpapar tetesan darah mentah dari rak atas saat service peak hours dinner. Segera laporkan ke chef on duty untuk tindakan preventif sesuai SOP.,CONTAMINATED,2026-09-30T11:08:57.910644
WASTE_PREP_WASTE_0431,"kulit kentang, bonggol brokoli, dan tangkai daun bawang hasil proses persiapan di vegetable cold pantry.",PREP_WASTE,2026-09-30T11:08:57.916718
WASTE_PREP_WASTE_0148,"Sisa organik kulit kentang, bonggol brokoli, dan tangkai daun bawang dari proses mise en place cream soup mushroom. Ditemukan oleh staff shift malam saat inspeksi rutin.",PREP_WASTE,2026-09-30T11:08:57.914644
WASTE_EXPIRED_0216,Temuan audit: saus tiram botol besar kedaluwarsa 4 hari yang lalu sesuai label kemasan. Ref: #668.,EXPIRED,2026-09-30T11:08:57.906583
WASTE_SPOILED_0365,Insiden dapur: daging giling sapi ditemukan terlihat jamur putih dan berbau asam pada saat pengecekan lantai kitchen line. Ditemukan oleh staff shift pagi saat inspeksi rutin.,SPOILED,2026-09-30T11:08:57.903518
WASTE_SURPLUS_0130,Stok matang roti brioche burger sisa operasional event gala dinner VIP ballroom di chiller 1. Bobot perkiraan: 12 kg.,SURPLUS,2026-09-30T11:08:57.916718
WASTE_CONTAMINATED_0340,Temuan audit: daun selada iceberg jatuh langsung ke rak pantry kering dan terkena debu kotor akibat pembersihan blower ventilasi. Bobot perkiraan: 2 kg.,CONTAMINATED,2026-09-30T11:08:57.909580
WASTE_SPOILED_0078,"Laporan waste: Kondisi daun selada iceberg di chiller 1 sudah tekstur lembek basah dan berbau apek busuk, harus diafkir. Ditemukan oleh staff shift siang saat inspeksi rutin.",SPOILED,2026-09-30T11:08:57.901519
WASTE_SPOILED_0028,Catatan QC: ikan kakap merah ditemukan terlihat jamur putih dan berbau asam pada saat pengecekan lantai kitchen line.,SPOILED,2026-09-30T11:08:57.901519
WASTE_EXPIRED_0024,Temuan audit: saus bechamel keju stempel expired date terlampaui dan tidak boleh disajikan. Catatan: perlu cross-check barcode supplier.,EXPIRED,2026-09-30T11:08:57.904516
WASTE_EXPIRED_0076,Laporan waste: Ditemukan roti brioche burger yang telah stempel expired date terlampaui dan tidak boleh disajikan. Ditemukan oleh staff shift malam saat inspeksi rutin.,EXPIRED,2026-09-30T11:08:57.904516
WASTE_EXPIRED_0276,Ditemukan susu UHT full cream yang telah kedaluwarsa 4 hari yang lalu sesuai label kemasan. Bobot perkiraan: 6 kg.,EXPIRED,2026-09-30T11:08:57.906583
WASTE_SPOILED_0056,"Temuan audit: Kondisi jamur kancing di rak pantry kering sudah tampak bercak kapang kehijauan dan berair, harus diafkir. Catatan: perlu cross-check barcode supplier.",SPOILED,2026-09-30T11:08:57.901519
WASTE_EXPIRED_0189,Ditemukan minyak wijen premium yang telah melewati masa simpan maksimum gudang penyimpanan. Ditemukan oleh staff shift siang saat inspeksi rutin.,EXPIRED,2026-09-30T11:08:57.906583
WASTE_SPOILED_0303,Temuan shift pagi: brokoli segar tekstur lembek basah dan berbau apek busuk di walk-in freezer. Bobot perkiraan: 3 kg.,SPOILED,2026-09-30T11:08:57.903518
WASTE_EXPIRED_0269,mayonnaise dressing stempel expired date terlampaui dan tidak boleh disajikan.,EXPIRED,2026-09-30T11:08:57.906583
WASTE_SURPLUS_0102,Overproduction sponge cake vanila berlebih setelah layanan breakfast buffet penutupan pagi.,SURPLUS,2026-09-30T11:08:57.916718
WASTE_CONTAMINATED_0377,Log limbah: Reject segera ikan kakap merah akibat kontak dengan tetesan darah mentah dari rak atas. Bobot perkiraan: 12 kg.,CONTAMINATED,2026-09-30T11:08:57.910644
WASTE_SURPLUS_0124,Temuan audit: puding coklat fla berlebih pada display meja butchery station karena proyeksi tamu meleset. Catatan: perlu cross-check barcode supplier.,SURPLUS,2026-09-30T11:08:57.916718
WASTE_EXPIRED_0175,Tanggal kedaluwarsa mayonnaise dressing di lantai kitchen line melewati masa simpan maksimum gudang penyimpanan.,EXPIRED,2026-09-30T11:08:57.905516
WASTE_SPOILED_0008,Log limbah: jamur kancing keluar lendir lengket serta berbau busuk menyengat di display showcase pastry. Ditemukan oleh staff shift siang saat inspeksi rutin.,SPOILED,2026-09-30T11:08:57.901519
WASTE_CONTAMINATED_0381,brokoli segar jatuh langsung ke lantai kitchen line dan terkena helaian rambut staff dan keringat saat proses plating. Ref: #107.,CONTAMINATED,2026-09-30T11:08:57.910644
WASTE_EXPIRED_0354,Laporan waste: Tanggal kedaluwarsa roti brioche burger di rak pantry kering kedaluwarsa 4 hari yang lalu sesuai label kemasan.,EXPIRED,2026-09-30T11:08:57.907582
WASTE_CONTAMINATED_0150,Temuan shift pagi: daging giling sapi jatuh langsung ke walk-in freezer dan terkena helaian rambut staff dan keringat saat proses plating. Ditemukan oleh staff shift pagi saat inspeksi rutin.,CONTAMINATED,2026-09-30T11:08:57.908580
WASTE_SPOILED_0337,Temuan audit: Reject daging steak sirloin: tampak bercak kapang kehijauan dan berair. Bobot perkiraan: 3 kg.,SPOILED,2026-09-30T11:08:57.903518
WASTE_OVERCOOKED_0247,Kondisi masakan fillet ayam krispi di display showcase pastry hangus berkerak hitam dan berbau sangit pekat. Ref: #146.,OVERCOOKED,2026-09-30T11:08:57.912644
WASTE_SPOILED_0048,Temuan shift pagi: cumi-cumi segar ditemukan keluar lendir lengket serta berbau busuk menyengat pada saat pengecekan rak pantry kering.,SPOILED,2026-09-30T11:08:57.901519
WASTE_SURPLUS_0081,Sisa porsi sajian sponge cake vanila dari paket promo makan siang meeting korporat masih layak namun tidak terjual. Ref: #342.,SURPLUS,2026-09-30T11:08:57.916718
WASTE_SPOILED_0107,udang windu kupas tampak bercak kapang kehijauan dan berair di lantai kitchen line. Bobot perkiraan: 6 kg.,SPOILED,2026-09-30T11:08:57.902520
WASTE_SPOILED_0350,Catatan QC: Reject wortel impor: tekstur lembek basah dan berbau apek busuk. Segera laporkan ke chef on duty untuk tindakan preventif sesuai SOP.,SPOILED,2026-09-30T11:08:57.903518
WASTE_CONTAMINATED_0180,Laporan waste: Reject segera paha ayam marinasi akibat kontak dengan pecahan kaca dari gelas pecah di line prep. Bobot perkiraan: 4 kg.,CONTAMINATED,2026-09-30T11:08:57.908580
WASTE_SPOILED_0239,Temuan audit: ikan salmon fillet ditemukan tekstur lembek basah dan berbau apek busuk pada saat pengecekan chiller holding pass. Segera laporkan ke chef on duty untuk tindakan preventif sesuai SOP.,SPOILED,2026-09-30T11:08:57.903518
WASTE_SPOILED_0214,Temuan audit: Reject potongan daging wagyu MB7: keluar lendir lengket serta berbau busuk menyengat.,SPOILED,2026-09-30T11:08:57.902520
WASTE_CONTAMINATED_0245,Temuan shift pagi: Ditemukan ikan salmon fillet yang terkena cemaran cipratan cairan pembersih kimia sanitasi lantai di chiller 1. Ditemukan oleh staff shift malam saat inspeksi rutin.,CONTAMINATED,2026-09-30T11:08:57.909580
WASTE_SURPLUS_0090,Insiden dapur: nasi liwet komplet sisa prasmanan buffet dinner hotel malam hari yang tidak terkonsumsi di walk-in freezer. Ditemukan oleh staff shift siang saat inspeksi rutin.,SURPLUS,2026-09-30T11:08:57.916718
WASTE_PREP_WASTE_0254,Limbah potongan remah potongan kulit puff pastry dan tepi adonan roti terkumpul di area vegetable cold pantry. Segera laporkan ke chef on duty untuk tindakan preventif sesuai SOP.,PREP_WASTE,2026-09-30T11:08:57.915646
WASTE_EXPIRED_0344,Catatan QC: Ditemukan sponge cake vanila yang telah kedaluwarsa 4 hari yang lalu sesuai label kemasan. Segera laporkan ke chef on duty untuk tindakan preventif sesuai SOP.,EXPIRED,2026-09-30T11:08:57.907582
WASTE_CONTAMINATED_0197,Log limbah: Reject segera potongan daging wagyu MB7 akibat kontak dengan helaian rambut staff dan keringat saat proses plating.,CONTAMINATED,2026-09-30T11:08:57.908580
WASTE_PREP_WASTE_0326,"lemak berlebih, urat keras, dan sisa butchery daging sapi ditimbang sebagai yield loss di hot kitchen production pass.",PREP_WASTE,2026-09-30T11:08:57.915646
WASTE_PREP_WASTE_0037,"Sisa penyiangan kulit wortel, biji paprika, dan ujung timun pada persiapan shift pagi di pastry bakery corner. Segera laporkan ke chef on duty untuk tindakan preventif sesuai SOP.",PREP_WASTE,2026-09-30T11:08:57.913648
WASTE_OVERCOOKED_0404,Temuan shift pagi: Kondisi masakan fillet ayam krispi di walk-in freezer menghitam pekat karena terlambat diangkat dari fryer.,OVERCOOKED,2026-09-30T11:08:57.913648
WASTE_CONTAMINATED_0202,Temuan audit: Reject segera tomat merah akibat kontak dengan cipratan cairan pembersih kimia sanitasi lantai. Catatan: perlu cross-check barcode supplier.,CONTAMINATED,2026-09-30T11:08:57.908580
WASTE_PREP_WASTE_0169,"Insiden dapur: kulit kentang, bonggol brokoli, dan tangkai daun bawang ditimbang sebagai yield loss di fish butchery station. Ref: #845.",PREP_WASTE,2026-09-30T11:08:57.914644
WASTE_PREP_WASTE_0233,"Catatan QC: Sisa penyiangan kulit kentang, bonggol brokoli, dan tangkai daun bawang pada persiapan shift pagi di hot kitchen production pass.",PREP_WASTE,2026-09-30T11:08:57.915646
WASTE_SURPLUS_0156,Temuan audit: nasi liwet komplet sisa prasmanan buffet dinner hotel malam hari yang tidak terkonsumsi di cold storage utama. Ditemukan oleh staff shift pagi saat inspeksi rutin.,SURPLUS,2026-09-30T11:08:57.917719
WASTE_SPOILED_0346,Temuan shift pagi: paha ayam marinasi mengalami pembusukan parah dan berbau anyir tengik di rak pantry kering. Catatan: perlu cross-check barcode supplier.,SPOILED,2026-09-30T11:08:57.903518
WASTE_EXPIRED_0074,Temuan audit: Tanggal kedaluwarsa minyak wijen premium di cold storage utama kedaluwarsa 4 hari yang lalu sesuai label kemasan. Ditemukan oleh staff shift pagi saat inspeksi rutin.,EXPIRED,2026-09-30T11:08:57.904516
WASTE_SPOILED_0233,Temuan audit: ikan salmon fillet ditemukan berwarna kehitaman dan lembek hancur pada saat pengecekan chiller 1. Ditemukan oleh staff shift pagi saat inspeksi rutin.,SPOILED,2026-09-30T11:08:57.903518
WASTE_EXPIRED_0195,Laporan waste: Tanggal kedaluwarsa puding coklat fla di chiller holding pass kadaluwarsa per tanggal kemarin dan harus segera diretur. Catatan: perlu cross-check barcode supplier.,EXPIRED,2026-09-30T11:08:57.906583
WASTE_OVERCOOKED_0187,Temuan audit: Kondisi masakan sponge cake vanila di chiller holding pass menghitam pekat karena terlambat diangkat dari fryer. Catatan: perlu cross-check barcode supplier.,OVERCOOKED,2026-09-30T11:08:57.911644
WASTE_SURPLUS_0100,kroisan butter almond sisa paket promo makan siang meeting korporat yang tidak terkonsumsi di chiller 1.,SURPLUS,2026-09-30T11:08:57.916718
WASTE_OVERCOOKED_0079,Insiden dapur: roti baguette terlalu lama di deck oven baking sehingga hangus berkerak hitam dan berbau sangit pekat. Bobot perkiraan: 3 kg.,OVERCOOKED,2026-09-30T11:08:57.911644
WASTE_EXPIRED_0084,Laporan waste: Ditemukan roti brioche burger yang telah stempel expired date terlampaui dan tidak boleh disajikan. Bobot perkiraan: 6 kg.,EXPIRED,2026-09-30T11:08:57.904516
WASTE_PREP_WASTE_0356,Temuan shift pagi: Sisa organik cangkang telur ayam dan sisa kulit bawang bombay dari proses mise en place beef stew tenderloin. Segera laporkan ke chef on duty untuk tindakan preventif sesuai SOP.,PREP_WASTE,2026-09-30T11:08:57.915646
WASTE_SURPLUS_0101,Log limbah: Sisa porsi sajian pasta spaghetti bolognese dari prasmanan buffet dinner hotel malam hari masih layak namun tidak terjual.,SURPLUS,2026-09-30T11:08:57.916718
WASTE_EXPIRED_0154,Ditemukan roti brioche burger yang telah melewati masa simpan maksimum gudang penyimpanan. Segera laporkan ke chef on duty untuk tindakan preventif sesuai SOP.,EXPIRED,2026-09-30T11:08:57.905516
WASTE_OVERCOOKED_0140,Temuan audit: Reject pesanan steak wagyu tenderloin: gosong gosong pahit dan bertekstur liat keras di panci stock pot kaldu.,OVERCOOKED,2026-09-30T11:08:57.911644
WASTE_PREP_WASTE_0311,cangkang telur ayam dan sisa kulit bawang bombay hasil proses persiapan di pastry bakery corner. Segera laporkan ke chef on duty untuk tindakan preventif sesuai SOP.,PREP_WASTE,2026-09-30T11:08:57.915646
WASTE_PREP_WASTE_0013,"Log limbah: kulit wortel, biji paprika, dan ujung timun ditimbang sebagai yield loss di fish butchery station. Segera laporkan ke chef on duty untuk tindakan preventif sesuai SOP.",PREP_WASTE,2026-09-30T11:08:57.913648
WASTE_OVERCOOKED_0077,Laporan waste: saus bechamel keju gagal saji karena suhu salamander heater berlebih dan gosong gosong pahit dan bertekstur liat keras. Segera laporkan ke chef on duty untuk tindakan preventif sesuai SOP.,OVERCOOKED,2026-09-30T11:08:57.911644
WASTE_CONTAMINATED_0175,ikan salmon fillet terkontaminasi tetesan darah mentah dari rak atas di display showcase pastry. Ref: #551.,CONTAMINATED,2026-09-30T11:08:57.908580
WASTE_PREP_WASTE_0412,"Insiden dapur: kulit kentang, bonggol brokoli, dan tangkai daun bawang hasil proses persiapan di sauce preparation area.",PREP_WASTE,2026-09-30T11:08:57.915646
WASTE_SPOILED_0061,Log limbah: tomat merah tekstur lembek basah dan berbau apek busuk di rak pantry kering. Segera laporkan ke chef on duty untuk tindakan preventif sesuai SOP.,SPOILED,2026-09-30T11:08:57.901519
WASTE_SURPLUS_0231,Laporan waste: nasi liwet komplet sisa event gala dinner VIP ballroom yang tidak terkonsumsi di cold storage utama.,SURPLUS,2026-09-30T11:08:57.917719
WASTE_EXPIRED_0222,Catatan QC: Reject kroisan butter almond: kadaluwarsa per tanggal kemarin dan harus segera diretur saat audit inventory.,EXPIRED,2026-09-30T11:08:57.906583
WASTE_SPOILED_0093,Catatan QC: fillet dada ayam tampak bercak kapang kehijauan dan berair di walk-in freezer.,SPOILED,2026-09-30T11:08:57.901519
WASTE_EXPIRED_0217,Laporan waste: Tanggal kedaluwarsa roti brioche burger di lantai kitchen line sudah lewat batas best before sejak minggu kemarin. Catatan: perlu cross-check barcode supplier.,EXPIRED,2026-09-30T11:08:57.906583
WASTE_SURPLUS_0436,Temuan audit: Overproduction roti brioche burger berlebih setelah event gala dinner VIP ballroom. Ref: #899.,SURPLUS,2026-09-30T11:08:57.918718
WASTE_PREP_WASTE_0088,Laporan waste: Sisa penyiangan cangkang telur ayam dan sisa kulit bawang bombay pada persiapan shift pagi di fish butchery station.,PREP_WASTE,2026-09-30T11:08:57.914644
WASTE_SURPLUS_0182,Sisa porsi sajian kroisan butter almond dari paket promo makan siang meeting korporat masih layak namun tidak terjual.,SURPLUS,2026-09-30T11:08:57.917719
WASTE_SPOILED_0281,Temuan shift pagi: potongan daging wagyu MB7 ditemukan terlihat jamur putih dan berbau asam pada saat pengecekan rak pantry kering.,SPOILED,2026-09-30T11:08:57.903518
WASTE_OVERCOOKED_0370,steak wagyu tenderloin gagal saji karena suhu wajan wok burner berlebih dan terlalu kering mengeras layaknya arang dan tidak layak jual.,OVERCOOKED,2026-09-30T11:08:57.913648
WASTE_PREP_WASTE_0212,"Temuan audit: Limbah potongan kulit kentang, bonggol brokoli, dan tangkai daun bawang terkumpul di area meat prep station. Ref: #303.",PREP_WASTE,2026-09-30T11:08:57.914644
WASTE_SPOILED_0360,ikan salmon fillet ditemukan keluar lendir lengket serta berbau busuk menyengat pada saat pengecekan chiller 1. Segera laporkan ke chef on duty untuk tindakan preventif sesuai SOP.,SPOILED,2026-09-30T11:08:57.903518
WASTE_PREP_WASTE_0243,"Laporan waste: Sisa penyiangan kulit wortel, biji paprika, dan ujung timun pada persiapan shift pagi di vegetable cold pantry. Segera laporkan ke chef on duty untuk tindakan preventif sesuai SOP.",PREP_WASTE,2026-09-30T11:08:57.915646
WASTE_OVERCOOKED_0194,roti baguette terlalu lama di wajan wok burner sehingga bagian luar gosong terbakar pahit walau dalam masih mentah. Catatan: perlu cross-check barcode supplier.,OVERCOOKED,2026-09-30T11:08:57.911644
WASTE_PREP_WASTE_0136,"Laporan waste: Sisa organik kulit kentang, bonggol brokoli, dan tangkai daun bawang dari proses mise en place beef stew tenderloin. Ditemukan oleh staff shift pagi saat inspeksi rutin.",PREP_WASTE,2026-09-30T11:08:57.914644
WASTE_OVERCOOKED_0048,Temuan shift pagi: fillet ayam krispi gosong hangus karena api terlalu besar saat penggorengan kapasitas besar. Catatan: perlu cross-check barcode supplier.,OVERCOOKED,2026-09-30T11:08:57.910644
WASTE_PREP_WASTE_0224,"Log limbah: Limbah potongan tulang, insang, dan kepala ikan kakap segar terkumpul di area pastry bakery corner.",PREP_WASTE,2026-09-30T11:08:57.914644
WASTE_SPOILED_0095,Stok daun selada iceberg berbau tidak sedap dan keluar lendir lengket serta berbau busuk menyengat di cold storage utama. Catatan: perlu cross-check barcode supplier.,SPOILED,2026-09-30T11:08:57.901519
WASTE_EXPIRED_0398,Catatan QC: Reject mayonnaise dressing: stempel expired date terlampaui dan tidak boleh disajikan saat audit inventory. Catatan: perlu cross-check barcode supplier.,EXPIRED,2026-09-30T11:08:57.907582
WASTE_CONTAMINATED_0307,Laporan waste: Ditemukan potongan daging wagyu MB7 yang terkena cemaran cipratan cairan pembersih kimia sanitasi lantai di chiller 1. Ditemukan oleh staff shift malam saat inspeksi rutin.,CONTAMINATED,2026-09-30T11:08:57.909580
WASTE_SURPLUS_0132,Catatan QC: Stok matang kroisan butter almond sisa operasional paket promo makan siang meeting korporat di chiller holding pass. Ditemukan oleh staff shift malam saat inspeksi rutin.,SURPLUS,2026-09-30T11:08:57.916718
WASTE_EXPIRED_0311,Insiden dapur: susu UHT full cream pada rak chiller 1 sudah kedaluwarsa 4 hari yang lalu sesuai label kemasan. Segera laporkan ke chef on duty untuk tindakan preventif sesuai SOP.,EXPIRED,2026-09-30T11:08:57.906583
WASTE_SPOILED_0111,Temuan audit: potongan daging wagyu MB7 ditemukan tekstur lembek basah dan berbau apek busuk pada saat pengecekan display showcase pastry. Ref: #954.,SPOILED,2026-09-30T11:08:57.902520
WASTE_SURPLUS_0408,Laporan waste: Overproduction sup buntut kuah rempah 15 porsi berlebih setelah event gala dinner VIP ballroom. Catatan: perlu cross-check barcode supplier.,SURPLUS,2026-09-30T11:08:57.918718
WASTE_PREP_WASTE_0195,"Log limbah: Limbah potongan tulang, insang, dan kepala ikan kakap segar terkumpul di area meat prep station. Bobot perkiraan: 1 kg.",PREP_WASTE,2026-09-30T11:08:57.914644
WASTE_OVERCOOKED_0426,Log limbah: fillet ayam krispi gosong hangus karena api terlalu besar saat prep mise en place siang.,OVERCOOKED,2026-09-30T11:08:57.913648
WASTE_SPOILED_0043,"Catatan QC: Kondisi daun selada iceberg di meja butchery station sudah terlihat jamur putih dan berbau asam, harus diafkir.",SPOILED,2026-09-30T11:08:57.901519
WASTE_OVERCOOKED_0421,Catatan QC: roti baguette gagal saji karena suhu charcoal grill station berlebih dan bagian luar gosong terbakar pahit walau dalam masih mentah.,OVERCOOKED,2026-09-30T11:08:57.913648
WASTE_SPOILED_0126,Temuan audit: daun selada iceberg ditemukan keluar lendir lengket serta berbau busuk menyengat pada saat pengecekan meja butchery station. Segera laporkan ke chef on duty untuk tindakan preventif sesuai SOP.,SPOILED,2026-09-30T11:08:57.902520
WASTE_SPOILED_0205,"Catatan QC: Kondisi daun selada iceberg di meja butchery station sudah mengalami pembusukan parah dan berbau anyir tengik, harus diafkir.",SPOILED,2026-09-30T11:08:57.902520
WASTE_OVERCOOKED_0124,Temuan shift pagi: roti baguette terlalu lama di panci stock pot kaldu sehingga gosong gosong pahit dan bertekstur liat keras. Ref: #369.,OVERCOOKED,2026-09-30T11:08:57.911644
WASTE_SPOILED_0053,Insiden dapur: Reject daging giling sapi: terlihat jamur putih dan berbau asam. Ditemukan oleh staff shift siang saat inspeksi rutin.,SPOILED,2026-09-30T11:08:57.901519
WASTE_OVERCOOKED_0448,Catatan QC: fillet ayam krispi gosong hangus karena api terlalu besar saat batch cooking prasmanan. Ref: #625.,OVERCOOKED,2026-09-30T11:08:57.913648
WASTE_EXPIRED_0096,Catatan QC: Ditemukan susu UHT full cream yang telah kadaluwarsa per tanggal kemarin dan harus segera diretur.,EXPIRED,2026-09-30T11:08:57.904516
WASTE_SPOILED_0069,Temuan shift pagi: Stok daging steak sirloin berbau tidak sedap dan berwarna kehitaman dan lembek hancur di meja butchery station.,SPOILED,2026-09-30T11:08:57.901519
WASTE_CONTAMINATED_0084,Laporan waste: Ditemukan daging steak sirloin yang terkena cemaran pecahan kaca dari gelas pecah di line prep di cold storage utama.,CONTAMINATED,2026-09-30T11:08:57.908580
WASTE_PREP_WASTE_0076,"Sisa organik kulit kentang, bonggol brokoli, dan tangkai daun bawang dari proses mise en place salad bar buffet.",PREP_WASTE,2026-09-30T11:08:57.914644
WASTE_PREP_WASTE_0364,"Laporan waste: Limbah potongan lemak berlebih, urat keras, dan sisa butchery daging sapi terkumpul di area meat prep station. Bobot perkiraan: 4 kg.",PREP_WASTE,2026-09-30T11:08:57.915646
WASTE_SURPLUS_0129,Overproduction nasi goreng spesial seafood berlebih setelah prasmanan buffet dinner hotel malam hari.,SURPLUS,2026-09-30T11:08:57.916718
WASTE_PREP_WASTE_0339,Laporan waste: Sisa organik cangkang telur ayam dan sisa kulit bawang bombay dari proses mise en place cream soup mushroom.,PREP_WASTE,2026-09-30T11:08:57.915646
WASTE_OVERCOOKED_0075,Kondisi masakan saus bechamel keju di walk-in freezer terlalu kering mengeras layaknya arang dan tidak layak jual. Bobot perkiraan: 14 kg.,OVERCOOKED,2026-09-30T11:08:57.911644
WASTE_SPOILED_0184,Stok wortel impor berbau tidak sedap dan keluar lendir lengket serta berbau busuk menyengat di chiller holding pass. Ref: #234.,SPOILED,2026-09-30T11:08:57.902520
WASTE_SPOILED_0138,Log limbah: potongan daging wagyu MB7 ditemukan keluar lendir lengket serta berbau busuk menyengat pada saat pengecekan display showcase pastry. Segera laporkan ke chef on duty untuk tindakan preventif sesuai SOP.,SPOILED,2026-09-30T11:08:57.902520
WASTE_EXPIRED_0450,Temuan shift pagi: kroisan butter almond pada rak display showcase pastry sudah stempel expired date terlampaui dan tidak boleh disajikan. Segera laporkan ke chef on duty untuk tindakan preventif sesuai SOP.,EXPIRED,2026-09-30T11:08:57.907582
WASTE_EXPIRED_0347,puding coklat fla telah melewati tanggal expiry date 2 hari lalu.,EXPIRED,2026-09-30T11:08:57.907582
WASTE_SPOILED_0133,Insiden dapur: potongan daging wagyu MB7 ditemukan berwarna kehitaman dan lembek hancur pada saat pengecekan cold storage utama.,SPOILED,2026-09-30T11:08:57.902520
WASTE_SPOILED_0081,cumi-cumi segar ditemukan terlihat jamur putih dan berbau asam pada saat pengecekan lantai kitchen line. Ref: #374.,SPOILED,2026-09-30T11:08:57.901519
WASTE_OVERCOOKED_0237,Log limbah: fillet ayam krispi terlalu lama di deck oven baking sehingga gosong gosong pahit dan bertekstur liat keras.,OVERCOOKED,2026-09-30T11:08:57.912644
WASTE_SURPLUS_0086,Log limbah: Stok matang puding coklat fla sisa operasional acara resepsi pernikahan gathering siang di meja butchery station. Bobot perkiraan: 8 kg.,SURPLUS,2026-09-30T11:08:57.916718
WASTE_EXPIRED_0309,Laporan waste: Tanggal kedaluwarsa roti brioche burger di walk-in freezer kedaluwarsa 4 hari yang lalu sesuai label kemasan.,EXPIRED,2026-09-30T11:08:57.906583
WASTE_EXPIRED_0092,Catatan QC: Tanggal kedaluwarsa keju mozarella impor di meja butchery station melewati masa simpan maksimum gudang penyimpanan. Catatan: perlu cross-check barcode supplier.,EXPIRED,2026-09-30T11:08:57.904516
WASTE_CONTAMINATED_0120,Laporan waste: Reject segera daun selada iceberg akibat kontak dengan serangga lalat serta kotoran hama di area kerja.,CONTAMINATED,2026-09-30T11:08:57.908580
WASTE_PREP_WASTE_0258,Temuan shift pagi: cangkang telur ayam dan sisa kulit bawang bombay hasil proses persiapan di sauce preparation area. Bobot perkiraan: 1 kg.,PREP_WASTE,2026-09-30T11:08:57.915646
WASTE_SPOILED_0166,Temuan audit: paha ayam marinasi ditemukan tampak bercak kapang kehijauan dan berair pada saat pengecekan cold storage utama.,SPOILED,2026-09-30T11:08:57.902520
WASTE_SPOILED_0249,Temuan audit: potongan daging wagyu MB7 keluar lendir lengket serta berbau busuk menyengat di cold storage utama. Catatan: perlu cross-check barcode supplier.,SPOILED,2026-09-30T11:08:57.903518
WASTE_CONTAMINATED_0432,Temuan audit: ikan kakap merah terkontaminasi pecahan kaca dari gelas pecah di line prep di rak pantry kering. Ref: #644.,CONTAMINATED,2026-09-30T11:08:57.910644
WASTE_PREP_WASTE_0218,"Temuan audit: kulit kentang, bonggol brokoli, dan tangkai daun bawang ditimbang sebagai yield loss di pastry bakery corner. Ditemukan oleh staff shift pagi saat inspeksi rutin.",PREP_WASTE,2026-09-30T11:08:57.914644
WASTE_SPOILED_0447,cumi-cumi segar tampak bercak kapang kehijauan dan berair di rak pantry kering. Ref: #600.,SPOILED,2026-09-30T11:08:57.904516
WASTE_OVERCOOKED_0009,sponge cake vanila terlalu lama di panci stock pot kaldu sehingga gosong gosong pahit dan bertekstur liat keras.,OVERCOOKED,2026-09-30T11:08:57.910644
WASTE_CONTAMINATED_0430,Temuan shift pagi: Reject segera brokoli segar akibat kontak dengan pecahan kaca dari gelas pecah di line prep. Ditemukan oleh staff shift pagi saat inspeksi rutin.,CONTAMINATED,2026-09-30T11:08:57.910644
WASTE_SURPLUS_0371,Catatan QC: Sisa porsi sajian pasta spaghetti bolognese dari layanan breakfast buffet penutupan pagi masih layak namun tidak terjual.,SURPLUS,2026-09-30T11:08:57.918718
WASTE_SPOILED_0435,"Laporan waste: Kondisi cumi-cumi segar di cold storage utama sudah berwarna kehitaman dan lembek hancur, harus diafkir. Ditemukan oleh staff shift siang saat inspeksi rutin.",SPOILED,2026-09-30T11:08:57.904516
WASTE_EXPIRED_0128,Insiden dapur: Tanggal kedaluwarsa saus tomat kemasan pouch di lantai kitchen line sudah lewat batas best before sejak minggu kemarin. Catatan: perlu cross-check barcode supplier.,EXPIRED,2026-09-30T11:08:57.905516
WASTE_PREP_WASTE_0351,"Temuan audit: Sisa penyiangan kulit kentang, bonggol brokoli, dan tangkai daun bawang pada persiapan shift pagi di fish butchery station. Segera laporkan ke chef on duty untuk tindakan preventif sesuai SOP.",PREP_WASTE,2026-09-30T11:08:57.915646
WASTE_SURPLUS_0223,Laporan waste: Overproduction sup buntut kuah rempah 15 porsi berlebih setelah paket promo makan siang meeting korporat. Bobot perkiraan: 9 kg.,SURPLUS,2026-09-30T11:08:57.917719
WASTE_PREP_WASTE_0049,Laporan waste: Sisa penyiangan remah potongan kulit puff pastry dan tepi adonan roti pada persiapan shift pagi di sauce preparation area. Segera laporkan ke chef on duty untuk tindakan preventif sesuai SOP.,PREP_WASTE,2026-09-30T11:08:57.913648
WASTE_EXPIRED_0313,Laporan waste: Ditemukan kroisan butter almond yang telah melewati masa simpan maksimum gudang penyimpanan.,EXPIRED,2026-09-30T11:08:57.906583
WASTE_SPOILED_0389,Log limbah: Reject fillet dada ayam: keluar lendir lengket serta berbau busuk menyengat.,SPOILED,2026-09-30T11:08:57.904516
WASTE_SPOILED_0236,Laporan waste: Stok fillet dada ayam berbau tidak sedap dan berwarna kehitaman dan lembek hancur di walk-in freezer. Ditemukan oleh staff shift siang saat inspeksi rutin.,SPOILED,2026-09-30T11:08:57.903518
WASTE_SURPLUS_0099,Catatan QC: Overproduction nasi goreng spesial seafood berlebih setelah paket promo makan siang meeting korporat. Ref: #878.,SURPLUS,2026-09-30T11:08:57.916718
WASTE_PREP_WASTE_0185,"Catatan QC: Sisa penyiangan tulang, insang, dan kepala ikan kakap segar pada persiapan shift pagi di pastry bakery corner.",PREP_WASTE,2026-09-30T11:08:57.914644
WASTE_SPOILED_0268,Laporan waste: Reject tomat merah: terlihat jamur putih dan berbau asam. Bobot perkiraan: 2 kg.,SPOILED,2026-09-30T11:08:57.903518
WASTE_EXPIRED_0321,Temuan shift pagi: Ditemukan mayonnaise dressing yang telah kadaluwarsa per tanggal kemarin dan harus segera diretur. Ditemukan oleh staff shift malam saat inspeksi rutin.,EXPIRED,2026-09-30T11:08:57.906583
WASTE_SPOILED_0438,"Log limbah: Kondisi potongan daging wagyu MB7 di display showcase pastry sudah terlihat jamur putih dan berbau asam, harus diafkir. Bobot perkiraan: 10 kg.",SPOILED,2026-09-30T11:08:57.904516
WASTE_EXPIRED_0224,Tanggal kedaluwarsa keju mozarella impor di chiller holding pass sudah lewat batas best before sejak minggu kemarin. Segera laporkan ke chef on duty untuk tindakan preventif sesuai SOP.,EXPIRED,2026-09-30T11:08:57.906583
WASTE_SPOILED_0250,Temuan audit: Reject brokoli segar: keluar lendir lengket serta berbau busuk menyengat. Bobot perkiraan: 12 kg.,SPOILED,2026-09-30T11:08:57.903518
WASTE_OVERCOOKED_0225,saus bechamel keju gosong hangus karena api terlalu besar saat service peak hours dinner. Ditemukan oleh staff shift pagi saat inspeksi rutin.,OVERCOOKED,2026-09-30T11:08:57.911644
WASTE_SURPLUS_0110,Log limbah: Stok matang kroisan butter almond sisa operasional paket promo makan siang meeting korporat di lantai kitchen line. Bobot perkiraan: 1 kg.,SURPLUS,2026-09-30T11:08:57.916718
WASTE_SURPLUS_0063,Temuan shift pagi: Stok matang roti brioche burger sisa operasional acara resepsi pernikahan gathering siang di walk-in freezer.,SURPLUS,2026-09-30T11:08:57.916718
WASTE_SURPLUS_0221,Stok matang puding coklat fla sisa operasional acara resepsi pernikahan gathering siang di chiller holding pass. Ditemukan oleh staff shift malam saat inspeksi rutin.,SURPLUS,2026-09-30T11:08:57.917719
WASTE_SPOILED_0449,"Kondisi cumi-cumi segar di lantai kitchen line sudah keluar lendir lengket serta berbau busuk menyengat, harus diafkir. Ref: #266.",SPOILED,2026-09-30T11:08:57.904516
WASTE_OVERCOOKED_0120,Kondisi masakan steak wagyu tenderloin di chiller holding pass bagian luar gosong terbakar pahit walau dalam masih mentah.,OVERCOOKED,2026-09-30T11:08:57.911644
WASTE_EXPIRED_0267,Log limbah: puding coklat fla pada rak walk-in freezer sudah kedaluwarsa 4 hari yang lalu sesuai label kemasan. Catatan: perlu cross-check barcode supplier.,EXPIRED,2026-09-30T11:08:57.906583
WASTE_SURPLUS_0412,Sisa porsi sajian nasi liwet komplet dari event gala dinner VIP ballroom masih layak namun tidak terjual. Bobot perkiraan: 12 kg.,SURPLUS,2026-09-30T11:08:57.918718
WASTE_SURPLUS_0107,Laporan waste: sponge cake vanila sisa paket promo makan siang meeting korporat yang tidak terkonsumsi di rak pantry kering. Ref: #663.,SURPLUS,2026-09-30T11:08:57.916718
WASTE_PREP_WASTE_0249,"Limbah potongan lemak berlebih, urat keras, dan sisa butchery daging sapi terkumpul di area fish butchery station.",PREP_WASTE,2026-09-30T11:08:57.915646
WASTE_PREP_WASTE_0102,"Temuan shift pagi: Sisa organik kulit wortel, biji paprika, dan ujung timun dari proses mise en place menu roasted chicken.",PREP_WASTE,2026-09-30T11:08:57.914644
WASTE_CONTAMINATED_0269,fillet dada ayam jatuh langsung ke chiller 1 dan terkena serangga lalat serta kotoran hama di area kerja. Catatan: perlu cross-check barcode supplier.,CONTAMINATED,2026-09-30T11:08:57.909580
WASTE_SPOILED_0083,Insiden dapur: jamur kancing ditemukan berwarna kehitaman dan lembek hancur pada saat pengecekan walk-in freezer. Ditemukan oleh staff shift siang saat inspeksi rutin.,SPOILED,2026-09-30T11:08:57.901519
WASTE_PREP_WASTE_0382,Temuan audit: Limbah potongan remah potongan kulit puff pastry dan tepi adonan roti terkumpul di area meat prep station. Bobot perkiraan: 14 kg.,PREP_WASTE,2026-09-30T11:08:57.915646
WASTE_OVERCOOKED_0111,Catatan QC: roti baguette terlalu lama di charcoal grill station sehingga hangus berkerak hitam dan berbau sangit pekat. Catatan: perlu cross-check barcode supplier.,OVERCOOKED,2026-09-30T11:08:57.911644
WASTE_PREP_WASTE_0094,Temuan shift pagi: remah potongan kulit puff pastry dan tepi adonan roti hasil proses persiapan di vegetable cold pantry. Ditemukan oleh staff shift siang saat inspeksi rutin.,PREP_WASTE,2026-09-30T11:08:57.914644
WASTE_OVERCOOKED_0319,Catatan QC: fillet ayam krispi gagal saji karena suhu salamander heater berlebih dan terlalu kering mengeras layaknya arang dan tidak layak jual. Ref: #319.,OVERCOOKED,2026-09-30T11:08:57.912644
WASTE_PREP_WASTE_0201,Temuan shift pagi: remah potongan kulit puff pastry dan tepi adonan roti hasil proses persiapan di meat prep station. Catatan: perlu cross-check barcode supplier.,PREP_WASTE,2026-09-30T11:08:57.914644
WASTE_EXPIRED_0026,Laporan waste: Ditemukan kroisan butter almond yang telah sudah lewat batas best before sejak minggu kemarin. Ref: #903.,EXPIRED,2026-09-30T11:08:57.904516
WASTE_EXPIRED_0068,Tanggal kedaluwarsa roti brioche burger di chiller 1 kadaluwarsa per tanggal kemarin dan harus segera diretur. Ref: #784.,EXPIRED,2026-09-30T11:08:57.904516
WASTE_SPOILED_0405,"Temuan shift pagi: Kondisi udang windu kupas di chiller 1 sudah tekstur lembek basah dan berbau apek busuk, harus diafkir. Ditemukan oleh staff shift siang saat inspeksi rutin.",SPOILED,2026-09-30T11:08:57.904516
WASTE_SPOILED_0385,Temuan shift pagi: Stok brokoli segar berbau tidak sedap dan mengalami pembusukan parah dan berbau anyir tengik di meja butchery station.,SPOILED,2026-09-30T11:08:57.904516
WASTE_PREP_WASTE_0390,Insiden dapur: Sisa organik remah potongan kulit puff pastry dan tepi adonan roti dari proses mise en place menu roasted chicken.,PREP_WASTE,2026-09-30T11:08:57.915646
WASTE_OVERCOOKED_0284,Catatan QC: Reject pesanan saus bechamel keju: bagian luar gosong terbakar pahit walau dalam masih mentah di deck oven baking. Ditemukan oleh staff shift malam saat inspeksi rutin.,OVERCOOKED,2026-09-30T11:08:57.912644
WASTE_SURPLUS_0328,Temuan shift pagi: puding coklat fla sisa event gala dinner VIP ballroom yang tidak terkonsumsi di walk-in freezer. Bobot perkiraan: 2 kg.,SURPLUS,2026-09-30T11:08:57.917719
WASTE_EXPIRED_0239,Ditemukan saus bechamel keju yang telah sudah lewat batas best before sejak minggu kemarin. Bobot perkiraan: 10 kg.,EXPIRED,2026-09-30T11:08:57.906583
WASTE_CONTAMINATED_0341,Log limbah: BAHAYA FOOD SAFETY: brokoli segar terpapar pecahan kaca dari gelas pecah di line prep saat prep mise en place siang. Catatan: perlu cross-check barcode supplier.,CONTAMINATED,2026-09-30T11:08:57.909580
WASTE_SPOILED_0063,"Kondisi potongan daging wagyu MB7 di lantai kitchen line sudah tampak bercak kapang kehijauan dan berair, harus diafkir.",SPOILED,2026-09-30T11:08:57.901519
WASTE_EXPIRED_0403,susu UHT full cream kedaluwarsa 4 hari yang lalu sesuai label kemasan. Catatan: perlu cross-check barcode supplier.,EXPIRED,2026-09-30T11:08:57.907582
WASTE_SURPLUS_0232,Overproduction nasi liwet komplet berlebih setelah layanan breakfast buffet penutupan pagi.,SURPLUS,2026-09-30T11:08:57.917719
WASTE_CONTAMINATED_0363,Catatan QC: daging steak sirloin terkontaminasi pecahan kaca dari gelas pecah di line prep di meja butchery station. Bobot perkiraan: 6 kg.,CONTAMINATED,2026-09-30T11:08:57.910644
WASTE_SPOILED_0224,Insiden dapur: Stok paha ayam marinasi berbau tidak sedap dan berwarna kehitaman dan lembek hancur di chiller 1.,SPOILED,2026-09-30T11:08:57.903518
WASTE_SPOILED_0374,wortel impor terlihat jamur putih dan berbau asam di chiller 1. Catatan: perlu cross-check barcode supplier.,SPOILED,2026-09-30T11:08:57.903518
WASTE_PREP_WASTE_0025,Insiden dapur: Sisa organik cangkang telur ayam dan sisa kulit bawang bombay dari proses mise en place sup buntut nusantara. Ditemukan oleh staff shift pagi saat inspeksi rutin.,PREP_WASTE,2026-09-30T11:08:57.913648
WASTE_SURPLUS_0035,Temuan audit: Stok matang sponge cake vanila sisa operasional acara resepsi pernikahan gathering siang di meja butchery station. Bobot perkiraan: 7 kg.,SURPLUS,2026-09-30T11:08:57.916718
WASTE_SURPLUS_0336,Laporan waste: puding coklat fla berlebih pada display lantai kitchen line karena proyeksi tamu meleset.,SURPLUS,2026-09-30T11:08:57.918718
WASTE_SURPLUS_0092,Temuan shift pagi: sponge cake vanila berlebih pada display lantai kitchen line karena proyeksi tamu meleset. Ditemukan oleh staff shift pagi saat inspeksi rutin.,SURPLUS,2026-09-30T11:08:57.916718
WASTE_SURPLUS_0168,Temuan shift pagi: Stok matang sup buntut kuah rempah 15 porsi sisa operasional event gala dinner VIP ballroom di chiller holding pass. Catatan: perlu cross-check barcode supplier.,SURPLUS,2026-09-30T11:08:57.917719
WASTE_SPOILED_0010,Temuan shift pagi: Stok daging steak sirloin berbau tidak sedap dan berwarna kehitaman dan lembek hancur di chiller holding pass. Ditemukan oleh staff shift pagi saat inspeksi rutin.,SPOILED,2026-09-30T11:08:57.901519
WASTE_PREP_WASTE_0145,"Catatan QC: kulit kentang, bonggol brokoli, dan tangkai daun bawang hasil proses persiapan di sauce preparation area. Bobot perkiraan: 11 kg.",PREP_WASTE,2026-09-30T11:08:57.914644
WASTE_PREP_WASTE_0039,"Log limbah: Sisa penyiangan kulit kentang, bonggol brokoli, dan tangkai daun bawang pada persiapan shift pagi di meat prep station.",PREP_WASTE,2026-09-30T11:08:57.913648
WASTE_EXPIRED_0259,Ditemukan puding coklat fla yang telah kadaluwarsa per tanggal kemarin dan harus segera diretur. Segera laporkan ke chef on duty untuk tindakan preventif sesuai SOP.,EXPIRED,2026-09-30T11:08:57.906583
WASTE_SPOILED_0256,Stok daun selada iceberg berbau tidak sedap dan berwarna kehitaman dan lembek hancur di walk-in freezer.,SPOILED,2026-09-30T11:08:57.903518
WASTE_OVERCOOKED_0268,Reject pesanan fillet ayam krispi: menghitam pekat karena terlambat diangkat dari fryer di salamander heater. Ditemukan oleh staff shift malam saat inspeksi rutin.,OVERCOOKED,2026-09-30T11:08:57.912644
WASTE_SPOILED_0390,Laporan waste: kol kubis manis ditemukan berwarna kehitaman dan lembek hancur pada saat pengecekan chiller 1. Ditemukan oleh staff shift pagi saat inspeksi rutin.,SPOILED,2026-09-30T11:08:57.904516
WASTE_OVERCOOKED_0232,Reject pesanan saus bechamel keju: menghitam pekat karena terlambat diangkat dari fryer di deep fryer commercial. Segera laporkan ke chef on duty untuk tindakan preventif sesuai SOP.,OVERCOOKED,2026-09-30T11:08:57.912644
WASTE_CONTAMINATED_0025,Catatan QC: Ditemukan wortel impor yang terkena cemaran serangga lalat serta kotoran hama di area kerja di chiller holding pass. Ref: #952.,CONTAMINATED,2026-09-30T11:08:57.907582
WASTE_PREP_WASTE_0237,remah potongan kulit puff pastry dan tepi adonan roti ditimbang sebagai yield loss di pastry bakery corner. Ditemukan oleh staff shift malam saat inspeksi rutin.,PREP_WASTE,2026-09-30T11:08:57.915646
WASTE_PREP_WASTE_0362,Limbah potongan cangkang telur ayam dan sisa kulit bawang bombay terkumpul di area hot kitchen production pass.,PREP_WASTE,2026-09-30T11:08:57.915646
WASTE_CONTAMINATED_0325,Temuan audit: fillet dada ayam jatuh langsung ke cold storage utama dan terkena helaian rambut staff dan keringat saat proses plating. Catatan: perlu cross-check barcode supplier.,CONTAMINATED,2026-09-30T11:08:57.909580
WASTE_PREP_WASTE_0147,"kulit wortel, biji paprika, dan ujung timun hasil proses persiapan di fish butchery station. Catatan: perlu cross-check barcode supplier.",PREP_WASTE,2026-09-30T11:08:57.914644
WASTE_EXPIRED_0290,Laporan waste: Reject saus tomat kemasan pouch: kedaluwarsa 4 hari yang lalu sesuai label kemasan saat audit inventory. Bobot perkiraan: 12 kg.,EXPIRED,2026-09-30T11:08:57.906583
WASTE_SPOILED_0041,"Temuan shift pagi: Kondisi fillet dada ayam di chiller holding pass sudah tampak bercak kapang kehijauan dan berair, harus diafkir. Ditemukan oleh staff shift malam saat inspeksi rutin.",SPOILED,2026-09-30T11:08:57.901519
WASTE_EXPIRED_0419,Log limbah: saus tiram botol besar pada rak display showcase pastry sudah kedaluwarsa 4 hari yang lalu sesuai label kemasan.,EXPIRED,2026-09-30T11:08:57.907582
WASTE_EXPIRED_0090,Insiden dapur: Tanggal kedaluwarsa saus tomat kemasan pouch di lantai kitchen line sudah lewat batas best before sejak minggu kemarin.,EXPIRED,2026-09-30T11:08:57.904516
WASTE_SURPLUS_0012,Catatan QC: Overproduction sponge cake vanila berlebih setelah paket promo makan siang meeting korporat. Segera laporkan ke chef on duty untuk tindakan preventif sesuai SOP.,SURPLUS,2026-09-30T11:08:57.916718
WASTE_OVERCOOKED_0022,Temuan audit: roti baguette gagal saji karena suhu wajan wok burner berlebih dan hangus berkerak hitam dan berbau sangit pekat. Bobot perkiraan: 6 kg.,OVERCOOKED,2026-09-30T11:08:57.910644
WASTE_CONTAMINATED_0246,Catatan QC: kol kubis manis terkontaminasi debu kotor akibat pembersihan blower ventilasi di lantai kitchen line. Ditemukan oleh staff shift malam saat inspeksi rutin.,CONTAMINATED,2026-09-30T11:08:57.909580
WASTE_CONTAMINATED_0132,Insiden dapur: fillet dada ayam terkontaminasi helaian rambut staff dan keringat saat proses plating di chiller 1.,CONTAMINATED,2026-09-30T11:08:57.908580
WASTE_SPOILED_0373,Laporan waste: daun selada iceberg ditemukan tampak bercak kapang kehijauan dan berair pada saat pengecekan display showcase pastry. Ref: #847.,SPOILED,2026-09-30T11:08:57.903518
WASTE_EXPIRED_0218,Temuan shift pagi: sponge cake vanila pada rak walk-in freezer sudah sudah lewat batas best before sejak minggu kemarin. Segera laporkan ke chef on duty untuk tindakan preventif sesuai SOP.,EXPIRED,2026-09-30T11:08:57.906583
WASTE_SPOILED_0358,Reject daging steak sirloin: mengalami pembusukan parah dan berbau anyir tengik. Ref: #843.,SPOILED,2026-09-30T11:08:57.903518
WASTE_CONTAMINATED_0068,paha ayam marinasi terkontaminasi cipratan cairan pembersih kimia sanitasi lantai di display showcase pastry. Ditemukan oleh staff shift pagi saat inspeksi rutin.,CONTAMINATED,2026-09-30T11:08:57.908580
WASTE_OVERCOOKED_0004,Catatan QC: Reject pesanan sponge cake vanila: gosong gosong pahit dan bertekstur liat keras di panci stock pot kaldu.,OVERCOOKED,2026-09-30T11:08:57.910644
WASTE_CONTAMINATED_0136,Insiden dapur: BAHAYA FOOD SAFETY: ikan kakap merah terpapar cipratan cairan pembersih kimia sanitasi lantai saat prep mise en place siang. Segera laporkan ke chef on duty untuk tindakan preventif sesuai SOP.,CONTAMINATED,2026-09-30T11:08:57.908580
WASTE_EXPIRED_0021,Temuan shift pagi: sponge cake vanila sudah lewat batas best before sejak minggu kemarin. Bobot perkiraan: 1 kg.,EXPIRED,2026-09-30T11:08:57.904516
WASTE_OVERCOOKED_0047,Laporan waste: Reject pesanan sponge cake vanila: bagian luar gosong terbakar pahit walau dalam masih mentah di deep fryer commercial. Segera laporkan ke chef on duty untuk tindakan preventif sesuai SOP.,OVERCOOKED,2026-09-30T11:08:57.910644
WASTE_SURPLUS_0113,Catatan QC: pasta spaghetti bolognese sisa event gala dinner VIP ballroom yang tidak terkonsumsi di rak pantry kering. Ref: #912.,SURPLUS,2026-09-30T11:08:57.916718
WASTE_OVERCOOKED_0200,Laporan waste: Reject pesanan sponge cake vanila: gosong gosong pahit dan bertekstur liat keras di deck oven baking. Ditemukan oleh staff shift pagi saat inspeksi rutin.,OVERCOOKED,2026-09-30T11:08:57.911644
WASTE_CONTAMINATED_0357,Log limbah: Reject segera tomat merah akibat kontak dengan helaian rambut staff dan keringat saat proses plating. Bobot perkiraan: 14 kg.,CONTAMINATED,2026-09-30T11:08:57.910644
WASTE_PREP_WASTE_0295,"Laporan waste: tulang, insang, dan kepala ikan kakap segar hasil proses persiapan di vegetable cold pantry. Ref: #221.",PREP_WASTE,2026-09-30T11:08:57.915646
WASTE_OVERCOOKED_0206,Kondisi masakan fillet ayam krispi di cold storage utama menghitam pekat karena terlambat diangkat dari fryer. Ref: #330.,OVERCOOKED,2026-09-30T11:08:57.911644
WASTE_SURPLUS_0084,Sisa porsi sajian sponge cake vanila dari layanan breakfast buffet penutupan pagi masih layak namun tidak terjual. Segera laporkan ke chef on duty untuk tindakan preventif sesuai SOP.,SURPLUS,2026-09-30T11:08:57.916718
WASTE_CONTAMINATED_0351,Insiden dapur: BAHAYA FOOD SAFETY: cumi-cumi segar terpapar serangga lalat serta kotoran hama di area kerja saat prep mise en place siang. Bobot perkiraan: 6 kg.,CONTAMINATED,2026-09-30T11:08:57.910644
WASTE_OVERCOOKED_0350,Catatan QC: roti baguette gosong hangus karena api terlalu besar saat service peak hours dinner. Ref: #645.,OVERCOOKED,2026-09-30T11:08:57.912644
WASTE_CONTAMINATED_0353,Laporan waste: Reject segera udang windu kupas akibat kontak dengan tetesan darah mentah dari rak atas.,CONTAMINATED,2026-09-30T11:08:57.910644
WASTE_SURPLUS_0259,Insiden dapur: Sisa porsi sajian puding coklat fla dari event gala dinner VIP ballroom masih layak namun tidak terjual. Bobot perkiraan: 1 kg.,SURPLUS,2026-09-30T11:08:57.917719
WASTE_SPOILED_0080,Log limbah: Reject ikan kakap merah: tekstur lembek basah dan berbau apek busuk.,SPOILED,2026-09-30T11:08:57.901519
WASTE_CONTAMINATED_0273,Log limbah: Reject segera paha ayam marinasi akibat kontak dengan pecahan kaca dari gelas pecah di line prep. Catatan: perlu cross-check barcode supplier.,CONTAMINATED,2026-09-30T11:08:57.909580
WASTE_EXPIRED_0365,Catatan QC: Reject saus tiram botol besar: kadaluwarsa per tanggal kemarin dan harus segera diretur saat audit inventory.,EXPIRED,2026-09-30T11:08:57.907582
WASTE_PREP_WASTE_0053,Temuan shift pagi: remah potongan kulit puff pastry dan tepi adonan roti hasil proses persiapan di pastry bakery corner.,PREP_WASTE,2026-09-30T11:08:57.913648
WASTE_SURPLUS_0118,Insiden dapur: puding coklat fla berlebih pada display chiller 1 karena proyeksi tamu meleset.,SURPLUS,2026-09-30T11:08:57.916718
WASTE_PREP_WASTE_0306,"Catatan QC: Limbah potongan kulit kentang, bonggol brokoli, dan tangkai daun bawang terkumpul di area sauce preparation area. Bobot perkiraan: 1 kg.",PREP_WASTE,2026-09-30T11:08:57.915646
WASTE_SPOILED_0134,"Log limbah: Kondisi paha ayam marinasi di chiller holding pass sudah tekstur lembek basah dan berbau apek busuk, harus diafkir.",SPOILED,2026-09-30T11:08:57.902520
WASTE_CONTAMINATED_0241,Catatan QC: Reject segera potongan daging wagyu MB7 akibat kontak dengan pecahan kaca dari gelas pecah di line prep.,CONTAMINATED,2026-09-30T11:08:57.909580
WASTE_CONTAMINATED_0034,Reject segera potongan daging wagyu MB7 akibat kontak dengan cipratan cairan pembersih kimia sanitasi lantai. Ref: #992.,CONTAMINATED,2026-09-30T11:08:57.907582
WASTE_CONTAMINATED_0029,Laporan waste: Reject segera cumi-cumi segar akibat kontak dengan debu kotor akibat pembersihan blower ventilasi. Ditemukan oleh staff shift pagi saat inspeksi rutin.,CONTAMINATED,2026-09-30T11:08:57.907582
WASTE_EXPIRED_0374,Log limbah: Reject saus tomat kemasan pouch: stempel expired date terlampaui dan tidak boleh disajikan saat audit inventory.,EXPIRED,2026-09-30T11:08:57.907582
WASTE_OVERCOOKED_0182,Laporan waste: roti baguette terlalu lama di deck oven baking sehingga terlalu kering mengeras layaknya arang dan tidak layak jual. Catatan: perlu cross-check barcode supplier.,OVERCOOKED,2026-09-30T11:08:57.911644
WASTE_CONTAMINATED_0315,Laporan waste: Reject segera daging steak sirloin akibat kontak dengan tetesan darah mentah dari rak atas. Segera laporkan ke chef on duty untuk tindakan preventif sesuai SOP.,CONTAMINATED,2026-09-30T11:08:57.909580
WASTE_EXPIRED_0055,Insiden dapur: roti brioche burger melewati masa simpan maksimum gudang penyimpanan. Segera laporkan ke chef on duty untuk tindakan preventif sesuai SOP.,EXPIRED,2026-09-30T11:08:57.904516
WASTE_SURPLUS_0419,pasta spaghetti bolognese sisa layanan breakfast buffet penutupan pagi yang tidak terkonsumsi di lantai kitchen line.,SURPLUS,2026-09-30T11:08:57.918718
WASTE_PREP_WASTE_0197,Temuan shift pagi: Sisa organik cangkang telur ayam dan sisa kulit bawang bombay dari proses mise en place sup buntut nusantara. Bobot perkiraan: 4 kg.,PREP_WASTE,2026-09-30T11:08:57.914644
WASTE_PREP_WASTE_0159,"Temuan shift pagi: Sisa penyiangan lemak berlebih, urat keras, dan sisa butchery daging sapi pada persiapan shift pagi di meat prep station. Segera laporkan ke chef on duty untuk tindakan preventif sesuai SOP.",PREP_WASTE,2026-09-30T11:08:57.914644
WASTE_OVERCOOKED_0035,Insiden dapur: steak wagyu tenderloin terlalu lama di charcoal grill station sehingga bagian luar gosong terbakar pahit walau dalam masih mentah.,OVERCOOKED,2026-09-30T11:08:57.910644
WASTE_EXPIRED_0445,Tanggal kedaluwarsa saus tiram botol besar di walk-in freezer kadaluwarsa per tanggal kemarin dan harus segera diretur. Ditemukan oleh staff shift pagi saat inspeksi rutin.,EXPIRED,2026-09-30T11:08:57.907582
WASTE_EXPIRED_0379,Temuan shift pagi: Tanggal kedaluwarsa saus tomat kemasan pouch di walk-in freezer kadaluwarsa per tanggal kemarin dan harus segera diretur.,EXPIRED,2026-09-30T11:08:57.907582
WASTE_SURPLUS_0380,Temuan audit: Overproduction puding coklat fla berlebih setelah paket promo makan siang meeting korporat.,SURPLUS,2026-09-30T11:08:57.918718
WASTE_OVERCOOKED_0334,Kondisi masakan fillet ayam krispi di walk-in freezer gosong gosong pahit dan bertekstur liat keras.,OVERCOOKED,2026-09-30T11:08:57.912644
WASTE_SURPLUS_0069,Laporan waste: sponge cake vanila sisa prasmanan buffet dinner hotel malam hari yang tidak terkonsumsi di chiller 1. Segera laporkan ke chef on duty untuk tindakan preventif sesuai SOP.,SURPLUS,2026-09-30T11:08:57.916718
WASTE_SURPLUS_0053,Catatan QC: Sisa porsi sajian nasi goreng spesial seafood dari event gala dinner VIP ballroom masih layak namun tidak terjual. Segera laporkan ke chef on duty untuk tindakan preventif sesuai SOP.,SURPLUS,2026-09-30T11:08:57.916718
WASTE_SURPLUS_0014,Overproduction pasta spaghetti bolognese berlebih setelah paket promo makan siang meeting korporat. Ditemukan oleh staff shift pagi saat inspeksi rutin.,SURPLUS,2026-09-30T11:08:57.916718
WASTE_EXPIRED_0203,Temuan shift pagi: Ditemukan kroisan butter almond yang telah telah melewati tanggal expiry date 2 hari lalu. Catatan: perlu cross-check barcode supplier.,EXPIRED,2026-09-30T11:08:57.906583
WASTE_SPOILED_0173,"Kondisi tomat merah di chiller holding pass sudah terlihat jamur putih dan berbau asam, harus diafkir. Segera laporkan ke chef on duty untuk tindakan preventif sesuai SOP.",SPOILED,2026-09-30T11:08:57.902520
WASTE_SPOILED_0039,Reject daging giling sapi: tekstur lembek basah dan berbau apek busuk.,SPOILED,2026-09-30T11:08:57.901519
WASTE_SURPLUS_0329,Stok matang nasi liwet komplet sisa operasional acara resepsi pernikahan gathering siang di cold storage utama.,SURPLUS,2026-09-30T11:08:57.917719
WASTE_EXPIRED_0264,Laporan waste: kroisan butter almond pada rak display showcase pastry sudah kadaluwarsa per tanggal kemarin dan harus segera diretur.,EXPIRED,2026-09-30T11:08:57.906583
WASTE_SPOILED_0091,Laporan waste: jamur kancing ditemukan keluar lendir lengket serta berbau busuk menyengat pada saat pengecekan chiller 1. Segera laporkan ke chef on duty untuk tindakan preventif sesuai SOP.,SPOILED,2026-09-30T11:08:57.901519
WASTE_CONTAMINATED_0306,Temuan audit: BAHAYA FOOD SAFETY: cumi-cumi segar terpapar debu kotor akibat pembersihan blower ventilasi saat plating order express. Ref: #994.,CONTAMINATED,2026-09-30T11:08:57.909580
WASTE_SURPLUS_0080,Catatan QC: Stok matang nasi goreng spesial seafood sisa operasional layanan breakfast buffet penutupan pagi di walk-in freezer.,SURPLUS,2026-09-30T11:08:57.916718
WASTE_PREP_WASTE_0028,Temuan shift pagi: cangkang telur ayam dan sisa kulit bawang bombay ditimbang sebagai yield loss di hot kitchen production pass. Ref: #366.,PREP_WASTE,2026-09-30T11:08:57.913648
WASTE_CONTAMINATED_0256,Temuan audit: jamur kancing jatuh langsung ke lantai kitchen line dan terkena serangga lalat serta kotoran hama di area kerja. Ditemukan oleh staff shift siang saat inspeksi rutin.,CONTAMINATED,2026-09-30T11:08:57.909580
WASTE_CONTAMINATED_0425,Laporan waste: BAHAYA FOOD SAFETY: kol kubis manis terpapar cipratan cairan pembersih kimia sanitasi lantai saat batch cooking prasmanan.,CONTAMINATED,2026-09-30T11:08:57.910644
WASTE_SPOILED_0217,fillet dada ayam ditemukan keluar lendir lengket serta berbau busuk menyengat pada saat pengecekan chiller holding pass.,SPOILED,2026-09-30T11:08:57.903518
WASTE_EXPIRED_0061,Ditemukan kroisan butter almond yang telah sudah lewat batas best before sejak minggu kemarin. Catatan: perlu cross-check barcode supplier.,EXPIRED,2026-09-30T11:08:57.904516
WASTE_OVERCOOKED_0331,Catatan QC: Reject pesanan saus bechamel keju: terlalu kering mengeras layaknya arang dan tidak layak jual di charcoal grill station. Segera laporkan ke chef on duty untuk tindakan preventif sesuai SOP.,OVERCOOKED,2026-09-30T11:08:57.912644
WASTE_EXPIRED_0050,Log limbah: keju mozarella impor melewati masa simpan maksimum gudang penyimpanan. Bobot perkiraan: 12 kg.,EXPIRED,2026-09-30T11:08:57.904516
WASTE_PREP_WASTE_0433,"Insiden dapur: Sisa penyiangan kulit kentang, bonggol brokoli, dan tangkai daun bawang pada persiapan shift pagi di pastry bakery corner. Segera laporkan ke chef on duty untuk tindakan preventif sesuai SOP.",PREP_WASTE,2026-09-30T11:08:57.916718
WASTE_PREP_WASTE_0057,Temuan shift pagi: Sisa organik remah potongan kulit puff pastry dan tepi adonan roti dari proses mise en place sup buntut nusantara.,PREP_WASTE,2026-09-30T11:08:57.913648
WASTE_OVERCOOKED_0039,Temuan shift pagi: Reject pesanan saus bechamel keju: hangus berkerak hitam dan berbau sangit pekat di salamander heater. Bobot perkiraan: 9 kg.,OVERCOOKED,2026-09-30T11:08:57.910644
WASTE_OVERCOOKED_0170,Temuan audit: steak wagyu tenderloin gosong hangus karena api terlalu besar saat batch cooking prasmanan. Ditemukan oleh staff shift siang saat inspeksi rutin.,OVERCOOKED,2026-09-30T11:08:57.911644
WASTE_SURPLUS_0203,Insiden dapur: Sisa porsi sajian pasta spaghetti bolognese dari acara resepsi pernikahan gathering siang masih layak namun tidak terjual. Ditemukan oleh staff shift malam saat inspeksi rutin.,SURPLUS,2026-09-30T11:08:57.917719
WASTE_PREP_WASTE_0277,"Sisa penyiangan lemak berlebih, urat keras, dan sisa butchery daging sapi pada persiapan shift pagi di meat prep station.",PREP_WASTE,2026-09-30T11:08:57.915646
WASTE_OVERCOOKED_0191,Laporan waste: roti baguette gagal saji karena suhu salamander heater berlebih dan gosong gosong pahit dan bertekstur liat keras. Ref: #432.,OVERCOOKED,2026-09-30T11:08:57.911644
WASTE_CONTAMINATED_0318,BAHAYA FOOD SAFETY: paha ayam marinasi terpapar tetesan darah mentah dari rak atas saat prep mise en place siang. Ref: #414.,CONTAMINATED,2026-09-30T11:08:57.909580
WASTE_OVERCOOKED_0067,Insiden dapur: fillet ayam krispi gagal saji karena suhu wajan wok burner berlebih dan hangus berkerak hitam dan berbau sangit pekat. Catatan: perlu cross-check barcode supplier.,OVERCOOKED,2026-09-30T11:08:57.911644
WASTE_SURPLUS_0019,sup buntut kuah rempah 15 porsi sisa layanan breakfast buffet penutupan pagi yang tidak terkonsumsi di walk-in freezer.,SURPLUS,2026-09-30T11:08:57.916718
WASTE_OVERCOOKED_0327,Temuan audit: Reject pesanan fillet ayam krispi: menghitam pekat karena terlambat diangkat dari fryer di deep fryer commercial.,OVERCOOKED,2026-09-30T11:08:57.912644
WASTE_CONTAMINATED_0298,Insiden dapur: fillet dada ayam terkontaminasi tetesan darah mentah dari rak atas di display showcase pastry. Catatan: perlu cross-check barcode supplier.,CONTAMINATED,2026-09-30T11:08:57.909580
WASTE_OVERCOOKED_0193,Insiden dapur: Kondisi masakan sponge cake vanila di rak pantry kering terlalu kering mengeras layaknya arang dan tidak layak jual. Ref: #583.,OVERCOOKED,2026-09-30T11:08:57.911644
WASTE_CONTAMINATED_0054,Catatan QC: ikan salmon fillet terkontaminasi serangga lalat serta kotoran hama di area kerja di cold storage utama. Ditemukan oleh staff shift pagi saat inspeksi rutin.,CONTAMINATED,2026-09-30T11:08:57.907582
WASTE_EXPIRED_0301,Temuan shift pagi: Ditemukan minyak wijen premium yang telah telah melewati tanggal expiry date 2 hari lalu. Bobot perkiraan: 3 kg.,EXPIRED,2026-09-30T11:08:57.906583
WASTE_SPOILED_0235,"Laporan waste: Kondisi paha ayam marinasi di lantai kitchen line sudah mengalami pembusukan parah dan berbau anyir tengik, harus diafkir.",SPOILED,2026-09-30T11:08:57.903518
WASTE_EXPIRED_0283,Insiden dapur: roti brioche burger pada rak lantai kitchen line sudah sudah lewat batas best before sejak minggu kemarin. Ref: #490.,EXPIRED,2026-09-30T11:08:57.906583
WASTE_SURPLUS_0443,Overproduction roti brioche burger berlebih setelah prasmanan buffet dinner hotel malam hari. Segera laporkan ke chef on duty untuk tindakan preventif sesuai SOP.,SURPLUS,2026-09-30T11:08:57.918718
WASTE_CONTAMINATED_0257,Temuan shift pagi: BAHAYA FOOD SAFETY: ikan salmon fillet terpapar helaian rambut staff dan keringat saat proses plating saat plating order express. Ref: #748.,CONTAMINATED,2026-09-30T11:08:57.909580
WASTE_SURPLUS_0382,Log limbah: kroisan butter almond sisa prasmanan buffet dinner hotel malam hari yang tidak terkonsumsi di chiller holding pass. Ditemukan oleh staff shift pagi saat inspeksi rutin.,SURPLUS,2026-09-30T11:08:57.918718
WASTE_CONTAMINATED_0310,Log limbah: paha ayam marinasi terkontaminasi helaian rambut staff dan keringat saat proses plating di display showcase pastry. Segera laporkan ke chef on duty untuk tindakan preventif sesuai SOP.,CONTAMINATED,2026-09-30T11:08:57.909580
WASTE_CONTAMINATED_0166,Insiden dapur: Reject segera fillet dada ayam akibat kontak dengan pecahan kaca dari gelas pecah di line prep. Ref: #727.,CONTAMINATED,2026-09-30T11:08:57.908580
WASTE_PREP_WASTE_0357,"Insiden dapur: Limbah potongan kulit wortel, biji paprika, dan ujung timun terkumpul di area hot kitchen production pass. Ditemukan oleh staff shift siang saat inspeksi rutin.",PREP_WASTE,2026-09-30T11:08:57.915646
WASTE_CONTAMINATED_0163,Reject segera brokoli segar akibat kontak dengan cipratan cairan pembersih kimia sanitasi lantai. Ref: #688.,CONTAMINATED,2026-09-30T11:08:57.908580
WASTE_CONTAMINATED_0268,Laporan waste: potongan daging wagyu MB7 terkontaminasi cipratan cairan pembersih kimia sanitasi lantai di cold storage utama.,CONTAMINATED,2026-09-30T11:08:57.909580
WASTE_OVERCOOKED_0143,Temuan audit: fillet ayam krispi gosong hangus karena api terlalu besar saat batch cooking prasmanan. Ditemukan oleh staff shift siang saat inspeksi rutin.,OVERCOOKED,2026-09-30T11:08:57.911644
WASTE_PREP_WASTE_0428,Laporan waste: Limbah potongan remah potongan kulit puff pastry dan tepi adonan roti terkumpul di area pastry bakery corner. Segera laporkan ke chef on duty untuk tindakan preventif sesuai SOP.,PREP_WASTE,2026-09-30T11:08:57.916718
WASTE_EXPIRED_0435,Temuan audit: Ditemukan saus tiram botol besar yang telah stempel expired date terlampaui dan tidak boleh disajikan.,EXPIRED,2026-09-30T11:08:57.907582
WASTE_SPOILED_0144,"Kondisi potongan daging wagyu MB7 di walk-in freezer sudah tampak bercak kapang kehijauan dan berair, harus diafkir.",SPOILED,2026-09-30T11:08:57.902520
WASTE_SURPLUS_0401,Temuan shift pagi: Sisa porsi sajian pasta spaghetti bolognese dari event gala dinner VIP ballroom masih layak namun tidak terjual. Ditemukan oleh staff shift siang saat inspeksi rutin.,SURPLUS,2026-09-30T11:08:57.918718
WASTE_EXPIRED_0401,Temuan audit: Reject saus tomat kemasan pouch: kedaluwarsa 4 hari yang lalu sesuai label kemasan saat audit inventory. Segera laporkan ke chef on duty untuk tindakan preventif sesuai SOP.,EXPIRED,2026-09-30T11:08:57.907582
WASTE_EXPIRED_0268,Insiden dapur: Ditemukan roti brioche burger yang telah kadaluwarsa per tanggal kemarin dan harus segera diretur.,EXPIRED,2026-09-30T11:08:57.906583
WASTE_SURPLUS_0314,Log limbah: Overproduction roti brioche burger berlebih setelah acara resepsi pernikahan gathering siang. Segera laporkan ke chef on duty untuk tindakan preventif sesuai SOP.,SURPLUS,2026-09-30T11:08:57.917719
WASTE_SPOILED_0265,Temuan shift pagi: Stok daging giling sapi berbau tidak sedap dan keluar lendir lengket serta berbau busuk menyengat di walk-in freezer.,SPOILED,2026-09-30T11:08:57.903518
WASTE_SPOILED_0076,Laporan waste: Stok paha ayam marinasi berbau tidak sedap dan mengalami pembusukan parah dan berbau anyir tengik di walk-in freezer. Ditemukan oleh staff shift malam saat inspeksi rutin.,SPOILED,2026-09-30T11:08:57.901519
WASTE_SPOILED_0396,Temuan shift pagi: Stok tomat merah berbau tidak sedap dan keluar lendir lengket serta berbau busuk menyengat di cold storage utama.,SPOILED,2026-09-30T11:08:57.904516
WASTE_SURPLUS_0043,Log limbah: Overproduction nasi liwet komplet berlebih setelah prasmanan buffet dinner hotel malam hari. Ditemukan oleh staff shift siang saat inspeksi rutin.,SURPLUS,2026-09-30T11:08:57.916718
WASTE_PREP_WASTE_0425,"Insiden dapur: Limbah potongan tulang, insang, dan kepala ikan kakap segar terkumpul di area meat prep station. Ditemukan oleh staff shift siang saat inspeksi rutin.",PREP_WASTE,2026-09-30T11:08:57.916718
WASTE_SURPLUS_0277,Temuan audit: Stok matang kroisan butter almond sisa operasional event gala dinner VIP ballroom di chiller 1. Catatan: perlu cross-check barcode supplier.,SURPLUS,2026-09-30T11:08:57.917719
WASTE_SPOILED_0397,Temuan shift pagi: Reject paha ayam marinasi: tekstur lembek basah dan berbau apek busuk.,SPOILED,2026-09-30T11:08:57.904516
WASTE_OVERCOOKED_0016,Temuan shift pagi: roti baguette gagal saji karena suhu wajan wok burner berlebih dan terlalu kering mengeras layaknya arang dan tidak layak jual.,OVERCOOKED,2026-09-30T11:08:57.910644
WASTE_SURPLUS_0002,Insiden dapur: puding coklat fla berlebih pada display chiller holding pass karena proyeksi tamu meleset. Segera laporkan ke chef on duty untuk tindakan preventif sesuai SOP.,SURPLUS,2026-09-30T11:08:57.916718
WASTE_PREP_WASTE_0104,"tulang, insang, dan kepala ikan kakap segar ditimbang sebagai yield loss di fish butchery station.",PREP_WASTE,2026-09-30T11:08:57.914644
WASTE_EXPIRED_0146,Laporan waste: keju mozarella impor pada rak lantai kitchen line sudah melewati masa simpan maksimum gudang penyimpanan. Ref: #393.,EXPIRED,2026-09-30T11:08:57.905516
WASTE_PREP_WASTE_0310,"Insiden dapur: tulang, insang, dan kepala ikan kakap segar ditimbang sebagai yield loss di fish butchery station. Ditemukan oleh staff shift siang saat inspeksi rutin.",PREP_WASTE,2026-09-30T11:08:57.915646
WASTE_CONTAMINATED_0397,Temuan shift pagi: BAHAYA FOOD SAFETY: paha ayam marinasi terpapar tetesan darah mentah dari rak atas saat service peak hours dinner. Ref: #322.,CONTAMINATED,2026-09-30T11:08:57.910644
WASTE_PREP_WASTE_0022,"Catatan QC: Limbah potongan lemak berlebih, urat keras, dan sisa butchery daging sapi terkumpul di area meat prep station. Bobot perkiraan: 1 kg.",PREP_WASTE,2026-09-30T11:08:57.913648
WASTE_EXPIRED_0423,Laporan waste: mayonnaise dressing kedaluwarsa 4 hari yang lalu sesuai label kemasan. Bobot perkiraan: 13 kg.,EXPIRED,2026-09-30T11:08:57.907582
WASTE_OVERCOOKED_0199,Insiden dapur: fillet ayam krispi gosong hangus karena api terlalu besar saat plating order express. Segera laporkan ke chef on duty untuk tindakan preventif sesuai SOP.,OVERCOOKED,2026-09-30T11:08:57.911644
WASTE_SPOILED_0037,"Kondisi daun selada iceberg di chiller holding pass sudah terlihat jamur putih dan berbau asam, harus diafkir. Bobot perkiraan: 10 kg.",SPOILED,2026-09-30T11:08:57.901519
WASTE_SURPLUS_0026,Log limbah: Stok matang pasta spaghetti bolognese sisa operasional layanan breakfast buffet penutupan pagi di chiller holding pass. Segera laporkan ke chef on duty untuk tindakan preventif sesuai SOP.,SURPLUS,2026-09-30T11:08:57.916718
WASTE_PREP_WASTE_0344,"Sisa penyiangan lemak berlebih, urat keras, dan sisa butchery daging sapi pada persiapan shift pagi di fish butchery station.",PREP_WASTE,2026-09-30T11:08:57.915646
WASTE_SURPLUS_0224,Temuan shift pagi: Sisa porsi sajian sponge cake vanila dari acara resepsi pernikahan gathering siang masih layak namun tidak terjual. Ditemukan oleh staff shift pagi saat inspeksi rutin.,SURPLUS,2026-09-30T11:08:57.917719
WASTE_CONTAMINATED_0078,Log limbah: BAHAYA FOOD SAFETY: ikan salmon fillet terpapar serangga lalat serta kotoran hama di area kerja saat plating order express.,CONTAMINATED,2026-09-30T11:08:57.908580
WASTE_OVERCOOKED_0222,Reject pesanan steak wagyu tenderloin: hangus berkerak hitam dan berbau sangit pekat di wajan wok burner. Segera laporkan ke chef on duty untuk tindakan preventif sesuai SOP.,OVERCOOKED,2026-09-30T11:08:57.911644
WASTE_CONTAMINATED_0223,BAHAYA FOOD SAFETY: jamur kancing terpapar pecahan kaca dari gelas pecah di line prep saat batch cooking prasmanan.,CONTAMINATED,2026-09-30T11:08:57.908580
WASTE_PREP_WASTE_0440,"kulit wortel, biji paprika, dan ujung timun hasil proses persiapan di pastry bakery corner.",PREP_WASTE,2026-09-30T11:08:57.916718
WASTE_PREP_WASTE_0093,"Temuan shift pagi: Limbah potongan kulit wortel, biji paprika, dan ujung timun terkumpul di area sauce preparation area.",PREP_WASTE,2026-09-30T11:08:57.914644
WASTE_EXPIRED_0226,Temuan shift pagi: Tanggal kedaluwarsa saus tiram botol besar di cold storage utama kedaluwarsa 4 hari yang lalu sesuai label kemasan. Catatan: perlu cross-check barcode supplier.,EXPIRED,2026-09-30T11:08:57.906583
WASTE_EXPIRED_0279,Catatan QC: Tanggal kedaluwarsa mayonnaise dressing di meja butchery station sudah lewat batas best before sejak minggu kemarin. Bobot perkiraan: 10 kg.,EXPIRED,2026-09-30T11:08:57.906583
WASTE_SPOILED_0413,"Insiden dapur: Kondisi potongan daging wagyu MB7 di walk-in freezer sudah mengalami pembusukan parah dan berbau anyir tengik, harus diafkir. Catatan: perlu cross-check barcode supplier.",SPOILED,2026-09-30T11:08:57.904516
WASTE_OVERCOOKED_0167,Log limbah: Kondisi masakan roti baguette di cold storage utama bagian luar gosong terbakar pahit walau dalam masih mentah. Catatan: perlu cross-check barcode supplier.,OVERCOOKED,2026-09-30T11:08:57.911644
WASTE_OVERCOOKED_0300,Temuan shift pagi: Reject pesanan sponge cake vanila: menghitam pekat karena terlambat diangkat dari fryer di deep fryer commercial. Bobot perkiraan: 11 kg.,OVERCOOKED,2026-09-30T11:08:57.912644
WASTE_EXPIRED_0376,Temuan audit: kroisan butter almond pada rak walk-in freezer sudah kadaluwarsa per tanggal kemarin dan harus segera diretur.,EXPIRED,2026-09-30T11:08:57.907582
WASTE_EXPIRED_0167,Laporan waste: saus bechamel keju sudah lewat batas best before sejak minggu kemarin. Catatan: perlu cross-check barcode supplier.,EXPIRED,2026-09-30T11:08:57.905516
WASTE_SPOILED_0115,brokoli segar ditemukan tampak bercak kapang kehijauan dan berair pada saat pengecekan chiller holding pass. Segera laporkan ke chef on duty untuk tindakan preventif sesuai SOP.,SPOILED,2026-09-30T11:08:57.902520
WASTE_SPOILED_0418,"Kondisi jamur kancing di chiller 1 sudah berwarna kehitaman dan lembek hancur, harus diafkir.",SPOILED,2026-09-30T11:08:57.904516
WASTE_OVERCOOKED_0276,Log limbah: Kondisi masakan sponge cake vanila di chiller 1 menghitam pekat karena terlambat diangkat dari fryer. Catatan: perlu cross-check barcode supplier.,OVERCOOKED,2026-09-30T11:08:57.912644
WASTE_SURPLUS_0398,sup buntut kuah rempah 15 porsi sisa prasmanan buffet dinner hotel malam hari yang tidak terkonsumsi di meja butchery station. Ref: #702.,SURPLUS,2026-09-30T11:08:57.918718
WASTE_SPOILED_0090,Catatan QC: Stok wortel impor berbau tidak sedap dan mengalami pembusukan parah dan berbau anyir tengik di display showcase pastry. Catatan: perlu cross-check barcode supplier.,SPOILED,2026-09-30T11:08:57.901519
WASTE_PREP_WASTE_0283,"Catatan QC: Sisa penyiangan lemak berlebih, urat keras, dan sisa butchery daging sapi pada persiapan shift pagi di sauce preparation area. Segera laporkan ke chef on duty untuk tindakan preventif sesuai SOP.",PREP_WASTE,2026-09-30T11:08:57.915646
WASTE_EXPIRED_0304,Log limbah: Ditemukan whipping cream cair yang telah kadaluwarsa per tanggal kemarin dan harus segera diretur.,EXPIRED,2026-09-30T11:08:57.906583
WASTE_OVERCOOKED_0281,Reject pesanan saus bechamel keju: hangus berkerak hitam dan berbau sangit pekat di salamander heater. Segera laporkan ke chef on duty untuk tindakan preventif sesuai SOP.,OVERCOOKED,2026-09-30T11:08:57.912644
WASTE_SPOILED_0012,"Catatan QC: Kondisi daging steak sirloin di rak pantry kering sudah tekstur lembek basah dan berbau apek busuk, harus diafkir. Bobot perkiraan: 12 kg.",SPOILED,2026-09-30T11:08:57.901519
WASTE_SPOILED_0285,Temuan shift pagi: ikan salmon fillet ditemukan terlihat jamur putih dan berbau asam pada saat pengecekan chiller holding pass. Ref: #115.,SPOILED,2026-09-30T11:08:57.903518
WASTE_CONTAMINATED_0167,Reject segera ikan salmon fillet akibat kontak dengan tetesan darah mentah dari rak atas. Segera laporkan ke chef on duty untuk tindakan preventif sesuai SOP.,CONTAMINATED,2026-09-30T11:08:57.908580
WASTE_CONTAMINATED_0292,Laporan waste: paha ayam marinasi jatuh langsung ke display showcase pastry dan terkena helaian rambut staff dan keringat saat proses plating. Segera laporkan ke chef on duty untuk tindakan preventif sesuai SOP.,CONTAMINATED,2026-09-30T11:08:57.909580
WASTE_OVERCOOKED_0091,Log limbah: fillet ayam krispi terlalu lama di deep fryer commercial sehingga gosong gosong pahit dan bertekstur liat keras. Catatan: perlu cross-check barcode supplier.,OVERCOOKED,2026-09-30T11:08:57.911644
WASTE_SURPLUS_0279,Laporan waste: Stok matang sponge cake vanila sisa operasional event gala dinner VIP ballroom di walk-in freezer. Catatan: perlu cross-check barcode supplier.,SURPLUS,2026-09-30T11:08:57.917719
WASTE_SURPLUS_0278,Insiden dapur: Stok matang sup buntut kuah rempah 15 porsi sisa operasional acara resepsi pernikahan gathering siang di cold storage utama.,SURPLUS,2026-09-30T11:08:57.917719
WASTE_SURPLUS_0193,Overproduction roti brioche burger berlebih setelah acara resepsi pernikahan gathering siang. Segera laporkan ke chef on duty untuk tindakan preventif sesuai SOP.,SURPLUS,2026-09-30T11:08:57.917719
WASTE_OVERCOOKED_0219,fillet ayam krispi gagal saji karena suhu deck oven baking berlebih dan bagian luar gosong terbakar pahit walau dalam masih mentah. Catatan: perlu cross-check barcode supplier.,OVERCOOKED,2026-09-30T11:08:57.911644
WASTE_SURPLUS_0072,Insiden dapur: sup buntut kuah rempah 15 porsi sisa paket promo makan siang meeting korporat yang tidak terkonsumsi di display showcase pastry. Ditemukan oleh staff shift siang saat inspeksi rutin.,SURPLUS,2026-09-30T11:08:57.916718
WASTE_OVERCOOKED_0338,Catatan QC: sponge cake vanila gosong hangus karena api terlalu besar saat prep mise en place siang. Ref: #497.,OVERCOOKED,2026-09-30T11:08:57.912644
WASTE_EXPIRED_0402,Temuan audit: Ditemukan minyak wijen premium yang telah sudah lewat batas best before sejak minggu kemarin.,EXPIRED,2026-09-30T11:08:57.907582
WASTE_PREP_WASTE_0408,"tulang, insang, dan kepala ikan kakap segar ditimbang sebagai yield loss di meat prep station.",PREP_WASTE,2026-09-30T11:08:57.915646
WASTE_EXPIRED_0446,Laporan waste: roti brioche burger sudah lewat batas best before sejak minggu kemarin.,EXPIRED,2026-09-30T11:08:57.907582
WASTE_EXPIRED_0047,Catatan QC: susu UHT full cream pada rak lantai kitchen line sudah kedaluwarsa 4 hari yang lalu sesuai label kemasan. Ref: #360.,EXPIRED,2026-09-30T11:08:57.904516
WASTE_OVERCOOKED_0433,saus bechamel keju gosong hangus karena api terlalu besar saat plating order express. Catatan: perlu cross-check barcode supplier.,OVERCOOKED,2026-09-30T11:08:57.913648
WASTE_SPOILED_0336,Catatan QC: Stok jamur kancing berbau tidak sedap dan terlihat jamur putih dan berbau asam di display showcase pastry. Ref: #704.,SPOILED,2026-09-30T11:08:57.903518
WASTE_EXPIRED_0066,Temuan shift pagi: Ditemukan sponge cake vanila yang telah kadaluwarsa per tanggal kemarin dan harus segera diretur. Segera laporkan ke chef on duty untuk tindakan preventif sesuai SOP.,EXPIRED,2026-09-30T11:08:57.904516
WASTE_CONTAMINATED_0449,cumi-cumi segar terkontaminasi tetesan darah mentah dari rak atas di meja butchery station. Catatan: perlu cross-check barcode supplier.,CONTAMINATED,2026-09-30T11:08:57.910644
WASTE_CONTAMINATED_0116,cumi-cumi segar terkontaminasi helaian rambut staff dan keringat saat proses plating di lantai kitchen line. Ditemukan oleh staff shift malam saat inspeksi rutin.,CONTAMINATED,2026-09-30T11:08:57.908580
WASTE_SURPLUS_0286,kroisan butter almond berlebih pada display walk-in freezer karena proyeksi tamu meleset. Segera laporkan ke chef on duty untuk tindakan preventif sesuai SOP.,SURPLUS,2026-09-30T11:08:57.917719
WASTE_OVERCOOKED_0432,Laporan waste: saus bechamel keju gagal saji karena suhu wajan wok burner berlebih dan terlalu kering mengeras layaknya arang dan tidak layak jual.,OVERCOOKED,2026-09-30T11:08:57.913648
WASTE_OVERCOOKED_0436,Laporan waste: Reject pesanan steak wagyu tenderloin: menghitam pekat karena terlambat diangkat dari fryer di deck oven baking. Ref: #562.,OVERCOOKED,2026-09-30T11:08:57.913648
WASTE_PREP_WASTE_0271,"Catatan QC: Sisa organik lemak berlebih, urat keras, dan sisa butchery daging sapi dari proses mise en place sup buntut nusantara. Segera laporkan ke chef on duty untuk tindakan preventif sesuai SOP.",PREP_WASTE,2026-09-30T11:08:57.915646
WASTE_SPOILED_0357,"Catatan QC: Kondisi jamur kancing di display showcase pastry sudah mengalami pembusukan parah dan berbau anyir tengik, harus diafkir.",SPOILED,2026-09-30T11:08:57.903518
WASTE_SURPLUS_0322,Laporan waste: Stok matang roti brioche burger sisa operasional paket promo makan siang meeting korporat di walk-in freezer. Catatan: perlu cross-check barcode supplier.,SURPLUS,2026-09-30T11:08:57.917719
WASTE_CONTAMINATED_0413,Temuan audit: tomat merah jatuh langsung ke chiller holding pass dan terkena serangga lalat serta kotoran hama di area kerja.,CONTAMINATED,2026-09-30T11:08:57.910644
WASTE_OVERCOOKED_0286,Laporan waste: saus bechamel keju terlalu lama di charcoal grill station sehingga terlalu kering mengeras layaknya arang dan tidak layak jual. Ref: #736.,OVERCOOKED,2026-09-30T11:08:57.912644
WASTE_EXPIRED_0101,Log limbah: Tanggal kedaluwarsa keju mozarella impor di chiller 1 sudah lewat batas best before sejak minggu kemarin. Bobot perkiraan: 10 kg.,EXPIRED,2026-09-30T11:08:57.904516
WASTE_SURPLUS_0016,Overproduction roti brioche burger berlebih setelah acara resepsi pernikahan gathering siang.,SURPLUS,2026-09-30T11:08:57.916718
WASTE_CONTAMINATED_0328,Log limbah: Reject segera udang windu kupas akibat kontak dengan cipratan cairan pembersih kimia sanitasi lantai. Ref: #716.,CONTAMINATED,2026-09-30T11:08:57.909580
WASTE_SURPLUS_0164,Temuan shift pagi: roti brioche burger berlebih pada display rak pantry kering karena proyeksi tamu meleset. Ref: #964.,SURPLUS,2026-09-30T11:08:57.917719
WASTE_CONTAMINATED_0058,Temuan shift pagi: Reject segera cumi-cumi segar akibat kontak dengan pecahan kaca dari gelas pecah di line prep. Segera laporkan ke chef on duty untuk tindakan preventif sesuai SOP.,CONTAMINATED,2026-09-30T11:08:57.907582
WASTE_OVERCOOKED_0424,Log limbah: steak wagyu tenderloin gagal saji karena suhu charcoal grill station berlebih dan gosong gosong pahit dan bertekstur liat keras. Catatan: perlu cross-check barcode supplier.,OVERCOOKED,2026-09-30T11:08:57.913648
WASTE_PREP_WASTE_0342,"Temuan audit: kulit kentang, bonggol brokoli, dan tangkai daun bawang ditimbang sebagai yield loss di pastry bakery corner. Bobot perkiraan: 2 kg.",PREP_WASTE,2026-09-30T11:08:57.915646
WASTE_CONTAMINATED_0109,Temuan shift pagi: Ditemukan fillet dada ayam yang terkena cemaran helaian rambut staff dan keringat saat proses plating di walk-in freezer.,CONTAMINATED,2026-09-30T11:08:57.908580
WASTE_CONTAMINATED_0193,Temuan shift pagi: kol kubis manis terkontaminasi pecahan kaca dari gelas pecah di line prep di chiller 1. Ref: #309.,CONTAMINATED,2026-09-30T11:08:57.908580
WASTE_SURPLUS_0158,Temuan audit: Stok matang nasi goreng spesial seafood sisa operasional prasmanan buffet dinner hotel malam hari di cold storage utama.,SURPLUS,2026-09-30T11:08:57.917719
WASTE_CONTAMINATED_0097,BAHAYA FOOD SAFETY: jamur kancing terpapar serangga lalat serta kotoran hama di area kerja saat batch cooking prasmanan.,CONTAMINATED,2026-09-30T11:08:57.908580
WASTE_OVERCOOKED_0330,Kondisi masakan steak wagyu tenderloin di rak pantry kering terlalu kering mengeras layaknya arang dan tidak layak jual. Bobot perkiraan: 1 kg.,OVERCOOKED,2026-09-30T11:08:57.912644
WASTE_SPOILED_0154,Temuan shift pagi: udang windu kupas ditemukan berwarna kehitaman dan lembek hancur pada saat pengecekan cold storage utama.,SPOILED,2026-09-30T11:08:57.902520
WASTE_SURPLUS_0261,Stok matang pasta spaghetti bolognese sisa operasional paket promo makan siang meeting korporat di walk-in freezer. Ref: #361.,SURPLUS,2026-09-30T11:08:57.917719
WASTE_EXPIRED_0131,Temuan shift pagi: Tanggal kedaluwarsa whipping cream cair di rak pantry kering kadaluwarsa per tanggal kemarin dan harus segera diretur.,EXPIRED,2026-09-30T11:08:57.905516
WASTE_OVERCOOKED_0121,Laporan waste: roti baguette gosong hangus karena api terlalu besar saat plating order express. Segera laporkan ke chef on duty untuk tindakan preventif sesuai SOP.,OVERCOOKED,2026-09-30T11:08:57.911644
WASTE_EXPIRED_0254,Reject saus tiram botol besar: telah melewati tanggal expiry date 2 hari lalu saat audit inventory.,EXPIRED,2026-09-30T11:08:57.906583
WASTE_CONTAMINATED_0313,BAHAYA FOOD SAFETY: cumi-cumi segar terpapar serangga lalat serta kotoran hama di area kerja saat plating order express. Ref: #121.,CONTAMINATED,2026-09-30T11:08:57.909580
WASTE_EXPIRED_0447,Log limbah: Ditemukan keju mozarella impor yang telah melewati masa simpan maksimum gudang penyimpanan. Ditemukan oleh staff shift malam saat inspeksi rutin.,EXPIRED,2026-09-30T11:08:57.907582
WASTE_EXPIRED_0038,Temuan shift pagi: keju mozarella impor pada rak meja butchery station sudah kadaluwarsa per tanggal kemarin dan harus segera diretur. Segera laporkan ke chef on duty untuk tindakan preventif sesuai SOP.,EXPIRED,2026-09-30T11:08:57.904516
WASTE_EXPIRED_0110,Laporan waste: Reject susu UHT full cream: stempel expired date terlampaui dan tidak boleh disajikan saat audit inventory. Ref: #360.,EXPIRED,2026-09-30T11:08:57.905516
WASTE_CONTAMINATED_0242,Log limbah: daun selada iceberg jatuh langsung ke walk-in freezer dan terkena serangga lalat serta kotoran hama di area kerja. Ref: #350.,CONTAMINATED,2026-09-30T11:08:57.909580
WASTE_CONTAMINATED_0220,Temuan shift pagi: Reject segera daging steak sirloin akibat kontak dengan cipratan cairan pembersih kimia sanitasi lantai.,CONTAMINATED,2026-09-30T11:08:57.908580
WASTE_EXPIRED_0063,Log limbah: keju mozarella impor kadaluwarsa per tanggal kemarin dan harus segera diretur. Ref: #385.,EXPIRED,2026-09-30T11:08:57.904516
WASTE_EXPIRED_0184,Insiden dapur: kroisan butter almond stempel expired date terlampaui dan tidak boleh disajikan.,EXPIRED,2026-09-30T11:08:57.906583
WASTE_SURPLUS_0079,nasi liwet komplet sisa prasmanan buffet dinner hotel malam hari yang tidak terkonsumsi di rak pantry kering. Segera laporkan ke chef on duty untuk tindakan preventif sesuai SOP.,SURPLUS,2026-09-30T11:08:57.916718
WASTE_OVERCOOKED_0315,Log limbah: Kondisi masakan sponge cake vanila di lantai kitchen line gosong gosong pahit dan bertekstur liat keras.,OVERCOOKED,2026-09-30T11:08:57.912644
WASTE_CONTAMINATED_0113,Temuan shift pagi: daging steak sirloin terkontaminasi serangga lalat serta kotoran hama di area kerja di chiller 1. Ditemukan oleh staff shift malam saat inspeksi rutin.,CONTAMINATED,2026-09-30T11:08:57.908580
WASTE_PREP_WASTE_0132,cangkang telur ayam dan sisa kulit bawang bombay ditimbang sebagai yield loss di fish butchery station. Catatan: perlu cross-check barcode supplier.,PREP_WASTE,2026-09-30T11:08:57.914644
WASTE_CONTAMINATED_0251,Temuan audit: Ditemukan brokoli segar yang terkena cemaran debu kotor akibat pembersihan blower ventilasi di chiller 1. Ditemukan oleh staff shift malam saat inspeksi rutin.,CONTAMINATED,2026-09-30T11:08:57.909580
WASTE_SURPLUS_0321,Temuan audit: Sisa porsi sajian puding coklat fla dari paket promo makan siang meeting korporat masih layak namun tidak terjual. Bobot perkiraan: 12 kg.,SURPLUS,2026-09-30T11:08:57.917719
WASTE_SPOILED_0117,cumi-cumi segar ditemukan tampak bercak kapang kehijauan dan berair pada saat pengecekan walk-in freezer.,SPOILED,2026-09-30T11:08:57.902520
WASTE_EXPIRED_0291,Laporan waste: Ditemukan roti brioche burger yang telah telah melewati tanggal expiry date 2 hari lalu. Catatan: perlu cross-check barcode supplier.,EXPIRED,2026-09-30T11:08:57.906583
WASTE_SURPLUS_0243,Laporan waste: sponge cake vanila sisa layanan breakfast buffet penutupan pagi yang tidak terkonsumsi di meja butchery station. Bobot perkiraan: 6 kg.,SURPLUS,2026-09-30T11:08:57.917719
WASTE_PREP_WASTE_0175,"Temuan audit: Limbah potongan kulit kentang, bonggol brokoli, dan tangkai daun bawang terkumpul di area hot kitchen production pass. Segera laporkan ke chef on duty untuk tindakan preventif sesuai SOP.",PREP_WASTE,2026-09-30T11:08:57.914644
WASTE_CONTAMINATED_0182,Insiden dapur: Reject segera jamur kancing akibat kontak dengan helaian rambut staff dan keringat saat proses plating.,CONTAMINATED,2026-09-30T11:08:57.908580
WASTE_PREP_WASTE_0011,"kulit kentang, bonggol brokoli, dan tangkai daun bawang ditimbang sebagai yield loss di pastry bakery corner. Ditemukan oleh staff shift malam saat inspeksi rutin.",PREP_WASTE,2026-09-30T11:08:57.913648
WASTE_EXPIRED_0381,Laporan waste: roti brioche burger pada rak display showcase pastry sudah sudah lewat batas best before sejak minggu kemarin. Catatan: perlu cross-check barcode supplier.,EXPIRED,2026-09-30T11:08:57.907582
WASTE_SPOILED_0120,brokoli segar ditemukan mengalami pembusukan parah dan berbau anyir tengik pada saat pengecekan cold storage utama. Ditemukan oleh staff shift malam saat inspeksi rutin.,SPOILED,2026-09-30T11:08:57.902520
WASTE_EXPIRED_0207,Temuan shift pagi: susu UHT full cream stempel expired date terlampaui dan tidak boleh disajikan.,EXPIRED,2026-09-30T11:08:57.906583
WASTE_SURPLUS_0214,Temuan shift pagi: Sisa porsi sajian sup buntut kuah rempah 15 porsi dari acara resepsi pernikahan gathering siang masih layak namun tidak terjual.,SURPLUS,2026-09-30T11:08:57.917719
WASTE_SURPLUS_0175,Temuan shift pagi: Sisa porsi sajian puding coklat fla dari acara resepsi pernikahan gathering siang masih layak namun tidak terjual.,SURPLUS,2026-09-30T11:08:57.917719
WASTE_SURPLUS_0391,Catatan QC: Overproduction nasi goreng spesial seafood berlebih setelah paket promo makan siang meeting korporat. Ref: #297.,SURPLUS,2026-09-30T11:08:57.918718
WASTE_EXPIRED_0186,Log limbah: Tanggal kedaluwarsa roti brioche burger di rak pantry kering sudah lewat batas best before sejak minggu kemarin. Bobot perkiraan: 4 kg.,EXPIRED,2026-09-30T11:08:57.906583
WASTE_SPOILED_0370,"Temuan shift pagi: Kondisi daging giling sapi di chiller 1 sudah mengalami pembusukan parah dan berbau anyir tengik, harus diafkir. Ditemukan oleh staff shift siang saat inspeksi rutin.",SPOILED,2026-09-30T11:08:57.903518
WASTE_SPOILED_0269,ikan salmon fillet ditemukan mengalami pembusukan parah dan berbau anyir tengik pada saat pengecekan display showcase pastry. Catatan: perlu cross-check barcode supplier.,SPOILED,2026-09-30T11:08:57.903518
WASTE_SPOILED_0047,"Log limbah: Kondisi cumi-cumi segar di rak pantry kering sudah terlihat jamur putih dan berbau asam, harus diafkir. Segera laporkan ke chef on duty untuk tindakan preventif sesuai SOP.",SPOILED,2026-09-30T11:08:57.901519
WASTE_CONTAMINATED_0092,BAHAYA FOOD SAFETY: brokoli segar terpapar serangga lalat serta kotoran hama di area kerja saat service peak hours dinner. Segera laporkan ke chef on duty untuk tindakan preventif sesuai SOP.,CONTAMINATED,2026-09-30T11:08:57.908580
WASTE_EXPIRED_0427,Log limbah: Ditemukan whipping cream cair yang telah sudah lewat batas best before sejak minggu kemarin. Ref: #305.,EXPIRED,2026-09-30T11:08:57.907582
WASTE_EXPIRED_0324,Tanggal kedaluwarsa roti brioche burger di chiller 1 sudah lewat batas best before sejak minggu kemarin. Catatan: perlu cross-check barcode supplier.,EXPIRED,2026-09-30T11:08:57.906583
WASTE_CONTAMINATED_0320,Log limbah: Ditemukan daun selada iceberg yang terkena cemaran debu kotor akibat pembersihan blower ventilasi di walk-in freezer. Segera laporkan ke chef on duty untuk tindakan preventif sesuai SOP.,CONTAMINATED,2026-09-30T11:08:57.909580
WASTE_CONTAMINATED_0227,Laporan waste: Reject segera tomat merah akibat kontak dengan serangga lalat serta kotoran hama di area kerja. Catatan: perlu cross-check barcode supplier.,CONTAMINATED,2026-09-30T11:08:57.908580
WASTE_SPOILED_0005,Laporan waste: ikan salmon fillet ditemukan tampak bercak kapang kehijauan dan berair pada saat pengecekan chiller holding pass.,SPOILED,2026-09-30T11:08:57.901519
WASTE_OVERCOOKED_0246,Temuan audit: Reject pesanan steak wagyu tenderloin: gosong gosong pahit dan bertekstur liat keras di salamander heater. Ref: #968.,OVERCOOKED,2026-09-30T11:08:57.912644
WASTE_SURPLUS_0062,sup buntut kuah rempah 15 porsi berlebih pada display cold storage utama karena proyeksi tamu meleset. Segera laporkan ke chef on duty untuk tindakan preventif sesuai SOP.,SURPLUS,2026-09-30T11:08:57.916718
WASTE_CONTAMINATED_0178,Temuan shift pagi: BAHAYA FOOD SAFETY: daging steak sirloin terpapar tetesan darah mentah dari rak atas saat prep mise en place siang. Segera laporkan ke chef on duty untuk tindakan preventif sesuai SOP.,CONTAMINATED,2026-09-30T11:08:57.908580
WASTE_EXPIRED_0388,Insiden dapur: Ditemukan mayonnaise dressing yang telah kedaluwarsa 4 hari yang lalu sesuai label kemasan. Ditemukan oleh staff shift malam saat inspeksi rutin.,EXPIRED,2026-09-30T11:08:57.907582
WASTE_EXPIRED_0232,Catatan QC: Ditemukan mayonnaise dressing yang telah kadaluwarsa per tanggal kemarin dan harus segera diretur. Ref: #431.,EXPIRED,2026-09-30T11:08:57.906583
WASTE_OVERCOOKED_0366,Insiden dapur: Kondisi masakan roti baguette di rak pantry kering bagian luar gosong terbakar pahit walau dalam masih mentah. Segera laporkan ke chef on duty untuk tindakan preventif sesuai SOP.,OVERCOOKED,2026-09-30T11:08:57.913648
WASTE_SURPLUS_0103,Catatan QC: kroisan butter almond sisa prasmanan buffet dinner hotel malam hari yang tidak terkonsumsi di rak pantry kering. Catatan: perlu cross-check barcode supplier.,SURPLUS,2026-09-30T11:08:57.916718
WASTE_PREP_WASTE_0398,"Laporan waste: Sisa penyiangan kulit wortel, biji paprika, dan ujung timun pada persiapan shift pagi di fish butchery station. Segera laporkan ke chef on duty untuk tindakan preventif sesuai SOP.",PREP_WASTE,2026-09-30T11:08:57.915646
WASTE_CONTAMINATED_0249,Temuan shift pagi: daging steak sirloin terkontaminasi pecahan kaca dari gelas pecah di line prep di cold storage utama. Ref: #982.,CONTAMINATED,2026-09-30T11:08:57.909580
WASTE_EXPIRED_0125,Laporan waste: kroisan butter almond stempel expired date terlampaui dan tidak boleh disajikan. Bobot perkiraan: 5 kg.,EXPIRED,2026-09-30T11:08:57.905516
WASTE_SPOILED_0051,Log limbah: daging steak sirloin tekstur lembek basah dan berbau apek busuk di chiller holding pass.,SPOILED,2026-09-30T11:08:57.901519
WASTE_EXPIRED_0404,Laporan waste: susu UHT full cream pada rak cold storage utama sudah melewati masa simpan maksimum gudang penyimpanan. Bobot perkiraan: 12 kg.,EXPIRED,2026-09-30T11:08:57.907582
WASTE_PREP_WASTE_0183,Log limbah: remah potongan kulit puff pastry dan tepi adonan roti ditimbang sebagai yield loss di pastry bakery corner. Ref: #190.,PREP_WASTE,2026-09-30T11:08:57.914644
WASTE_PREP_WASTE_0024,Insiden dapur: Sisa organik cangkang telur ayam dan sisa kulit bawang bombay dari proses mise en place beef stew tenderloin. Segera laporkan ke chef on duty untuk tindakan preventif sesuai SOP.,PREP_WASTE,2026-09-30T11:08:57.913648
WASTE_EXPIRED_0384,Temuan audit: puding coklat fla sudah lewat batas best before sejak minggu kemarin. Segera laporkan ke chef on duty untuk tindakan preventif sesuai SOP.,EXPIRED,2026-09-30T11:08:57.907582
WASTE_CONTAMINATED_0216,Reject segera ikan kakap merah akibat kontak dengan helaian rambut staff dan keringat saat proses plating. Catatan: perlu cross-check barcode supplier.,CONTAMINATED,2026-09-30T11:08:57.908580
WASTE_CONTAMINATED_0267,Log limbah: udang windu kupas jatuh langsung ke rak pantry kering dan terkena helaian rambut staff dan keringat saat proses plating. Segera laporkan ke chef on duty untuk tindakan preventif sesuai SOP.,CONTAMINATED,2026-09-30T11:08:57.909580
WASTE_PREP_WASTE_0107,"Temuan shift pagi: Sisa penyiangan kulit wortel, biji paprika, dan ujung timun pada persiapan shift pagi di sauce preparation area. Ditemukan oleh staff shift malam saat inspeksi rutin.",PREP_WASTE,2026-09-30T11:08:57.914644
WASTE_CONTAMINATED_0072,BAHAYA FOOD SAFETY: daun selada iceberg terpapar pecahan kaca dari gelas pecah di line prep saat batch cooking prasmanan. Bobot perkiraan: 11 kg.,CONTAMINATED,2026-09-30T11:08:57.908580
WASTE_SPOILED_0400,brokoli segar ditemukan keluar lendir lengket serta berbau busuk menyengat pada saat pengecekan chiller 1. Ditemukan oleh staff shift siang saat inspeksi rutin.,SPOILED,2026-09-30T11:08:57.904516
WASTE_SPOILED_0020,Catatan QC: Stok cumi-cumi segar berbau tidak sedap dan tekstur lembek basah dan berbau apek busuk di walk-in freezer. Bobot perkiraan: 5 kg.,SPOILED,2026-09-30T11:08:57.901519
WASTE_EXPIRED_0235,Catatan QC: Ditemukan saus tiram botol besar yang telah kadaluwarsa per tanggal kemarin dan harus segera diretur. Ref: #489.,EXPIRED,2026-09-30T11:08:57.906583
WASTE_SPOILED_0036,"Temuan audit: Kondisi daging giling sapi di rak pantry kering sudah mengalami pembusukan parah dan berbau anyir tengik, harus diafkir. Ref: #344.",SPOILED,2026-09-30T11:08:57.901519
WASTE_SURPLUS_0305,Insiden dapur: Sisa porsi sajian nasi goreng spesial seafood dari layanan breakfast buffet penutupan pagi masih layak namun tidak terjual.,SURPLUS,2026-09-30T11:08:57.917719
WASTE_EXPIRED_0075,Log limbah: sponge cake vanila pada rak lantai kitchen line sudah telah melewati tanggal expiry date 2 hari lalu.,EXPIRED,2026-09-30T11:08:57.904516
WASTE_CONTAMINATED_0021,Insiden dapur: Reject segera daging giling sapi akibat kontak dengan helaian rambut staff dan keringat saat proses plating. Catatan: perlu cross-check barcode supplier.,CONTAMINATED,2026-09-30T11:08:57.907582
WASTE_PREP_WASTE_0042,"Temuan audit: Sisa organik tulang, insang, dan kepala ikan kakap segar dari proses mise en place signature fish and chips. Ref: #245.",PREP_WASTE,2026-09-30T11:08:57.913648
WASTE_PREP_WASTE_0091,"kulit wortel, biji paprika, dan ujung timun ditimbang sebagai yield loss di sauce preparation area. Ref: #266.",PREP_WASTE,2026-09-30T11:08:57.914644
WASTE_EXPIRED_0088,Temuan shift pagi: Tanggal kedaluwarsa sponge cake vanila di display showcase pastry melewati masa simpan maksimum gudang penyimpanan.,EXPIRED,2026-09-30T11:08:57.904516
WASTE_OVERCOOKED_0356,Temuan audit: Reject pesanan saus bechamel keju: bagian luar gosong terbakar pahit walau dalam masih mentah di deck oven baking.,OVERCOOKED,2026-09-30T11:08:57.912644
WASTE_SURPLUS_0390,Insiden dapur: nasi goreng spesial seafood sisa event gala dinner VIP ballroom yang tidak terkonsumsi di display showcase pastry. Ditemukan oleh staff shift pagi saat inspeksi rutin.,SURPLUS,2026-09-30T11:08:57.918718
WASTE_SPOILED_0246,"Kondisi kol kubis manis di rak pantry kering sudah berwarna kehitaman dan lembek hancur, harus diafkir. Ref: #385.",SPOILED,2026-09-30T11:08:57.903518
WASTE_EXPIRED_0335,Temuan audit: Tanggal kedaluwarsa mayonnaise dressing di chiller 1 kedaluwarsa 4 hari yang lalu sesuai label kemasan.,EXPIRED,2026-09-30T11:08:57.907582
WASTE_OVERCOOKED_0060,Reject pesanan roti baguette: hangus berkerak hitam dan berbau sangit pekat di salamander heater.,OVERCOOKED,2026-09-30T11:08:57.911644
WASTE_SPOILED_0155,Temuan shift pagi: Stok daging giling sapi berbau tidak sedap dan tekstur lembek basah dan berbau apek busuk di lantai kitchen line. Catatan: perlu cross-check barcode supplier.,SPOILED,2026-09-30T11:08:57.902520
WASTE_OVERCOOKED_0337,saus bechamel keju gosong hangus karena api terlalu besar saat plating order express. Ref: #751.,OVERCOOKED,2026-09-30T11:08:57.912644
WASTE_EXPIRED_0176,Temuan audit: saus tiram botol besar pada rak meja butchery station sudah melewati masa simpan maksimum gudang penyimpanan. Ditemukan oleh staff shift pagi saat inspeksi rutin.,EXPIRED,2026-09-30T11:08:57.905516
WASTE_SURPLUS_0340,Temuan audit: Overproduction pasta spaghetti bolognese berlebih setelah paket promo makan siang meeting korporat. Segera laporkan ke chef on duty untuk tindakan preventif sesuai SOP.,SURPLUS,2026-09-30T11:08:57.918718
WASTE_CONTAMINATED_0447,BAHAYA FOOD SAFETY: fillet dada ayam terpapar helaian rambut staff dan keringat saat proses plating saat penggorengan kapasitas besar. Catatan: perlu cross-check barcode supplier.,CONTAMINATED,2026-09-30T11:08:57.910644
WASTE_EXPIRED_0120,Temuan audit: Tanggal kedaluwarsa puding coklat fla di rak pantry kering sudah lewat batas best before sejak minggu kemarin. Bobot perkiraan: 9 kg.,EXPIRED,2026-09-30T11:08:57.905516
WASTE_OVERCOOKED_0409,Reject pesanan steak wagyu tenderloin: terlalu kering mengeras layaknya arang dan tidak layak jual di deep fryer commercial. Ref: #490.,OVERCOOKED,2026-09-30T11:08:57.913648
WASTE_PREP_WASTE_0017,"Temuan shift pagi: Sisa organik kulit wortel, biji paprika, dan ujung timun dari proses mise en place salad bar buffet.",PREP_WASTE,2026-09-30T11:08:57.913648
WASTE_PREP_WASTE_0266,"Log limbah: Limbah potongan tulang, insang, dan kepala ikan kakap segar terkumpul di area pastry bakery corner. Ditemukan oleh staff shift pagi saat inspeksi rutin.",PREP_WASTE,2026-09-30T11:08:57.915646
WASTE_SPOILED_0128,brokoli segar tekstur lembek basah dan berbau apek busuk di display showcase pastry. Catatan: perlu cross-check barcode supplier.,SPOILED,2026-09-30T11:08:57.902520
WASTE_SURPLUS_0430,Temuan audit: Sisa porsi sajian puding coklat fla dari layanan breakfast buffet penutupan pagi masih layak namun tidak terjual. Ref: #866.,SURPLUS,2026-09-30T11:08:57.918718
WASTE_PREP_WASTE_0207,"Log limbah: Limbah potongan tulang, insang, dan kepala ikan kakap segar terkumpul di area sauce preparation area. Catatan: perlu cross-check barcode supplier.",PREP_WASTE,2026-09-30T11:08:57.914644
WASTE_CONTAMINATED_0081,Ditemukan udang windu kupas yang terkena cemaran pecahan kaca dari gelas pecah di line prep di meja butchery station.,CONTAMINATED,2026-09-30T11:08:57.908580
WASTE_SURPLUS_0427,Insiden dapur: sup buntut kuah rempah 15 porsi sisa layanan breakfast buffet penutupan pagi yang tidak terkonsumsi di rak pantry kering. Segera laporkan ke chef on duty untuk tindakan preventif sesuai SOP.,SURPLUS,2026-09-30T11:08:57.918718
WASTE_SPOILED_0191,jamur kancing ditemukan keluar lendir lengket serta berbau busuk menyengat pada saat pengecekan lantai kitchen line.,SPOILED,2026-09-30T11:08:57.902520
WASTE_CONTAMINATED_0240,BAHAYA FOOD SAFETY: fillet dada ayam terpapar serangga lalat serta kotoran hama di area kerja saat penggorengan kapasitas besar.,CONTAMINATED,2026-09-30T11:08:57.909580
WASTE_CONTAMINATED_0093,daging giling sapi terkontaminasi pecahan kaca dari gelas pecah di line prep di chiller 1.,CONTAMINATED,2026-09-30T11:08:57.908580
WASTE_EXPIRED_0250,Temuan audit: Reject saus bechamel keju: telah melewati tanggal expiry date 2 hari lalu saat audit inventory. Ditemukan oleh staff shift malam saat inspeksi rutin.,EXPIRED,2026-09-30T11:08:57.906583
WASTE_EXPIRED_0157,Temuan audit: Reject mayonnaise dressing: stempel expired date terlampaui dan tidak boleh disajikan saat audit inventory. Segera laporkan ke chef on duty untuk tindakan preventif sesuai SOP.,EXPIRED,2026-09-30T11:08:57.905516
WASTE_SPOILED_0181,Catatan QC: jamur kancing ditemukan keluar lendir lengket serta berbau busuk menyengat pada saat pengecekan cold storage utama.,SPOILED,2026-09-30T11:08:57.902520
WASTE_SPOILED_0302,Laporan waste: ikan kakap merah berwarna kehitaman dan lembek hancur di display showcase pastry. Ref: #677.,SPOILED,2026-09-30T11:08:57.903518
WASTE_SURPLUS_0254,Laporan waste: Sisa porsi sajian kroisan butter almond dari paket promo makan siang meeting korporat masih layak namun tidak terjual.,SURPLUS,2026-09-30T11:08:57.917719
WASTE_CONTAMINATED_0161,Ditemukan potongan daging wagyu MB7 yang terkena cemaran debu kotor akibat pembersihan blower ventilasi di walk-in freezer. Ref: #980.,CONTAMINATED,2026-09-30T11:08:57.908580
WASTE_SURPLUS_0297,Catatan QC: Stok matang nasi goreng spesial seafood sisa operasional prasmanan buffet dinner hotel malam hari di display showcase pastry. Ditemukan oleh staff shift pagi saat inspeksi rutin.,SURPLUS,2026-09-30T11:08:57.917719
WASTE_SURPLUS_0341,Log limbah: kroisan butter almond sisa layanan breakfast buffet penutupan pagi yang tidak terkonsumsi di chiller 1. Segera laporkan ke chef on duty untuk tindakan preventif sesuai SOP.,SURPLUS,2026-09-30T11:08:57.918718
WASTE_CONTAMINATED_0170,Log limbah: wortel impor jatuh langsung ke meja butchery station dan terkena tetesan darah mentah dari rak atas.,CONTAMINATED,2026-09-30T11:08:57.908580
WASTE_PREP_WASTE_0406,Insiden dapur: cangkang telur ayam dan sisa kulit bawang bombay hasil proses persiapan di meat prep station. Bobot perkiraan: 14 kg.,PREP_WASTE,2026-09-30T11:08:57.915646
WASTE_CONTAMINATED_0344,paha ayam marinasi jatuh langsung ke rak pantry kering dan terkena pecahan kaca dari gelas pecah di line prep.,CONTAMINATED,2026-09-30T11:08:57.909580
WASTE_SPOILED_0017,Laporan waste: Reject udang windu kupas: keluar lendir lengket serta berbau busuk menyengat. Ditemukan oleh staff shift pagi saat inspeksi rutin.,SPOILED,2026-09-30T11:08:57.901519
WASTE_SURPLUS_0433,Insiden dapur: Sisa porsi sajian puding coklat fla dari event gala dinner VIP ballroom masih layak namun tidak terjual.,SURPLUS,2026-09-30T11:08:57.918718
WASTE_EXPIRED_0097,Log limbah: Reject saus tiram botol besar: kedaluwarsa 4 hari yang lalu sesuai label kemasan saat audit inventory.,EXPIRED,2026-09-30T11:08:57.904516
WASTE_EXPIRED_0209,Temuan audit: Ditemukan roti brioche burger yang telah telah melewati tanggal expiry date 2 hari lalu. Catatan: perlu cross-check barcode supplier.,EXPIRED,2026-09-30T11:08:57.906583
WASTE_SURPLUS_0187,Insiden dapur: kroisan butter almond sisa prasmanan buffet dinner hotel malam hari yang tidak terkonsumsi di lantai kitchen line. Segera laporkan ke chef on duty untuk tindakan preventif sesuai SOP.,SURPLUS,2026-09-30T11:08:57.917719
WASTE_SURPLUS_0217,Temuan audit: Stok matang nasi goreng spesial seafood sisa operasional prasmanan buffet dinner hotel malam hari di lantai kitchen line. Bobot perkiraan: 1 kg.,SURPLUS,2026-09-30T11:08:57.917719
WASTE_OVERCOOKED_0155,Catatan QC: Kondisi masakan sponge cake vanila di meja butchery station hangus berkerak hitam dan berbau sangit pekat. Ref: #774.,OVERCOOKED,2026-09-30T11:08:57.911644
WASTE_CONTAMINATED_0060,Insiden dapur: daun selada iceberg terkontaminasi tetesan darah mentah dari rak atas di chiller holding pass.,CONTAMINATED,2026-09-30T11:08:57.907582
WASTE_SURPLUS_0082,Laporan waste: kroisan butter almond sisa paket promo makan siang meeting korporat yang tidak terkonsumsi di lantai kitchen line. Bobot perkiraan: 1 kg.,SURPLUS,2026-09-30T11:08:57.916718
WASTE_EXPIRED_0348,minyak wijen premium pada rak rak pantry kering sudah sudah lewat batas best before sejak minggu kemarin. Catatan: perlu cross-check barcode supplier.,EXPIRED,2026-09-30T11:08:57.907582
WASTE_SPOILED_0226,Log limbah: Reject potongan daging wagyu MB7: tampak bercak kapang kehijauan dan berair. Ref: #174.,SPOILED,2026-09-30T11:08:57.903518
WASTE_PREP_WASTE_0275,"Temuan audit: tulang, insang, dan kepala ikan kakap segar ditimbang sebagai yield loss di hot kitchen production pass. Ref: #832.",PREP_WASTE,2026-09-30T11:08:57.915646
WASTE_OVERCOOKED_0450,Insiden dapur: saus bechamel keju gosong hangus karena api terlalu besar saat batch cooking prasmanan. Ref: #720.,OVERCOOKED,2026-09-30T11:08:57.913648
WASTE_SURPLUS_0418,Laporan waste: pasta spaghetti bolognese sisa event gala dinner VIP ballroom yang tidak terkonsumsi di walk-in freezer. Ditemukan oleh staff shift siang saat inspeksi rutin.,SURPLUS,2026-09-30T11:08:57.918718
WASTE_SURPLUS_0028,Catatan QC: Sisa porsi sajian kroisan butter almond dari event gala dinner VIP ballroom masih layak namun tidak terjual. Ref: #904.,SURPLUS,2026-09-30T11:08:57.916718
WASTE_PREP_WASTE_0286,"Laporan waste: Sisa organik tulang, insang, dan kepala ikan kakap segar dari proses mise en place signature fish and chips. Catatan: perlu cross-check barcode supplier.",PREP_WASTE,2026-09-30T11:08:57.915646
WASTE_OVERCOOKED_0344,Temuan shift pagi: saus bechamel keju gosong hangus karena api terlalu besar saat penggorengan kapasitas besar. Bobot perkiraan: 7 kg.,OVERCOOKED,2026-09-30T11:08:57.912644
WASTE_CONTAMINATED_0146,Reject segera daun selada iceberg akibat kontak dengan tetesan darah mentah dari rak atas. Ditemukan oleh staff shift siang saat inspeksi rutin.,CONTAMINATED,2026-09-30T11:08:57.908580
WASTE_EXPIRED_0020,Log limbah: Reject keju mozarella impor: kedaluwarsa 4 hari yang lalu sesuai label kemasan saat audit inventory. Ref: #601.,EXPIRED,2026-09-30T11:08:57.904516
WASTE_CONTAMINATED_0055,Ditemukan fillet dada ayam yang terkena cemaran tetesan darah mentah dari rak atas di cold storage utama.,CONTAMINATED,2026-09-30T11:08:57.907582
WASTE_SURPLUS_0429,Temuan audit: Stok matang sup buntut kuah rempah 15 porsi sisa operasional layanan breakfast buffet penutupan pagi di display showcase pastry. Ref: #545.,SURPLUS,2026-09-30T11:08:57.918718
WASTE_EXPIRED_0190,Insiden dapur: sponge cake vanila pada rak rak pantry kering sudah melewati masa simpan maksimum gudang penyimpanan.,EXPIRED,2026-09-30T11:08:57.906583
WASTE_SURPLUS_0257,Stok matang sponge cake vanila sisa operasional prasmanan buffet dinner hotel malam hari di chiller holding pass. Ditemukan oleh staff shift pagi saat inspeksi rutin.,SURPLUS,2026-09-30T11:08:57.917719
WASTE_CONTAMINATED_0319,Temuan audit: Ditemukan daging giling sapi yang terkena cemaran tetesan darah mentah dari rak atas di cold storage utama. Bobot perkiraan: 2 kg.,CONTAMINATED,2026-09-30T11:08:57.909580
WASTE_CONTAMINATED_0259,Temuan audit: potongan daging wagyu MB7 terkontaminasi helaian rambut staff dan keringat saat proses plating di cold storage utama. Segera laporkan ke chef on duty untuk tindakan preventif sesuai SOP.,CONTAMINATED,2026-09-30T11:08:57.909580
WASTE_OVERCOOKED_0066,Reject pesanan fillet ayam krispi: menghitam pekat karena terlambat diangkat dari fryer di deck oven baking. Bobot perkiraan: 2 kg.,OVERCOOKED,2026-09-30T11:08:57.911644
WASTE_SURPLUS_0196,sponge cake vanila sisa layanan breakfast buffet penutupan pagi yang tidak terkonsumsi di chiller holding pass. Catatan: perlu cross-check barcode supplier.,SURPLUS,2026-09-30T11:08:57.917719
WASTE_OVERCOOKED_0178,Temuan audit: Reject pesanan fillet ayam krispi: hangus berkerak hitam dan berbau sangit pekat di charcoal grill station.,OVERCOOKED,2026-09-30T11:08:57.911644
WASTE_SURPLUS_0381,Temuan audit: Stok matang nasi liwet komplet sisa operasional event gala dinner VIP ballroom di meja butchery station. Bobot perkiraan: 1 kg.,SURPLUS,2026-09-30T11:08:57.918718
WASTE_CONTAMINATED_0401,Log limbah: Reject segera tomat merah akibat kontak dengan pecahan kaca dari gelas pecah di line prep.,CONTAMINATED,2026-09-30T11:08:57.910644
WASTE_SURPLUS_0334,Catatan QC: Stok matang puding coklat fla sisa operasional event gala dinner VIP ballroom di cold storage utama. Bobot perkiraan: 9 kg.,SURPLUS,2026-09-30T11:08:57.918718
WASTE_OVERCOOKED_0254,Reject pesanan sponge cake vanila: hangus berkerak hitam dan berbau sangit pekat di panci stock pot kaldu. Bobot perkiraan: 11 kg.,OVERCOOKED,2026-09-30T11:08:57.912644
WASTE_SPOILED_0161,Insiden dapur: potongan daging wagyu MB7 tekstur lembek basah dan berbau apek busuk di lantai kitchen line. Bobot perkiraan: 11 kg.,SPOILED,2026-09-30T11:08:57.902520
WASTE_OVERCOOKED_0355,Laporan waste: Reject pesanan roti baguette: bagian luar gosong terbakar pahit walau dalam masih mentah di wajan wok burner. Bobot perkiraan: 1 kg.,OVERCOOKED,2026-09-30T11:08:57.912644
WASTE_CONTAMINATED_0057,Temuan audit: fillet dada ayam terkontaminasi pecahan kaca dari gelas pecah di line prep di chiller holding pass. Ref: #469.,CONTAMINATED,2026-09-30T11:08:57.907582
WASTE_SURPLUS_0376,Temuan shift pagi: nasi goreng spesial seafood sisa prasmanan buffet dinner hotel malam hari yang tidak terkonsumsi di walk-in freezer. Segera laporkan ke chef on duty untuk tindakan preventif sesuai SOP.,SURPLUS,2026-09-30T11:08:57.918718
WASTE_EXPIRED_0428,Log limbah: Reject minyak wijen premium: stempel expired date terlampaui dan tidak boleh disajikan saat audit inventory. Ref: #980.,EXPIRED,2026-09-30T11:08:57.907582
WASTE_PREP_WASTE_0120,"Log limbah: Limbah potongan kulit kentang, bonggol brokoli, dan tangkai daun bawang terkumpul di area vegetable cold pantry. Ref: #621.",PREP_WASTE,2026-09-30T11:08:57.914644
WASTE_PREP_WASTE_0085,"Insiden dapur: Sisa penyiangan tulang, insang, dan kepala ikan kakap segar pada persiapan shift pagi di fish butchery station. Catatan: perlu cross-check barcode supplier.",PREP_WASTE,2026-09-30T11:08:57.914644
WASTE_PREP_WASTE_0401,"Laporan waste: Sisa organik tulang, insang, dan kepala ikan kakap segar dari proses mise en place signature fish and chips.",PREP_WASTE,2026-09-30T11:08:57.915646
WASTE_SPOILED_0099,Laporan waste: Reject cumi-cumi segar: tekstur lembek basah dan berbau apek busuk. Catatan: perlu cross-check barcode supplier.,SPOILED,2026-09-30T11:08:57.901519
WASTE_SURPLUS_0303,Temuan shift pagi: Overproduction pasta spaghetti bolognese berlebih setelah event gala dinner VIP ballroom.,SURPLUS,2026-09-30T11:08:57.917719
WASTE_SPOILED_0254,Catatan QC: wortel impor mengalami pembusukan parah dan berbau anyir tengik di lantai kitchen line. Segera laporkan ke chef on duty untuk tindakan preventif sesuai SOP.,SPOILED,2026-09-30T11:08:57.903518
WASTE_SPOILED_0104,Log limbah: Reject jamur kancing: mengalami pembusukan parah dan berbau anyir tengik. Ditemukan oleh staff shift siang saat inspeksi rutin.,SPOILED,2026-09-30T11:08:57.902520
WASTE_OVERCOOKED_0096,saus bechamel keju gosong hangus karena api terlalu besar saat plating order express.,OVERCOOKED,2026-09-30T11:08:57.911644
WASTE_OVERCOOKED_0094,Log limbah: Reject pesanan fillet ayam krispi: terlalu kering mengeras layaknya arang dan tidak layak jual di wajan wok burner.,OVERCOOKED,2026-09-30T11:08:57.911644
WASTE_OVERCOOKED_0299,sponge cake vanila terlalu lama di panci stock pot kaldu sehingga terlalu kering mengeras layaknya arang dan tidak layak jual. Segera laporkan ke chef on duty untuk tindakan preventif sesuai SOP.,OVERCOOKED,2026-09-30T11:08:57.912644
WASTE_EXPIRED_0137,Insiden dapur: Reject mayonnaise dressing: kadaluwarsa per tanggal kemarin dan harus segera diretur saat audit inventory. Ditemukan oleh staff shift siang saat inspeksi rutin.,EXPIRED,2026-09-30T11:08:57.905516
WASTE_EXPIRED_0178,Reject kroisan butter almond: stempel expired date terlampaui dan tidak boleh disajikan saat audit inventory.,EXPIRED,2026-09-30T11:08:57.905516
WASTE_OVERCOOKED_0347,steak wagyu tenderloin gagal saji karena suhu deck oven baking berlebih dan hangus berkerak hitam dan berbau sangit pekat.,OVERCOOKED,2026-09-30T11:08:57.912644
WASTE_PREP_WASTE_0302,"Sisa penyiangan lemak berlebih, urat keras, dan sisa butchery daging sapi pada persiapan shift pagi di pastry bakery corner.",PREP_WASTE,2026-09-30T11:08:57.915646
WASTE_PREP_WASTE_0400,"Temuan shift pagi: lemak berlebih, urat keras, dan sisa butchery daging sapi hasil proses persiapan di pastry bakery corner. Catatan: perlu cross-check barcode supplier.",PREP_WASTE,2026-09-30T11:08:57.915646
WASTE_SPOILED_0404,wortel impor ditemukan terlihat jamur putih dan berbau asam pada saat pengecekan chiller holding pass. Ditemukan oleh staff shift siang saat inspeksi rutin.,SPOILED,2026-09-30T11:08:57.904516
WASTE_CONTAMINATED_0255,Temuan shift pagi: BAHAYA FOOD SAFETY: potongan daging wagyu MB7 terpapar pecahan kaca dari gelas pecah di line prep saat plating order express. Segera laporkan ke chef on duty untuk tindakan preventif sesuai SOP.,CONTAMINATED,2026-09-30T11:08:57.909580
WASTE_SURPLUS_0006,Log limbah: sup buntut kuah rempah 15 porsi sisa event gala dinner VIP ballroom yang tidak terkonsumsi di rak pantry kering. Bobot perkiraan: 9 kg.,SURPLUS,2026-09-30T11:08:57.916718
WASTE_OVERCOOKED_0333,Temuan shift pagi: steak wagyu tenderloin terlalu lama di deep fryer commercial sehingga hangus berkerak hitam dan berbau sangit pekat. Ditemukan oleh staff shift pagi saat inspeksi rutin.,OVERCOOKED,2026-09-30T11:08:57.912644
WASTE_PREP_WASTE_0257,"Temuan shift pagi: Sisa penyiangan kulit kentang, bonggol brokoli, dan tangkai daun bawang pada persiapan shift pagi di vegetable cold pantry.",PREP_WASTE,2026-09-30T11:08:57.915646
WASTE_SURPLUS_0316,Temuan audit: nasi goreng spesial seafood berlebih pada display display showcase pastry karena proyeksi tamu meleset. Ref: #578.,SURPLUS,2026-09-30T11:08:57.917719
WASTE_EXPIRED_0003,Log limbah: Ditemukan saus tiram botol besar yang telah kadaluwarsa per tanggal kemarin dan harus segera diretur.,EXPIRED,2026-09-30T11:08:57.904516
WASTE_SURPLUS_0052,pasta spaghetti bolognese sisa prasmanan buffet dinner hotel malam hari yang tidak terkonsumsi di chiller 1. Catatan: perlu cross-check barcode supplier.,SURPLUS,2026-09-30T11:08:57.916718
WASTE_CONTAMINATED_0428,Laporan waste: Ditemukan daun selada iceberg yang terkena cemaran pecahan kaca dari gelas pecah di line prep di chiller holding pass. Bobot perkiraan: 7 kg.,CONTAMINATED,2026-09-30T11:08:57.910644
WASTE_PREP_WASTE_0250,"Temuan audit: Sisa penyiangan lemak berlebih, urat keras, dan sisa butchery daging sapi pada persiapan shift pagi di meat prep station.",PREP_WASTE,2026-09-30T11:08:57.915646
WASTE_EXPIRED_0431,Catatan QC: Tanggal kedaluwarsa saus tomat kemasan pouch di display showcase pastry melewati masa simpan maksimum gudang penyimpanan.,EXPIRED,2026-09-30T11:08:57.907582
WASTE_SURPLUS_0378,puding coklat fla berlebih pada display chiller 1 karena proyeksi tamu meleset. Ref: #925.,SURPLUS,2026-09-30T11:08:57.918718
WASTE_EXPIRED_0174,Temuan shift pagi: mayonnaise dressing pada rak chiller holding pass sudah melewati masa simpan maksimum gudang penyimpanan. Ditemukan oleh staff shift malam saat inspeksi rutin.,EXPIRED,2026-09-30T11:08:57.905516
WASTE_SURPLUS_0144,Laporan waste: Sisa porsi sajian pasta spaghetti bolognese dari event gala dinner VIP ballroom masih layak namun tidak terjual.,SURPLUS,2026-09-30T11:08:57.916718
WASTE_SURPLUS_0251,Laporan waste: Stok matang nasi goreng spesial seafood sisa operasional paket promo makan siang meeting korporat di cold storage utama. Catatan: perlu cross-check barcode supplier.,SURPLUS,2026-09-30T11:08:57.917719
WASTE_OVERCOOKED_0438,Catatan QC: Kondisi masakan roti baguette di lantai kitchen line bagian luar gosong terbakar pahit walau dalam masih mentah. Ditemukan oleh staff shift pagi saat inspeksi rutin.,OVERCOOKED,2026-09-30T11:08:57.913648
WASTE_SPOILED_0263,Insiden dapur: cumi-cumi segar ditemukan keluar lendir lengket serta berbau busuk menyengat pada saat pengecekan lantai kitchen line. Catatan: perlu cross-check barcode supplier.,SPOILED,2026-09-30T11:08:57.903518
WASTE_OVERCOOKED_0285,Laporan waste: Kondisi masakan fillet ayam krispi di chiller holding pass terlalu kering mengeras layaknya arang dan tidak layak jual.,OVERCOOKED,2026-09-30T11:08:57.912644
WASTE_OVERCOOKED_0089,fillet ayam krispi terlalu lama di deck oven baking sehingga gosong gosong pahit dan bertekstur liat keras. Ref: #700.,OVERCOOKED,2026-09-30T11:08:57.911644
WASTE_PREP_WASTE_0399,"Insiden dapur: kulit wortel, biji paprika, dan ujung timun hasil proses persiapan di pastry bakery corner.",PREP_WASTE,2026-09-30T11:08:57.915646
WASTE_PREP_WASTE_0170,Sisa penyiangan cangkang telur ayam dan sisa kulit bawang bombay pada persiapan shift pagi di hot kitchen production pass. Ref: #657.,PREP_WASTE,2026-09-30T11:08:57.914644
WASTE_PREP_WASTE_0003,"Temuan audit: lemak berlebih, urat keras, dan sisa butchery daging sapi ditimbang sebagai yield loss di hot kitchen production pass. Ditemukan oleh staff shift malam saat inspeksi rutin.",PREP_WASTE,2026-09-30T11:08:57.913648
WASTE_EXPIRED_0191,Insiden dapur: Reject saus tomat kemasan pouch: kadaluwarsa per tanggal kemarin dan harus segera diretur saat audit inventory.,EXPIRED,2026-09-30T11:08:57.906583
WASTE_SURPLUS_0136,Temuan shift pagi: nasi liwet komplet berlebih pada display rak pantry kering karena proyeksi tamu meleset. Ref: #808.,SURPLUS,2026-09-30T11:08:57.916718
WASTE_SURPLUS_0306,Catatan QC: Stok matang nasi goreng spesial seafood sisa operasional prasmanan buffet dinner hotel malam hari di rak pantry kering.,SURPLUS,2026-09-30T11:08:57.917719
WASTE_PREP_WASTE_0160,"Catatan QC: kulit wortel, biji paprika, dan ujung timun hasil proses persiapan di hot kitchen production pass. Ref: #794.",PREP_WASTE,2026-09-30T11:08:57.914644
WASTE_EXPIRED_0039,Ditemukan keju mozarella impor yang telah telah melewati tanggal expiry date 2 hari lalu. Segera laporkan ke chef on duty untuk tindakan preventif sesuai SOP.,EXPIRED,2026-09-30T11:08:57.904516
WASTE_PREP_WASTE_0044,Temuan audit: remah potongan kulit puff pastry dan tepi adonan roti hasil proses persiapan di pastry bakery corner. Segera laporkan ke chef on duty untuk tindakan preventif sesuai SOP.,PREP_WASTE,2026-09-30T11:08:57.913648
WASTE_OVERCOOKED_0385,Temuan shift pagi: Kondisi masakan fillet ayam krispi di display showcase pastry hangus berkerak hitam dan berbau sangit pekat. Ref: #472.,OVERCOOKED,2026-09-30T11:08:57.913648
WASTE_SPOILED_0147,daun selada iceberg keluar lendir lengket serta berbau busuk menyengat di meja butchery station. Ref: #182.,SPOILED,2026-09-30T11:08:57.902520
WASTE_OVERCOOKED_0185,Catatan QC: fillet ayam krispi gagal saji karena suhu charcoal grill station berlebih dan hangus berkerak hitam dan berbau sangit pekat. Segera laporkan ke chef on duty untuk tindakan preventif sesuai SOP.,OVERCOOKED,2026-09-30T11:08:57.911644
WASTE_PREP_WASTE_0187,Sisa penyiangan remah potongan kulit puff pastry dan tepi adonan roti pada persiapan shift pagi di hot kitchen production pass.,PREP_WASTE,2026-09-30T11:08:57.914644
WASTE_OVERCOOKED_0020,Log limbah: Reject pesanan roti baguette: gosong gosong pahit dan bertekstur liat keras di deck oven baking. Catatan: perlu cross-check barcode supplier.,OVERCOOKED,2026-09-30T11:08:57.910644
WASTE_SURPLUS_0201,Laporan waste: Overproduction puding coklat fla berlebih setelah layanan breakfast buffet penutupan pagi. Catatan: perlu cross-check barcode supplier.,SURPLUS,2026-09-30T11:08:57.917719
WASTE_SURPLUS_0395,Catatan QC: nasi liwet komplet berlebih pada display lantai kitchen line karena proyeksi tamu meleset. Ditemukan oleh staff shift malam saat inspeksi rutin.,SURPLUS,2026-09-30T11:08:57.918718
WASTE_EXPIRED_0210,puding coklat fla pada rak display showcase pastry sudah kadaluwarsa per tanggal kemarin dan harus segera diretur.,EXPIRED,2026-09-30T11:08:57.906583
WASTE_OVERCOOKED_0445,Kondisi masakan sponge cake vanila di chiller holding pass menghitam pekat karena terlambat diangkat dari fryer. Bobot perkiraan: 2 kg.,OVERCOOKED,2026-09-30T11:08:57.913648
WASTE_SPOILED_0187,Insiden dapur: Reject fillet dada ayam: tekstur lembek basah dan berbau apek busuk. Segera laporkan ke chef on duty untuk tindakan preventif sesuai SOP.,SPOILED,2026-09-30T11:08:57.902520
WASTE_CONTAMINATED_0248,Ditemukan cumi-cumi segar yang terkena cemaran cipratan cairan pembersih kimia sanitasi lantai di cold storage utama. Catatan: perlu cross-check barcode supplier.,CONTAMINATED,2026-09-30T11:08:57.909580
WASTE_EXPIRED_0159,Log limbah: Ditemukan minyak wijen premium yang telah kedaluwarsa 4 hari yang lalu sesuai label kemasan. Catatan: perlu cross-check barcode supplier.,EXPIRED,2026-09-30T11:08:57.905516
WASTE_PREP_WASTE_0392,"Log limbah: kulit kentang, bonggol brokoli, dan tangkai daun bawang ditimbang sebagai yield loss di pastry bakery corner. Catatan: perlu cross-check barcode supplier.",PREP_WASTE,2026-09-30T11:08:57.915646
WASTE_PREP_WASTE_0131,"kulit wortel, biji paprika, dan ujung timun hasil proses persiapan di meat prep station. Bobot perkiraan: 2 kg.",PREP_WASTE,2026-09-30T11:08:57.914644
WASTE_SPOILED_0198,Stok kol kubis manis berbau tidak sedap dan mengalami pembusukan parah dan berbau anyir tengik di lantai kitchen line. Ditemukan oleh staff shift malam saat inspeksi rutin.,SPOILED,2026-09-30T11:08:57.902520
WASTE_SURPLUS_0078,Temuan shift pagi: Overproduction puding coklat fla berlebih setelah layanan breakfast buffet penutupan pagi. Bobot perkiraan: 9 kg.,SURPLUS,2026-09-30T11:08:57.916718
WASTE_SPOILED_0294,Temuan shift pagi: ikan kakap merah tekstur lembek basah dan berbau apek busuk di meja butchery station. Catatan: perlu cross-check barcode supplier.,SPOILED,2026-09-30T11:08:57.903518
WASTE_EXPIRED_0317,Insiden dapur: susu UHT full cream stempel expired date terlampaui dan tidak boleh disajikan. Catatan: perlu cross-check barcode supplier.,EXPIRED,2026-09-30T11:08:57.906583
WASTE_SPOILED_0401,"Temuan audit: Kondisi brokoli segar di meja butchery station sudah mengalami pembusukan parah dan berbau anyir tengik, harus diafkir. Bobot perkiraan: 10 kg.",SPOILED,2026-09-30T11:08:57.904516
WASTE_SPOILED_0123,Catatan QC: paha ayam marinasi ditemukan mengalami pembusukan parah dan berbau anyir tengik pada saat pengecekan walk-in freezer. Segera laporkan ke chef on duty untuk tindakan preventif sesuai SOP.,SPOILED,2026-09-30T11:08:57.902520
WASTE_SPOILED_0203,Temuan audit: tomat merah ditemukan mengalami pembusukan parah dan berbau anyir tengik pada saat pengecekan chiller 1.,SPOILED,2026-09-30T11:08:57.902520
WASTE_EXPIRED_0386,Laporan waste: Reject keju mozarella impor: kadaluwarsa per tanggal kemarin dan harus segera diretur saat audit inventory.,EXPIRED,2026-09-30T11:08:57.907582
WASTE_SURPLUS_0045,Laporan waste: Stok matang pasta spaghetti bolognese sisa operasional prasmanan buffet dinner hotel malam hari di meja butchery station. Ref: #941.,SURPLUS,2026-09-30T11:08:57.916718
WASTE_OVERCOOKED_0090,steak wagyu tenderloin gosong hangus karena api terlalu besar saat batch cooking prasmanan. Catatan: perlu cross-check barcode supplier.,OVERCOOKED,2026-09-30T11:08:57.911644
WASTE_OVERCOOKED_0384,Catatan QC: Kondisi masakan sponge cake vanila di chiller holding pass gosong gosong pahit dan bertekstur liat keras. Bobot perkiraan: 8 kg.,OVERCOOKED,2026-09-30T11:08:57.913648
WASTE_OVERCOOKED_0346,Temuan shift pagi: fillet ayam krispi gagal saji karena suhu wajan wok burner berlebih dan terlalu kering mengeras layaknya arang dan tidak layak jual.,OVERCOOKED,2026-09-30T11:08:57.912644
WASTE_OVERCOOKED_0358,Insiden dapur: roti baguette terlalu lama di deep fryer commercial sehingga terlalu kering mengeras layaknya arang dan tidak layak jual. Catatan: perlu cross-check barcode supplier.,OVERCOOKED,2026-09-30T11:08:57.912644
WASTE_SURPLUS_0374,Overproduction sponge cake vanila berlebih setelah acara resepsi pernikahan gathering siang.,SURPLUS,2026-09-30T11:08:57.918718
WASTE_CONTAMINATED_0254,Temuan shift pagi: Ditemukan daging giling sapi yang terkena cemaran debu kotor akibat pembersihan blower ventilasi di cold storage utama. Ref: #342.,CONTAMINATED,2026-09-30T11:08:57.909580
WASTE_OVERCOOKED_0312,Insiden dapur: fillet ayam krispi terlalu lama di wajan wok burner sehingga hangus berkerak hitam dan berbau sangit pekat. Segera laporkan ke chef on duty untuk tindakan preventif sesuai SOP.,OVERCOOKED,2026-09-30T11:08:57.912644
WASTE_SURPLUS_0183,roti brioche burger sisa acara resepsi pernikahan gathering siang yang tidak terkonsumsi di walk-in freezer. Segera laporkan ke chef on duty untuk tindakan preventif sesuai SOP.,SURPLUS,2026-09-30T11:08:57.917719
WASTE_OVERCOOKED_0410,Temuan shift pagi: steak wagyu tenderloin gosong hangus karena api terlalu besar saat plating order express. Catatan: perlu cross-check barcode supplier.,OVERCOOKED,2026-09-30T11:08:57.913648
WASTE_EXPIRED_0405,Laporan waste: Tanggal kedaluwarsa minyak wijen premium di chiller holding pass telah melewati tanggal expiry date 2 hari lalu.,EXPIRED,2026-09-30T11:08:57.907582
WASTE_OVERCOOKED_0240,Catatan QC: fillet ayam krispi terlalu lama di charcoal grill station sehingga terlalu kering mengeras layaknya arang dan tidak layak jual. Ref: #435.,OVERCOOKED,2026-09-30T11:08:57.912644
WASTE_SURPLUS_0018,nasi liwet komplet berlebih pada display chiller holding pass karena proyeksi tamu meleset. Bobot perkiraan: 10 kg.,SURPLUS,2026-09-30T11:08:57.916718
WASTE_EXPIRED_0192,Catatan QC: saus tiram botol besar telah melewati tanggal expiry date 2 hari lalu.,EXPIRED,2026-09-30T11:08:57.906583
WASTE_SPOILED_0002,Laporan waste: Stok fillet dada ayam berbau tidak sedap dan tekstur lembek basah dan berbau apek busuk di lantai kitchen line. Ref: #130.,SPOILED,2026-09-30T11:08:57.901519
WASTE_PREP_WASTE_0361,"Log limbah: tulang, insang, dan kepala ikan kakap segar ditimbang sebagai yield loss di hot kitchen production pass.",PREP_WASTE,2026-09-30T11:08:57.915646
WASTE_EXPIRED_0249,Insiden dapur: roti brioche burger sudah lewat batas best before sejak minggu kemarin.,EXPIRED,2026-09-30T11:08:57.906583
WASTE_OVERCOOKED_0287,Insiden dapur: Kondisi masakan steak wagyu tenderloin di chiller holding pass bagian luar gosong terbakar pahit walau dalam masih mentah. Ditemukan oleh staff shift pagi saat inspeksi rutin.,OVERCOOKED,2026-09-30T11:08:57.912644
WASTE_CONTAMINATED_0392,Laporan waste: BAHAYA FOOD SAFETY: paha ayam marinasi terpapar serangga lalat serta kotoran hama di area kerja saat batch cooking prasmanan.,CONTAMINATED,2026-09-30T11:08:57.910644
WASTE_SURPLUS_0326,Laporan waste: Sisa porsi sajian roti brioche burger dari prasmanan buffet dinner hotel malam hari masih layak namun tidak terjual. Catatan: perlu cross-check barcode supplier.,SURPLUS,2026-09-30T11:08:57.917719
WASTE_SURPLUS_0240,Temuan shift pagi: Stok matang pasta spaghetti bolognese sisa operasional event gala dinner VIP ballroom di meja butchery station.,SURPLUS,2026-09-30T11:08:57.917719
WASTE_OVERCOOKED_0171,Reject pesanan fillet ayam krispi: bagian luar gosong terbakar pahit walau dalam masih mentah di salamander heater.,OVERCOOKED,2026-09-30T11:08:57.911644
WASTE_PREP_WASTE_0054,Insiden dapur: Sisa penyiangan remah potongan kulit puff pastry dan tepi adonan roti pada persiapan shift pagi di vegetable cold pantry.,PREP_WASTE,2026-09-30T11:08:57.913648
WASTE_CONTAMINATED_0237,Laporan waste: Reject segera brokoli segar akibat kontak dengan serangga lalat serta kotoran hama di area kerja.,CONTAMINATED,2026-09-30T11:08:57.909580
WASTE_SURPLUS_0360,Insiden dapur: Sisa porsi sajian pasta spaghetti bolognese dari acara resepsi pernikahan gathering siang masih layak namun tidak terjual. Bobot perkiraan: 3 kg.,SURPLUS,2026-09-30T11:08:57.918718
WASTE_OVERCOOKED_0282,Catatan QC: steak wagyu tenderloin gosong hangus karena api terlalu besar saat plating order express. Segera laporkan ke chef on duty untuk tindakan preventif sesuai SOP.,OVERCOOKED,2026-09-30T11:08:57.912644
WASTE_PREP_WASTE_0199,"Insiden dapur: Limbah potongan lemak berlebih, urat keras, dan sisa butchery daging sapi terkumpul di area hot kitchen production pass. Bobot perkiraan: 7 kg.",PREP_WASTE,2026-09-30T11:08:57.914644
WASTE_EXPIRED_0214,Ditemukan minyak wijen premium yang telah melewati masa simpan maksimum gudang penyimpanan. Segera laporkan ke chef on duty untuk tindakan preventif sesuai SOP.,EXPIRED,2026-09-30T11:08:57.906583
WASTE_EXPIRED_0234,Laporan waste: puding coklat fla kedaluwarsa 4 hari yang lalu sesuai label kemasan. Bobot perkiraan: 2 kg.,EXPIRED,2026-09-30T11:08:57.906583
WASTE_CONTAMINATED_0358,Log limbah: jamur kancing terkontaminasi tetesan darah mentah dari rak atas di meja butchery station. Bobot perkiraan: 1 kg.,CONTAMINATED,2026-09-30T11:08:57.910644
WASTE_SPOILED_0318,Insiden dapur: kol kubis manis ditemukan tampak bercak kapang kehijauan dan berair pada saat pengecekan display showcase pastry. Segera laporkan ke chef on duty untuk tindakan preventif sesuai SOP.,SPOILED,2026-09-30T11:08:57.903518
WASTE_EXPIRED_0199,Temuan shift pagi: Ditemukan kroisan butter almond yang telah kadaluwarsa per tanggal kemarin dan harus segera diretur. Segera laporkan ke chef on duty untuk tindakan preventif sesuai SOP.,EXPIRED,2026-09-30T11:08:57.906583
WASTE_OVERCOOKED_0085,Insiden dapur: roti baguette terlalu lama di charcoal grill station sehingga gosong gosong pahit dan bertekstur liat keras. Segera laporkan ke chef on duty untuk tindakan preventif sesuai SOP.,OVERCOOKED,2026-09-30T11:08:57.911644
WASTE_OVERCOOKED_0130,Log limbah: sponge cake vanila gagal saji karena suhu salamander heater berlebih dan gosong gosong pahit dan bertekstur liat keras. Segera laporkan ke chef on duty untuk tindakan preventif sesuai SOP.,OVERCOOKED,2026-09-30T11:08:57.911644
WASTE_EXPIRED_0260,Insiden dapur: Reject whipping cream cair: melewati masa simpan maksimum gudang penyimpanan saat audit inventory. Ref: #941.,EXPIRED,2026-09-30T11:08:57.906583
WASTE_CONTAMINATED_0383,Catatan QC: tomat merah terkontaminasi debu kotor akibat pembersihan blower ventilasi di chiller holding pass. Ditemukan oleh staff shift malam saat inspeksi rutin.,CONTAMINATED,2026-09-30T11:08:57.910644
WASTE_OVERCOOKED_0419,Catatan QC: Reject pesanan roti baguette: bagian luar gosong terbakar pahit walau dalam masih mentah di deck oven baking.,OVERCOOKED,2026-09-30T11:08:57.913648
WASTE_CONTAMINATED_0073,Log limbah: Ditemukan ikan salmon fillet yang terkena cemaran serangga lalat serta kotoran hama di area kerja di display showcase pastry. Segera laporkan ke chef on duty untuk tindakan preventif sesuai SOP.,CONTAMINATED,2026-09-30T11:08:57.908580
WASTE_CONTAMINATED_0407,Laporan waste: BAHAYA FOOD SAFETY: potongan daging wagyu MB7 terpapar pecahan kaca dari gelas pecah di line prep saat plating order express. Ref: #716.,CONTAMINATED,2026-09-30T11:08:57.910644
WASTE_OVERCOOKED_0051,Temuan shift pagi: steak wagyu tenderloin terlalu lama di salamander heater sehingga terlalu kering mengeras layaknya arang dan tidak layak jual. Bobot perkiraan: 7 kg.,OVERCOOKED,2026-09-30T11:08:57.910644
WASTE_OVERCOOKED_0059,Laporan waste: fillet ayam krispi terlalu lama di deck oven baking sehingga terlalu kering mengeras layaknya arang dan tidak layak jual. Segera laporkan ke chef on duty untuk tindakan preventif sesuai SOP.,OVERCOOKED,2026-09-30T11:08:57.911644
WASTE_PREP_WASTE_0438,Catatan QC: remah potongan kulit puff pastry dan tepi adonan roti ditimbang sebagai yield loss di hot kitchen production pass. Ditemukan oleh staff shift pagi saat inspeksi rutin.,PREP_WASTE,2026-09-30T11:08:57.916718
WASTE_OVERCOOKED_0147,Temuan audit: saus bechamel keju gagal saji karena suhu deck oven baking berlebih dan hangus berkerak hitam dan berbau sangit pekat. Ref: #891.,OVERCOOKED,2026-09-30T11:08:57.911644
WASTE_PREP_WASTE_0239,Temuan audit: Sisa penyiangan remah potongan kulit puff pastry dan tepi adonan roti pada persiapan shift pagi di hot kitchen production pass. Bobot perkiraan: 11 kg.,PREP_WASTE,2026-09-30T11:08:57.915646
WASTE_OVERCOOKED_0180,Insiden dapur: sponge cake vanila gagal saji karena suhu deck oven baking berlebih dan gosong gosong pahit dan bertekstur liat keras. Ditemukan oleh staff shift pagi saat inspeksi rutin.,OVERCOOKED,2026-09-30T11:08:57.911644
WASTE_OVERCOOKED_0314,Log limbah: fillet ayam krispi gagal saji karena suhu deck oven baking berlebih dan gosong gosong pahit dan bertekstur liat keras.,OVERCOOKED,2026-09-30T11:08:57.912644
WASTE_OVERCOOKED_0005,Catatan QC: sponge cake vanila gagal saji karena suhu panci stock pot kaldu berlebih dan terlalu kering mengeras layaknya arang dan tidak layak jual. Segera laporkan ke chef on duty untuk tindakan preventif sesuai SOP.,OVERCOOKED,2026-09-30T11:08:57.910644
WASTE_SURPLUS_0384,Laporan waste: Stok matang nasi goreng spesial seafood sisa operasional acara resepsi pernikahan gathering siang di walk-in freezer. Ditemukan oleh staff shift siang saat inspeksi rutin.,SURPLUS,2026-09-30T11:08:57.918718
WASTE_SURPLUS_0403,Temuan shift pagi: sponge cake vanila berlebih pada display chiller 1 karena proyeksi tamu meleset. Catatan: perlu cross-check barcode supplier.,SURPLUS,2026-09-30T11:08:57.918718
WASTE_OVERCOOKED_0294,Temuan audit: Reject pesanan sponge cake vanila: bagian luar gosong terbakar pahit walau dalam masih mentah di deep fryer commercial. Bobot perkiraan: 6 kg.,OVERCOOKED,2026-09-30T11:08:57.912644
WASTE_CONTAMINATED_0152,Temuan shift pagi: BAHAYA FOOD SAFETY: brokoli segar terpapar serangga lalat serta kotoran hama di area kerja saat batch cooking prasmanan.,CONTAMINATED,2026-09-30T11:08:57.908580
WASTE_EXPIRED_0346,Log limbah: Reject minyak wijen premium: telah melewati tanggal expiry date 2 hari lalu saat audit inventory.,EXPIRED,2026-09-30T11:08:57.907582
WASTE_OVERCOOKED_0248,Catatan QC: fillet ayam krispi gosong hangus karena api terlalu besar saat batch cooking prasmanan. Bobot perkiraan: 1 kg.,OVERCOOKED,2026-09-30T11:08:57.912644
WASTE_PREP_WASTE_0020,Catatan QC: Sisa penyiangan remah potongan kulit puff pastry dan tepi adonan roti pada persiapan shift pagi di vegetable cold pantry. Ref: #386.,PREP_WASTE,2026-09-30T11:08:57.913648
WASTE_OVERCOOKED_0373,Kondisi masakan saus bechamel keju di meja butchery station bagian luar gosong terbakar pahit walau dalam masih mentah.,OVERCOOKED,2026-09-30T11:08:57.913648
WASTE_CONTAMINATED_0284,Catatan QC: Reject segera tomat merah akibat kontak dengan pecahan kaca dari gelas pecah di line prep. Ref: #911.,CONTAMINATED,2026-09-30T11:08:57.909580
WASTE_CONTAMINATED_0160,Temuan shift pagi: daging steak sirloin jatuh langsung ke rak pantry kering dan terkena helaian rambut staff dan keringat saat proses plating. Segera laporkan ke chef on duty untuk tindakan preventif sesuai SOP.,CONTAMINATED,2026-09-30T11:08:57.908580
WASTE_EXPIRED_0091,Laporan waste: kroisan butter almond pada rak lantai kitchen line sudah melewati masa simpan maksimum gudang penyimpanan. Ref: #614.,EXPIRED,2026-09-30T11:08:57.904516
WASTE_OVERCOOKED_0329,Catatan QC: Kondisi masakan saus bechamel keju di cold storage utama bagian luar gosong terbakar pahit walau dalam masih mentah. Ditemukan oleh staff shift siang saat inspeksi rutin.,OVERCOOKED,2026-09-30T11:08:57.912644
WASTE_SURPLUS_0351,Sisa porsi sajian roti brioche burger dari prasmanan buffet dinner hotel malam hari masih layak namun tidak terjual. Bobot perkiraan: 8 kg.,SURPLUS,2026-09-30T11:08:57.918718
WASTE_SURPLUS_0283,roti brioche burger sisa acara resepsi pernikahan gathering siang yang tidak terkonsumsi di display showcase pastry.,SURPLUS,2026-09-30T11:08:57.917719
WASTE_OVERCOOKED_0408,Temuan shift pagi: Reject pesanan roti baguette: hangus berkerak hitam dan berbau sangit pekat di deep fryer commercial.,OVERCOOKED,2026-09-30T11:08:57.913648
WASTE_PREP_WASTE_0124,"Insiden dapur: Sisa penyiangan lemak berlebih, urat keras, dan sisa butchery daging sapi pada persiapan shift pagi di sauce preparation area. Catatan: perlu cross-check barcode supplier.",PREP_WASTE,2026-09-30T11:08:57.914644
WASTE_SPOILED_0096,Catatan QC: Reject paha ayam marinasi: tampak bercak kapang kehijauan dan berair. Catatan: perlu cross-check barcode supplier.,SPOILED,2026-09-30T11:08:57.901519
WASTE_CONTAMINATED_0121,Log limbah: wortel impor terkontaminasi serangga lalat serta kotoran hama di area kerja di rak pantry kering.,CONTAMINATED,2026-09-30T11:08:57.908580
WASTE_EXPIRED_0114,Insiden dapur: Ditemukan sponge cake vanila yang telah kedaluwarsa 4 hari yang lalu sesuai label kemasan. Bobot perkiraan: 7 kg.,EXPIRED,2026-09-30T11:08:57.905516
WASTE_EXPIRED_0414,minyak wijen premium stempel expired date terlampaui dan tidak boleh disajikan.,EXPIRED,2026-09-30T11:08:57.907582
WASTE_OVERCOOKED_0135,fillet ayam krispi terlalu lama di charcoal grill station sehingga hangus berkerak hitam dan berbau sangit pekat. Catatan: perlu cross-check barcode supplier.,OVERCOOKED,2026-09-30T11:08:57.911644
WASTE_PREP_WASTE_0082,"Temuan shift pagi: kulit kentang, bonggol brokoli, dan tangkai daun bawang hasil proses persiapan di pastry bakery corner. Segera laporkan ke chef on duty untuk tindakan preventif sesuai SOP.",PREP_WASTE,2026-09-30T11:08:57.914644
WASTE_CONTAMINATED_0139,Catatan QC: cumi-cumi segar jatuh langsung ke chiller holding pass dan terkena debu kotor akibat pembersihan blower ventilasi. Ditemukan oleh staff shift malam saat inspeksi rutin.,CONTAMINATED,2026-09-30T11:08:57.908580
WASTE_SPOILED_0207,Insiden dapur: wortel impor mengalami pembusukan parah dan berbau anyir tengik di display showcase pastry. Segera laporkan ke chef on duty untuk tindakan preventif sesuai SOP.,SPOILED,2026-09-30T11:08:57.902520
WASTE_SPOILED_0393,"Temuan shift pagi: Kondisi daun selada iceberg di meja butchery station sudah keluar lendir lengket serta berbau busuk menyengat, harus diafkir.",SPOILED,2026-09-30T11:08:57.904516
WASTE_EXPIRED_0421,Reject whipping cream cair: kedaluwarsa 4 hari yang lalu sesuai label kemasan saat audit inventory. Segera laporkan ke chef on duty untuk tindakan preventif sesuai SOP.,EXPIRED,2026-09-30T11:08:57.907582
WASTE_SPOILED_0398,"Laporan waste: Kondisi wortel impor di chiller 1 sudah terlihat jamur putih dan berbau asam, harus diafkir.",SPOILED,2026-09-30T11:08:57.904516
WASTE_SURPLUS_0345,Temuan shift pagi: sponge cake vanila sisa paket promo makan siang meeting korporat yang tidak terkonsumsi di rak pantry kering.,SURPLUS,2026-09-30T11:08:57.918718
WASTE_CONTAMINATED_0129,Insiden dapur: Reject segera potongan daging wagyu MB7 akibat kontak dengan serangga lalat serta kotoran hama di area kerja. Ref: #406.,CONTAMINATED,2026-09-30T11:08:57.908580
WASTE_OVERCOOKED_0136,Laporan waste: Kondisi masakan steak wagyu tenderloin di chiller 1 terlalu kering mengeras layaknya arang dan tidak layak jual. Ditemukan oleh staff shift malam saat inspeksi rutin.,OVERCOOKED,2026-09-30T11:08:57.911644
WASTE_CONTAMINATED_0061,BAHAYA FOOD SAFETY: cumi-cumi segar terpapar helaian rambut staff dan keringat saat proses plating saat batch cooking prasmanan. Bobot perkiraan: 12 kg.,CONTAMINATED,2026-09-30T11:08:57.907582
WASTE_OVERCOOKED_0221,Temuan audit: Kondisi masakan sponge cake vanila di rak pantry kering terlalu kering mengeras layaknya arang dan tidak layak jual. Ref: #583.,OVERCOOKED,2026-09-30T11:08:57.911644
WASTE_PREP_WASTE_0096,"Log limbah: kulit kentang, bonggol brokoli, dan tangkai daun bawang ditimbang sebagai yield loss di hot kitchen production pass. Ref: #982.",PREP_WASTE,2026-09-30T11:08:57.914644
WASTE_PREP_WASTE_0347,Temuan audit: Limbah potongan remah potongan kulit puff pastry dan tepi adonan roti terkumpul di area fish butchery station. Ditemukan oleh staff shift malam saat inspeksi rutin.,PREP_WASTE,2026-09-30T11:08:57.915646
WASTE_EXPIRED_0355,Temuan shift pagi: Ditemukan minyak wijen premium yang telah stempel expired date terlampaui dan tidak boleh disajikan. Catatan: perlu cross-check barcode supplier.,EXPIRED,2026-09-30T11:08:57.907582
WASTE_OVERCOOKED_0402,Insiden dapur: sponge cake vanila gagal saji karena suhu deck oven baking berlebih dan bagian luar gosong terbakar pahit walau dalam masih mentah. Bobot perkiraan: 13 kg.,OVERCOOKED,2026-09-30T11:08:57.913648
WASTE_SURPLUS_0205,nasi goreng spesial seafood sisa acara resepsi pernikahan gathering siang yang tidak terkonsumsi di cold storage utama.,SURPLUS,2026-09-30T11:08:57.917719
WASTE_EXPIRED_0053,Temuan audit: Ditemukan kroisan butter almond yang telah melewati masa simpan maksimum gudang penyimpanan. Ref: #747.,EXPIRED,2026-09-30T11:08:57.904516
WASTE_EXPIRED_0330,Catatan QC: susu UHT full cream pada rak chiller 1 sudah melewati masa simpan maksimum gudang penyimpanan. Ref: #182.,EXPIRED,2026-09-30T11:08:57.906583
WASTE_PREP_WASTE_0064,"Insiden dapur: kulit kentang, bonggol brokoli, dan tangkai daun bawang ditimbang sebagai yield loss di hot kitchen production pass.",PREP_WASTE,2026-09-30T11:08:57.914644
WASTE_SPOILED_0201,tomat merah ditemukan berwarna kehitaman dan lembek hancur pada saat pengecekan walk-in freezer. Segera laporkan ke chef on duty untuk tindakan preventif sesuai SOP.,SPOILED,2026-09-30T11:08:57.902520
WASTE_PREP_WASTE_0383,Catatan QC: Limbah potongan remah potongan kulit puff pastry dan tepi adonan roti terkumpul di area sauce preparation area.,PREP_WASTE,2026-09-30T11:08:57.915646
WASTE_PREP_WASTE_0289,"kulit kentang, bonggol brokoli, dan tangkai daun bawang ditimbang sebagai yield loss di vegetable cold pantry. Ref: #737.",PREP_WASTE,2026-09-30T11:08:57.915646
WASTE_SURPLUS_0029,Temuan audit: Sisa porsi sajian nasi goreng spesial seafood dari event gala dinner VIP ballroom masih layak namun tidak terjual. Bobot perkiraan: 14 kg.,SURPLUS,2026-09-30T11:08:57.916718
WASTE_OVERCOOKED_0447,Kondisi masakan roti baguette di rak pantry kering bagian luar gosong terbakar pahit walau dalam masih mentah. Catatan: perlu cross-check barcode supplier.,OVERCOOKED,2026-09-30T11:08:57.913648
WASTE_SPOILED_0379,Laporan waste: tomat merah keluar lendir lengket serta berbau busuk menyengat di rak pantry kering.,SPOILED,2026-09-30T11:08:57.903518
WASTE_SURPLUS_0087,Log limbah: sponge cake vanila sisa acara resepsi pernikahan gathering siang yang tidak terkonsumsi di rak pantry kering.,SURPLUS,2026-09-30T11:08:57.916718
WASTE_SPOILED_0419,ikan kakap merah tampak bercak kapang kehijauan dan berair di chiller 1. Ref: #548.,SPOILED,2026-09-30T11:08:57.904516
WASTE_OVERCOOKED_0349,steak wagyu tenderloin gagal saji karena suhu panci stock pot kaldu berlebih dan bagian luar gosong terbakar pahit walau dalam masih mentah. Ditemukan oleh staff shift pagi saat inspeksi rutin.,OVERCOOKED,2026-09-30T11:08:57.912644
WASTE_SPOILED_0392,Catatan QC: daun selada iceberg tekstur lembek basah dan berbau apek busuk di cold storage utama. Segera laporkan ke chef on duty untuk tindakan preventif sesuai SOP.,SPOILED,2026-09-30T11:08:57.904516
WASTE_OVERCOOKED_0173,Laporan waste: steak wagyu tenderloin terlalu lama di wajan wok burner sehingga menghitam pekat karena terlambat diangkat dari fryer. Catatan: perlu cross-check barcode supplier.,OVERCOOKED,2026-09-30T11:08:57.911644
WASTE_CONTAMINATED_0263,Catatan QC: Reject segera daun selada iceberg akibat kontak dengan serangga lalat serta kotoran hama di area kerja.,CONTAMINATED,2026-09-30T11:08:57.909580
WASTE_OVERCOOKED_0146,Catatan QC: Kondisi masakan sponge cake vanila di rak pantry kering terlalu kering mengeras layaknya arang dan tidak layak jual. Catatan: perlu cross-check barcode supplier.,OVERCOOKED,2026-09-30T11:08:57.911644
WASTE_PREP_WASTE_0228,"Temuan audit: Sisa penyiangan kulit wortel, biji paprika, dan ujung timun pada persiapan shift pagi di fish butchery station. Ditemukan oleh staff shift malam saat inspeksi rutin.",PREP_WASTE,2026-09-30T11:08:57.915646
WASTE_CONTAMINATED_0253,Ditemukan ikan kakap merah yang terkena cemaran helaian rambut staff dan keringat saat proses plating di walk-in freezer. Bobot perkiraan: 6 kg.,CONTAMINATED,2026-09-30T11:08:57.909580
WASTE_OVERCOOKED_0018,Laporan waste: Kondisi masakan roti baguette di lantai kitchen line hangus berkerak hitam dan berbau sangit pekat. Catatan: perlu cross-check barcode supplier.,OVERCOOKED,2026-09-30T11:08:57.910644
WASTE_SURPLUS_0319,Log limbah: Sisa porsi sajian kroisan butter almond dari layanan breakfast buffet penutupan pagi masih layak namun tidak terjual.,SURPLUS,2026-09-30T11:08:57.917719
WASTE_SPOILED_0065,"Temuan shift pagi: Kondisi wortel impor di display showcase pastry sudah keluar lendir lengket serta berbau busuk menyengat, harus diafkir. Ref: #427.",SPOILED,2026-09-30T11:08:57.901519
WASTE_PREP_WASTE_0263,Catatan QC: remah potongan kulit puff pastry dan tepi adonan roti hasil proses persiapan di fish butchery station. Ref: #229.,PREP_WASTE,2026-09-30T11:08:57.915646
WASTE_CONTAMINATED_0281,Reject segera fillet dada ayam akibat kontak dengan serangga lalat serta kotoran hama di area kerja.,CONTAMINATED,2026-09-30T11:08:57.909580
WASTE_EXPIRED_0043,saus tomat kemasan pouch pada rak chiller 1 sudah kadaluwarsa per tanggal kemarin dan harus segera diretur. Catatan: perlu cross-check barcode supplier.,EXPIRED,2026-09-30T11:08:57.904516
WASTE_SPOILED_0380,tomat merah tekstur lembek basah dan berbau apek busuk di chiller holding pass.,SPOILED,2026-09-30T11:08:57.903518
WASTE_PREP_WASTE_0436,cangkang telur ayam dan sisa kulit bawang bombay ditimbang sebagai yield loss di fish butchery station. Ditemukan oleh staff shift pagi saat inspeksi rutin.,PREP_WASTE,2026-09-30T11:08:57.916718
WASTE_EXPIRED_0314,Reject saus bechamel keju: melewati masa simpan maksimum gudang penyimpanan saat audit inventory.,EXPIRED,2026-09-30T11:08:57.906583
WASTE_SURPLUS_0015,Catatan QC: Overproduction nasi liwet komplet berlebih setelah acara resepsi pernikahan gathering siang.,SURPLUS,2026-09-30T11:08:57.916718
WASTE_EXPIRED_0342,Temuan audit: Reject saus bechamel keju: stempel expired date terlampaui dan tidak boleh disajikan saat audit inventory. Bobot perkiraan: 12 kg.,EXPIRED,2026-09-30T11:08:57.907582
WASTE_CONTAMINATED_0177,Log limbah: udang windu kupas terkontaminasi serangga lalat serta kotoran hama di area kerja di display showcase pastry.,CONTAMINATED,2026-09-30T11:08:57.908580
WASTE_EXPIRED_0429,Catatan QC: Reject keju mozarella impor: sudah lewat batas best before sejak minggu kemarin saat audit inventory.,EXPIRED,2026-09-30T11:08:57.907582
WASTE_SPOILED_0338,Catatan QC: Stok ikan salmon fillet berbau tidak sedap dan mengalami pembusukan parah dan berbau anyir tengik di lantai kitchen line. Bobot perkiraan: 11 kg.,SPOILED,2026-09-30T11:08:57.903518
WASTE_SURPLUS_0094,Temuan audit: Sisa porsi sajian sup buntut kuah rempah 15 porsi dari acara resepsi pernikahan gathering siang masih layak namun tidak terjual.,SURPLUS,2026-09-30T11:08:57.916718
WASTE_CONTAMINATED_0117,Laporan waste: BAHAYA FOOD SAFETY: brokoli segar terpapar debu kotor akibat pembersihan blower ventilasi saat prep mise en place siang. Ditemukan oleh staff shift pagi saat inspeksi rutin.,CONTAMINATED,2026-09-30T11:08:57.908580
WASTE_CONTAMINATED_0376,Catatan QC: fillet dada ayam terkontaminasi pecahan kaca dari gelas pecah di line prep di meja butchery station. Bobot perkiraan: 9 kg.,CONTAMINATED,2026-09-30T11:08:57.910644
WASTE_EXPIRED_0006,Insiden dapur: minyak wijen premium pada rak walk-in freezer sudah kedaluwarsa 4 hari yang lalu sesuai label kemasan. Ditemukan oleh staff shift siang saat inspeksi rutin.,EXPIRED,2026-09-30T11:08:57.904516
WASTE_EXPIRED_0366,Tanggal kedaluwarsa saus bechamel keju di display showcase pastry melewati masa simpan maksimum gudang penyimpanan. Catatan: perlu cross-check barcode supplier.,EXPIRED,2026-09-30T11:08:57.907582
WASTE_SURPLUS_0068,Sisa porsi sajian puding coklat fla dari paket promo makan siang meeting korporat masih layak namun tidak terjual. Catatan: perlu cross-check barcode supplier.,SURPLUS,2026-09-30T11:08:57.916718
WASTE_CONTAMINATED_0096,Ditemukan daging giling sapi yang terkena cemaran cipratan cairan pembersih kimia sanitasi lantai di chiller 1. Bobot perkiraan: 14 kg.,CONTAMINATED,2026-09-30T11:08:57.908580
WASTE_PREP_WASTE_0182,"Laporan waste: kulit kentang, bonggol brokoli, dan tangkai daun bawang hasil proses persiapan di hot kitchen production pass. Ref: #899.",PREP_WASTE,2026-09-30T11:08:57.914644
WASTE_SPOILED_0202,Reject cumi-cumi segar: tekstur lembek basah dan berbau apek busuk. Segera laporkan ke chef on duty untuk tindakan preventif sesuai SOP.,SPOILED,2026-09-30T11:08:57.902520
WASTE_SPOILED_0162,"Kondisi kol kubis manis di rak pantry kering sudah keluar lendir lengket serta berbau busuk menyengat, harus diafkir. Ref: #713.",SPOILED,2026-09-30T11:08:57.902520
WASTE_OVERCOOKED_0230,Reject pesanan sponge cake vanila: gosong gosong pahit dan bertekstur liat keras di deck oven baking. Catatan: perlu cross-check barcode supplier.,OVERCOOKED,2026-09-30T11:08:57.911644
WASTE_SURPLUS_0200,Laporan waste: Overproduction roti brioche burger berlebih setelah paket promo makan siang meeting korporat. Ref: #157.,SURPLUS,2026-09-30T11:08:57.917719
WASTE_EXPIRED_0253,Insiden dapur: Ditemukan saus tomat kemasan pouch yang telah kadaluwarsa per tanggal kemarin dan harus segera diretur. Bobot perkiraan: 14 kg.,EXPIRED,2026-09-30T11:08:57.906583
WASTE_OVERCOOKED_0151,Log limbah: Kondisi masakan sponge cake vanila di lantai kitchen line terlalu kering mengeras layaknya arang dan tidak layak jual. Catatan: perlu cross-check barcode supplier.,OVERCOOKED,2026-09-30T11:08:57.911644
WASTE_CONTAMINATED_0230,Temuan audit: daun selada iceberg terkontaminasi helaian rambut staff dan keringat saat proses plating di chiller 1. Segera laporkan ke chef on duty untuk tindakan preventif sesuai SOP.,CONTAMINATED,2026-09-30T11:08:57.908580
WASTE_SURPLUS_0364,Catatan QC: roti brioche burger berlebih pada display chiller holding pass karena proyeksi tamu meleset. Bobot perkiraan: 15 kg.,SURPLUS,2026-09-30T11:08:57.918718
WASTE_CONTAMINATED_0122,Log limbah: Reject segera wortel impor akibat kontak dengan pecahan kaca dari gelas pecah di line prep.,CONTAMINATED,2026-09-30T11:08:57.908580
WASTE_OVERCOOKED_0236,Catatan QC: Kondisi masakan saus bechamel keju di chiller holding pass gosong gosong pahit dan bertekstur liat keras. Ditemukan oleh staff shift malam saat inspeksi rutin.,OVERCOOKED,2026-09-30T11:08:57.912644
WASTE_PREP_WASTE_0156,Insiden dapur: Limbah potongan cangkang telur ayam dan sisa kulit bawang bombay terkumpul di area meat prep station. Bobot perkiraan: 14 kg.,PREP_WASTE,2026-09-30T11:08:57.914644
WASTE_SURPLUS_0004,Stok matang pasta spaghetti bolognese sisa operasional prasmanan buffet dinner hotel malam hari di walk-in freezer.,SURPLUS,2026-09-30T11:08:57.916718
WASTE_SPOILED_0035,Temuan shift pagi: paha ayam marinasi tekstur lembek basah dan berbau apek busuk di chiller 1. Bobot perkiraan: 11 kg.,SPOILED,2026-09-30T11:08:57.901519
WASTE_EXPIRED_0326,Laporan waste: whipping cream cair kedaluwarsa 4 hari yang lalu sesuai label kemasan.,EXPIRED,2026-09-30T11:08:57.906583
WASTE_SURPLUS_0307,Temuan shift pagi: Overproduction pasta spaghetti bolognese berlebih setelah paket promo makan siang meeting korporat. Catatan: perlu cross-check barcode supplier.,SURPLUS,2026-09-30T11:08:57.917719
WASTE_OVERCOOKED_0129,Temuan audit: sponge cake vanila gosong hangus karena api terlalu besar saat batch cooking prasmanan. Catatan: perlu cross-check barcode supplier.,OVERCOOKED,2026-09-30T11:08:57.911644
WASTE_OVERCOOKED_0041,Catatan QC: sponge cake vanila gagal saji karena suhu charcoal grill station berlebih dan terlalu kering mengeras layaknya arang dan tidak layak jual. Ditemukan oleh staff shift malam saat inspeksi rutin.,OVERCOOKED,2026-09-30T11:08:57.910644
WASTE_PREP_WASTE_0340,"Laporan waste: Limbah potongan lemak berlebih, urat keras, dan sisa butchery daging sapi terkumpul di area meat prep station.",PREP_WASTE,2026-09-30T11:08:57.915646
WASTE_OVERCOOKED_0014,Kondisi masakan roti baguette di walk-in freezer gosong gosong pahit dan bertekstur liat keras.,OVERCOOKED,2026-09-30T11:08:57.910644
WASTE_SURPLUS_0363,Overproduction roti brioche burger berlebih setelah layanan breakfast buffet penutupan pagi. Bobot perkiraan: 12 kg.,SURPLUS,2026-09-30T11:08:57.918718
WASTE_PREP_WASTE_0242,"Temuan shift pagi: Sisa penyiangan lemak berlebih, urat keras, dan sisa butchery daging sapi pada persiapan shift pagi di fish butchery station. Catatan: perlu cross-check barcode supplier.",PREP_WASTE,2026-09-30T11:08:57.915646
WASTE_SPOILED_0242,Log limbah: Reject brokoli segar: terlihat jamur putih dan berbau asam.,SPOILED,2026-09-30T11:08:57.903518
WASTE_PREP_WASTE_0262,Insiden dapur: Sisa organik cangkang telur ayam dan sisa kulit bawang bombay dari proses mise en place sup buntut nusantara.,PREP_WASTE,2026-09-30T11:08:57.915646
WASTE_SURPLUS_0114,Temuan audit: Stok matang kroisan butter almond sisa operasional paket promo makan siang meeting korporat di lantai kitchen line.,SURPLUS,2026-09-30T11:08:57.916718
WASTE_EXPIRED_0151,Log limbah: roti brioche burger kedaluwarsa 4 hari yang lalu sesuai label kemasan.,EXPIRED,2026-09-30T11:08:57.905516
WASTE_SURPLUS_0186,Sisa porsi sajian puding coklat fla dari acara resepsi pernikahan gathering siang masih layak namun tidak terjual. Bobot perkiraan: 10 kg.,SURPLUS,2026-09-30T11:08:57.917719
WASTE_CONTAMINATED_0398,Temuan audit: BAHAYA FOOD SAFETY: brokoli segar terpapar cipratan cairan pembersih kimia sanitasi lantai saat batch cooking prasmanan. Catatan: perlu cross-check barcode supplier.,CONTAMINATED,2026-09-30T11:08:57.910644
WASTE_PREP_WASTE_0415,"kulit wortel, biji paprika, dan ujung timun hasil proses persiapan di vegetable cold pantry. Bobot perkiraan: 2 kg.",PREP_WASTE,2026-09-30T11:08:57.915646
WASTE_PREP_WASTE_0269,"Catatan QC: Sisa penyiangan tulang, insang, dan kepala ikan kakap segar pada persiapan shift pagi di sauce preparation area.",PREP_WASTE,2026-09-30T11:08:57.915646
WASTE_EXPIRED_0197,Log limbah: saus bechamel keju pada rak cold storage utama sudah melewati masa simpan maksimum gudang penyimpanan. Bobot perkiraan: 14 kg.,EXPIRED,2026-09-30T11:08:57.906583
WASTE_OVERCOOKED_0179,Temuan shift pagi: Reject pesanan saus bechamel keju: gosong gosong pahit dan bertekstur liat keras di panci stock pot kaldu. Bobot perkiraan: 12 kg.,OVERCOOKED,2026-09-30T11:08:57.911644
WASTE_CONTAMINATED_0368,Catatan QC: Ditemukan daging steak sirloin yang terkena cemaran pecahan kaca dari gelas pecah di line prep di lantai kitchen line.,CONTAMINATED,2026-09-30T11:08:57.910644
WASTE_PREP_WASTE_0100,"lemak berlebih, urat keras, dan sisa butchery daging sapi hasil proses persiapan di meat prep station. Ditemukan oleh staff shift pagi saat inspeksi rutin.",PREP_WASTE,2026-09-30T11:08:57.914644
WASTE_EXPIRED_0113,Laporan waste: Reject sponge cake vanila: kedaluwarsa 4 hari yang lalu sesuai label kemasan saat audit inventory. Ditemukan oleh staff shift malam saat inspeksi rutin.,EXPIRED,2026-09-30T11:08:57.905516
WASTE_SPOILED_0190,Log limbah: Reject ikan kakap merah: terlihat jamur putih dan berbau asam. Ditemukan oleh staff shift siang saat inspeksi rutin.,SPOILED,2026-09-30T11:08:57.902520
WASTE_PREP_WASTE_0007,"Temuan shift pagi: Sisa organik tulang, insang, dan kepala ikan kakap segar dari proses mise en place salad bar buffet. Catatan: perlu cross-check barcode supplier.",PREP_WASTE,2026-09-30T11:08:57.913648
WASTE_CONTAMINATED_0076,Log limbah: brokoli segar terkontaminasi debu kotor akibat pembersihan blower ventilasi di cold storage utama.,CONTAMINATED,2026-09-30T11:08:57.908580
WASTE_PREP_WASTE_0248,"Insiden dapur: lemak berlebih, urat keras, dan sisa butchery daging sapi hasil proses persiapan di hot kitchen production pass. Ref: #209.",PREP_WASTE,2026-09-30T11:08:57.915646
WASTE_SURPLUS_0309,Sisa porsi sajian sponge cake vanila dari acara resepsi pernikahan gathering siang masih layak namun tidak terjual.,SURPLUS,2026-09-30T11:08:57.917719
WASTE_CONTAMINATED_0183,Insiden dapur: Ditemukan kol kubis manis yang terkena cemaran serangga lalat serta kotoran hama di area kerja di chiller 1.,CONTAMINATED,2026-09-30T11:08:57.908580
WASTE_EXPIRED_0025,Laporan waste: susu UHT full cream pada rak display showcase pastry sudah kadaluwarsa per tanggal kemarin dan harus segera diretur. Segera laporkan ke chef on duty untuk tindakan preventif sesuai SOP.,EXPIRED,2026-09-30T11:08:57.904516
WASTE_EXPIRED_0298,Insiden dapur: minyak wijen premium kedaluwarsa 4 hari yang lalu sesuai label kemasan. Segera laporkan ke chef on duty untuk tindakan preventif sesuai SOP.,EXPIRED,2026-09-30T11:08:57.906583
WASTE_SURPLUS_0051,Catatan QC: Sisa porsi sajian kroisan butter almond dari event gala dinner VIP ballroom masih layak namun tidak terjual. Ditemukan oleh staff shift pagi saat inspeksi rutin.,SURPLUS,2026-09-30T11:08:57.916718
WASTE_SPOILED_0022,Laporan waste: fillet dada ayam ditemukan keluar lendir lengket serta berbau busuk menyengat pada saat pengecekan rak pantry kering. Bobot perkiraan: 1 kg.,SPOILED,2026-09-30T11:08:57.901519
WASTE_EXPIRED_0010,Temuan shift pagi: saus tiram botol besar stempel expired date terlampaui dan tidak boleh disajikan.,EXPIRED,2026-09-30T11:08:57.904516
WASTE_CONTAMINATED_0285,Temuan shift pagi: daun selada iceberg terkontaminasi serangga lalat serta kotoran hama di area kerja di chiller 1.,CONTAMINATED,2026-09-30T11:08:57.909580
WASTE_SURPLUS_0075,Insiden dapur: Overproduction nasi goreng spesial seafood berlebih setelah layanan breakfast buffet penutupan pagi. Ref: #608.,SURPLUS,2026-09-30T11:08:57.916718
WASTE_CONTAMINATED_0056,BAHAYA FOOD SAFETY: brokoli segar terpapar debu kotor akibat pembersihan blower ventilasi saat service peak hours dinner. Ditemukan oleh staff shift siang saat inspeksi rutin.,CONTAMINATED,2026-09-30T11:08:57.907582
WASTE_CONTAMINATED_0316,jamur kancing terkontaminasi pecahan kaca dari gelas pecah di line prep di walk-in freezer. Ref: #888.,CONTAMINATED,2026-09-30T11:08:57.909580
WASTE_SURPLUS_0184,Stok matang sponge cake vanila sisa operasional acara resepsi pernikahan gathering siang di chiller 1.,SURPLUS,2026-09-30T11:08:57.917719
WASTE_OVERCOOKED_0166,sponge cake vanila gagal saji karena suhu deep fryer commercial berlebih dan bagian luar gosong terbakar pahit walau dalam masih mentah. Bobot perkiraan: 14 kg.,OVERCOOKED,2026-09-30T11:08:57.911644
WASTE_SURPLUS_0142,Catatan QC: Sisa porsi sajian sup buntut kuah rempah 15 porsi dari paket promo makan siang meeting korporat masih layak namun tidak terjual. Bobot perkiraan: 6 kg.,SURPLUS,2026-09-30T11:08:57.916718
WASTE_EXPIRED_0320,Reject whipping cream cair: telah melewati tanggal expiry date 2 hari lalu saat audit inventory.,EXPIRED,2026-09-30T11:08:57.906583
WASTE_OVERCOOKED_0336,roti baguette terlalu lama di wajan wok burner sehingga gosong gosong pahit dan bertekstur liat keras. Catatan: perlu cross-check barcode supplier.,OVERCOOKED,2026-09-30T11:08:57.912644
WASTE_SPOILED_0131,"Temuan audit: Kondisi ikan salmon fillet di walk-in freezer sudah berwarna kehitaman dan lembek hancur, harus diafkir. Ditemukan oleh staff shift siang saat inspeksi rutin.",SPOILED,2026-09-30T11:08:57.902520
WASTE_PREP_WASTE_0336,"Temuan shift pagi: Sisa penyiangan kulit wortel, biji paprika, dan ujung timun pada persiapan shift pagi di hot kitchen production pass.",PREP_WASTE,2026-09-30T11:08:57.915646
WASTE_OVERCOOKED_0133,Reject pesanan sponge cake vanila: hangus berkerak hitam dan berbau sangit pekat di deck oven baking. Catatan: perlu cross-check barcode supplier.,OVERCOOKED,2026-09-30T11:08:57.911644
WASTE_SPOILED_0331,Catatan QC: Reject udang windu kupas: tampak bercak kapang kehijauan dan berair. Ref: #673.,SPOILED,2026-09-30T11:08:57.903518
WASTE_CONTAMINATED_0339,Catatan QC: Ditemukan brokoli segar yang terkena cemaran cipratan cairan pembersih kimia sanitasi lantai di chiller 1. Segera laporkan ke chef on duty untuk tindakan preventif sesuai SOP.,CONTAMINATED,2026-09-30T11:08:57.909580
WASTE_EXPIRED_0017,Temuan shift pagi: Ditemukan roti brioche burger yang telah telah melewati tanggal expiry date 2 hari lalu.,EXPIRED,2026-09-30T11:08:57.904516
WASTE_PREP_WASTE_0370,Laporan waste: Sisa penyiangan cangkang telur ayam dan sisa kulit bawang bombay pada persiapan shift pagi di sauce preparation area. Ref: #892.,PREP_WASTE,2026-09-30T11:08:57.915646
WASTE_OVERCOOKED_0289,Log limbah: saus bechamel keju terlalu lama di charcoal grill station sehingga gosong gosong pahit dan bertekstur liat keras. Ditemukan oleh staff shift siang saat inspeksi rutin.,OVERCOOKED,2026-09-30T11:08:57.912644
WASTE_CONTAMINATED_0196,Temuan audit: BAHAYA FOOD SAFETY: wortel impor terpapar serangga lalat serta kotoran hama di area kerja saat service peak hours dinner. Ref: #468.,CONTAMINATED,2026-09-30T11:08:57.908580
WASTE_CONTAMINATED_0231,Catatan QC: wortel impor jatuh langsung ke rak pantry kering dan terkena helaian rambut staff dan keringat saat proses plating.,CONTAMINATED,2026-09-30T11:08:57.909580
WASTE_CONTAMINATED_0395,Ditemukan brokoli segar yang terkena cemaran tetesan darah mentah dari rak atas di cold storage utama. Bobot perkiraan: 10 kg.,CONTAMINATED,2026-09-30T11:08:57.910644
WASTE_EXPIRED_0411,saus bechamel keju pada rak display showcase pastry sudah kedaluwarsa 4 hari yang lalu sesuai label kemasan.,EXPIRED,2026-09-30T11:08:57.907582
