text,category
kulit wortel dan bonggol brokoli sisa pemecahan telur pembuatan adonan kue bakery pada talenan preparation.,PREP_WASTE
daging steak sirloin hangus berkerak di dasar panci dan timbul bau sangit di area deep fryer.,OVERCOOKED
daun selada hijau segar terkena cipratan cairan pembersih sabun pel lantai di pick-up table waiter.,CONTAMINATED
daging steak sirloin terlalu lama direbus tekstur hancur lebur kuah keruh gosong pada kompor saute.,OVERCOOKED
daun selada hijau segar kemasukan tetesan air kotor bocoran dari plafon exhaust dapur di lantai kitchen line.,CONTAMINATED
daging steak sirloin kelewat matang lembek hancur menjadi bubur saat proses plating order.,OVERCOOKED
nasi putih dan aneka lauk pauk sisa sajian meeting room korporat yang selesai lebih awal di display showcase pastry.,SURPLUS
nasi putih dan aneka lauk pauk sisa sajian meeting room korporat yang selesai lebih awal pada dispenser buffet sarapan.,SURPLUS
daging steak sirloin terlalu lama di wajan penggorengan hingga gosong pahit pada panci stock pot.,OVERCOOKED
nasi putih dan aneka lauk pauk sisa display etalase kafe malam hari yang tidak laku terjual di chiller holding akhir shift.,SURPLUS
nasi putih dan aneka lauk pauk sisa acara gathering tamu hotel yang tidak terkonsumsi pada meja katering ballroom.,SURPLUS
daging steak sirloin kelewat matang lembek hancur menjadi bubur di grill station.,OVERCOOKED
daging steak sirloin terbakar kering dan terasa pahit tidak bisa disajikan ke tamu pada panci stock pot.,OVERCOOKED
jamur kancing rasa asam tajam tidak wajar dan tekstur hancur berlendir,SPOILED
kulit wortel dan bonggol brokoli sisa pembersihan dan pemotongan persiapan sup pagi di fish station.,PREP_WASTE
kulit wortel dan bonggol brokoli hasil pembersihan kulit dan akar sayuran di meja butcher station.,PREP_WASTE
"minyak wijen botol tercatat lewat batas tanggal konsumsi aman di kemasan, buang segera",EXPIRED
lemak berlebih dan urat keras sisa proses fillet untuk menu ikan bakar banquet pada talenan preparation.,PREP_WASTE
potongan daging wagyu MB7 tercampur bahan alergen kacang yang dilarang pada pesanan khusus di pick-up table waiter.,CONTAMINATED
ikan salmon fillet segar kemasukan tetesan air kotor bocoran dari plafon exhaust dapur,CONTAMINATED
tomat merah layu menghitam membusuk dan berlendir di dalam chiller di ruang penyimpanan basah.,SPOILED
tomat merah bagian dalam busuk kehitaman berserat berlendir di chiller 1.,SPOILED
lemak berlebih dan urat keras sisa kupasan persiapan bumbu dasar dapur utama di fish station.,PREP_WASTE
kulit wortel dan bonggol brokoli sisa proses fillet untuk menu ikan bakar banquet pada bak pembuangan prep station.,PREP_WASTE
kulit jahe dan lengkuas sisa proses fillet untuk menu ikan bakar banquet,PREP_WASTE
nasi putih dan aneka lauk pauk kelebihan kuota masak harian dan tidak dapat dibekukan kembali di chiller holding akhir shift.,SURPLUS
daun selada hijau segar terkena cipratan cairan pembersih sabun pel lantai di meja saji banquet.,CONTAMINATED
kulit wortel dan bonggol brokoli hasil trimming kotor persiapan menu steak malam di meja butchery daging.,PREP_WASTE
Kondisi crust pizza mozarella: hangus hitam berasap pekat dan bau gosong tajam,OVERCOOKED
potongan daging wagyu MB7 kemasukan tetesan air kotor bocoran dari plafon exhaust dapur di area plating pass.,CONTAMINATED
saus bechamel keju hangus berkerak di dasar panci dan timbul bau sangit saat proses plating order.,OVERCOOKED
saus bechamel keju bantat dan tepi loyang hangus terbakar di oven bersuhu tinggi di grill station.,OVERCOOKED
tomat merah layu menghitam membusuk dan berlendir di dalam chiller di kulkas walk-in.,SPOILED
susu UHT full cream 1 liter melewati masa kadaluwarsa resmi dari distributor supplier di rak saus dan kondimen.,EXPIRED
Waste log: cumi-cumi segar timbul lendir lengket dan aroma bangkai busuk,SPOILED
daging steak sirloin kelewat matang lembek hancur menjadi bubur di wajan stir-fry wok.,OVERCOOKED
potongan daging wagyu MB7 kemasukan tetesan air kotor bocoran dari plafon exhaust dapur pada meja prep station.,CONTAMINATED
tomat merah berbau belerang busuk dan mengeluarkan cairan keruh di ruang penyimpanan basah.,SPOILED
saus tomat kemasan botol expired date tercantum 12 September 2026 sudah terlampaui di rak inventory pantry.,EXPIRED
Kondisi pasta marinara saus tomat: sisa menu promo lunch siang yang berlebih dan tidak terjual,SURPLUS
kulit wortel dan bonggol brokoli sisa proses fillet untuk menu ikan bakar banquet di fish station.,PREP_WASTE
Kondisi kue brownies panggang: hangus berkerak di dasar panci dan timbul bau sangit,OVERCOOKED
sup buntut kuah rempah 15 porsi kelebihan porsi karena acara pesta banquet batal sebagian pada dispenser buffet sarapan.,SURPLUS
nasi putih dan aneka lauk pauk sisa menu promo lunch siang yang berlebih dan tidak terjual di area room service.,SURPLUS
nasi putih dan aneka lauk pauk sisa sajian meeting room korporat yang selesai lebih awal di holding cabinet pemanas.,SURPLUS
tomat merah timbul lendir lengket dan aroma bangkai busuk di cold storage dapur.,SPOILED
tomat merah berbau belerang busuk dan mengeluarkan cairan keruh di rak seafood.,SPOILED
tomat merah tekstur lembek berlendir dan timbul bintik hitam jamur di kulkas walk-in.,SPOILED
potongan daging wagyu MB7 tercampur serpihan plastik wrap kemasan tajam yang sobek pada rak chiller bawah.,CONTAMINATED
daging steak sirloin gosong hitam legam karena api grill terlalu besar saat proses plating order.,OVERCOOKED
susu UHT full cream 1 liter expired date tercantum 12 September 2026 sudah terlampaui di rak inventory pantry.,EXPIRED
lemak berlebih dan urat keras sisa proses fillet untuk menu ikan bakar banquet di fish station.,PREP_WASTE
kulit wortel dan bonggol brokoli sisa kupasan persiapan bumbu dasar dapur utama di fish station.,PREP_WASTE
susu UHT full cream 1 liter melewati batas tanggal best before pada label kemasan pada chiller dairy.,EXPIRED
daging steak sirloin gosong di luar tetapi bagian dalam masih belum matang saat proses plating order.,OVERCOOKED
daging steak sirloin kelebihan waktu masak di salamander hingga keju hangus pahit di area deep fryer.,OVERCOOKED
nasi putih dan aneka lauk pauk overproduksi sisa persiapan siang yang tidak habis malam ini di buffet counter restaurant.,SURPLUS
potongan daging wagyu MB7 terkena debu kotor tebal akibat renovasi ventilasi dapur di dekat tempat cuci piring pot wash.,CONTAMINATED
kulit wortel dan bonggol brokoli hasil pembersihan kulit dan akar sayuran di fish station.,PREP_WASTE
saus sambal mangkok saji jatuh ke lantai dapur yang kotor dan berminyak,CONTAMINATED
kulit wortel dan bonggol brokoli sisa trimming fillet dada ayam untuk sate di meja butcher station.,PREP_WASTE
potongan daging wagyu MB7 terkontaminasi pecahan beling piring kaca yang pecah di dekatnya pada rak chiller bawah.,CONTAMINATED
daun selada hijau segar kemasukan tetesan air kotor bocoran dari plafon exhaust dapur di meja saji banquet.,CONTAMINATED
susu UHT full cream 1 liter tanggal kadaluarsa sudah habis saat pemeriksaan stok bulanan pada chiller dairy.,EXPIRED
Kondisi sayur lodeh santan: gosong hitam legam karena api grill terlalu besar,OVERCOOKED
potongan daging wagyu MB7 tercampur bahan alergen kacang yang dilarang pada pesanan khusus pada rak chiller bawah.,CONTAMINATED
nasi putih dan aneka lauk pauk sisa display etalase kafe malam hari yang tidak laku terjual pada meja banquet hall.,SURPLUS
lemak berlebih dan urat keras hasil trimming kotor persiapan menu steak malam di fish station.,PREP_WASTE
tangkai cabai dan biji cabai merah hasil pembersihan kulit dan akar sayuran,PREP_WASTE
daun selada hijau segar jatuh ke lantai dapur yang kotor dan berminyak pada meja prep station.,CONTAMINATED
daging steak sirloin terlalu lama digoreng di deep fryer sampai kering mengeras pahit di wajan stir-fry wok.,OVERCOOKED
sup buntut kuah rempah 15 porsi sisa display etalase kafe malam hari yang tidak laku terjual pada meja banquet hall.,SURPLUS
daging steak sirloin gosong di luar tetapi bagian dalam masih belum matang pada kompor saute.,OVERCOOKED
kulit wortel dan bonggol brokoli sisa kupasan persiapan bumbu dasar dapur utama pada station vegetable prep.,PREP_WASTE
tomat merah membusuk di dasar kontainer penyimpanan dingin di kontainer prep.,SPOILED
nasi putih dan aneka lauk pauk kelebihan porsi karena acara pesta banquet batal sebagian pada dispenser buffet sarapan.,SURPLUS
"daging ayam panggang bumbu rosemary sisa menu promo lunch siang yang berlebih dan tidak terjual, buang segera",SURPLUS
nasi putih dan aneka lauk pauk sisa menu promo lunch siang yang berlebih dan tidak terjual di buffet counter restaurant.,SURPLUS
saus bechamel keju bantat dan tepi loyang hangus terbakar di oven bersuhu tinggi pada kompor saute.,OVERCOOKED
potongan daging wagyu MB7 tertetes cairan darah ayam mentah dari rak chiller bagian atas di lantai kitchen line.,CONTAMINATED
susu UHT full cream 1 liter lewat masa kadaluarsa 5 hari tidak boleh dipakai masak pada kulkas pastry.,EXPIRED
potongan daging wagyu MB7 tertetes cairan darah ayam mentah dari rak chiller bagian atas pada rak chiller bawah.,CONTAMINATED
tomat merah timbul lendir lengket dan aroma bangkai busuk saat dicek quality control pagi.,SPOILED
tomat merah layu menghitam membusuk dan berlendir di dalam chiller di cold storage dapur.,SPOILED
"Reject daun selada hijau segar, terkena debu kotor tebal akibat renovasi ventilasi dapur",CONTAMINATED
"Reject saus tiram botol besar, tanggal kadaluarsa sudah habis saat pemeriksaan stok bulanan",EXPIRED
sponge cake vanila terlalu lama di wajan penggorengan hingga gosong pahit,OVERCOOKED
kulit wortel dan bonggol brokoli hasil pemilahan bahan sebelum proses memasak pada bak pembuangan prep station.,PREP_WASTE
potongan daging wagyu MB7 kemasukan rambut staff dapur saat proses plating makanan di dekat tempat cuci piring pot wash.,CONTAMINATED
tomat merah busuk basah dan mengeluarkan cairan lendir bau menyengat di kontainer prep.,SPOILED
nasi putih dan aneka lauk pauk sisa prasmanan buffet dinner hotel tidak habis dikonsumsi tamu di holding cabinet pemanas.,SURPLUS
tomat merah berlendir tebal bau tengik busuk menusuk hidung di kulkas walk-in.,SPOILED
lemak berlebih dan urat keras bagian tidak dapat dikonsumsi dibuang saat prep siang di fish station.,PREP_WASTE
kulit wortel dan bonggol brokoli bagian keras yang tidak dipakai pada resep utama pada talenan preparation.,PREP_WASTE
Kondisi mayonnaise kemasan pouch 1 kg: lewat masa kadaluarsa 5 hari tidak boleh dipakai masak,EXPIRED
Kondisi saus sambal mangkok saji: tersentuh tangan staff tanpa sarung tangan yang sedang flu batuk,CONTAMINATED
"potongan buah melon salad terkena debu kotor tebal akibat renovasi ventilasi dapur, buang segera",CONTAMINATED
lemak berlebih dan urat keras sisa pembersihan dan pemotongan persiapan sup pagi di meja butcher station.,PREP_WASTE
tomat merah timbul lendir lengket dan aroma bangkai busuk di kulkas walk-in.,SPOILED
Waste log: daging cincang sapi timbul lendir lengket dan aroma bangkai busuk,SPOILED
daging steak sirloin terlalu lama digoreng di deep fryer sampai kering mengeras pahit pada panci stock pot.,OVERCOOKED
potongan daging wagyu MB7 tercampur serpihan plastik wrap kemasan tajam yang sobek di meja saji banquet.,CONTAMINATED
Kondisi saus salad dressing thousand island: terkontaminasi kotoran hama tikus di rak penyimpanan bawah,CONTAMINATED
sup buntut kuah rempah 15 porsi sisa prasmanan buffet dinner hotel tidak habis dikonsumsi tamu di display showcase pastry.,SURPLUS
Kondisi krimer kental manis kaleng: lewat masa kadaluarsa 5 hari tidak boleh dipakai masak,EXPIRED
daging steak sirloin terlalu lama di wajan penggorengan hingga gosong pahit saat proses plating order.,OVERCOOKED
"cangkang telur ayam sisa pemotongan rapi agar bentuk plating seragam, buang segera",PREP_WASTE
tomat merah insang pucat kehitaman mata cekung merah dan bau busuk di cold storage dapur.,SPOILED
potongan daging wagyu MB7 terkena debu kotor tebal akibat renovasi ventilasi dapur pada rak chiller bawah.,CONTAMINATED
"telur dadar telur gulung bantat dan tepi loyang hangus terbakar di oven bersuhu tinggi, buang segera",OVERCOOKED
daging steak sirloin hangus hitam berasap pekat dan bau gosong tajam di hot line station.,OVERCOOKED
nasi putih dan aneka lauk pauk stok porsi matang berlebih karena prediksi tamu meleset pada meja katering ballroom.,SURPLUS
tomat merah bagian dalam busuk kehitaman berserat berlendir di ruang penyimpanan basah.,SPOILED
daging steak sirloin terlalu lama direbus tekstur hancur lebur kuah keruh gosong saat proses plating order.,OVERCOOKED
tomat merah berbau asam menyengat dan berubah warna keabu-abuan di chiller 1.,SPOILED
potongan daging wagyu MB7 jatuh ke lantai dapur yang kotor dan berminyak di area plating pass.,CONTAMINATED
susu UHT full cream 1 liter melewati batas tanggal best before pada label kemasan di rak dry store.,EXPIRED
"Reject minyak wijen botol, tercatat lewat batas tanggal konsumsi aman di kemasan",EXPIRED
susu UHT full cream 1 liter lewat masa simpan kadaluarsa 2 hari di kulkas pantry pada chiller dairy.,EXPIRED
susu UHT full cream 1 liter tanggal kadaluarsa sudah habis saat pemeriksaan stok bulanan di lemari stok bumbu.,EXPIRED
daun selada hijau segar kemasukan serangga lalat yang terbang di area meja plating pada area penyimpanan kering.,CONTAMINATED
susu UHT full cream 1 liter tanggal kedaluwarsa habis seminggu lalu belum terpakai di lemari stok bumbu.,EXPIRED
susu UHT full cream 1 liter tercatat lewat batas tanggal konsumsi aman di kemasan pada kulkas pastry.,EXPIRED
cangkang telur ayam hasil trimming kotor persiapan menu steak malam,PREP_WASTE
lemak berlebih dan urat keras sisa pembersihan dan pemotongan persiapan sup pagi di meja butchery daging.,PREP_WASTE
tomat merah warna menggelap kecokelatan berlendir dan berbau busuk di ruang penyimpanan basah.,SPOILED
tomat merah berbau belerang busuk dan mengeluarkan cairan keruh di kontainer prep.,SPOILED
kulit wortel dan bonggol brokoli sisa pemotongan rapi agar bentuk plating seragam di area pastry preparation.,PREP_WASTE
sup buntut kuah rempah 15 porsi sisa penutupan operasional restoran malam tidak boleh disimpan di display showcase pastry.,SURPLUS
potongan daging wagyu MB7 tercampur bahan alergen kacang yang dilarang pada pesanan khusus di area plating pass.,CONTAMINATED
Waste log: sponge cake vanila gosong terbakar api wajan karena ditinggal memasak,OVERCOOKED
sup buntut kuah rempah 15 porsi sisa prasmanan buffet dinner hotel tidak habis dikonsumsi tamu di chiller holding akhir shift.,SURPLUS
susu UHT full cream 1 liter tanggal kadaluarsa sudah habis saat pemeriksaan stok bulanan pada kulkas pastry.,EXPIRED
tomat merah hancur lembek mencair dan berbau busuk tidak layak konsumsi di cold storage dapur.,SPOILED
potongan daging wagyu MB7 bersentuhan langsung dengan pisau dan talenan kotor belum dicuci pada area penyimpanan kering.,CONTAMINATED
nasi putih dan aneka lauk pauk stok porsi matang berlebih karena prediksi tamu meleset di chiller holding akhir shift.,SURPLUS
Kondisi daging steak sirloin: gosong di luar tetapi bagian dalam masih belum matang,OVERCOOKED
Kondisi daging ayam panggang bumbu rosemary: sisa menu promo lunch siang yang berlebih dan tidak terjual,SURPLUS
kulit wortel dan bonggol brokoli bagian keras yang tidak dipakai pada resep utama di meja butcher station.,PREP_WASTE
tomat merah bagian dalam busuk kehitaman berserat berlendir di rak seafood.,SPOILED
daging steak sirloin gosong hitam legam karena api grill terlalu besar di hot line station.,OVERCOOKED
susu UHT full cream 1 liter lewat masa simpan kadaluarsa 2 hari di kulkas pantry di lemari stok bumbu.,EXPIRED
Waste log: saus sambal mangkok saji kemasukan serangga lalat yang terbang di area meja plating,CONTAMINATED
kulit wortel dan bonggol brokoli sisa pemotongan rapi agar bentuk plating seragam saat mise en place pagi.,PREP_WASTE
nasi putih dan aneka lauk pauk sisa menu promo lunch siang yang berlebih dan tidak terjual di chiller holding akhir shift.,SURPLUS
tomat merah tekstur lembek berlendir dan timbul bintik hitam jamur di cold storage dapur.,SPOILED
tomat merah tekstur lembek berlendir dan timbul bintik hitam jamur di chiller 1.,SPOILED
potongan daging wagyu MB7 terkontaminasi kotoran hama tikus di rak penyimpanan bawah di area plating pass.,CONTAMINATED
tomat merah hancur lembek mencair dan berbau busuk tidak layak konsumsi di ruang penyimpanan basah.,SPOILED
tomat merah layu menghitam membusuk dan berlendir di dalam chiller pada wadah penyimpanan.,SPOILED
daun selada hijau segar kemasukan serangga lalat yang terbang di area meja plating pada rak chiller bawah.,CONTAMINATED
susu UHT full cream 1 liter melewati masa kadaluwarsa resmi dari distributor supplier di rak inventory pantry.,EXPIRED
nasi putih dan aneka lauk pauk sisa display etalase kafe malam hari yang tidak laku terjual di area room service.,SURPLUS
daging steak sirloin gosong terbakar dan berkerak pahit saat jam sibuk dinner di wajan stir-fry wok.,OVERCOOKED
kulit wortel dan bonggol brokoli bagian tidak dapat dikonsumsi dibuang saat prep siang saat mise en place pagi.,PREP_WASTE
tomat merah sudah berjamur putih dan kulit lembek berair di kontainer prep.,SPOILED
saus tomat kemasan botol expired date tercantum 12 September 2026 sudah terlampaui pada chiller dairy.,EXPIRED
saus tomat kemasan botol sudah lewat tanggal kadaluarsa 3 hari yang lalu pada chiller dairy.,EXPIRED
sup buntut kuah rempah 15 porsi sisa menu promo lunch siang yang berlebih dan tidak terjual di area room service.,SURPLUS
sup buntut kuah rempah 15 porsi kelebihan porsi karena acara pesta banquet batal sebagian pada meja banquet hall.,SURPLUS
potongan daging wagyu MB7 kemasukan serangga lalat yang terbang di area meja plating pada area penyimpanan kering.,CONTAMINATED
"Reject potongan ayam goreng tepung, gosong terbakar api wajan karena ditinggal memasak",OVERCOOKED
lemak berlebih dan urat keras hasil pemilahan bahan sebelum proses memasak di meja butchery daging.,PREP_WASTE
tomat merah layu menghitam membusuk dan berlendir di dalam chiller di rak seafood.,SPOILED
tomat merah ditumbuhi kapang jamur abu-abu halus beracun di kontainer prep.,SPOILED
kulit wortel dan bonggol brokoli bagian keras yang tidak dipakai pada resep utama di meja butchery daging.,PREP_WASTE
Waste log: saus tiram botol besar expired date tercantum 12 September 2026 sudah terlampaui,EXPIRED
tomat merah timbul lendir lengket dan aroma bangkai busuk di chiller 1.,SPOILED
"Reject kol kubis putih, warna menggelap kecokelatan berlendir dan berbau busuk",SPOILED
potongan daging wagyu MB7 tersentuh tangan staff tanpa sarung tangan yang sedang flu batuk pada meja prep station.,CONTAMINATED
"Reject tepung custard kaleng, sudah melewati masa kedaluwarsa dan kemasan agak menggelembung",EXPIRED
daun selada hijau segar jatuh ke lantai dapur yang kotor dan berminyak di dekat tempat cuci piring pot wash.,CONTAMINATED
daging steak sirloin gosong terbakar dan berkerak pahit saat jam sibuk dinner di grill station.,OVERCOOKED
"tulang dan kepala ikan kakap sisa trimming fillet dada ayam untuk sate, buang segera",PREP_WASTE
susu UHT full cream 1 liter tercatat lewat batas tanggal konsumsi aman di kemasan di rak dry store.,EXPIRED
susu UHT full cream 1 liter tercatat lewat batas tanggal konsumsi aman di kemasan pada chiller dairy.,EXPIRED
kulit wortel dan bonggol brokoli sisa trimming fillet dada ayam untuk sate di area pastry preparation.,PREP_WASTE
kulit wortel dan bonggol brokoli sisa pemecahan telur pembuatan adonan kue bakery pada bak pembuangan prep station.,PREP_WASTE
Waste log: potongan kulit semangka sisa garnish sisa kupasan persiapan bumbu dasar dapur utama,PREP_WASTE
susu UHT full cream 1 liter lewat masa simpan kadaluarsa 2 hari di kulkas pantry di rak inventory pantry.,EXPIRED
tomat merah ditumbuhi kapang jamur abu-abu halus beracun di ruang penyimpanan basah.,SPOILED
susu UHT full cream 1 liter tanggal kadaluarsa sudah habis saat pemeriksaan stok bulanan saat rotasi stok FIFO.,EXPIRED
tomat merah ditumbuhi kapang jamur abu-abu halus beracun saat dicek quality control pagi.,SPOILED
sup buntut kuah rempah 15 porsi overproduksi sisa persiapan siang yang tidak habis malam ini pada meja katering ballroom.,SURPLUS
tomat merah berbau asam menyengat dan berubah warna keabu-abuan pada rak sayur bawah.,SPOILED
Kondisi keju mozarella blok: lewat masa simpan kadaluarsa 2 hari di kulkas pantry,EXPIRED
kulit bawang bombay dan akar seledri hasil pembersihan kulit dan akar sayuran,PREP_WASTE
kulit wortel dan bonggol brokoli sisa kupasan prep menu udang goreng tepung saat mise en place pagi.,PREP_WASTE
daging steak sirloin terlalu lama digoreng di deep fryer sampai kering mengeras pahit di hot line station.,OVERCOOKED
daun selada hijau segar jatuh ke lantai dapur yang kotor dan berminyak di lantai kitchen line.,CONTAMINATED
Kondisi nasi goreng seafood spesial: hangus berkerak di dasar panci dan timbul bau sangit,OVERCOOKED
susu UHT full cream 1 liter sudah lewat tanggal kadaluarsa 3 hari yang lalu pada kulkas pastry.,EXPIRED
saus tomat kemasan botol melewati batas tanggal best before pada label kemasan pada kulkas pastry.,EXPIRED
susu UHT full cream 1 liter lewat masa simpan kadaluarsa 2 hari di kulkas pantry pada area bakery.,EXPIRED
kulit wortel dan bonggol brokoli sisa trimming fillet dada ayam untuk sate di fish station.,PREP_WASTE
saus tomat kemasan botol sudah lewat tanggal kadaluarsa 3 hari yang lalu di lemari stok bumbu.,EXPIRED
nasi putih dan aneka lauk pauk kelebihan porsi pesanan katering luar yang sudah selesai pada meja banquet hall.,SURPLUS
sup buntut kuah rempah 15 porsi overproduksi sisa persiapan siang yang tidak habis malam ini di area room service.,SURPLUS
nasi putih dan aneka lauk pauk sisa penutupan operasional restoran malam tidak boleh disimpan pada dispenser buffet sarapan.,SURPLUS
nasi putih dan aneka lauk pauk overproduksi sisa persiapan siang yang tidak habis malam ini pada dispenser buffet sarapan.,SURPLUS
susu UHT full cream 1 liter sudah melewati masa kedaluwarsa dan kemasan agak menggelembung saat rotasi stok FIFO.,EXPIRED
sup buntut kuah rempah 15 porsi sisa display etalase kafe malam hari yang tidak laku terjual pada meja katering ballroom.,SURPLUS
susu UHT full cream 1 liter melewati masa kadaluwarsa resmi dari distributor supplier,EXPIRED
tomat merah sudah berjamur putih dan kulit lembek berair pada rak sayur bawah.,SPOILED
lemak berlebih dan urat keras sisa proses fillet untuk menu ikan bakar banquet saat mise en place pagi.,PREP_WASTE
potongan daging wagyu MB7 terkena cipratan cairan pembersih sabun pel lantai di meja saji banquet.,CONTAMINATED
potongan daging wagyu MB7 kemasukan serangga lalat yang terbang di area meja plating di pick-up table waiter.,CONTAMINATED
potongan daging wagyu MB7 tercampur bahan alergen kacang yang dilarang pada pesanan khusus di lantai kitchen line.,CONTAMINATED
sup buntut kuah rempah 15 porsi kelebihan porsi pesanan katering luar yang sudah selesai di buffet counter restaurant.,SURPLUS
saus tomat kemasan botol melewati batas tanggal best before pada label kemasan di rak inventory pantry.,EXPIRED
Waste log: bonggol kubis dan daun luar yang keras sisa kupas 15 kg kentang untuk mashed potato,PREP_WASTE
sup buntut kuah rempah 15 porsi sisa menu promo lunch siang yang berlebih dan tidak terjual pada dispenser buffet sarapan.,SURPLUS
nasi putih dan aneka lauk pauk kelebihan porsi karena acara pesta banquet batal sebagian pada meja katering ballroom.,SURPLUS
saus bechamel keju bantat dan tepi loyang hangus terbakar di oven bersuhu tinggi saat proses plating order.,OVERCOOKED
kulit wortel dan bonggol brokoli sisa kupas 15 kg kentang untuk mashed potato pada station vegetable prep.,PREP_WASTE
susu UHT full cream 1 liter melewati masa kadaluwarsa resmi dari distributor supplier di gudang bahan kering.,EXPIRED
Waste log: saus salad dressing thousand island bersentuhan langsung dengan pisau dan talenan kotor belum dicuci,CONTAMINATED
nasi putih dan aneka lauk pauk sisa menu promo lunch siang yang berlebih dan tidak terjual di holding cabinet pemanas.,SURPLUS
daging steak sirloin gosong terbakar api wajan karena ditinggal memasak di hot line station.,OVERCOOKED
Waste log: potongan daging wagyu MB7 jatuh ke lantai dapur yang kotor dan berminyak,CONTAMINATED
daging steak sirloin terlalu lama direbus tekstur hancur lebur kuah keruh gosong di grill station.,OVERCOOKED
"minyak wijen botol melewati batas tanggal best before pada label kemasan, buang segera",EXPIRED
daun selada hijau segar terkontaminasi pecahan beling piring kaca yang pecah di dekatnya di meja saji banquet.,CONTAMINATED
saus tomat kemasan botol expired date tercantum 12 September 2026 sudah terlampaui saat rotasi stok FIFO.,EXPIRED
saus tomat kemasan botol expired date tercantum 12 September 2026 sudah terlampaui di lemari stok bumbu.,EXPIRED
saus bechamel keju gosong terbakar dan berkerak pahit saat jam sibuk dinner di area deep fryer.,OVERCOOKED
susu UHT full cream 1 liter jatuh tempo tanggal expired pabrik kemarin sore di rak inventory pantry.,EXPIRED
saus tomat kemasan botol melewati batas tanggal best before pada label kemasan pada area bakery.,EXPIRED
saus tomat kemasan botol expired date tercantum 12 September 2026 sudah terlampaui di rak dry store.,EXPIRED
nasi putih dan aneka lauk pauk sisa minuman sarapan pagi yang melebihi batas waktu saji di holding cabinet pemanas.,SURPLUS
Waste log: smoke beef slice kemasan sudah lewat tanggal kadaluarsa 3 hari yang lalu,EXPIRED
tomat merah timbul lendir lengket dan aroma bangkai busuk di ruang penyimpanan basah.,SPOILED
daging steak sirloin hangus hitam berasap pekat dan bau gosong tajam di area deep fryer.,OVERCOOKED
tomat merah layu menghitam membusuk dan berlendir di dalam chiller di laci pendingin.,SPOILED
susu UHT full cream 1 liter lewat masa simpan kadaluarsa 2 hari di kulkas pantry saat rotasi stok FIFO.,EXPIRED
tomat merah rasa asam tajam tidak wajar dan tekstur hancur berlendir di chiller 1.,SPOILED
daging steak sirloin terlalu lama digoreng di deep fryer sampai kering mengeras pahit pada oven baking.,OVERCOOKED
tomat merah busuk basah dan mengeluarkan cairan lendir bau menyengat di laci pendingin.,SPOILED
tomat merah bagian dalam busuk kehitaman berserat berlendir pada rak sayur bawah.,SPOILED
Waste log: nasi kuning tumpeng komplit sisa sajian meeting room korporat yang selesai lebih awal,SURPLUS
tomat merah insang pucat kehitaman mata cekung merah dan bau busuk pada wadah penyimpanan.,SPOILED
daging steak sirloin gosong di luar tetapi bagian dalam masih belum matang pada panci stock pot.,OVERCOOKED
lemak berlebih dan urat keras bagian tidak dapat dikonsumsi dibuang saat prep siang pada station vegetable prep.,PREP_WASTE
nasi putih dan aneka lauk pauk sisa acara gathering tamu hotel yang tidak terkonsumsi di buffet counter restaurant.,SURPLUS
susu UHT full cream 1 liter batas aman konsumsi sudah lewat per hari ini pada chiller dairy.,EXPIRED
potongan daging wagyu MB7 kemasukan serangga lalat yang terbang di area meja plating di lantai kitchen line.,CONTAMINATED
kulit wortel dan bonggol brokoli sisa proses fillet untuk menu ikan bakar banquet saat mise en place pagi.,PREP_WASTE
kulit wortel dan bonggol brokoli sisa kupas 15 kg kentang untuk mashed potato di fish station.,PREP_WASTE
kulit wortel dan bonggol brokoli sisa kupas 15 kg kentang untuk mashed potato di meja butchery daging.,PREP_WASTE
susu UHT full cream 1 liter batas aman konsumsi sudah lewat per hari ini di rak saus dan kondimen.,EXPIRED
saus tomat kemasan botol lewat masa simpan kadaluarsa 2 hari di kulkas pantry pada kulkas pastry.,EXPIRED
potongan daging wagyu MB7 kemasukan serangga lalat yang terbang di area meja plating pada rak chiller bawah.,CONTAMINATED
kulit wortel dan bonggol brokoli sisa kupasan prep menu udang goreng tepung di meja butcher station.,PREP_WASTE
daun selada hijau segar kemasukan serangga lalat yang terbang di area meja plating di pick-up table waiter.,CONTAMINATED
susu UHT full cream 1 liter lewat masa kadaluarsa 5 hari tidak boleh dipakai masak pada area bakery.,EXPIRED
lemak berlebih dan urat keras sisa proses fillet untuk menu ikan bakar banquet di area pastry preparation.,PREP_WASTE
saus bechamel keju terlalu lama digoreng di deep fryer sampai kering mengeras pahit di area deep fryer.,OVERCOOKED
kulit wortel dan bonggol brokoli sisa pembersihan dan pemotongan persiapan sup pagi pada station vegetable prep.,PREP_WASTE
"Reject selai stroberi botol kaca, sudah lewat tanggal kadaluarsa 3 hari yang lalu",EXPIRED
nasi putih dan aneka lauk pauk overproduksi sisa persiapan siang yang tidak habis malam ini pada meja katering ballroom.,SURPLUS
tomat merah ditumbuhi kapang jamur abu-abu halus beracun di chiller 1.,SPOILED
kulit wortel dan bonggol brokoli sisa kupasan prep menu udang goreng tepung pada bak pembuangan prep station.,PREP_WASTE
tomat merah warna menggelap kecokelatan berlendir dan berbau busuk pada rak sayur bawah.,SPOILED
nasi putih dan aneka lauk pauk kelebihan porsi karena acara pesta banquet batal sebagian di holding cabinet pemanas.,SURPLUS
susu UHT full cream 1 liter stempel expired date menunjukkan tanggal minggu lalu pada kulkas pastry.,EXPIRED
potongan daging wagyu MB7 terkontaminasi pecahan beling piring kaca yang pecah di dekatnya pada meja prep station.,CONTAMINATED
potongan daging wagyu MB7 jatuh ke lantai dapur yang kotor dan berminyak di dekat tempat cuci piring pot wash.,CONTAMINATED
kulit wortel dan bonggol brokoli bagian tidak dapat dikonsumsi dibuang saat prep siang di area pastry preparation.,PREP_WASTE
saus tomat kemasan botol melewati batas tanggal best before pada label kemasan saat rotasi stok FIFO.,EXPIRED
susu UHT full cream 1 liter sudah lewat tanggal kadaluarsa 3 hari yang lalu di lemari stok bumbu.,EXPIRED
kulit bawang bombay dan akar seledri hasil pemilahan bahan sebelum proses memasak,PREP_WASTE
susu UHT full cream 1 liter tanggal kadaluarsa sudah habis saat pemeriksaan stok bulanan pada area bakery.,EXPIRED
tomat merah membusuk di dasar kontainer penyimpanan dingin di chiller 1.,SPOILED
nasi putih dan aneka lauk pauk kelebihan porsi karena acara pesta banquet batal sebagian di display showcase pastry.,SURPLUS
nasi putih dan aneka lauk pauk kelebihan porsi karena acara pesta banquet batal sebagian pada meja banquet hall.,SURPLUS
lemak berlebih dan urat keras hasil pemilahan bahan sebelum proses memasak di area pastry preparation.,PREP_WASTE
Waste log: bumbu kacang sate kemasukan serangga lalat yang terbang di area meja plating,CONTAMINATED
sup buntut kuah rempah 15 porsi sisa penutupan operasional restoran malam tidak boleh disimpan di buffet counter restaurant.,SURPLUS
daging steak sirloin terlalu lama di wajan penggorengan hingga gosong pahit di wajan stir-fry wok.,OVERCOOKED
susu UHT full cream 1 liter stempel expired date menunjukkan tanggal minggu lalu di rak dry store.,EXPIRED
potongan daging wagyu MB7 kemasukan serangga lalat yang terbang di area meja plating di dekat tempat cuci piring pot wash.,CONTAMINATED
"cangkang telur ayam bagian tidak dapat dikonsumsi dibuang saat prep siang, buang segera",PREP_WASTE
daging steak sirloin gosong hitam legam karena api grill terlalu besar pada oven baking.,OVERCOOKED
daun selada hijau segar terkena cipratan cairan pembersih sabun pel lantai di area plating pass.,CONTAMINATED
tomat merah hancur lembek mencair dan berbau busuk tidak layak konsumsi saat dicek quality control pagi.,SPOILED
saus bechamel keju gosong hitam legam karena api grill terlalu besar di area deep fryer.,OVERCOOKED
potongan daging wagyu MB7 jatuh ke lantai dapur yang kotor dan berminyak di meja saji banquet.,CONTAMINATED
daun selada hijau segar terkontaminasi pecahan beling piring kaca yang pecah di dekatnya pada area penyimpanan kering.,CONTAMINATED
saus tomat kemasan botol lewat masa simpan kadaluarsa 2 hari di kulkas pantry di rak inventory pantry.,EXPIRED
daging steak sirloin kelebihan waktu masak di salamander hingga keju hangus pahit di hot line station.,OVERCOOKED
daging steak sirloin kelewat matang lembek hancur menjadi bubur pada oven baking.,OVERCOOKED
tomat merah busuk basah dan mengeluarkan cairan lendir bau menyengat di cold storage dapur.,SPOILED
tempe bungkus berbau belerang busuk dan mengeluarkan cairan keruh,SPOILED
susu UHT full cream 1 liter tercatat lewat batas tanggal konsumsi aman di kemasan di gudang bahan kering.,EXPIRED
lemak berlebih dan urat keras hasil trimming kotor persiapan menu steak malam saat mise en place pagi.,PREP_WASTE
"bumbu pasta kari kalengan stempel expired date menunjukkan tanggal minggu lalu, buang segera",EXPIRED
ikan salmon fillet segar kemasukan rambut staff dapur saat proses plating makanan,CONTAMINATED
sup buntut kuah rempah 15 porsi sisa display etalase kafe malam hari yang tidak laku terjual pada dispenser buffet sarapan.,SURPLUS
daging steak sirloin bantat dan tepi loyang hangus terbakar di oven bersuhu tinggi di area deep fryer.,OVERCOOKED
kulit wortel dan bonggol brokoli sisa kupasan persiapan bumbu dasar dapur utama pada bak pembuangan prep station.,PREP_WASTE
daun selada hijau segar terkontaminasi pecahan beling piring kaca yang pecah di dekatnya di lantai kitchen line.,CONTAMINATED
daging steak sirloin terlalu lama digoreng di deep fryer sampai kering mengeras pahit di grill station.,OVERCOOKED
tomat merah ditumbuhi kapang jamur abu-abu halus beracun di laci pendingin.,SPOILED
nasi putih dan aneka lauk pauk kelebihan kuota masak harian dan tidak dapat dibekukan kembali pada meja banquet hall.,SURPLUS
nasi putih dan aneka lauk pauk kelebihan porsi pesanan katering luar yang sudah selesai di display showcase pastry.,SURPLUS
kulit wortel dan bonggol brokoli sisa pembersihan dan pemotongan persiapan sup pagi pada talenan preparation.,PREP_WASTE
susu UHT full cream 1 liter lewat masa kadaluarsa 5 hari tidak boleh dipakai masak di lemari stok bumbu.,EXPIRED
potongan daging wagyu MB7 kemasukan tetesan air kotor bocoran dari plafon exhaust dapur di lantai kitchen line.,CONTAMINATED
kulit wortel dan bonggol brokoli sisa pembersihan dan pemotongan persiapan sup pagi di area pastry preparation.,PREP_WASTE
susu UHT full cream 1 liter tanggal kedaluwarsa habis seminggu lalu belum terpakai di gudang bahan kering.,EXPIRED
susu UHT full cream 1 liter jatuh tempo tanggal expired pabrik kemarin sore pada chiller dairy.,EXPIRED
kulit wortel dan bonggol brokoli hasil pemilahan bahan sebelum proses memasak di fish station.,PREP_WASTE
daging steak sirloin bantat dan tepi loyang hangus terbakar di oven bersuhu tinggi di wajan stir-fry wok.,OVERCOOKED
saus tomat kemasan botol sudah lewat tanggal kadaluarsa 3 hari yang lalu pada area bakery.,EXPIRED
potongan daging wagyu MB7 bersentuhan langsung dengan pisau dan talenan kotor belum dicuci di dekat tempat cuci piring pot wash.,CONTAMINATED
daging steak sirloin gosong terbakar api wajan karena ditinggal memasak di grill station.,OVERCOOKED
sup buntut kuah rempah 15 porsi sisa penutupan operasional restoran malam tidak boleh disimpan di chiller holding akhir shift.,SURPLUS
susu UHT full cream 1 liter tercatat lewat batas tanggal konsumsi aman di kemasan saat rotasi stok FIFO.,EXPIRED
daging steak sirloin kelewat matang lembek hancur menjadi bubur pada kompor saute.,OVERCOOKED
kulit wortel dan bonggol brokoli sisa pemotongan rapi agar bentuk plating seragam pada station vegetable prep.,PREP_WASTE
tomat merah bagian dalam busuk kehitaman berserat berlendir di kulkas walk-in.,SPOILED
tomat merah warna menggelap kecokelatan berlendir dan berbau busuk pada wadah penyimpanan.,SPOILED
tomat merah tekstur lembek berlendir dan timbul bintik hitam jamur di kontainer prep.,SPOILED
saus bechamel keju terlalu lama di wajan penggorengan hingga gosong pahit di area deep fryer.,OVERCOOKED
susu UHT full cream 1 liter lewat masa kadaluarsa 5 hari tidak boleh dipakai masak di rak saus dan kondimen.,EXPIRED
susu UHT full cream 1 liter melewati batas tanggal best before pada label kemasan saat rotasi stok FIFO.,EXPIRED
kulit wortel dan bonggol brokoli sisa kupasan prep menu udang goreng tepung di meja butchery daging.,PREP_WASTE
potongan daging wagyu MB7 jatuh ke lantai dapur yang kotor dan berminyak di lantai kitchen line.,CONTAMINATED
daun selada hijau segar terkena cipratan cairan pembersih sabun pel lantai pada area penyimpanan kering.,CONTAMINATED
tomat merah bagian dalam busuk kehitaman berserat berlendir saat dicek quality control pagi.,SPOILED
tomat merah berbau belerang busuk dan mengeluarkan cairan keruh pada wadah penyimpanan.,SPOILED
potongan daging wagyu MB7 terkontaminasi pecahan beling piring kaca yang pecah di dekatnya di pick-up table waiter.,CONTAMINATED
tomat merah berbau belerang busuk dan mengeluarkan cairan keruh pada rak sayur bawah.,SPOILED
nasi putih dan aneka lauk pauk overproduksi sisa persiapan siang yang tidak habis malam ini di area room service.,SURPLUS
lemak berlebih dan urat keras sisa kupasan persiapan bumbu dasar dapur utama di area pastry preparation.,PREP_WASTE
nasi putih dan aneka lauk pauk kelebihan porsi karena acara pesta banquet batal sebagian di buffet counter restaurant.,SURPLUS
daging steak sirloin terlalu lama direbus tekstur hancur lebur kuah keruh gosong pada panci stock pot.,OVERCOOKED
potongan daging wagyu MB7 tersentuh tangan staff tanpa sarung tangan yang sedang flu batuk di pick-up table waiter.,CONTAMINATED
potongan daging wagyu MB7 terkena debu kotor tebal akibat renovasi ventilasi dapur pada meja prep station.,CONTAMINATED
daun selada hijau segar terkena cipratan cairan pembersih sabun pel lantai di lantai kitchen line.,CONTAMINATED
tomat merah sudah berjamur putih dan kulit lembek berair di laci pendingin.,SPOILED
saus tomat kemasan botol expired date tercantum 12 September 2026 sudah terlampaui pada kulkas pastry.,EXPIRED
daging steak sirloin terlalu lama di wajan penggorengan hingga gosong pahit di hot line station.,OVERCOOKED
tomat merah timbul lendir lengket dan aroma bangkai busuk pada wadah penyimpanan.,SPOILED
tomat merah warna menggelap kecokelatan berlendir dan berbau busuk saat dicek quality control pagi.,SPOILED
Waste log: mentega tawar kaleng melewati batas tanggal best before pada label kemasan,EXPIRED
saus bechamel keju gosong hitam legam karena api grill terlalu besar pada kompor saute.,OVERCOOKED
saus tomat kemasan botol expired date tercantum 12 September 2026 sudah terlampaui pada area bakery.,EXPIRED
saus bechamel keju gosong terbakar dan berkerak pahit saat jam sibuk dinner pada panci stock pot.,OVERCOOKED
daging steak sirloin gosong terbakar api wajan karena ditinggal memasak di area deep fryer.,OVERCOOKED
nasi putih dan aneka lauk pauk kelebihan kuota masak harian dan tidak dapat dibekukan kembali pada meja katering ballroom.,SURPLUS
susu UHT full cream 1 liter batas aman konsumsi sudah lewat per hari ini di lemari stok bumbu.,EXPIRED
daging steak sirloin gosong di luar tetapi bagian dalam masih belum matang di grill station.,OVERCOOKED
susu UHT full cream 1 liter stempel expired date menunjukkan tanggal minggu lalu di gudang bahan kering.,EXPIRED
"Reject kulit dan ekor udang, sisa pemecahan telur pembuatan adonan kue bakery",PREP_WASTE
potongan daging wagyu MB7 terkontaminasi pecahan beling piring kaca yang pecah di dekatnya di meja saji banquet.,CONTAMINATED
saus bechamel keju terlalu lama digoreng di deep fryer sampai kering mengeras pahit di wajan stir-fry wok.,OVERCOOKED
lemak berlebih dan urat keras hasil pemilahan bahan sebelum proses memasak di meja butcher station.,PREP_WASTE
nasi putih dan aneka lauk pauk sisa sajian meeting room korporat yang selesai lebih awal pada meja katering ballroom.,SURPLUS
daging steak sirloin gosong di luar tetapi bagian dalam masih belum matang di area deep fryer.,OVERCOOKED
tomat merah membusuk di dasar kontainer penyimpanan dingin di rak seafood.,SPOILED
nasi putih dan aneka lauk pauk sisa penutupan operasional restoran malam tidak boleh disimpan di holding cabinet pemanas.,SURPLUS
susu UHT full cream 1 liter tercatat lewat batas tanggal konsumsi aman di kemasan di rak saus dan kondimen.,EXPIRED
"Reject dada ayam marinasi, tercampur serpihan plastik wrap kemasan tajam yang sobek",CONTAMINATED
susu UHT full cream 1 liter batas aman konsumsi sudah lewat per hari ini saat rotasi stok FIFO.,EXPIRED
kulit wortel dan bonggol brokoli bagian keras yang tidak dipakai pada resep utama pada bak pembuangan prep station.,PREP_WASTE
tomat merah sudah berjamur putih dan kulit lembek berair di cold storage dapur.,SPOILED
kulit wortel dan bonggol brokoli sisa kupasan prep menu udang goreng tepung pada station vegetable prep.,PREP_WASTE
susu UHT full cream 1 liter expired date tercantum 12 September 2026 sudah terlampaui di rak saus dan kondimen.,EXPIRED
Waste log: daging steak sirloin terlalu lama direbus tekstur hancur lebur kuah keruh gosong,OVERCOOKED
kulit wortel dan bonggol brokoli hasil trimming kotor persiapan menu steak malam di area pastry preparation.,PREP_WASTE
tomat merah berbau belerang busuk dan mengeluarkan cairan keruh di kulkas walk-in.,SPOILED
daging steak sirloin terlalu lama di wajan penggorengan hingga gosong pahit di grill station.,OVERCOOKED
"Reject daging steak sirloin, hangus berkerak di dasar panci dan timbul bau sangit",OVERCOOKED
daun selada hijau segar terkena cipratan cairan pembersih sabun pel lantai di dekat tempat cuci piring pot wash.,CONTAMINATED
susu UHT full cream 1 liter jatuh tempo tanggal expired pabrik kemarin sore di gudang bahan kering.,EXPIRED
daun selada hijau segar kemasukan serangga lalat yang terbang di area meja plating di dekat tempat cuci piring pot wash.,CONTAMINATED
susu UHT full cream 1 liter lewat masa simpan kadaluarsa 2 hari di kulkas pantry pada kulkas pastry.,EXPIRED
Waste log: dada ayam marinasi terkontaminasi pecahan beling piring kaca yang pecah di dekatnya,CONTAMINATED
lemak berlebih dan urat keras hasil trimming kotor persiapan menu steak malam di meja butchery daging.,PREP_WASTE
daging steak sirloin hangus berkerak di dasar panci dan timbul bau sangit saat proses plating order.,OVERCOOKED
susu UHT full cream 1 liter sudah melewati masa kedaluwarsa dan kemasan agak menggelembung di lemari stok bumbu.,EXPIRED
nasi putih dan aneka lauk pauk stok porsi matang berlebih karena prediksi tamu meleset di holding cabinet pemanas.,SURPLUS
daging steak sirloin gosong di luar tetapi bagian dalam masih belum matang di hot line station.,OVERCOOKED
kulit wortel dan bonggol brokoli hasil pembersihan kulit dan akar sayuran di meja butchery daging.,PREP_WASTE
nasi putih dan aneka lauk pauk sisa prasmanan buffet dinner hotel tidak habis dikonsumsi tamu di chiller holding akhir shift.,SURPLUS
Kondisi daun selada romaine: insang pucat kehitaman mata cekung merah dan bau busuk,SPOILED
sup buntut kuah rempah 15 porsi sisa menu promo lunch siang yang berlebih dan tidak terjual di buffet counter restaurant.,SURPLUS
"kulit bawang putih dan bonggol akar bagian keras yang tidak dipakai pada resep utama, buang segera",PREP_WASTE
lemak berlebih dan urat keras hasil trimming kotor persiapan menu steak malam pada talenan preparation.,PREP_WASTE
sup buntut kuah rempah 15 porsi kelebihan porsi pesanan katering luar yang sudah selesai pada dispenser buffet sarapan.,SURPLUS
daun selada hijau segar bersentuhan langsung dengan pisau dan talenan kotor belum dicuci di pick-up table waiter.,CONTAMINATED
lemak berlebih dan urat keras bagian tidak dapat dikonsumsi dibuang saat prep siang di meja butchery daging.,PREP_WASTE
lemak berlebih dan urat keras sisa kupasan persiapan bumbu dasar dapur utama saat mise en place pagi.,PREP_WASTE
tomat merah sudah berjamur putih dan kulit lembek berair saat dicek quality control pagi.,SPOILED
nasi putih dan aneka lauk pauk sisa penutupan operasional restoran malam tidak boleh disimpan di display showcase pastry.,SURPLUS
Kondisi cumi-cumi segar: tekstur lembek berlendir dan timbul bintik hitam jamur,SPOILED
keju parmesan bubuk jar sudah lewat tanggal kadaluarsa 3 hari yang lalu,EXPIRED
daging steak sirloin kelewat matang lembek hancur menjadi bubur pada panci stock pot.,OVERCOOKED
susu UHT full cream 1 liter tanggal kedaluwarsa habis seminggu lalu belum terpakai di rak saus dan kondimen.,EXPIRED
saus tomat kemasan botol lewat masa simpan kadaluarsa 2 hari di kulkas pantry di gudang bahan kering.,EXPIRED
saus bechamel keju hangus berkerak di dasar panci dan timbul bau sangit di area deep fryer.,OVERCOOKED
"Reject tulang dan kepala ikan kakap, sisa proses fillet untuk menu ikan bakar banquet",PREP_WASTE
potongan buah melon salad jatuh ke lantai dapur yang kotor dan berminyak,CONTAMINATED
lemak berlebih dan urat keras sisa pembersihan dan pemotongan persiapan sup pagi pada station vegetable prep.,PREP_WASTE
saus bechamel keju gosong hitam legam karena api grill terlalu besar pada panci stock pot.,OVERCOOKED
Waste log: tahu goreng krispi terlalu lama di wajan penggorengan hingga gosong pahit,OVERCOOKED
Waste log: nasi timbel matang tersentuh tangan staff tanpa sarung tangan yang sedang flu batuk,CONTAMINATED
saus bechamel keju terlalu lama digoreng di deep fryer sampai kering mengeras pahit pada oven baking.,OVERCOOKED
sup buntut kuah rempah 15 porsi kelebihan porsi pesanan katering luar yang sudah selesai pada meja katering ballroom.,SURPLUS
saus bechamel keju hangus berkerak di dasar panci dan timbul bau sangit di hot line station.,OVERCOOKED
Waste log: lemak berlebih dan urat keras sisa kupas 15 kg kentang untuk mashed potato,PREP_WASTE
daging steak sirloin hangus hitam berasap pekat dan bau gosong tajam pada oven baking.,OVERCOOKED
sup buntut kuah rempah 15 porsi overproduksi sisa persiapan siang yang tidak habis malam ini di buffet counter restaurant.,SURPLUS
saus bechamel keju gosong terbakar dan berkerak pahit saat jam sibuk dinner pada kompor saute.,OVERCOOKED
daun selada hijau segar bersentuhan langsung dengan pisau dan talenan kotor belum dicuci di meja saji banquet.,CONTAMINATED
potongan daging wagyu MB7 kemasukan tetesan air kotor bocoran dari plafon exhaust dapur pada rak chiller bawah.,CONTAMINATED
Waste log: sayur bayam layu menghitam membusuk dan berlendir di dalam chiller,SPOILED
susu UHT full cream 1 liter sudah melewati masa kedaluwarsa dan kemasan agak menggelembung di rak inventory pantry.,EXPIRED
nasi putih dan aneka lauk pauk kelebihan kuota masak harian dan tidak dapat dibekukan kembali pada dispenser buffet sarapan.,SURPLUS
"Reject kentang wedges panggang, kelebihan kuota masak harian dan tidak dapat dibekukan kembali",SURPLUS
susu UHT full cream 1 liter lewat masa simpan kadaluarsa 2 hari di kulkas pantry di gudang bahan kering.,EXPIRED
sup buntut kuah rempah 15 porsi sisa penutupan operasional restoran malam tidak boleh disimpan pada dispenser buffet sarapan.,SURPLUS
tomat merah bagian dalam busuk kehitaman berserat berlendir di cold storage dapur.,SPOILED
tomat merah berlendir tebal bau tengik busuk menusuk hidung di rak seafood.,SPOILED
saus tomat kemasan botol sudah lewat tanggal kadaluarsa 3 hari yang lalu di gudang bahan kering.,EXPIRED
kulit wortel dan bonggol brokoli sisa trimming fillet dada ayam untuk sate pada talenan preparation.,PREP_WASTE
kulit wortel dan bonggol brokoli sisa kupasan prep menu udang goreng tepung di fish station.,PREP_WASTE
daging steak sirloin terlalu lama di wajan penggorengan hingga gosong pahit pada oven baking.,OVERCOOKED
"biji dan serat labu kuning sisa kupas 15 kg kentang untuk mashed potato, buang segera",PREP_WASTE
tomat merah insang pucat kehitaman mata cekung merah dan bau busuk di kontainer prep.,SPOILED
kulit wortel dan bonggol brokoli hasil pembersihan kulit dan akar sayuran pada station vegetable prep.,PREP_WASTE
tomat merah hancur lembek mencair dan berbau busuk tidak layak konsumsi di kontainer prep.,SPOILED
daging steak sirloin terbakar kering dan terasa pahit tidak bisa disajikan ke tamu di area deep fryer.,OVERCOOKED
lemak berlebih dan urat keras sisa kupasan persiapan bumbu dasar dapur utama pada station vegetable prep.,PREP_WASTE
daging steak sirloin bantat dan tepi loyang hangus terbakar di oven bersuhu tinggi saat proses plating order.,OVERCOOKED
saus tomat kemasan botol expired date tercantum 12 September 2026 sudah terlampaui di gudang bahan kering.,EXPIRED
kulit wortel dan bonggol brokoli sisa kupas 15 kg kentang untuk mashed potato di meja butcher station.,PREP_WASTE
daging steak sirloin gosong hitam legam karena api grill terlalu besar pada panci stock pot.,OVERCOOKED
Waste log: sponge cake vanila gosong terbakar dan berkerak pahit saat jam sibuk dinner,OVERCOOKED
daging steak sirloin hangus berkerak di dasar panci dan timbul bau sangit pada oven baking.,OVERCOOKED
"Reject potongan roti burger bun, kemasukan serangga lalat yang terbang di area meja plating",CONTAMINATED
nasi putih dan aneka lauk pauk sisa sajian meeting room korporat yang selesai lebih awal di chiller holding akhir shift.,SURPLUS
tomat merah sudah berjamur putih dan kulit lembek berair di chiller 1.,SPOILED
kulit wortel dan bonggol brokoli sisa pemecahan telur pembuatan adonan kue bakery saat mise en place pagi.,PREP_WASTE
kulit wortel dan bonggol brokoli sisa pembersihan dan pemotongan persiapan sup pagi di meja butcher station.,PREP_WASTE
kulit wortel dan bonggol brokoli sisa kupasan persiapan bumbu dasar dapur utama saat mise en place pagi.,PREP_WASTE
saus tomat kemasan botol melewati batas tanggal best before pada label kemasan pada chiller dairy.,EXPIRED
Waste log: roti croissant dan pastry display kelebihan kuota masak harian dan tidak dapat dibekukan kembali,SURPLUS
"pudding cokelat dessert 20 cup sisa penutupan operasional restoran malam tidak boleh disimpan, buang segera",SURPLUS
daging steak sirloin hangus berkerak di dasar panci dan timbul bau sangit di wajan stir-fry wok.,OVERCOOKED
Kondisi es batu kristal minuman: bersentuhan langsung dengan pisau dan talenan kotor belum dicuci,CONTAMINATED
sup buntut kuah rempah 15 porsi kelebihan porsi pesanan katering luar yang sudah selesai di chiller holding akhir shift.,SURPLUS
daging steak sirloin gosong terbakar api wajan karena ditinggal memasak pada oven baking.,OVERCOOKED
Waste log: tempe bungkus timbul lendir lengket dan aroma bangkai busuk,SPOILED
kulit wortel dan bonggol brokoli hasil pembersihan kulit dan akar sayuran di area pastry preparation.,PREP_WASTE
tomat merah rasa asam tajam tidak wajar dan tekstur hancur berlendir di laci pendingin.,SPOILED
Kondisi sup iga sapi: gosong terbakar api wajan karena ditinggal memasak,OVERCOOKED
Waste log: pasta marinara saus tomat sisa minuman sarapan pagi yang melebihi batas waktu saji,SURPLUS
daging steak sirloin terbakar kering dan terasa pahit tidak bisa disajikan ke tamu di grill station.,OVERCOOKED
sup buntut kuah rempah 15 porsi sisa penutupan operasional restoran malam tidak boleh disimpan di area room service.,SURPLUS
tomat merah warna menggelap kecokelatan berlendir dan berbau busuk di chiller 1.,SPOILED
sup buntut kuah rempah 15 porsi sisa menu promo lunch siang yang berlebih dan tidak terjual di holding cabinet pemanas.,SURPLUS
susu UHT full cream 1 liter sudah lewat tanggal kadaluarsa 3 hari yang lalu pada chiller dairy.,EXPIRED
kulit wortel dan bonggol brokoli sisa pembersihan dan pemotongan persiapan sup pagi di meja butchery daging.,PREP_WASTE
"kulit kentang kupasan sisa kupasan prep menu udang goreng tepung, buang segera",PREP_WASTE
susu UHT full cream 1 liter melewati masa kadaluwarsa resmi dari distributor supplier pada kulkas pastry.,EXPIRED
nasi putih dan aneka lauk pauk sisa prasmanan buffet dinner hotel tidak habis dikonsumsi tamu pada meja katering ballroom.,SURPLUS
sup buntut kuah rempah 15 porsi sisa display etalase kafe malam hari yang tidak laku terjual di holding cabinet pemanas.,SURPLUS
tomat merah ditumbuhi kapang jamur abu-abu halus beracun di cold storage dapur.,SPOILED
susu UHT full cream 1 liter tanggal kadaluarsa sudah habis saat pemeriksaan stok bulanan di rak inventory pantry.,EXPIRED
tomat merah hancur lembek mencair dan berbau busuk tidak layak konsumsi di kulkas walk-in.,SPOILED
saus tomat kemasan botol sudah lewat tanggal kadaluarsa 3 hari yang lalu di rak inventory pantry.,EXPIRED
daging steak sirloin gosong hitam legam karena api grill terlalu besar di grill station.,OVERCOOKED
saus tomat kemasan botol lewat masa simpan kadaluarsa 2 hari di kulkas pantry di lemari stok bumbu.,EXPIRED
tomat merah berlendir tebal bau tengik busuk menusuk hidung pada wadah penyimpanan.,SPOILED
daging steak sirloin gosong hitam legam karena api grill terlalu besar pada kompor saute.,OVERCOOKED
saus bechamel keju gosong terbakar dan berkerak pahit saat jam sibuk dinner di hot line station.,OVERCOOKED
potongan daging wagyu MB7 terkena cipratan cairan pembersih sabun pel lantai di dekat tempat cuci piring pot wash.,CONTAMINATED
tomat merah hancur lembek mencair dan berbau busuk tidak layak konsumsi di laci pendingin.,SPOILED
"sosis sapi bratwurst pack stempel expired date menunjukkan tanggal minggu lalu, buang segera",EXPIRED
potongan daging wagyu MB7 kemasukan tetesan air kotor bocoran dari plafon exhaust dapur pada area penyimpanan kering.,CONTAMINATED
jamur tiram rasa asam tajam tidak wajar dan tekstur hancur berlendir,SPOILED
tomat merah busuk basah dan mengeluarkan cairan lendir bau menyengat di rak seafood.,SPOILED
nasi putih dan aneka lauk pauk sisa menu promo lunch siang yang berlebih dan tidak terjual pada dispenser buffet sarapan.,SURPLUS
susu UHT full cream 1 liter expired date tercantum 12 September 2026 sudah terlampaui pada kulkas pastry.,EXPIRED
saus bechamel keju terlalu lama digoreng di deep fryer sampai kering mengeras pahit pada panci stock pot.,OVERCOOKED
potongan daging wagyu MB7 terkena cipratan cairan pembersih sabun pel lantai di lantai kitchen line.,CONTAMINATED
kulit wortel dan bonggol brokoli bagian keras yang tidak dipakai pada resep utama pada station vegetable prep.,PREP_WASTE
daging steak sirloin terbakar kering dan terasa pahit tidak bisa disajikan ke tamu di hot line station.,OVERCOOKED
"Reject ikan kembung, sudah berjamur putih dan kulit lembek berair",SPOILED
saus bechamel keju hangus berkerak di dasar panci dan timbul bau sangit pada panci stock pot.,OVERCOOKED
tomat merah berlendir tebal bau tengik busuk menusuk hidung di chiller 1.,SPOILED
Waste log: alpukat mentega layu menghitam membusuk dan berlendir di dalam chiller,SPOILED
tomat merah sudah berjamur putih dan kulit lembek berair di ruang penyimpanan basah.,SPOILED
potongan daging wagyu MB7 terkena cipratan cairan pembersih sabun pel lantai pada area penyimpanan kering.,CONTAMINATED
daging steak sirloin gosong terbakar dan berkerak pahit saat jam sibuk dinner saat proses plating order.,OVERCOOKED
nasi putih dan aneka lauk pauk overproduksi sisa persiapan siang yang tidak habis malam ini pada meja banquet hall.,SURPLUS
lemak berlebih dan urat keras sisa proses fillet untuk menu ikan bakar banquet di meja butchery daging.,PREP_WASTE
daging steak sirloin terlalu lama direbus tekstur hancur lebur kuah keruh gosong di area deep fryer.,OVERCOOKED
tomat merah bagian dalam busuk kehitaman berserat berlendir di kontainer prep.,SPOILED
nasi putih dan aneka lauk pauk sisa minuman sarapan pagi yang melebihi batas waktu saji di chiller holding akhir shift.,SURPLUS
kulit apel kupasan sisa trimming fillet dada ayam untuk sate,PREP_WASTE
susu UHT full cream 1 liter jatuh tempo tanggal expired pabrik kemarin sore pada kulkas pastry.,EXPIRED
tomat merah berlendir tebal bau tengik busuk menusuk hidung di laci pendingin.,SPOILED
nasi putih dan aneka lauk pauk sisa penutupan operasional restoran malam tidak boleh disimpan di area room service.,SURPLUS
susu UHT full cream 1 liter jatuh tempo tanggal expired pabrik kemarin sore di rak dry store.,EXPIRED
susu UHT full cream 1 liter tanggal kedaluwarsa habis seminggu lalu belum terpakai pada kulkas pastry.,EXPIRED
susu UHT full cream 1 liter lewat masa simpan kadaluarsa 2 hari di kulkas pantry di rak saus dan kondimen.,EXPIRED
potongan daging wagyu MB7 bersentuhan langsung dengan pisau dan talenan kotor belum dicuci pada rak chiller bawah.,CONTAMINATED
tomat merah hancur lembek mencair dan berbau busuk tidak layak konsumsi pada rak sayur bawah.,SPOILED
Waste log: nasi putih dan aneka lauk pauk overproduksi sisa persiapan siang yang tidak habis malam ini,SURPLUS
daging steak sirloin terlalu lama direbus tekstur hancur lebur kuah keruh gosong pada oven baking.,OVERCOOKED
nasi putih dan aneka lauk pauk sisa penutupan operasional restoran malam tidak boleh disimpan di buffet counter restaurant.,SURPLUS
susu UHT full cream 1 liter sudah lewat tanggal kadaluarsa 3 hari yang lalu di gudang bahan kering.,EXPIRED
tomat merah insang pucat kehitaman mata cekung merah dan bau busuk di kulkas walk-in.,SPOILED
tomat merah timbul lendir lengket dan aroma bangkai busuk di rak seafood.,SPOILED
nasi putih dan aneka lauk pauk kelebihan kuota masak harian dan tidak dapat dibekukan kembali di display showcase pastry.,SURPLUS
"lemak brisket sisa pemotongan daging bagian keras yang tidak dipakai pada resep utama, buang segera",PREP_WASTE
potongan daging wagyu MB7 tertetes cairan darah ayam mentah dari rak chiller bagian atas pada area penyimpanan kering.,CONTAMINATED
lemak berlebih dan urat keras sisa kupasan persiapan bumbu dasar dapur utama di meja butchery daging.,PREP_WASTE
lemak berlebih dan urat keras sisa pembersihan dan pemotongan persiapan sup pagi pada bak pembuangan prep station.,PREP_WASTE
tomat merah busuk basah dan mengeluarkan cairan lendir bau menyengat pada wadah penyimpanan.,SPOILED
"Reject kulit nanas dan bagian hati yang keras, sisa kupas 15 kg kentang untuk mashed potato",PREP_WASTE
daging steak sirloin gosong di luar tetapi bagian dalam masih belum matang pada oven baking.,OVERCOOKED
Waste log: roti croissant dan pastry display overproduksi sisa persiapan siang yang tidak habis malam ini,SURPLUS
potongan daging wagyu MB7 tertetes cairan darah ayam mentah dari rak chiller bagian atas di area plating pass.,CONTAMINATED
kulit wortel dan bonggol brokoli sisa pembersihan dan pemotongan persiapan sup pagi saat mise en place pagi.,PREP_WASTE
potongan daging wagyu MB7 kemasukan serangga lalat yang terbang di area meja plating di area plating pass.,CONTAMINATED
kulit wortel dan bonggol brokoli sisa kupasan persiapan bumbu dasar dapur utama pada talenan preparation.,PREP_WASTE
kulit wortel dan bonggol brokoli hasil pembersihan kulit dan akar sayuran saat mise en place pagi.,PREP_WASTE
susu UHT full cream 1 liter stempel expired date menunjukkan tanggal minggu lalu di rak inventory pantry.,EXPIRED
nasi putih dan aneka lauk pauk sisa sajian meeting room korporat yang selesai lebih awal pada meja banquet hall.,SURPLUS
potongan daging wagyu MB7 kemasukan rambut staff dapur saat proses plating makanan di area plating pass.,CONTAMINATED
kulit wortel dan bonggol brokoli sisa trimming fillet dada ayam untuk sate pada bak pembuangan prep station.,PREP_WASTE
kulit wortel dan bonggol brokoli bagian tidak dapat dikonsumsi dibuang saat prep siang di meja butchery daging.,PREP_WASTE
"brokoli hijau busuk basah dan mengeluarkan cairan lendir bau menyengat, buang segera",SPOILED
tomat merah berbau asam menyengat dan berubah warna keabu-abuan di rak seafood.,SPOILED
daging steak sirloin bantat dan tepi loyang hangus terbakar di oven bersuhu tinggi di hot line station.,OVERCOOKED
potongan daging wagyu MB7 tercampur serpihan plastik wrap kemasan tajam yang sobek pada meja prep station.,CONTAMINATED
tomat merah ditumbuhi kapang jamur abu-abu halus beracun di kulkas walk-in.,SPOILED
susu UHT full cream 1 liter melewati masa kadaluwarsa resmi dari distributor supplier di lemari stok bumbu.,EXPIRED
sup buntut kuah rempah 15 porsi kelebihan porsi karena acara pesta banquet batal sebagian di buffet counter restaurant.,SURPLUS
susu UHT full cream 1 liter melewati masa kadaluwarsa resmi dari distributor supplier pada area bakery.,EXPIRED
saus bechamel keju gosong terbakar dan berkerak pahit saat jam sibuk dinner di grill station.,OVERCOOKED
kulit wortel dan bonggol brokoli hasil trimming kotor persiapan menu steak malam di meja butcher station.,PREP_WASTE
potongan daging wagyu MB7 bersentuhan langsung dengan pisau dan talenan kotor belum dicuci di meja saji banquet.,CONTAMINATED
saus bechamel keju hangus berkerak di dasar panci dan timbul bau sangit di wajan stir-fry wok.,OVERCOOKED
potongan daging wagyu MB7 tercampur serpihan plastik wrap kemasan tajam yang sobek pada area penyimpanan kering.,CONTAMINATED
daging steak sirloin hangus berkerak di dasar panci dan timbul bau sangit pada kompor saute.,OVERCOOKED
daun selada hijau segar terkontaminasi pecahan beling piring kaca yang pecah di dekatnya di dekat tempat cuci piring pot wash.,CONTAMINATED
Waste log: patty burger daging sapi terlalu lama di wajan penggorengan hingga gosong pahit,OVERCOOKED
kulit wortel dan bonggol brokoli sisa pemotongan rapi agar bentuk plating seragam di meja butcher station.,PREP_WASTE
kulit wortel dan bonggol brokoli bagian tidak dapat dikonsumsi dibuang saat prep siang pada station vegetable prep.,PREP_WASTE
nasi putih dan aneka lauk pauk sisa acara gathering tamu hotel yang tidak terkonsumsi di display showcase pastry.,SURPLUS
potongan daging wagyu MB7 kemasukan tetesan air kotor bocoran dari plafon exhaust dapur di pick-up table waiter.,CONTAMINATED
kulit wortel dan bonggol brokoli hasil trimming kotor persiapan menu steak malam pada talenan preparation.,PREP_WASTE
kulit wortel dan bonggol brokoli sisa kupas 15 kg kentang untuk mashed potato pada bak pembuangan prep station.,PREP_WASTE
tomat merah bagian dalam busuk kehitaman berserat berlendir pada wadah penyimpanan.,SPOILED
sup buntut kuah rempah 15 porsi sisa prasmanan buffet dinner hotel tidak habis dikonsumsi tamu pada dispenser buffet sarapan.,SURPLUS
lemak berlebih dan urat keras bagian tidak dapat dikonsumsi dibuang saat prep siang pada bak pembuangan prep station.,PREP_WASTE
potongan daging wagyu MB7 kemasukan rambut staff dapur saat proses plating makanan pada meja prep station.,CONTAMINATED
tomat merah membusuk di dasar kontainer penyimpanan dingin pada wadah penyimpanan.,SPOILED
kulit wortel dan bonggol brokoli sisa pemecahan telur pembuatan adonan kue bakery pada station vegetable prep.,PREP_WASTE
tomat merah berbau belerang busuk dan mengeluarkan cairan keruh di cold storage dapur.,SPOILED
sup buntut kuah rempah 15 porsi overproduksi sisa persiapan siang yang tidak habis malam ini di chiller holding akhir shift.,SURPLUS
nasi putih dan aneka lauk pauk kelebihan kuota masak harian dan tidak dapat dibekukan kembali di area room service.,SURPLUS
"roti bakar srikaya gosong terbakar api wajan karena ditinggal memasak, buang segera",OVERCOOKED
sup buntut kuah rempah 15 porsi sisa display etalase kafe malam hari yang tidak laku terjual di display showcase pastry.,SURPLUS
tomat merah berbau asam menyengat dan berubah warna keabu-abuan di kulkas walk-in.,SPOILED
kulit wortel dan bonggol brokoli bagian tidak dapat dikonsumsi dibuang saat prep siang pada bak pembuangan prep station.,PREP_WASTE
sup buntut kuah rempah 15 porsi sisa display etalase kafe malam hari yang tidak laku terjual di buffet counter restaurant.,SURPLUS
nasi putih dan aneka lauk pauk sisa prasmanan buffet dinner hotel tidak habis dikonsumsi tamu pada dispenser buffet sarapan.,SURPLUS
tomat merah insang pucat kehitaman mata cekung merah dan bau busuk pada rak sayur bawah.,SPOILED
Kondisi dada ayam fillet: hancur lembek mencair dan berbau busuk tidak layak konsumsi,SPOILED
kulit wortel dan bonggol brokoli sisa pemecahan telur pembuatan adonan kue bakery di meja butcher station.,PREP_WASTE
"sate ayam madura 50 tusuk sisa acara gathering tamu hotel yang tidak terkonsumsi, buang segera",SURPLUS
kulit wortel dan bonggol brokoli sisa kupasan prep menu udang goreng tepung di area pastry preparation.,PREP_WASTE
daging steak sirloin gosong hitam legam karena api grill terlalu besar di wajan stir-fry wok.,OVERCOOKED
sup buntut kuah rempah 15 porsi sisa prasmanan buffet dinner hotel tidak habis dikonsumsi tamu di area room service.,SURPLUS
sate ayam madura 50 tusuk sisa prasmanan buffet dinner hotel tidak habis dikonsumsi tamu,SURPLUS
potongan daging wagyu MB7 terkontaminasi kotoran hama tikus di rak penyimpanan bawah pada area penyimpanan kering.,CONTAMINATED
sup buntut kuah rempah 15 porsi overproduksi sisa persiapan siang yang tidak habis malam ini pada meja banquet hall.,SURPLUS
susu UHT full cream 1 liter lewat masa kadaluarsa 5 hari tidak boleh dipakai masak di gudang bahan kering.,EXPIRED
"Reject santan kelapa instan, melewati batas tanggal best before pada label kemasan",EXPIRED
tomat merah berbau asam menyengat dan berubah warna keabu-abuan di laci pendingin.,SPOILED
potongan daging wagyu MB7 bersentuhan langsung dengan pisau dan talenan kotor belum dicuci di lantai kitchen line.,CONTAMINATED
saus tomat kemasan botol lewat masa simpan kadaluarsa 2 hari di kulkas pantry di rak dry store.,EXPIRED
sup buntut kuah rempah 15 porsi sisa penutupan operasional restoran malam tidak boleh disimpan pada meja banquet hall.,SURPLUS
susu UHT full cream 1 liter tanggal kedaluwarsa habis seminggu lalu belum terpakai saat rotasi stok FIFO.,EXPIRED
cabai rawit merah tekstur lembek berlendir dan timbul bintik hitam jamur,SPOILED
tomat merah warna menggelap kecokelatan berlendir dan berbau busuk di cold storage dapur.,SPOILED
lemak brisket sisa pemotongan daging sisa proses fillet untuk menu ikan bakar banquet,PREP_WASTE
tomat merah busuk basah dan mengeluarkan cairan lendir bau menyengat pada rak sayur bawah.,SPOILED
Waste log: susu UHT full cream 1 liter stempel expired date menunjukkan tanggal minggu lalu,EXPIRED
potongan daging wagyu MB7 kemasukan tetesan air kotor bocoran dari plafon exhaust dapur di meja saji banquet.,CONTAMINATED
nasi putih dan aneka lauk pauk kelebihan kuota masak harian dan tidak dapat dibekukan kembali di buffet counter restaurant.,SURPLUS
potongan daging wagyu MB7 kemasukan rambut staff dapur saat proses plating makanan pada rak chiller bawah.,CONTAMINATED
saus tiram botol besar tercatat lewat batas tanggal konsumsi aman di kemasan,EXPIRED
kulit wortel dan bonggol brokoli sisa kupasan prep menu udang goreng tepung pada talenan preparation.,PREP_WASTE
daging steak sirloin terbakar kering dan terasa pahit tidak bisa disajikan ke tamu pada oven baking.,OVERCOOKED
nasi putih dan aneka lauk pauk sisa menu promo lunch siang yang berlebih dan tidak terjual pada meja banquet hall.,SURPLUS
susu UHT full cream 1 liter melewati batas tanggal best before pada label kemasan di gudang bahan kering.,EXPIRED
potongan daging wagyu MB7 jatuh ke lantai dapur yang kotor dan berminyak pada rak chiller bawah.,CONTAMINATED
tomat merah warna menggelap kecokelatan berlendir dan berbau busuk di kontainer prep.,SPOILED
saus bechamel keju terlalu lama di wajan penggorengan hingga gosong pahit di hot line station.,OVERCOOKED
tomat merah ditumbuhi kapang jamur abu-abu halus beracun di rak seafood.,SPOILED
telur dadar telur gulung terlalu lama di wajan penggorengan hingga gosong pahit,OVERCOOKED
susu UHT full cream 1 liter batas aman konsumsi sudah lewat per hari ini di gudang bahan kering.,EXPIRED
nasi putih dan aneka lauk pauk kelebihan porsi karena acara pesta banquet batal sebagian di chiller holding akhir shift.,SURPLUS
kulit wortel dan bonggol brokoli bagian keras yang tidak dipakai pada resep utama di area pastry preparation.,PREP_WASTE
"ikan kakap warna menggelap kecokelatan berlendir dan berbau busuk, buang segera",SPOILED
tomat merah bagian dalam busuk kehitaman berserat berlendir di laci pendingin.,SPOILED
daun selada hijau segar terkena cipratan cairan pembersih sabun pel lantai pada rak chiller bawah.,CONTAMINATED
daging steak sirloin terlalu lama di wajan penggorengan hingga gosong pahit di area deep fryer.,OVERCOOKED
kulit wortel dan bonggol brokoli sisa trimming fillet dada ayam untuk sate saat mise en place pagi.,PREP_WASTE
susu UHT full cream 1 liter sudah lewat tanggal kadaluarsa 3 hari yang lalu pada area bakery.,EXPIRED
susu UHT full cream 1 liter melewati masa kadaluwarsa resmi dari distributor supplier pada chiller dairy.,EXPIRED
susu UHT full cream 1 liter jatuh tempo tanggal expired pabrik kemarin sore di lemari stok bumbu.,EXPIRED
lemak berlebih dan urat keras sisa kupasan persiapan bumbu dasar dapur utama pada talenan preparation.,PREP_WASTE
sup buntut kuah rempah 15 porsi sisa menu promo lunch siang yang berlebih dan tidak terjual pada meja banquet hall.,SURPLUS
daging steak sirloin terlalu lama digoreng di deep fryer sampai kering mengeras pahit saat proses plating order.,OVERCOOKED
tomat merah membusuk di dasar kontainer penyimpanan dingin saat dicek quality control pagi.,SPOILED
nasi putih dan aneka lauk pauk sisa penutupan operasional restoran malam tidak boleh disimpan di chiller holding akhir shift.,SURPLUS
"kulit nanas dan bagian hati yang keras sisa kupasan persiapan bumbu dasar dapur utama, buang segera",PREP_WASTE
daging steak sirloin terbakar kering dan terasa pahit tidak bisa disajikan ke tamu saat proses plating order.,OVERCOOKED
saus bechamel keju bantat dan tepi loyang hangus terbakar di oven bersuhu tinggi pada oven baking.,OVERCOOKED
tomat merah rasa asam tajam tidak wajar dan tekstur hancur berlendir di ruang penyimpanan basah.,SPOILED
tomat merah membusuk di dasar kontainer penyimpanan dingin di ruang penyimpanan basah.,SPOILED
lemak berlebih dan urat keras hasil trimming kotor persiapan menu steak malam pada station vegetable prep.,PREP_WASTE
potongan daging wagyu MB7 tercampur serpihan plastik wrap kemasan tajam yang sobek di pick-up table waiter.,CONTAMINATED
tomat merah layu menghitam membusuk dan berlendir di dalam chiller saat dicek quality control pagi.,SPOILED
daging steak sirloin hangus hitam berasap pekat dan bau gosong tajam pada kompor saute.,OVERCOOKED
sup buntut kuah rempah 15 porsi sisa prasmanan buffet dinner hotel tidak habis dikonsumsi tamu di buffet counter restaurant.,SURPLUS
tomat merah timbul lendir lengket dan aroma bangkai busuk di laci pendingin.,SPOILED
daging steak sirloin kelebihan waktu masak di salamander hingga keju hangus pahit pada kompor saute.,OVERCOOKED
kulit wortel dan bonggol brokoli hasil trimming kotor persiapan menu steak malam pada station vegetable prep.,PREP_WASTE
susu UHT full cream 1 liter stempel expired date menunjukkan tanggal minggu lalu di rak saus dan kondimen.,EXPIRED
tomat merah insang pucat kehitaman mata cekung merah dan bau busuk di ruang penyimpanan basah.,SPOILED
"Reject ragi roti sachet, jatuh tempo tanggal expired pabrik kemarin sore",EXPIRED
susu UHT full cream 1 liter expired date tercantum 12 September 2026 sudah terlampaui saat rotasi stok FIFO.,EXPIRED
tomat merah timbul lendir lengket dan aroma bangkai busuk pada rak sayur bawah.,SPOILED
nasi putih dan aneka lauk pauk sisa menu promo lunch siang yang berlebih dan tidak terjual di display showcase pastry.,SURPLUS
nasi putih dan aneka lauk pauk sisa prasmanan buffet dinner hotel tidak habis dikonsumsi tamu di area room service.,SURPLUS
potongan daging wagyu MB7 tercampur serpihan plastik wrap kemasan tajam yang sobek di dekat tempat cuci piring pot wash.,CONTAMINATED
nasi putih dan aneka lauk pauk sisa minuman sarapan pagi yang melebihi batas waktu saji pada meja katering ballroom.,SURPLUS
susu UHT full cream 1 liter stempel expired date menunjukkan tanggal minggu lalu di lemari stok bumbu.,EXPIRED
daun selada hijau segar bersentuhan langsung dengan pisau dan talenan kotor belum dicuci di area plating pass.,CONTAMINATED
kulit wortel dan bonggol brokoli sisa trimming fillet dada ayam untuk sate di meja butchery daging.,PREP_WASTE
potongan daging wagyu MB7 tersentuh tangan staff tanpa sarung tangan yang sedang flu batuk di dekat tempat cuci piring pot wash.,CONTAMINATED
saus tomat kemasan botol sudah lewat tanggal kadaluarsa 3 hari yang lalu di rak saus dan kondimen.,EXPIRED
"Reject saus tomat kemasan botol, expired date tercantum 12 September 2026 sudah terlampaui",EXPIRED
Kondisi nasi goreng seafood spesial: gosong hitam legam karena api grill terlalu besar,OVERCOOKED
saus tomat kemasan botol expired date tercantum 12 September 2026 sudah terlampaui di rak saus dan kondimen.,EXPIRED
tomat merah berlendir tebal bau tengik busuk menusuk hidung di cold storage dapur.,SPOILED
tomat merah rasa asam tajam tidak wajar dan tekstur hancur berlendir pada wadah penyimpanan.,SPOILED
Kondisi minyak goreng baru di penggorengan: tercampur bahan alergen kacang yang dilarang pada pesanan khusus,CONTAMINATED
nasi putih dan aneka lauk pauk overproduksi sisa persiapan siang yang tidak habis malam ini di holding cabinet pemanas.,SURPLUS
tomat merah layu menghitam membusuk dan berlendir di dalam chiller di chiller 1.,SPOILED
Kondisi minyak wijen botol: lewat masa kadaluarsa 5 hari tidak boleh dipakai masak,EXPIRED
sup buntut kuah rempah 15 porsi kelebihan porsi pesanan katering luar yang sudah selesai di display showcase pastry.,SURPLUS
tomat merah berlendir tebal bau tengik busuk menusuk hidung pada rak sayur bawah.,SPOILED
lemak berlebih dan urat keras sisa pembersihan dan pemotongan persiapan sup pagi saat mise en place pagi.,PREP_WASTE
saus bechamel keju hangus berkerak di dasar panci dan timbul bau sangit pada oven baking.,OVERCOOKED
kulit wortel dan bonggol brokoli bagian tidak dapat dikonsumsi dibuang saat prep siang pada talenan preparation.,PREP_WASTE
Waste log: sayur lodeh santan hangus hitam berasap pekat dan bau gosong tajam,OVERCOOKED
saus tomat kemasan botol melewati batas tanggal best before pada label kemasan di gudang bahan kering.,EXPIRED
tomat merah berbau asam menyengat dan berubah warna keabu-abuan di cold storage dapur.,SPOILED
nasi putih dan aneka lauk pauk sisa display etalase kafe malam hari yang tidak laku terjual pada dispenser buffet sarapan.,SURPLUS
sup buntut kuah rempah 15 porsi kelebihan porsi pesanan katering luar yang sudah selesai di holding cabinet pemanas.,SURPLUS
nasi putih dan aneka lauk pauk sisa display etalase kafe malam hari yang tidak laku terjual di holding cabinet pemanas.,SURPLUS
kulit wortel dan bonggol brokoli hasil pemilahan bahan sebelum proses memasak pada talenan preparation.,PREP_WASTE
Kondisi kulit bawang bombay dan akar seledri: sisa pemecahan telur pembuatan adonan kue bakery,PREP_WASTE
nasi putih dan aneka lauk pauk sisa acara gathering tamu hotel yang tidak terkonsumsi di chiller holding akhir shift.,SURPLUS
tomat merah tekstur lembek berlendir dan timbul bintik hitam jamur di rak seafood.,SPOILED
"Reject ikan kembung, warna menggelap kecokelatan berlendir dan berbau busuk",SPOILED
susu UHT full cream 1 liter tercatat lewat batas tanggal konsumsi aman di kemasan di lemari stok bumbu.,EXPIRED
nasi putih dan aneka lauk pauk kelebihan porsi pesanan katering luar yang sudah selesai di holding cabinet pemanas.,SURPLUS
sup buntut kuah rempah 15 porsi kelebihan porsi karena acara pesta banquet batal sebagian di display showcase pastry.,SURPLUS
nasi putih dan aneka lauk pauk kelebihan porsi pesanan katering luar yang sudah selesai di buffet counter restaurant.,SURPLUS
Waste log: bihun goreng spesial banquet kelebihan porsi pesanan katering luar yang sudah selesai,SURPLUS
daging ayam fillet sudah berjamur putih dan kulit lembek berair,SPOILED
daging steak sirloin kelebihan waktu masak di salamander hingga keju hangus pahit di grill station.,OVERCOOKED
saus bechamel keju terlalu lama digoreng di deep fryer sampai kering mengeras pahit di grill station.,OVERCOOKED
susu UHT full cream 1 liter batas aman konsumsi sudah lewat per hari ini pada area bakery.,EXPIRED
daging steak sirloin gosong terbakar api wajan karena ditinggal memasak pada panci stock pot.,OVERCOOKED
saus bechamel keju terlalu lama di wajan penggorengan hingga gosong pahit pada oven baking.,OVERCOOKED
"saus bechamel keju terlalu lama digoreng di deep fryer sampai kering mengeras pahit, buang segera",OVERCOOKED
daging steak sirloin gosong terbakar dan berkerak pahit saat jam sibuk dinner pada panci stock pot.,OVERCOOKED
daun selada hijau segar terkontaminasi pecahan beling piring kaca yang pecah di dekatnya di area plating pass.,CONTAMINATED
tomat merah berbau asam menyengat dan berubah warna keabu-abuan saat dicek quality control pagi.,SPOILED
tomat merah rasa asam tajam tidak wajar dan tekstur hancur berlendir saat dicek quality control pagi.,SPOILED
saus tomat kemasan botol melewati batas tanggal best before pada label kemasan di rak saus dan kondimen.,EXPIRED
susu UHT full cream 1 liter lewat masa kadaluarsa 5 hari tidak boleh dipakai masak di rak inventory pantry.,EXPIRED
potongan daging wagyu MB7 bersentuhan langsung dengan pisau dan talenan kotor belum dicuci di area plating pass.,CONTAMINATED
Waste log: kentang wedges panggang kelebihan porsi pesanan katering luar yang sudah selesai,SURPLUS
susu UHT full cream 1 liter expired date tercantum 12 September 2026 sudah terlampaui pada chiller dairy.,EXPIRED
tomat merah membusuk di dasar kontainer penyimpanan dingin di laci pendingin.,SPOILED
saus bechamel keju kelewat matang lembek hancur menjadi bubur,OVERCOOKED
daging steak sirloin hangus hitam berasap pekat dan bau gosong tajam di grill station.,OVERCOOKED
susu UHT full cream 1 liter sudah lewat tanggal kadaluarsa 3 hari yang lalu di rak dry store.,EXPIRED
saus tomat kemasan botol sudah lewat tanggal kadaluarsa 3 hari yang lalu pada kulkas pastry.,EXPIRED
nasi putih dan aneka lauk pauk overproduksi sisa persiapan siang yang tidak habis malam ini di display showcase pastry.,SURPLUS
potongan daging wagyu MB7 terkena debu kotor tebal akibat renovasi ventilasi dapur di pick-up table waiter.,CONTAMINATED
daun selada hijau segar jatuh ke lantai dapur yang kotor dan berminyak pada rak chiller bawah.,CONTAMINATED
potongan daging wagyu MB7 terkontaminasi kotoran hama tikus di rak penyimpanan bawah di pick-up table waiter.,CONTAMINATED
potongan daging wagyu MB7 bersentuhan langsung dengan pisau dan talenan kotor belum dicuci di pick-up table waiter.,CONTAMINATED
"tangkai cabai dan biji cabai merah sisa kupasan prep menu udang goreng tepung, buang segera",PREP_WASTE
kulit wortel dan bonggol brokoli hasil trimming kotor persiapan menu steak malam pada bak pembuangan prep station.,PREP_WASTE
tomat merah insang pucat kehitaman mata cekung merah dan bau busuk di laci pendingin.,SPOILED
lemak berlebih dan urat keras hasil trimming kotor persiapan menu steak malam pada bak pembuangan prep station.,PREP_WASTE
"daging kambing tekstur lembek berlendir dan timbul bintik hitam jamur, buang segera",SPOILED
daun selada hijau segar terkontaminasi pecahan beling piring kaca yang pecah di dekatnya pada meja prep station.,CONTAMINATED
Waste log: sayur bayam ditumbuhi kapang jamur abu-abu halus beracun,SPOILED
tomat merah berbau asam menyengat dan berubah warna keabu-abuan di ruang penyimpanan basah.,SPOILED
Kondisi ujung buncis dan serat samping: hasil trimming kotor persiapan menu steak malam,PREP_WASTE
tomat merah insang pucat kehitaman mata cekung merah dan bau busuk di rak seafood.,SPOILED
susu UHT full cream 1 liter expired date tercantum 12 September 2026 sudah terlampaui di lemari stok bumbu.,EXPIRED
sup buntut kuah rempah 15 porsi kelebihan porsi pesanan katering luar yang sudah selesai pada meja banquet hall.,SURPLUS
"Reject kulit kentang kupasan, sisa kupasan prep menu udang goreng tepung",PREP_WASTE
sup buntut kuah rempah 15 porsi kelebihan porsi pesanan katering luar yang sudah selesai di area room service.,SURPLUS
potongan daging wagyu MB7 tercampur serpihan plastik wrap kemasan tajam yang sobek di area plating pass.,CONTAMINATED
lemak berlebih dan urat keras sisa kupasan persiapan bumbu dasar dapur utama di meja butcher station.,PREP_WASTE
susu UHT full cream 1 liter batas aman konsumsi sudah lewat per hari ini pada kulkas pastry.,EXPIRED
potongan daging wagyu MB7 tercampur bahan alergen kacang yang dilarang pada pesanan khusus di dekat tempat cuci piring pot wash.,CONTAMINATED
jus jeruk segar dispenser 10 liter sisa prasmanan buffet dinner hotel tidak habis dikonsumsi tamu,SURPLUS
susu UHT full cream 1 liter sudah melewati masa kedaluwarsa dan kemasan agak menggelembung di rak dry store.,EXPIRED
tomat merah busuk basah dan mengeluarkan cairan lendir bau menyengat di ruang penyimpanan basah.,SPOILED
keju mozarella parut kemasukan serangga lalat yang terbang di area meja plating,CONTAMINATED
kulit wortel dan bonggol brokoli bagian keras yang tidak dipakai pada resep utama di fish station.,PREP_WASTE
jus jeruk segar dispenser 10 liter sisa display etalase kafe malam hari yang tidak laku terjual,SURPLUS
kulit wortel dan bonggol brokoli sisa pembersihan dan pemotongan persiapan sup pagi pada bak pembuangan prep station.,PREP_WASTE
susu UHT full cream 1 liter sudah melewati masa kedaluwarsa dan kemasan agak menggelembung pada kulkas pastry.,EXPIRED
tomat merah tekstur lembek berlendir dan timbul bintik hitam jamur saat dicek quality control pagi.,SPOILED
saus bechamel keju gosong terbakar dan berkerak pahit saat jam sibuk dinner pada oven baking.,OVERCOOKED
Kondisi kentang wedges panggang: stok porsi matang berlebih karena prediksi tamu meleset,SURPLUS
kulit wortel dan bonggol brokoli hasil trimming kotor persiapan menu steak malam saat mise en place pagi.,PREP_WASTE
lemak berlebih dan urat keras sisa pembersihan dan pemotongan persiapan sup pagi di fish station.,PREP_WASTE
Kondisi salad sayur bar lengkap saus: sisa menu promo lunch siang yang berlebih dan tidak terjual,SURPLUS
saus bechamel keju terlalu lama di wajan penggorengan hingga gosong pahit saat proses plating order.,OVERCOOKED
nasi putih dan aneka lauk pauk sisa minuman sarapan pagi yang melebihi batas waktu saji pada dispenser buffet sarapan.,SURPLUS
potongan daging wagyu MB7 kemasukan rambut staff dapur saat proses plating makanan di meja saji banquet.,CONTAMINATED
daun selada hijau segar jatuh ke lantai dapur yang kotor dan berminyak pada area penyimpanan kering.,CONTAMINATED
susu UHT full cream 1 liter expired date tercantum 12 September 2026 sudah terlampaui di gudang bahan kering.,EXPIRED
nasi putih dan aneka lauk pauk stok porsi matang berlebih karena prediksi tamu meleset pada meja banquet hall.,SURPLUS
nasi putih dan aneka lauk pauk kelebihan kuota masak harian dan tidak dapat dibekukan kembali di holding cabinet pemanas.,SURPLUS
lemak berlebih dan urat keras bagian tidak dapat dikonsumsi dibuang saat prep siang pada talenan preparation.,PREP_WASTE
daging ayam panggang bumbu rosemary overproduksi sisa persiapan siang yang tidak habis malam ini,SURPLUS
nasi putih dan aneka lauk pauk kelebihan porsi pesanan katering luar yang sudah selesai di chiller holding akhir shift.,SURPLUS
daging steak sirloin terlalu lama di wajan penggorengan hingga gosong pahit pada kompor saute.,OVERCOOKED
"Reject paprika merah, insang pucat kehitaman mata cekung merah dan bau busuk",SPOILED
saus bechamel keju bantat dan tepi loyang hangus terbakar di oven bersuhu tinggi di wajan stir-fry wok.,OVERCOOKED
sup buntut kuah rempah 15 porsi kelebihan porsi karena acara pesta banquet batal sebagian pada meja katering ballroom.,SURPLUS
"sayur bayam berbau asam menyengat dan berubah warna keabu-abuan, buang segera",SPOILED
Kondisi patty burger daging sapi: kelewat matang lembek hancur menjadi bubur,OVERCOOKED
potongan daging wagyu MB7 kemasukan rambut staff dapur saat proses plating makanan di lantai kitchen line.,CONTAMINATED
Kondisi sayur bayam: timbul lendir lengket dan aroma bangkai busuk,SPOILED
potongan daging wagyu MB7 terkontaminasi kotoran hama tikus di rak penyimpanan bawah pada rak chiller bawah.,CONTAMINATED
nasi putih dan aneka lauk pauk sisa prasmanan buffet dinner hotel tidak habis dikonsumsi tamu di display showcase pastry.,SURPLUS
daun selada hijau segar bersentuhan langsung dengan pisau dan talenan kotor belum dicuci di dekat tempat cuci piring pot wash.,CONTAMINATED
tomat merah membusuk di dasar kontainer penyimpanan dingin di kulkas walk-in.,SPOILED
susu UHT full cream 1 liter sudah melewati masa kedaluwarsa dan kemasan agak menggelembung pada chiller dairy.,EXPIRED
potongan daging wagyu MB7 tercampur serpihan plastik wrap kemasan tajam yang sobek di lantai kitchen line.,CONTAMINATED
tomat merah timbul lendir lengket dan aroma bangkai busuk di kontainer prep.,SPOILED
kulit wortel dan bonggol brokoli sisa pemecahan telur pembuatan adonan kue bakery di fish station.,PREP_WASTE
kulit wortel dan bonggol brokoli sisa pemecahan telur pembuatan adonan kue bakery di meja butchery daging.,PREP_WASTE
daun selada hijau segar terkontaminasi pecahan beling piring kaca yang pecah di dekatnya di pick-up table waiter.,CONTAMINATED
daging steak sirloin terlalu lama direbus tekstur hancur lebur kuah keruh gosong di hot line station.,OVERCOOKED
Waste log: potongan buah melon salad jatuh ke lantai dapur yang kotor dan berminyak,CONTAMINATED
saus bechamel keju gosong terbakar dan berkerak pahit saat jam sibuk dinner di wajan stir-fry wok.,OVERCOOKED
tomat merah membusuk di dasar kontainer penyimpanan dingin di cold storage dapur.,SPOILED
tomat merah layu menghitam membusuk dan berlendir di dalam chiller di kontainer prep.,SPOILED
"Reject brokoli hijau, tekstur lembek berlendir dan timbul bintik hitam jamur",SPOILED
kulit wortel dan bonggol brokoli hasil pemilahan bahan sebelum proses memasak di meja butchery daging.,PREP_WASTE
"kentang wedges panggang kelebihan porsi pesanan katering luar yang sudah selesai, buang segera",SURPLUS
susu UHT full cream 1 liter lewat masa simpan kadaluarsa 2 hari di kulkas pantry di rak dry store.,EXPIRED
saus bechamel keju terlalu lama digoreng di deep fryer sampai kering mengeras pahit di hot line station.,OVERCOOKED
nasi putih dan aneka lauk pauk sisa acara gathering tamu hotel yang tidak terkonsumsi di area room service.,SURPLUS
daun selada hijau segar kemasukan tetesan air kotor bocoran dari plafon exhaust dapur di dekat tempat cuci piring pot wash.,CONTAMINATED
tomat merah sudah berjamur putih dan kulit lembek berair di rak seafood.,SPOILED
nasi putih dan aneka lauk pauk sisa display etalase kafe malam hari yang tidak laku terjual di display showcase pastry.,SURPLUS
tomat merah tekstur lembek berlendir dan timbul bintik hitam jamur di ruang penyimpanan basah.,SPOILED
kulit wortel dan bonggol brokoli hasil pembersihan kulit dan akar sayuran pada bak pembuangan prep station.,PREP_WASTE
saus bechamel keju hangus berkerak di dasar panci dan timbul bau sangit pada kompor saute.,OVERCOOKED
susu UHT full cream 1 liter lewat masa kadaluarsa 5 hari tidak boleh dipakai masak pada chiller dairy.,EXPIRED
saus tomat kemasan botol sudah lewat tanggal kadaluarsa 3 hari yang lalu saat rotasi stok FIFO.,EXPIRED
daun selada hijau segar terkontaminasi pecahan beling piring kaca yang pecah di dekatnya pada rak chiller bawah.,CONTAMINATED
daging steak sirloin bantat dan tepi loyang hangus terbakar di oven bersuhu tinggi pada kompor saute.,OVERCOOKED
daging steak sirloin gosong terbakar api wajan karena ditinggal memasak saat proses plating order.,OVERCOOKED
potongan daging wagyu MB7 terkena debu kotor tebal akibat renovasi ventilasi dapur di lantai kitchen line.,CONTAMINATED
potongan daging wagyu MB7 tercampur bahan alergen kacang yang dilarang pada pesanan khusus pada area penyimpanan kering.,CONTAMINATED
potongan daging wagyu MB7 terkena debu kotor tebal akibat renovasi ventilasi dapur di meja saji banquet.,CONTAMINATED
susu UHT full cream 1 liter stempel expired date menunjukkan tanggal minggu lalu pada chiller dairy.,EXPIRED
daging steak sirloin kelewat matang lembek hancur menjadi bubur di hot line station.,OVERCOOKED
saus tomat kemasan botol sudah lewat tanggal kadaluarsa 3 hari yang lalu di rak dry store.,EXPIRED
kulit wortel dan bonggol brokoli sisa kupas 15 kg kentang untuk mashed potato saat mise en place pagi.,PREP_WASTE
Waste log: sayur kangkung sudah berjamur putih dan kulit lembek berair,SPOILED
"Reject es batu kristal minuman, kemasukan serangga lalat yang terbang di area meja plating",CONTAMINATED
potongan daging wagyu MB7 terkontaminasi kotoran hama tikus di rak penyimpanan bawah di meja saji banquet.,CONTAMINATED
daging steak sirloin kelebihan waktu masak di salamander hingga keju hangus pahit di wajan stir-fry wok.,OVERCOOKED
sup buntut kuah rempah 15 porsi kelebihan porsi karena acara pesta banquet batal sebagian di area room service.,SURPLUS
daging steak sirloin hangus berkerak di dasar panci dan timbul bau sangit di grill station.,OVERCOOKED
nasi putih dan aneka lauk pauk sisa prasmanan buffet dinner hotel tidak habis dikonsumsi tamu di buffet counter restaurant.,SURPLUS
lemak berlebih dan urat keras sisa proses fillet untuk menu ikan bakar banquet di meja butcher station.,PREP_WASTE
"patty burger daging sapi bantat dan tepi loyang hangus terbakar di oven bersuhu tinggi, buang segera",OVERCOOKED
tomat merah berlendir tebal bau tengik busuk menusuk hidung saat dicek quality control pagi.,SPOILED
tomat merah berlendir tebal bau tengik busuk menusuk hidung di ruang penyimpanan basah.,SPOILED
daun selada hijau segar jatuh ke lantai dapur yang kotor dan berminyak di area plating pass.,CONTAMINATED
Kondisi saus tiram botol besar: tanggal kedaluwarsa habis seminggu lalu belum terpakai,EXPIRED
daun selada hijau segar kemasukan serangga lalat yang terbang di area meja plating di meja saji banquet.,CONTAMINATED
sup buntut kuah rempah 15 porsi sisa prasmanan buffet dinner hotel tidak habis dikonsumsi tamu pada meja katering ballroom.,SURPLUS
saus bechamel keju terlalu lama digoreng di deep fryer sampai kering mengeras pahit pada kompor saute.,OVERCOOKED
potongan daging wagyu MB7 tersentuh tangan staff tanpa sarung tangan yang sedang flu batuk di meja saji banquet.,CONTAMINATED
minyak wijen botol sudah melewati masa kedaluwarsa dan kemasan agak menggelembung,EXPIRED
kulit wortel dan bonggol brokoli sisa pemotongan rapi agar bentuk plating seragam pada talenan preparation.,PREP_WASTE
saus tomat kemasan botol lewat masa simpan kadaluarsa 2 hari di kulkas pantry pada chiller dairy.,EXPIRED
susu UHT full cream 1 liter sudah lewat tanggal kadaluarsa 3 hari yang lalu saat rotasi stok FIFO.,EXPIRED
tomat merah rasa asam tajam tidak wajar dan tekstur hancur berlendir di kontainer prep.,SPOILED
nasi putih dan aneka lauk pauk stok porsi matang berlebih karena prediksi tamu meleset di buffet counter restaurant.,SURPLUS
daging steak sirloin hangus hitam berasap pekat dan bau gosong tajam di wajan stir-fry wok.,OVERCOOKED
tomat merah berlendir tebal bau tengik busuk menusuk hidung di kontainer prep.,SPOILED
potongan daging wagyu MB7 bersentuhan langsung dengan pisau dan talenan kotor belum dicuci pada meja prep station.,CONTAMINATED
Kondisi bihun goreng spesial banquet: kelebihan kuota masak harian dan tidak dapat dibekukan kembali,SURPLUS
susu UHT full cream 1 liter expired date tercantum 12 September 2026 sudah terlampaui pada area bakery.,EXPIRED
daging steak sirloin hangus hitam berasap pekat dan bau gosong tajam pada panci stock pot.,OVERCOOKED
susu UHT full cream 1 liter batas aman konsumsi sudah lewat per hari ini di rak dry store.,EXPIRED
susu UHT full cream 1 liter tanggal kadaluarsa sudah habis saat pemeriksaan stok bulanan di gudang bahan kering.,EXPIRED
nasi putih dan aneka lauk pauk kelebihan porsi pesanan katering luar yang sudah selesai pada meja katering ballroom.,SURPLUS
kulit wortel dan bonggol brokoli hasil pemilahan bahan sebelum proses memasak di meja butcher station.,PREP_WASTE
tomat merah rasa asam tajam tidak wajar dan tekstur hancur berlendir pada rak sayur bawah.,SPOILED
susu UHT full cream 1 liter sudah lewat tanggal kadaluarsa 3 hari yang lalu di rak inventory pantry.,EXPIRED
susu UHT full cream 1 liter melewati batas tanggal best before pada label kemasan pada kulkas pastry.,EXPIRED
kulit wortel dan bonggol brokoli bagian keras yang tidak dipakai pada resep utama saat mise en place pagi.,PREP_WASTE
susu UHT full cream 1 liter tercatat lewat batas tanggal konsumsi aman di kemasan di rak inventory pantry.,EXPIRED
kulit wortel dan bonggol brokoli sisa kupas 15 kg kentang untuk mashed potato pada talenan preparation.,PREP_WASTE
"saus salad dressing thousand island terkena debu kotor tebal akibat renovasi ventilasi dapur, buang segera",CONTAMINATED
nasi putih dan aneka lauk pauk kelebihan porsi pesanan katering luar yang sudah selesai di area room service.,SURPLUS
sup buntut kuah rempah 15 porsi overproduksi sisa persiapan siang yang tidak habis malam ini pada dispenser buffet sarapan.,SURPLUS
Kondisi daun selada hijau segar: terkena cipratan cairan pembersih sabun pel lantai,CONTAMINATED
sup buntut kuah rempah 15 porsi kelebihan porsi karena acara pesta banquet batal sebagian di holding cabinet pemanas.,SURPLUS
tomat merah rasa asam tajam tidak wajar dan tekstur hancur berlendir di cold storage dapur.,SPOILED
daging steak sirloin kelebihan waktu masak di salamander hingga keju hangus pahit pada oven baking.,OVERCOOKED
kulit wortel dan bonggol brokoli hasil pemilahan bahan sebelum proses memasak di area pastry preparation.,PREP_WASTE
nasi putih dan aneka lauk pauk overproduksi sisa persiapan siang yang tidak habis malam ini di chiller holding akhir shift.,SURPLUS
Waste log: adonan sup asparagus kepiting kemasukan rambut staff dapur saat proses plating makanan,CONTAMINATED
potongan daging wagyu MB7 kemasukan serangga lalat yang terbang di area meja plating pada meja prep station.,CONTAMINATED
sup buntut kuah rempah 15 porsi overproduksi sisa persiapan siang yang tidak habis malam ini di display showcase pastry.,SURPLUS
susu UHT full cream 1 liter tanggal kedaluwarsa habis seminggu lalu belum terpakai di rak inventory pantry.,EXPIRED
daging steak sirloin kelebihan waktu masak di salamander hingga keju hangus pahit pada panci stock pot.,OVERCOOKED
tomat merah sudah berjamur putih dan kulit lembek berair di kulkas walk-in.,SPOILED
daun selada hijau segar bersentuhan langsung dengan pisau dan talenan kotor belum dicuci pada meja prep station.,CONTAMINATED
nasi putih dan aneka lauk pauk sisa display etalase kafe malam hari yang tidak laku terjual di buffet counter restaurant.,SURPLUS
tomat merah berbau belerang busuk dan mengeluarkan cairan keruh di chiller 1.,SPOILED
daging steak sirloin gosong terbakar api wajan karena ditinggal memasak di wajan stir-fry wok.,OVERCOOKED
nasi putih dan aneka lauk pauk sisa menu promo lunch siang yang berlebih dan tidak terjual pada meja katering ballroom.,SURPLUS
daun selada hijau segar kemasukan tetesan air kotor bocoran dari plafon exhaust dapur pada rak chiller bawah.,CONTAMINATED
kulit wortel dan bonggol brokoli sisa proses fillet untuk menu ikan bakar banquet di area pastry preparation.,PREP_WASTE
"daging ayam panggang bumbu rosemary kelebihan porsi pesanan katering luar yang sudah selesai, buang segera",SURPLUS
potongan daging wagyu MB7 terkena debu kotor tebal akibat renovasi ventilasi dapur di area plating pass.,CONTAMINATED
lemak berlebih dan urat keras hasil pemilahan bahan sebelum proses memasak di fish station.,PREP_WASTE
susu UHT full cream 1 liter stempel expired date menunjukkan tanggal minggu lalu saat rotasi stok FIFO.,EXPIRED
nasi putih dan aneka lauk pauk sisa minuman sarapan pagi yang melebihi batas waktu saji di area room service.,SURPLUS
kulit wortel dan bonggol brokoli sisa trimming fillet dada ayam untuk sate pada station vegetable prep.,PREP_WASTE
lemak berlebih dan urat keras bagian tidak dapat dikonsumsi dibuang saat prep siang di meja butcher station.,PREP_WASTE
daun selada hijau segar jatuh ke lantai dapur yang kotor dan berminyak di pick-up table waiter.,CONTAMINATED
tomat merah membusuk di dasar kontainer penyimpanan dingin pada rak sayur bawah.,SPOILED
"crust pizza mozarella gosong terbakar dan berkerak pahit saat jam sibuk dinner, buang segera",OVERCOOKED
susu UHT full cream 1 liter sudah melewati masa kedaluwarsa dan kemasan agak menggelembung di rak saus dan kondimen.,EXPIRED
nasi putih dan aneka lauk pauk sisa sajian meeting room korporat yang selesai lebih awal di buffet counter restaurant.,SURPLUS
daging steak sirloin hangus hitam berasap pekat dan bau gosong tajam saat proses plating order.,OVERCOOKED
saus bechamel keju gosong terbakar dan berkerak pahit saat jam sibuk dinner saat proses plating order.,OVERCOOKED
kulit wortel dan bonggol brokoli hasil trimming kotor persiapan menu steak malam di fish station.,PREP_WASTE
daun selada hijau segar jatuh ke lantai dapur yang kotor dan berminyak di meja saji banquet.,CONTAMINATED
saus bechamel keju terlalu lama digoreng di deep fryer sampai kering mengeras pahit saat proses plating order.,OVERCOOKED
nasi putih dan aneka lauk pauk sisa acara gathering tamu hotel yang tidak terkonsumsi pada dispenser buffet sarapan.,SURPLUS
susu UHT full cream 1 liter sudah melewati masa kedaluwarsa dan kemasan agak menggelembung pada area bakery.,EXPIRED
potongan daging wagyu MB7 tercampur bahan alergen kacang yang dilarang pada pesanan khusus di meja saji banquet.,CONTAMINATED
nasi timbel matang terkontaminasi pecahan beling piring kaca yang pecah di dekatnya,CONTAMINATED
saus bechamel keju bantat dan tepi loyang hangus terbakar di oven bersuhu tinggi di area deep fryer.,OVERCOOKED
saus tomat kemasan botol melewati batas tanggal best before pada label kemasan di lemari stok bumbu.,EXPIRED
saus bechamel keju gosong hitam legam karena api grill terlalu besar di wajan stir-fry wok.,OVERCOOKED
kulit wortel dan bonggol brokoli sisa kupas 15 kg kentang untuk mashed potato di area pastry preparation.,PREP_WASTE
sup buntut kuah rempah 15 porsi sisa display etalase kafe malam hari yang tidak laku terjual di chiller holding akhir shift.,SURPLUS
Waste log: sayur lodeh santan gosong terbakar api wajan karena ditinggal memasak,OVERCOOKED
Waste log: whipping cream cair 1 liter tanggal kadaluarsa sudah habis saat pemeriksaan stok bulanan,EXPIRED
susu UHT full cream 1 liter lewat masa kadaluarsa 5 hari tidak boleh dipakai masak saat rotasi stok FIFO.,EXPIRED
potongan daging wagyu MB7 terkontaminasi pecahan beling piring kaca yang pecah di dekatnya di lantai kitchen line.,CONTAMINATED
daging steak sirloin terbakar kering dan terasa pahit tidak bisa disajikan ke tamu pada kompor saute.,OVERCOOKED
daging steak sirloin terbakar kering dan terasa pahit tidak bisa disajikan ke tamu di wajan stir-fry wok.,OVERCOOKED
susu UHT full cream 1 liter batas aman konsumsi sudah lewat per hari ini di rak inventory pantry.,EXPIRED
kulit wortel dan bonggol brokoli sisa kupasan persiapan bumbu dasar dapur utama di meja butcher station.,PREP_WASTE
kulit wortel dan bonggol brokoli sisa proses fillet untuk menu ikan bakar banquet di meja butcher station.,PREP_WASTE
susu UHT full cream 1 liter tanggal kedaluwarsa habis seminggu lalu belum terpakai pada area bakery.,EXPIRED
"Reject pudding cokelat dessert 20 cup, sisa prasmanan buffet dinner hotel tidak habis dikonsumsi tamu",SURPLUS
nasi putih dan aneka lauk pauk sisa penutupan operasional restoran malam tidak boleh disimpan pada meja banquet hall.,SURPLUS
lemak berlebih dan urat keras hasil trimming kotor persiapan menu steak malam di meja butcher station.,PREP_WASTE
Waste log: mie telur kering bungkus lewat masa kadaluarsa 5 hari tidak boleh dipakai masak,EXPIRED
lemak berlebih dan urat keras hasil pemilahan bahan sebelum proses memasak pada station vegetable prep.,PREP_WASTE
daging steak sirloin kelebihan waktu masak di salamander hingga keju hangus pahit saat proses plating order.,OVERCOOKED
Kondisi nasi kuning tumpeng komplit: stok porsi matang berlebih karena prediksi tamu meleset,SURPLUS
potongan daging wagyu MB7 tertetes cairan darah ayam mentah dari rak chiller bagian atas di pick-up table waiter.,CONTAMINATED
"Reject whipping cream cair 1 liter, lewat masa simpan kadaluarsa 2 hari di kulkas pantry",EXPIRED
daging steak sirloin terlalu lama digoreng di deep fryer sampai kering mengeras pahit pada kompor saute.,OVERCOOKED
daging steak sirloin gosong terbakar api wajan karena ditinggal memasak pada kompor saute.,OVERCOOKED
nasi putih dan aneka lauk pauk stok porsi matang berlebih karena prediksi tamu meleset di display showcase pastry.,SURPLUS
nasi putih dan aneka lauk pauk kelebihan porsi karena acara pesta banquet batal sebagian di area room service.,SURPLUS
saus bechamel keju gosong hitam legam karena api grill terlalu besar pada oven baking.,OVERCOOKED
nasi putih dan aneka lauk pauk sisa minuman sarapan pagi yang melebihi batas waktu saji di buffet counter restaurant.,SURPLUS
daging steak sirloin terlalu lama digoreng di deep fryer sampai kering mengeras pahit di area deep fryer.,OVERCOOKED
saus bechamel keju bantat dan tepi loyang hangus terbakar di oven bersuhu tinggi pada panci stock pot.,OVERCOOKED
daging steak sirloin bantat dan tepi loyang hangus terbakar di oven bersuhu tinggi pada panci stock pot.,OVERCOOKED
potongan daging wagyu MB7 tertetes cairan darah ayam mentah dari rak chiller bagian atas di dekat tempat cuci piring pot wash.,CONTAMINATED
tomat merah berbau belerang busuk dan mengeluarkan cairan keruh di laci pendingin.,SPOILED
susu UHT full cream 1 liter jatuh tempo tanggal expired pabrik kemarin sore pada area bakery.,EXPIRED
Waste log: roti bakar srikaya gosong hitam legam karena api grill terlalu besar,OVERCOOKED
nasi putih dan aneka lauk pauk sisa sajian meeting room korporat yang selesai lebih awal di area room service.,SURPLUS
"alpukat mentega membusuk di dasar kontainer penyimpanan dingin, buang segera",SPOILED
Kondisi ujung batang asparagus dan kulit tebal: hasil trimming kotor persiapan menu steak malam,PREP_WASTE
tomat merah tekstur lembek berlendir dan timbul bintik hitam jamur di laci pendingin.,SPOILED
daging steak sirloin gosong hitam legam karena api grill terlalu besar di area deep fryer.,OVERCOOKED
"Reject dada ayam fillet, berbau asam menyengat dan berubah warna keabu-abuan",SPOILED
saus bechamel keju hangus berkerak di dasar panci dan timbul bau sangit di grill station.,OVERCOOKED
sup buntut kuah rempah 15 porsi kelebihan porsi karena acara pesta banquet batal sebagian di chiller holding akhir shift.,SURPLUS
nasi putih dan aneka lauk pauk stok porsi matang berlebih karena prediksi tamu meleset pada dispenser buffet sarapan.,SURPLUS
nasi putih dan aneka lauk pauk sisa minuman sarapan pagi yang melebihi batas waktu saji pada meja banquet hall.,SURPLUS
lemak berlebih dan urat keras sisa kupasan persiapan bumbu dasar dapur utama pada bak pembuangan prep station.,PREP_WASTE
potongan daging wagyu MB7 terkena cipratan cairan pembersih sabun pel lantai di pick-up table waiter.,CONTAMINATED
nasi putih dan aneka lauk pauk sisa prasmanan buffet dinner hotel tidak habis dikonsumsi tamu pada meja banquet hall.,SURPLUS
tomat merah warna menggelap kecokelatan berlendir dan berbau busuk di laci pendingin.,SPOILED
daging steak sirloin gosong terbakar dan berkerak pahit saat jam sibuk dinner pada kompor saute.,OVERCOOKED
susu UHT full cream 1 liter jatuh tempo tanggal expired pabrik kemarin sore saat rotasi stok FIFO.,EXPIRED
potongan daging wagyu MB7 terkontaminasi pecahan beling piring kaca yang pecah di dekatnya di area plating pass.,CONTAMINATED
daun selada hijau segar kemasukan tetesan air kotor bocoran dari plafon exhaust dapur pada meja prep station.,CONTAMINATED
daging steak sirloin bantat dan tepi loyang hangus terbakar di oven bersuhu tinggi di grill station.,OVERCOOKED
"bawang merah goreng terlalu lama direbus tekstur hancur lebur kuah keruh gosong, buang segera",OVERCOOKED
kulit wortel dan bonggol brokoli sisa pemotongan rapi agar bentuk plating seragam pada bak pembuangan prep station.,PREP_WASTE
"Reject saus sambal mangkok saji, kemasukan tetesan air kotor bocoran dari plafon exhaust dapur",CONTAMINATED
daging steak sirloin hangus berkerak di dasar panci dan timbul bau sangit pada panci stock pot.,OVERCOOKED
daun selada hijau segar bersentuhan langsung dengan pisau dan talenan kotor belum dicuci pada rak chiller bawah.,CONTAMINATED
sup buntut kuah rempah 15 porsi overproduksi sisa persiapan siang yang tidak habis malam ini di holding cabinet pemanas.,SURPLUS
susu UHT full cream 1 liter melewati batas tanggal best before pada label kemasan pada area bakery.,EXPIRED
kulit wortel dan bonggol brokoli bagian tidak dapat dikonsumsi dibuang saat prep siang di meja butcher station.,PREP_WASTE
potongan daging wagyu MB7 tertetes cairan darah ayam mentah dari rak chiller bagian atas di meja saji banquet.,CONTAMINATED
Kondisi bumbu kacang sate: kemasukan rambut staff dapur saat proses plating makanan,CONTAMINATED
kulit wortel dan bonggol brokoli bagian tidak dapat dikonsumsi dibuang saat prep siang di fish station.,PREP_WASTE
potongan daging wagyu MB7 tersentuh tangan staff tanpa sarung tangan yang sedang flu batuk di area plating pass.,CONTAMINATED
nasi putih dan aneka lauk pauk sisa minuman sarapan pagi yang melebihi batas waktu saji di display showcase pastry.,SURPLUS
susu UHT full cream 1 liter tanggal kedaluwarsa habis seminggu lalu belum terpakai pada chiller dairy.,EXPIRED
tomat merah sudah berjamur putih dan kulit lembek berair pada wadah penyimpanan.,SPOILED
potongan daging wagyu MB7 tersentuh tangan staff tanpa sarung tangan yang sedang flu batuk di lantai kitchen line.,CONTAMINATED
saus bechamel keju gosong hitam legam karena api grill terlalu besar di hot line station.,OVERCOOKED
sup buntut kuah rempah 15 porsi sisa display etalase kafe malam hari yang tidak laku terjual di area room service.,SURPLUS
nasi putih dan aneka lauk pauk kelebihan porsi pesanan katering luar yang sudah selesai pada dispenser buffet sarapan.,SURPLUS
daging steak sirloin kelewat matang lembek hancur menjadi bubur di area deep fryer.,OVERCOOKED
potongan daging wagyu MB7 kemasukan serangga lalat yang terbang di area meja plating di meja saji banquet.,CONTAMINATED
daging steak sirloin hangus berkerak di dasar panci dan timbul bau sangit di hot line station.,OVERCOOKED
potongan daging wagyu MB7 jatuh ke lantai dapur yang kotor dan berminyak di pick-up table waiter.,CONTAMINATED
"Reject pasta marinara saus tomat, sisa minuman sarapan pagi yang melebihi batas waktu saji",SURPLUS
saus bechamel keju terlalu lama di wajan penggorengan hingga gosong pahit pada kompor saute.,OVERCOOKED
tomat merah warna menggelap kecokelatan berlendir dan berbau busuk di rak seafood.,SPOILED
potongan daging wagyu MB7 kemasukan rambut staff dapur saat proses plating makanan pada area penyimpanan kering.,CONTAMINATED
potongan daging wagyu MB7 terkena cipratan cairan pembersih sabun pel lantai pada meja prep station.,CONTAMINATED
daging steak sirloin bantat dan tepi loyang hangus terbakar di oven bersuhu tinggi pada oven baking.,OVERCOOKED
kulit wortel dan bonggol brokoli hasil pemilahan bahan sebelum proses memasak saat mise en place pagi.,PREP_WASTE
lemak berlebih dan urat keras bagian tidak dapat dikonsumsi dibuang saat prep siang saat mise en place pagi.,PREP_WASTE
tomat merah insang pucat kehitaman mata cekung merah dan bau busuk saat dicek quality control pagi.,SPOILED
tomat merah tekstur lembek berlendir dan timbul bintik hitam jamur pada rak sayur bawah.,SPOILED
nasi putih dan aneka lauk pauk sisa penutupan operasional restoran malam tidak boleh disimpan pada meja katering ballroom.,SURPLUS
potongan daging wagyu MB7 terkontaminasi kotoran hama tikus di rak penyimpanan bawah di dekat tempat cuci piring pot wash.,CONTAMINATED
daun selada hijau segar kemasukan serangga lalat yang terbang di area meja plating pada meja prep station.,CONTAMINATED
susu UHT full cream 1 liter melewati batas tanggal best before pada label kemasan di lemari stok bumbu.,EXPIRED
tomat merah hancur lembek mencair dan berbau busuk tidak layak konsumsi pada wadah penyimpanan.,SPOILED
tomat merah busuk basah dan mengeluarkan cairan lendir bau menyengat saat dicek quality control pagi.,SPOILED
sup buntut kuah rempah 15 porsi sisa prasmanan buffet dinner hotel tidak habis dikonsumsi tamu di holding cabinet pemanas.,SURPLUS
susu UHT full cream 1 liter sudah melewati masa kedaluwarsa dan kemasan agak menggelembung di gudang bahan kering.,EXPIRED
lemak berlebih dan urat keras sisa proses fillet untuk menu ikan bakar banquet pada station vegetable prep.,PREP_WASTE
potongan daging wagyu MB7 tersentuh tangan staff tanpa sarung tangan yang sedang flu batuk pada area penyimpanan kering.,CONTAMINATED
kulit wortel dan bonggol brokoli sisa kupasan persiapan bumbu dasar dapur utama di area pastry preparation.,PREP_WASTE
susu UHT full cream 1 liter tanggal kadaluarsa sudah habis saat pemeriksaan stok bulanan di rak dry store.,EXPIRED
kulit wortel dan bonggol brokoli sisa pemecahan telur pembuatan adonan kue bakery di area pastry preparation.,PREP_WASTE
saus bechamel keju bantat dan tepi loyang hangus terbakar di oven bersuhu tinggi di hot line station.,OVERCOOKED
kulit wortel dan bonggol brokoli sisa proses fillet untuk menu ikan bakar banquet pada talenan preparation.,PREP_WASTE
daging steak sirloin terlalu lama direbus tekstur hancur lebur kuah keruh gosong di wajan stir-fry wok.,OVERCOOKED
lemak berlebih dan urat keras bagian tidak dapat dikonsumsi dibuang saat prep siang di area pastry preparation.,PREP_WASTE
tomat merah hancur lembek mencair dan berbau busuk tidak layak konsumsi di rak seafood.,SPOILED
tomat merah ditumbuhi kapang jamur abu-abu halus beracun pada rak sayur bawah.,SPOILED
lemak berlebih dan urat keras sisa pembersihan dan pemotongan persiapan sup pagi pada talenan preparation.,PREP_WASTE
saus bechamel keju gosong hitam legam karena api grill terlalu besar saat proses plating order.,OVERCOOKED
tomat merah rasa asam tajam tidak wajar dan tekstur hancur berlendir di rak seafood.,SPOILED
sate ayam madura 50 tusuk kelebihan kuota masak harian dan tidak dapat dibekukan kembali,SURPLUS
"Reject lemak brisket sisa pemotongan daging, sisa kupasan prep menu udang goreng tepung",PREP_WASTE
daun selada hijau segar kemasukan serangga lalat yang terbang di area meja plating di area plating pass.,CONTAMINATED
Kondisi jus jeruk segar dispenser 10 liter: sisa display etalase kafe malam hari yang tidak laku terjual,SURPLUS
tomat merah ditumbuhi kapang jamur abu-abu halus beracun pada wadah penyimpanan.,SPOILED
potongan daging wagyu MB7 terkena debu kotor tebal akibat renovasi ventilasi dapur pada area penyimpanan kering.,CONTAMINATED
tomat merah berbau asam menyengat dan berubah warna keabu-abuan pada wadah penyimpanan.,SPOILED
"Reject daging sapi tenderloin, berbau belerang busuk dan mengeluarkan cairan keruh",SPOILED
tomat merah insang pucat kehitaman mata cekung merah dan bau busuk di chiller 1.,SPOILED
lemak berlebih dan urat keras sisa proses fillet untuk menu ikan bakar banquet pada bak pembuangan prep station.,PREP_WASTE
kulit wortel dan bonggol brokoli sisa kupasan persiapan bumbu dasar dapur utama di meja butchery daging.,PREP_WASTE
susu UHT full cream 1 liter sudah lewat tanggal kadaluarsa 3 hari yang lalu di rak saus dan kondimen.,EXPIRED
potongan daging wagyu MB7 kemasukan tetesan air kotor bocoran dari plafon exhaust dapur di dekat tempat cuci piring pot wash.,CONTAMINATED
susu UHT full cream 1 liter tanggal kedaluwarsa habis seminggu lalu belum terpakai di rak dry store.,EXPIRED
nasi putih dan aneka lauk pauk sisa display etalase kafe malam hari yang tidak laku terjual pada meja katering ballroom.,SURPLUS
potongan daging wagyu MB7 tertetes cairan darah ayam mentah dari rak chiller bagian atas pada meja prep station.,CONTAMINATED
tomat merah layu menghitam membusuk dan berlendir di dalam chiller pada rak sayur bawah.,SPOILED
Waste log: potongan buah melon salad terkontaminasi kotoran hama tikus di rak penyimpanan bawah,CONTAMINATED
Kondisi santan kelapa instan: batas aman konsumsi sudah lewat per hari ini,EXPIRED
potongan daging wagyu MB7 terkontaminasi pecahan beling piring kaca yang pecah di dekatnya pada area penyimpanan kering.,CONTAMINATED
potongan daging wagyu MB7 jatuh ke lantai dapur yang kotor dan berminyak pada meja prep station.,CONTAMINATED
potongan daging wagyu MB7 jatuh ke lantai dapur yang kotor dan berminyak pada area penyimpanan kering.,CONTAMINATED
susu UHT full cream 1 liter tanggal kadaluarsa sudah habis saat pemeriksaan stok bulanan di rak saus dan kondimen.,EXPIRED
Kondisi bawang merah goreng: gosong hitam legam karena api grill terlalu besar,OVERCOOKED
susu UHT full cream 1 liter tercatat lewat batas tanggal konsumsi aman di kemasan pada area bakery.,EXPIRED
potongan daging wagyu MB7 terkena cipratan cairan pembersih sabun pel lantai di area plating pass.,CONTAMINATED
kulit wortel dan bonggol brokoli sisa pemotongan rapi agar bentuk plating seragam di fish station.,PREP_WASTE
kulit wortel dan bonggol brokoli hasil pembersihan kulit dan akar sayuran pada talenan preparation.,PREP_WASTE
susu UHT full cream 1 liter melewati masa kadaluwarsa resmi dari distributor supplier di rak dry store.,EXPIRED
potongan daging wagyu MB7 tercampur bahan alergen kacang yang dilarang pada pesanan khusus pada meja prep station.,CONTAMINATED
daun selada hijau segar kemasukan tetesan air kotor bocoran dari plafon exhaust dapur di area plating pass.,CONTAMINATED
susu UHT full cream 1 liter stempel expired date menunjukkan tanggal minggu lalu pada area bakery.,EXPIRED
sup buntut kuah rempah 15 porsi sisa prasmanan buffet dinner hotel tidak habis dikonsumsi tamu pada meja banquet hall.,SURPLUS
"bihun goreng spesial banquet sisa prasmanan buffet dinner hotel tidak habis dikonsumsi tamu, buang segera",SURPLUS
susu UHT full cream 1 liter melewati batas tanggal best before pada label kemasan di rak inventory pantry.,EXPIRED
Waste log: cumi-cumi segar rasa asam tajam tidak wajar dan tekstur hancur berlendir,SPOILED
potongan daging wagyu MB7 terkena cipratan cairan pembersih sabun pel lantai pada rak chiller bawah.,CONTAMINATED
kulit wortel dan bonggol brokoli hasil pemilahan bahan sebelum proses memasak pada station vegetable prep.,PREP_WASTE
potongan ayam goreng tepung terlalu lama digoreng di deep fryer sampai kering mengeras pahit,OVERCOOKED
daging steak sirloin gosong terbakar dan berkerak pahit saat jam sibuk dinner pada oven baking.,OVERCOOKED
sup buntut kuah rempah 15 porsi sisa penutupan operasional restoran malam tidak boleh disimpan di holding cabinet pemanas.,SURPLUS
sup buntut kuah rempah 15 porsi sisa penutupan operasional restoran malam tidak boleh disimpan pada meja katering ballroom.,SURPLUS
susu UHT full cream 1 liter melewati batas tanggal best before pada label kemasan di rak saus dan kondimen.,EXPIRED
tomat merah tekstur lembek berlendir dan timbul bintik hitam jamur pada wadah penyimpanan.,SPOILED
potongan daging wagyu MB7 terkontaminasi kotoran hama tikus di rak penyimpanan bawah pada meja prep station.,CONTAMINATED
lemak berlebih dan urat keras hasil pemilahan bahan sebelum proses memasak pada bak pembuangan prep station.,PREP_WASTE
Kondisi kentang wedges panggang: sisa prasmanan buffet dinner hotel tidak habis dikonsumsi tamu,SURPLUS
tomat merah warna menggelap kecokelatan berlendir dan berbau busuk di kulkas walk-in.,SPOILED
saus sambal mangkok saji tersentuh tangan staff tanpa sarung tangan yang sedang flu batuk,CONTAMINATED
daging steak sirloin gosong terbakar dan berkerak pahit saat jam sibuk dinner di area deep fryer.,OVERCOOKED
potongan daging wagyu MB7 terkontaminasi kotoran hama tikus di rak penyimpanan bawah di lantai kitchen line.,CONTAMINATED
susu UHT full cream 1 liter jatuh tempo tanggal expired pabrik kemarin sore di rak saus dan kondimen.,EXPIRED
tomat merah berbau asam menyengat dan berubah warna keabu-abuan di kontainer prep.,SPOILED
saus tomat kemasan botol melewati batas tanggal best before pada label kemasan di rak dry store.,EXPIRED
daging steak sirloin gosong di luar tetapi bagian dalam masih belum matang di wajan stir-fry wok.,OVERCOOKED
kulit wortel dan bonggol brokoli sisa proses fillet untuk menu ikan bakar banquet di meja butchery daging.,PREP_WASTE
Kondisi daun selada romaine: berbau asam menyengat dan berubah warna keabu-abuan,SPOILED
daun selada hijau segar kemasukan serangga lalat yang terbang di area meja plating di lantai kitchen line.,CONTAMINATED
tomat merah busuk basah dan mengeluarkan cairan lendir bau menyengat di chiller 1.,SPOILED
saus bechamel keju gosong hitam legam karena api grill terlalu besar di grill station.,OVERCOOKED
daun selada hijau segar terkena cipratan cairan pembersih sabun pel lantai pada meja prep station.,CONTAMINATED
daging steak sirloin gosong terbakar dan berkerak pahit saat jam sibuk dinner di hot line station.,OVERCOOKED
"Reject ikan bakar rica-rica 10 porsi, overproduksi sisa persiapan siang yang tidak habis malam ini",SURPLUS
saus bechamel keju terlalu lama di wajan penggorengan hingga gosong pahit di grill station.,OVERCOOKED
nasi putih dan aneka lauk pauk sisa acara gathering tamu hotel yang tidak terkonsumsi di holding cabinet pemanas.,SURPLUS
susu UHT full cream 1 liter expired date tercantum 12 September 2026 sudah terlampaui di rak dry store.,EXPIRED
nasi putih dan aneka lauk pauk stok porsi matang berlebih karena prediksi tamu meleset di area room service.,SURPLUS
Kondisi saus bechamel keju: gosong hitam legam karena api grill terlalu besar,OVERCOOKED
lemak brisket sisa pemotongan daging hasil trimming kotor persiapan menu steak malam,PREP_WASTE
lemak berlebih dan urat keras hasil trimming kotor persiapan menu steak malam di area pastry preparation.,PREP_WASTE
daun selada hijau segar bersentuhan langsung dengan pisau dan talenan kotor belum dicuci di lantai kitchen line.,CONTAMINATED
potongan daging wagyu MB7 terkontaminasi pecahan beling piring kaca yang pecah di dekatnya di dekat tempat cuci piring pot wash.,CONTAMINATED
susu UHT full cream 1 liter lewat masa kadaluarsa 5 hari tidak boleh dipakai masak di rak dry store.,EXPIRED
tomat merah busuk basah dan mengeluarkan cairan lendir bau menyengat di kulkas walk-in.,SPOILED
kulit wortel dan bonggol brokoli sisa pemotongan rapi agar bentuk plating seragam di meja butchery daging.,PREP_WASTE
susu UHT full cream 1 liter melewati masa kadaluwarsa resmi dari distributor supplier saat rotasi stok FIFO.,EXPIRED
nasi putih dan aneka lauk pauk sisa acara gathering tamu hotel yang tidak terkonsumsi pada meja banquet hall.,SURPLUS
kulit wortel dan bonggol brokoli sisa proses fillet untuk menu ikan bakar banquet pada station vegetable prep.,PREP_WASTE
potongan daging wagyu MB7 kemasukan rambut staff dapur saat proses plating makanan di pick-up table waiter.,CONTAMINATED
"adonan puff pastry beku expired date tercantum 12 September 2026 sudah terlampaui, buang segera",EXPIRED
potongan daging wagyu MB7 tersentuh tangan staff tanpa sarung tangan yang sedang flu batuk pada rak chiller bawah.,CONTAMINATED
tomat merah hancur lembek mencair dan berbau busuk tidak layak konsumsi di chiller 1.,SPOILED
Kondisi potongan daging wagyu MB7: kemasukan rambut staff dapur saat proses plating makanan,CONTAMINATED
tomat merah berbau belerang busuk dan mengeluarkan cairan keruh saat dicek quality control pagi.,SPOILED
Waste log: sirup vanilla kemasan jatuh tempo tanggal expired pabrik kemarin sore,EXPIRED
lemak berlebih dan urat keras sisa pembersihan dan pemotongan persiapan sup pagi di area pastry preparation.,PREP_WASTE
tomat merah rasa asam tajam tidak wajar dan tekstur hancur berlendir di kulkas walk-in.,SPOILED
sup buntut kuah rempah 15 porsi sisa menu promo lunch siang yang berlebih dan tidak terjual di display showcase pastry.,SURPLUS
daun selada hijau segar bersentuhan langsung dengan pisau dan talenan kotor belum dicuci pada area penyimpanan kering.,CONTAMINATED
