image_id,body_location,fitzpatrick_type,skin_name,sun_sensitivity,protection_recommendation,rgb_mean_r,rgb_mean_g,rgb_mean_b,rgb_std_r,rgb_std_g,rgb_std_b,lighting_condition,hygiene_observation,assessment_date
FITZ_III_HAND_2898,HAND,III,Type III - Light,MODERATE,"SPF 25-30, Partial coverage needed",212.0,184.0,180.0,3.5060089376763557,7.585074729999915,8.816931857907424,BRIGHT,Gloves properly worn,2026-09-30T11:06:27.856312
FITZ_I_NECK_2713,NECK,I,Type I - Very Fair,EXTREME,"SPF 50+, Complete coverage required",240.0,224.0,196.0,7.960376577892465,3.8720829966924137,3.7165751009111005,DIM,Wristwatch detected,2026-09-30T11:06:27.841026
FITZ_I_FACE_6846,FACE,I,Type I - Very Fair,EXTREME,"SPF 50+, Complete coverage required",252.0,221.0,198.0,5.557577520522801,8.638326161635707,4.181493995641775,BRIGHT,Hand washing observed,2026-09-30T11:06:27.833804
FITZ_II_FACE_6118,FACE,II,Type II - Fair,HIGH,"SPF 30+, Coverage recommended",227.0,195.0,196.0,9.0599664210196,8.22617861468136,5.381778606515217,NORMAL,Hand washing observed,2026-09-30T11:06:27.851202
FITZ_IV_HAND_3114,HAND,IV,Type IV - Medium/Olive,LOW,"SPF 15-20, Standard protection",192.0,173.0,154.0,11.100654905816382,4.433095892783598,9.565607500598814,NORMAL,Clean visible skin,2026-09-30T11:06:27.864398
FITZ_II_HAND_2329,HAND,II,Type II - Fair,HIGH,"SPF 30+, Coverage recommended",232.0,213.0,175.0,11.10474798463545,10.445148466162369,8.408556004769514,BRIGHT,Clean visible skin,2026-09-30T11:06:27.849134
FITZ_IV_NECK_1252,NECK,IV,Type IV - Medium/Olive,LOW,"SPF 15-20, Standard protection",181.0,163.0,153.0,10.296709348486647,3.2432491625847,5.222271680596233,DIM,Hand washing observed,2026-09-30T11:06:27.867774
FITZ_III_ARM_9849,ARM,III,Type III - Light,MODERATE,"SPF 25-30, Partial coverage needed",201.0,174.0,178.0,10.556417183714963,10.019141634927045,3.8983673814970126,DIM,Wristwatch detected,2026-09-30T11:06:27.863397
FITZ_I_ARM_2735,ARM,I,Type I - Very Fair,EXTREME,"SPF 50+, Complete coverage required",243.0,225.0,206.0,6.195079375036407,8.822998631850638,3.3986702417506462,SHADOW,Clean visible skin,2026-09-30T11:06:27.832797
FITZ_III_ARM_1754,ARM,III,Type III - Light,MODERATE,"SPF 25-30, Partial coverage needed",204.0,188.0,163.0,9.184562273625948,8.388941602156205,11.753109044703285,DIM,Ring present during food prep,2026-09-30T11:06:27.860392
FITZ_II_NECK_2737,NECK,II,Type II - Fair,HIGH,"SPF 30+, Coverage recommended",240.0,217.0,207.0,5.915574336199022,3.4138643602863774,11.589872987560728,DIM,Gloves properly worn,2026-09-30T11:06:27.849134
FITZ_IV_HAND_6811,HAND,IV,Type IV - Medium/Olive,LOW,"SPF 15-20, Standard protection",181.0,166.0,152.0,10.746575396240472,4.291808430388728,5.73326917739167,NORMAL,Ring present during food prep,2026-09-30T11:06:27.864398
FITZ_II_HAND_2235,HAND,II,Type II - Fair,HIGH,"SPF 30+, Coverage recommended",233.0,221.0,200.0,4.354930551517744,4.154528874418648,7.044602850131353,SHADOW,Gloves properly worn,2026-09-30T11:06:27.844027
FITZ_III_ARM_1063,ARM,III,Type III - Light,MODERATE,"SPF 25-30, Partial coverage needed",207.0,191.0,181.0,11.836020008384084,11.179478877273901,8.700766136771268,NORMAL,Hand washing observed,2026-09-30T11:06:27.862388
FITZ_IV_HAND_1037,HAND,IV,Type IV - Medium/Olive,LOW,"SPF 15-20, Standard protection",188.0,173.0,144.0,10.846693697824147,5.382120264394402,7.720166862383534,SHADOW,Wristwatch detected,2026-09-30T11:06:27.872851
FITZ_IV_NECK_6166,NECK,IV,Type IV - Medium/Olive,LOW,"SPF 15-20, Standard protection",181.0,169.0,151.0,5.388733232901051,10.88773532419041,5.503949362045992,NORMAL,Gloves properly worn,2026-09-30T11:06:27.866501
FITZ_IV_HAND_2087,HAND,IV,Type IV - Medium/Olive,LOW,"SPF 15-20, Standard protection",194.0,173.0,146.0,7.961345621306384,10.378127040979209,4.833259141465281,DIM,Proper hygienic practice,2026-09-30T11:06:27.865397
FITZ_II_NECK_2270,NECK,II,Type II - Fair,HIGH,"SPF 30+, Coverage recommended",237.0,218.0,195.0,10.626923439458553,8.01840595257811,7.394430301012669,NORMAL,Clean visible skin,2026-09-30T11:06:27.847125
FITZ_I_FACE_2527,FACE,I,Type I - Very Fair,EXTREME,"SPF 50+, Complete coverage required",247.0,216.0,221.0,8.083171318500272,8.073653898227555,10.112031328337363,NORMAL,Proper hygienic practice,2026-09-30T11:06:27.835804
FITZ_II_FACE_1378,FACE,II,Type II - Fair,HIGH,"SPF 30+, Coverage recommended",236.0,202.0,190.0,10.034503822307448,8.902008166690228,9.251743831911249,NORMAL,Gloves properly worn,2026-09-30T11:06:27.844027
FITZ_IV_HAND_1404,HAND,IV,Type IV - Medium/Olive,LOW,"SPF 15-20, Standard protection",199.0,172.0,153.0,6.330322122766671,5.112392142519857,7.351547593146145,SHADOW,Gloves properly worn,2026-09-30T11:06:27.865397
FITZ_III_NECK_9862,NECK,III,Type III - Light,MODERATE,"SPF 25-30, Partial coverage needed",201.0,181.0,169.0,3.625241632022957,11.60357956626763,6.747592399113011,DIM,Wristwatch detected,2026-09-30T11:06:27.858310
FITZ_I_FACE_2986,FACE,I,Type I - Very Fair,EXTREME,"SPF 50+, Complete coverage required",254.0,234.0,200.0,6.2427592206236,8.017423394222565,10.290142933424066,DIM,Clean visible skin,2026-09-30T11:06:27.833804
FITZ_IV_ARM_4989,ARM,IV,Type IV - Medium/Olive,LOW,"SPF 15-20, Standard protection",196.0,174.0,170.0,8.52502525437902,6.500015734465668,11.979358147320047,DIM,Gloves properly worn,2026-09-30T11:06:27.865397
FITZ_IV_NECK_3749,NECK,IV,Type IV - Medium/Olive,LOW,"SPF 15-20, Standard protection",189.0,162.0,152.0,4.099636348265802,9.415336900739318,4.7008352512797495,DIM,Ring present during food prep,2026-09-30T11:06:27.872851
FITZ_I_HAND_4741,HAND,I,Type I - Very Fair,EXTREME,"SPF 50+, Complete coverage required",252.0,219.0,215.0,11.318810124799423,3.042649061527566,5.163486465337482,DIM,Clean visible skin,2026-09-30T11:06:27.837878
FITZ_I_FACE_5968,FACE,I,Type I - Very Fair,EXTREME,"SPF 50+, Complete coverage required",250.0,220.0,188.0,4.836821434652512,8.697046241396258,7.99991445722726,BRIGHT,Proper hygienic practice,2026-09-30T11:06:27.839885
FITZ_IV_NECK_9390,NECK,IV,Type IV - Medium/Olive,LOW,"SPF 15-20, Standard protection",182.0,159.0,141.0,6.5278200627898295,8.413359274782383,8.500942493514065,BRIGHT,Clean visible skin,2026-09-30T11:06:27.872851
FITZ_II_ARM_3447,ARM,II,Type II - Fair,HIGH,"SPF 30+, Coverage recommended",223.0,201.0,179.0,6.723380127176078,5.964484196257412,11.646119389413961,BRIGHT,Ring present during food prep,2026-09-30T11:06:27.848124
FITZ_II_ARM_5341,ARM,II,Type II - Fair,HIGH,"SPF 30+, Coverage recommended",234.0,217.0,207.0,7.413313316804711,10.151305358530339,4.643043539349005,BRIGHT,Ring present during food prep,2026-09-30T11:06:27.849134
FITZ_III_HAND_6651,HAND,III,Type III - Light,MODERATE,"SPF 25-30, Partial coverage needed",217.0,196.0,188.0,11.231230955429117,11.709074399364422,6.665196403259609,NORMAL,Proper hygienic practice,2026-09-30T11:06:27.862388
FITZ_I_HAND_6759,HAND,I,Type I - Very Fair,EXTREME,"SPF 50+, Complete coverage required",242.0,212.0,181.0,3.868532389710376,4.11414201021852,8.416127747659464,BRIGHT,Ring present during food prep,2026-09-30T11:06:27.834804
FITZ_IV_HAND_5357,HAND,IV,Type IV - Medium/Olive,LOW,"SPF 15-20, Standard protection",190.0,178.0,151.0,6.844326956623661,10.215957678104093,10.339034588950314,DIM,Clean visible skin,2026-09-30T11:06:27.870852
FITZ_III_FACE_6273,FACE,III,Type III - Light,MODERATE,"SPF 25-30, Partial coverage needed",209.0,185.0,172.0,10.231355191215966,5.240972889049159,9.851266276894147,NORMAL,Wristwatch detected,2026-09-30T11:06:27.858310
FITZ_I_HAND_2788,HAND,I,Type I - Very Fair,EXTREME,"SPF 50+, Complete coverage required",248.0,234.0,186.0,10.604378109555041,10.644665928036089,7.863972190505815,NORMAL,Proper hygienic practice,2026-09-30T11:06:27.836878
FITZ_II_FACE_2431,FACE,II,Type II - Fair,HIGH,"SPF 30+, Coverage recommended",232.0,202.0,188.0,3.3149264339050726,8.83341442558003,6.012535706085031,DIM,Proper hygienic practice,2026-09-30T11:06:27.851202
FITZ_IV_NECK_7199,NECK,IV,Type IV - Medium/Olive,LOW,"SPF 15-20, Standard protection",182.0,158.0,142.0,3.763420691158567,3.98147547567788,8.397157683156482,SHADOW,Hand washing observed,2026-09-30T11:06:27.871855
FITZ_I_NECK_2307,NECK,I,Type I - Very Fair,EXTREME,"SPF 50+, Complete coverage required",246.0,222.0,197.0,6.909756829144742,7.82738453914741,9.978246336707802,BRIGHT,Wristwatch detected,2026-09-30T11:06:27.843024
FITZ_I_FACE_2827,FACE,I,Type I - Very Fair,EXTREME,"SPF 50+, Complete coverage required",244.0,219.0,214.0,5.500639172408422,4.192848865257053,5.5287473833334,DIM,Ring present during food prep,2026-09-30T11:06:27.833804
FITZ_III_FACE_4803,FACE,III,Type III - Light,MODERATE,"SPF 25-30, Partial coverage needed",207.0,188.0,180.0,10.716255771996924,4.601424893859794,6.307679887823223,NORMAL,Proper hygienic practice,2026-09-30T11:06:27.862388
FITZ_II_ARM_7793,ARM,II,Type II - Fair,HIGH,"SPF 30+, Coverage recommended",235.0,208.0,181.0,5.927289248796008,8.093815712886693,6.603968934551783,SHADOW,Gloves properly worn,2026-09-30T11:06:27.848124
FITZ_II_HAND_3748,HAND,II,Type II - Fair,HIGH,"SPF 30+, Coverage recommended",222.0,189.0,171.0,10.259986031831588,7.209685470611838,4.836215104323064,SHADOW,Ring present during food prep,2026-09-30T11:06:27.848124
FITZ_II_NECK_8885,NECK,II,Type II - Fair,HIGH,"SPF 30+, Coverage recommended",238.0,217.0,207.0,6.74102748456918,3.417673430995384,5.727098522346401,DIM,Clean visible skin,2026-09-30T11:06:27.852202
FITZ_I_NECK_8258,NECK,I,Type I - Very Fair,EXTREME,"SPF 50+, Complete coverage required",245.0,216.0,216.0,9.543715799341722,9.888915113122664,10.921187100977184,SHADOW,Proper hygienic practice,2026-09-30T11:06:27.833804
FITZ_IV_HAND_1098,HAND,IV,Type IV - Medium/Olive,LOW,"SPF 15-20, Standard protection",184.0,161.0,139.0,9.244138919366634,3.2857974700514143,4.240705085437542,BRIGHT,Proper hygienic practice,2026-09-30T11:06:27.873855
FITZ_IV_FACE_7991,FACE,IV,Type IV - Medium/Olive,LOW,"SPF 15-20, Standard protection",196.0,184.0,174.0,4.448454736286926,3.552319058732932,6.836267049629029,SHADOW,Proper hygienic practice,2026-09-30T11:06:27.873855
FITZ_I_NECK_1616,NECK,I,Type I - Very Fair,EXTREME,"SPF 50+, Complete coverage required",255.0,228.0,202.0,5.472063007375432,3.505549081917702,7.566031967608003,DIM,Clean visible skin,2026-09-30T11:06:27.831024
FITZ_IV_FACE_7079,FACE,IV,Type IV - Medium/Olive,LOW,"SPF 15-20, Standard protection",197.0,184.0,171.0,7.044857843665163,3.2215166857762627,10.548623435238184,NORMAL,Hand washing observed,2026-09-30T11:06:27.871855
FITZ_II_HAND_3977,HAND,II,Type II - Fair,HIGH,"SPF 30+, Coverage recommended",221.0,207.0,179.0,11.69960106591756,3.29215390970557,5.458477213142255,DIM,Hand washing observed,2026-09-30T11:06:27.848124
FITZ_III_FACE_3172,FACE,III,Type III - Light,MODERATE,"SPF 25-30, Partial coverage needed",211.0,199.0,173.0,3.5681708857704733,6.455983212195015,8.845180366215988,BRIGHT,Gloves properly worn,2026-09-30T11:06:27.859309
FITZ_I_HAND_6718,HAND,I,Type I - Very Fair,EXTREME,"SPF 50+, Complete coverage required",247.0,231.0,195.0,8.657718829944265,10.381092521751468,4.8687384086867365,BRIGHT,Hand washing observed,2026-09-30T11:06:27.833804
FITZ_IV_FACE_1072,FACE,IV,Type IV - Medium/Olive,LOW,"SPF 15-20, Standard protection",186.0,169.0,164.0,5.58074536221673,3.7719379895316814,4.451883615522035,DIM,Gloves properly worn,2026-09-30T11:06:27.872851
FITZ_II_FACE_9933,FACE,II,Type II - Fair,HIGH,"SPF 30+, Coverage recommended",228.0,204.0,204.0,6.369255626438687,9.671240972443808,10.739725881678094,BRIGHT,Wristwatch detected,2026-09-30T11:06:27.843024
FITZ_IV_FACE_5840,FACE,IV,Type IV - Medium/Olive,LOW,"SPF 15-20, Standard protection",197.0,184.0,149.0,9.908501403959118,9.020942338210256,11.470534647212924,DIM,Hand washing observed,2026-09-30T11:06:27.868780
FITZ_IV_FACE_9388,FACE,IV,Type IV - Medium/Olive,LOW,"SPF 15-20, Standard protection",199.0,178.0,174.0,11.850315619953786,11.176774130356028,8.029466416300533,DIM,Clean visible skin,2026-09-30T11:06:27.867774
FITZ_IV_ARM_2688,ARM,IV,Type IV - Medium/Olive,LOW,"SPF 15-20, Standard protection",189.0,161.0,166.0,6.02865175128689,9.881353469857384,9.695576703082395,DIM,Proper hygienic practice,2026-09-30T11:06:27.865397
FITZ_I_FACE_3544,FACE,I,Type I - Very Fair,EXTREME,"SPF 50+, Complete coverage required",243.0,208.0,214.0,7.935903694364644,3.237284220296169,6.573112686841525,NORMAL,Proper hygienic practice,2026-09-30T11:06:27.833804
FITZ_II_HAND_5380,HAND,II,Type II - Fair,HIGH,"SPF 30+, Coverage recommended",225.0,207.0,185.0,11.085380024997201,9.742423282029208,5.749536830073738,SHADOW,Ring present during food prep,2026-09-30T11:06:27.850202
FITZ_II_NECK_8295,NECK,II,Type II - Fair,HIGH,"SPF 30+, Coverage recommended",221.0,208.0,188.0,5.42753570415009,3.5762815733247217,11.302760463598128,SHADOW,Ring present during food prep,2026-09-30T11:06:27.845024
FITZ_III_ARM_8384,ARM,III,Type III - Light,MODERATE,"SPF 25-30, Partial coverage needed",210.0,198.0,167.0,10.827779388348944,3.266895287005509,7.177851452019694,DIM,Ring present during food prep,2026-09-30T11:06:27.857311
FITZ_III_HAND_7312,HAND,III,Type III - Light,MODERATE,"SPF 25-30, Partial coverage needed",204.0,174.0,156.0,9.953386098426277,8.48122266615874,5.452346099155919,NORMAL,Clean visible skin,2026-09-30T11:06:27.862388
FITZ_IV_HAND_2376,HAND,IV,Type IV - Medium/Olive,LOW,"SPF 15-20, Standard protection",188.0,163.0,166.0,9.89378075148465,8.8069575363804,10.507610869026863,NORMAL,Gloves properly worn,2026-09-30T11:06:27.870852
FITZ_I_NECK_7032,NECK,I,Type I - Very Fair,EXTREME,"SPF 50+, Complete coverage required",252.0,237.0,195.0,9.866557701875877,11.613871889541489,9.941433408988818,DIM,Ring present during food prep,2026-09-30T11:06:27.835804
FITZ_IV_NECK_4550,NECK,IV,Type IV - Medium/Olive,LOW,"SPF 15-20, Standard protection",197.0,176.0,149.0,6.5458242513045555,10.930393706005825,7.292740094206212,SHADOW,Proper hygienic practice,2026-09-30T11:06:27.871855
FITZ_III_HAND_4922,HAND,III,Type III - Light,MODERATE,"SPF 25-30, Partial coverage needed",214.0,198.0,160.0,6.782967809678711,8.231346624925354,11.989912422348402,NORMAL,Ring present during food prep,2026-09-30T11:06:27.861390
FITZ_I_FACE_1268,FACE,I,Type I - Very Fair,EXTREME,"SPF 50+, Complete coverage required",246.0,215.0,218.0,10.131633826988114,3.4200004126392463,7.861653861880645,SHADOW,Wristwatch detected,2026-09-30T11:06:27.842027
FITZ_II_NECK_9621,NECK,II,Type II - Fair,HIGH,"SPF 30+, Coverage recommended",220.0,188.0,186.0,5.214044091489374,11.417184077389562,7.037129152873033,SHADOW,Hand washing observed,2026-09-30T11:06:27.844027
FITZ_IV_FACE_5824,FACE,IV,Type IV - Medium/Olive,LOW,"SPF 15-20, Standard protection",182.0,167.0,150.0,7.012663992678236,7.466382793279258,6.095192710941155,NORMAL,Wristwatch detected,2026-09-30T11:06:27.873855
FITZ_I_FACE_5644,FACE,I,Type I - Very Fair,EXTREME,"SPF 50+, Complete coverage required",251.0,221.0,202.0,5.64583165476717,3.251800068623075,4.285824524456696,SHADOW,Proper hygienic practice,2026-09-30T11:06:27.834804
FITZ_I_ARM_9994,ARM,I,Type I - Very Fair,EXTREME,"SPF 50+, Complete coverage required",243.0,218.0,201.0,6.206410752816296,4.503109807363143,11.387290731685052,NORMAL,Ring present during food prep,2026-09-30T11:06:27.842027
FITZ_IV_NECK_4684,NECK,IV,Type IV - Medium/Olive,LOW,"SPF 15-20, Standard protection",193.0,177.0,159.0,9.051725576450222,5.994633747535839,9.172976741611551,NORMAL,Hand washing observed,2026-09-30T11:06:27.871855
FITZ_IV_HAND_7275,HAND,IV,Type IV - Medium/Olive,LOW,"SPF 15-20, Standard protection",200.0,187.0,163.0,6.0825573887886915,9.771290269617488,6.473535848129915,DIM,Hand washing observed,2026-09-30T11:06:27.868780
FITZ_II_ARM_3496,ARM,II,Type II - Fair,HIGH,"SPF 30+, Coverage recommended",237.0,209.0,210.0,7.033459978588133,11.204397866158237,5.809552165736795,BRIGHT,Hand washing observed,2026-09-30T11:06:27.847125
FITZ_II_NECK_6780,NECK,II,Type II - Fair,HIGH,"SPF 30+, Coverage recommended",232.0,197.0,201.0,4.56399085919435,3.108637673549743,4.697068133463576,SHADOW,Gloves properly worn,2026-09-30T11:06:27.850202
FITZ_I_ARM_7814,ARM,I,Type I - Very Fair,EXTREME,"SPF 50+, Complete coverage required",240.0,226.0,187.0,7.422649512854467,11.007905926471198,3.719611229095848,NORMAL,Wristwatch detected,2026-09-30T11:06:27.833804
FITZ_II_HAND_1867,HAND,II,Type II - Fair,HIGH,"SPF 30+, Coverage recommended",233.0,202.0,183.0,5.841382863655279,9.378014541791487,6.314740533375173,DIM,Clean visible skin,2026-09-30T11:06:27.849134
FITZ_II_FACE_6201,FACE,II,Type II - Fair,HIGH,"SPF 30+, Coverage recommended",237.0,221.0,192.0,4.798167088829402,6.980356687691942,6.467441200161092,BRIGHT,Ring present during food prep,2026-09-30T11:06:27.845024
FITZ_III_HAND_1786,HAND,III,Type III - Light,MODERATE,"SPF 25-30, Partial coverage needed",211.0,190.0,176.0,6.7403428328895,9.371089733852958,6.186174150931439,DIM,Proper hygienic practice,2026-09-30T11:06:27.861390
FITZ_III_NECK_8904,NECK,III,Type III - Light,MODERATE,"SPF 25-30, Partial coverage needed",207.0,189.0,170.0,6.115511668867332,7.064310633416426,4.74660529013754,DIM,Clean visible skin,2026-09-30T11:06:27.863397
FITZ_IV_HAND_4720,HAND,IV,Type IV - Medium/Olive,LOW,"SPF 15-20, Standard protection",192.0,171.0,146.0,6.602450530814454,10.278842927696013,4.825460381936905,BRIGHT,Wristwatch detected,2026-09-30T11:06:27.868780
FITZ_I_NECK_1183,NECK,I,Type I - Very Fair,EXTREME,"SPF 50+, Complete coverage required",241.0,226.0,199.0,8.682411785213638,9.04325729467363,8.022975700169454,SHADOW,Hand washing observed,2026-09-30T11:06:27.841026
FITZ_IV_NECK_1380,NECK,IV,Type IV - Medium/Olive,LOW,"SPF 15-20, Standard protection",200.0,172.0,160.0,3.8890192653978737,3.700065657621521,10.804661400840278,DIM,Gloves properly worn,2026-09-30T11:06:27.868780
FITZ_IV_HAND_3323,HAND,IV,Type IV - Medium/Olive,LOW,"SPF 15-20, Standard protection",200.0,186.0,178.0,9.87806764126017,4.195194047684629,6.6956800662517635,NORMAL,Ring present during food prep,2026-09-30T11:06:27.873855
FITZ_IV_ARM_3496,ARM,IV,Type IV - Medium/Olive,LOW,"SPF 15-20, Standard protection",191.0,172.0,171.0,4.842004940363691,9.146549684711797,3.8318556867518714,SHADOW,Proper hygienic practice,2026-09-30T11:06:27.873855
FITZ_III_HAND_9595,HAND,III,Type III - Light,MODERATE,"SPF 25-30, Partial coverage needed",216.0,200.0,180.0,3.3810878574413032,10.868070938491261,9.44913697418685,SHADOW,Gloves properly worn,2026-09-30T11:06:27.854203
FITZ_IV_NECK_9964,NECK,IV,Type IV - Medium/Olive,LOW,"SPF 15-20, Standard protection",197.0,169.0,166.0,6.089236769289106,8.891595002974123,6.077239291934609,DIM,Ring present during food prep,2026-09-30T11:06:27.872851
FITZ_IV_NECK_9863,NECK,IV,Type IV - Medium/Olive,LOW,"SPF 15-20, Standard protection",198.0,169.0,169.0,3.7797004453437477,11.695345555768618,4.710327983204138,DIM,Ring present during food prep,2026-09-30T11:06:27.869789
FITZ_I_HAND_5728,HAND,I,Type I - Very Fair,EXTREME,"SPF 50+, Complete coverage required",253.0,218.0,199.0,6.291998757978609,6.629286649029226,3.407181550601382,NORMAL,Proper hygienic practice,2026-09-30T11:06:27.831024
FITZ_IV_ARM_6564,ARM,IV,Type IV - Medium/Olive,LOW,"SPF 15-20, Standard protection",190.0,162.0,167.0,6.490296138232694,9.944009201453621,6.410835412446003,DIM,Clean visible skin,2026-09-30T11:06:27.872851
FITZ_II_ARM_2298,ARM,II,Type II - Fair,HIGH,"SPF 30+, Coverage recommended",234.0,202.0,208.0,9.468265892209882,9.860665778566926,7.386745574345093,BRIGHT,Wristwatch detected,2026-09-30T11:06:27.852202
FITZ_IV_ARM_1168,ARM,IV,Type IV - Medium/Olive,LOW,"SPF 15-20, Standard protection",187.0,172.0,161.0,4.257497803936408,4.557070541468898,10.909750309275804,NORMAL,Wristwatch detected,2026-09-30T11:06:27.869789
FITZ_II_FACE_2630,FACE,II,Type II - Fair,HIGH,"SPF 30+, Coverage recommended",221.0,204.0,186.0,6.159168829376305,3.8664067926743275,6.721234708082094,DIM,Ring present during food prep,2026-09-30T11:06:27.849134
FITZ_I_NECK_8130,NECK,I,Type I - Very Fair,EXTREME,"SPF 50+, Complete coverage required",249.0,233.0,195.0,9.319996940430066,6.548414913020496,5.8631457865682455,SHADOW,Clean visible skin,2026-09-30T11:06:27.833804
FITZ_III_FACE_7239,FACE,III,Type III - Light,MODERATE,"SPF 25-30, Partial coverage needed",216.0,195.0,187.0,7.41524194204522,10.12124990278971,10.365729587463637,SHADOW,Proper hygienic practice,2026-09-30T11:06:27.861390
FITZ_IV_HAND_4726,HAND,IV,Type IV - Medium/Olive,LOW,"SPF 15-20, Standard protection",188.0,174.0,159.0,6.183743070388871,3.4430939844497392,11.544231791630676,DIM,Ring present during food prep,2026-09-30T11:06:27.864398
FITZ_IV_FACE_4010,FACE,IV,Type IV - Medium/Olive,LOW,"SPF 15-20, Standard protection",181.0,165.0,162.0,7.197160253482356,11.544791170204737,6.617116763405314,NORMAL,Proper hygienic practice,2026-09-30T11:06:27.872851
FITZ_II_HAND_1223,HAND,II,Type II - Fair,HIGH,"SPF 30+, Coverage recommended",227.0,212.0,184.0,4.897385525610732,4.071596054031635,8.047141202845392,SHADOW,Hand washing observed,2026-09-30T11:06:27.845024
FITZ_I_FACE_8956,FACE,I,Type I - Very Fair,EXTREME,"SPF 50+, Complete coverage required",246.0,213.0,195.0,3.575674611398944,5.558898959069373,8.505608121130024,BRIGHT,Proper hygienic practice,2026-09-30T11:06:27.842027
FITZ_I_HAND_8189,HAND,I,Type I - Very Fair,EXTREME,"SPF 50+, Complete coverage required",250.0,219.0,197.0,10.29687116725517,9.974378619216802,8.50091556041999,NORMAL,Clean visible skin,2026-09-30T11:06:27.841026
FITZ_II_NECK_3396,NECK,II,Type II - Fair,HIGH,"SPF 30+, Coverage recommended",220.0,206.0,168.0,11.954230916108019,7.453696602836693,4.248381602433183,SHADOW,Proper hygienic practice,2026-09-30T11:06:27.845024
FITZ_I_NECK_1488,NECK,I,Type I - Very Fair,EXTREME,"SPF 50+, Complete coverage required",240.0,221.0,188.0,4.255841356726295,3.9224565855435674,9.666009702009083,NORMAL,Hand washing observed,2026-09-30T11:06:27.829957
FITZ_IV_NECK_9349,NECK,IV,Type IV - Medium/Olive,LOW,"SPF 15-20, Standard protection",193.0,168.0,166.0,3.1484390543535232,8.602318031675836,6.718385906965192,DIM,Gloves properly worn,2026-09-30T11:06:27.864398
FITZ_III_FACE_8679,FACE,III,Type III - Light,MODERATE,"SPF 25-30, Partial coverage needed",216.0,196.0,169.0,10.894526355561705,7.689330345737582,10.469737893567732,NORMAL,Ring present during food prep,2026-09-30T11:06:27.863397
FITZ_III_FACE_4112,FACE,III,Type III - Light,MODERATE,"SPF 25-30, Partial coverage needed",212.0,196.0,169.0,8.919150356453873,10.699883814208032,11.022948982052018,NORMAL,Proper hygienic practice,2026-09-30T11:06:27.861390
FITZ_III_FACE_2701,FACE,III,Type III - Light,MODERATE,"SPF 25-30, Partial coverage needed",215.0,188.0,187.0,9.058687052044986,11.07929816994517,11.531286979069908,DIM,Gloves properly worn,2026-09-30T11:06:27.859309
FITZ_II_FACE_1964,FACE,II,Type II - Fair,HIGH,"SPF 30+, Coverage recommended",238.0,220.0,183.0,5.396303717889554,7.164041968958265,3.4590387380899403,BRIGHT,Proper hygienic practice,2026-09-30T11:06:27.849134
FITZ_I_NECK_1490,NECK,I,Type I - Very Fair,EXTREME,"SPF 50+, Complete coverage required",249.0,232.0,220.0,11.64018483957089,10.985544472726032,4.060247516888249,BRIGHT,Proper hygienic practice,2026-09-30T11:06:27.839885
FITZ_II_HAND_5359,HAND,II,Type II - Fair,HIGH,"SPF 30+, Coverage recommended",222.0,198.0,168.0,4.59929903746081,9.149652842165903,4.375886649431202,BRIGHT,Proper hygienic practice,2026-09-30T11:06:27.850202
FITZ_III_HAND_8644,HAND,III,Type III - Light,MODERATE,"SPF 25-30, Partial coverage needed",203.0,178.0,179.0,6.149260855270916,8.46189090281118,5.7977574679969415,DIM,Ring present during food prep,2026-09-30T11:06:27.854203
FITZ_I_NECK_7293,NECK,I,Type I - Very Fair,EXTREME,"SPF 50+, Complete coverage required",246.0,227.0,199.0,9.16224851304463,10.83230147973738,11.743845758399887,BRIGHT,Wristwatch detected,2026-09-30T11:06:27.835804
FITZ_II_FACE_6114,FACE,II,Type II - Fair,HIGH,"SPF 30+, Coverage recommended",230.0,212.0,179.0,3.3181054450400067,10.289217837638038,9.457146728365242,NORMAL,Wristwatch detected,2026-09-30T11:06:27.848124
FITZ_II_FACE_7071,FACE,II,Type II - Fair,HIGH,"SPF 30+, Coverage recommended",227.0,201.0,197.0,8.169146494799596,5.066726117150233,9.266355598504768,BRIGHT,Ring present during food prep,2026-09-30T11:06:27.849134
FITZ_II_ARM_4805,ARM,II,Type II - Fair,HIGH,"SPF 30+, Coverage recommended",234.0,211.0,190.0,3.1920756347696213,10.961752495573386,9.638343656566196,NORMAL,Gloves properly worn,2026-09-30T11:06:27.849134
FITZ_II_FACE_7601,FACE,II,Type II - Fair,HIGH,"SPF 30+, Coverage recommended",230.0,202.0,189.0,4.863143944914711,7.427969470991775,3.8033294186078535,BRIGHT,Proper hygienic practice,2026-09-30T11:06:27.845024
FITZ_II_FACE_9015,FACE,II,Type II - Fair,HIGH,"SPF 30+, Coverage recommended",225.0,192.0,189.0,4.497521369907572,10.80063469284475,10.245936113584765,NORMAL,Wristwatch detected,2026-09-30T11:06:27.846122
FITZ_I_ARM_8205,ARM,I,Type I - Very Fair,EXTREME,"SPF 50+, Complete coverage required",245.0,231.0,206.0,7.175577616617176,8.073619349590647,8.215212807358409,DIM,Gloves properly worn,2026-09-30T11:06:27.831024
FITZ_III_ARM_7824,ARM,III,Type III - Light,MODERATE,"SPF 25-30, Partial coverage needed",203.0,179.0,156.0,10.147136438489195,7.545141612173966,3.2353128780958675,NORMAL,Wristwatch detected,2026-09-30T11:06:27.861390
FITZ_IV_NECK_7623,NECK,IV,Type IV - Medium/Olive,LOW,"SPF 15-20, Standard protection",196.0,182.0,174.0,4.84722764386237,3.4780381097259507,6.1611544646002825,SHADOW,Ring present during food prep,2026-09-30T11:06:27.865397
FITZ_I_ARM_4156,ARM,I,Type I - Very Fair,EXTREME,"SPF 50+, Complete coverage required",251.0,225.0,190.0,5.358719566460286,5.922855057891536,4.223488600612587,BRIGHT,Ring present during food prep,2026-09-30T11:06:27.843024
FITZ_II_FACE_9117,FACE,II,Type II - Fair,HIGH,"SPF 30+, Coverage recommended",227.0,197.0,185.0,3.2635035994527515,3.9728545597173652,9.130685201767683,NORMAL,Wristwatch detected,2026-09-30T11:06:27.848124
FITZ_IV_FACE_9799,FACE,IV,Type IV - Medium/Olive,LOW,"SPF 15-20, Standard protection",182.0,168.0,154.0,7.904828813169271,7.021417154927482,9.171961799987955,SHADOW,Clean visible skin,2026-09-30T11:06:27.871855
FITZ_III_NECK_6881,NECK,III,Type III - Light,MODERATE,"SPF 25-30, Partial coverage needed",216.0,189.0,175.0,11.793073580071162,8.438909780790095,11.752949744111543,NORMAL,Clean visible skin,2026-09-30T11:06:27.858310
FITZ_IV_HAND_4394,HAND,IV,Type IV - Medium/Olive,LOW,"SPF 15-20, Standard protection",187.0,177.0,160.0,4.171696344786394,7.888829320568125,10.773154407177891,NORMAL,Gloves properly worn,2026-09-30T11:06:27.872851
FITZ_I_NECK_3945,NECK,I,Type I - Very Fair,EXTREME,"SPF 50+, Complete coverage required",253.0,216.0,226.0,3.6868141658057545,9.186027696573465,6.377289325054151,DIM,Gloves properly worn,2026-09-30T11:06:27.835804
FITZ_IV_ARM_8285,ARM,IV,Type IV - Medium/Olive,LOW,"SPF 15-20, Standard protection",193.0,177.0,161.0,9.163744270817478,8.009565357681145,5.017355881996641,SHADOW,Proper hygienic practice,2026-09-30T11:06:27.866501
FITZ_I_HAND_5155,HAND,I,Type I - Very Fair,EXTREME,"SPF 50+, Complete coverage required",243.0,219.0,195.0,4.848768265470122,10.238584375702704,6.679605694565386,NORMAL,Clean visible skin,2026-09-30T11:06:27.833804
FITZ_II_HAND_3154,HAND,II,Type II - Fair,HIGH,"SPF 30+, Coverage recommended",240.0,223.0,201.0,11.868700080387445,6.175263943733468,7.697313900298847,DIM,Ring present during food prep,2026-09-30T11:06:27.849134
FITZ_III_NECK_3544,NECK,III,Type III - Light,MODERATE,"SPF 25-30, Partial coverage needed",208.0,195.0,161.0,7.622938462565278,4.265845318260462,8.720635676084257,DIM,Proper hygienic practice,2026-09-30T11:06:27.863397
FITZ_IV_ARM_4207,ARM,IV,Type IV - Medium/Olive,LOW,"SPF 15-20, Standard protection",182.0,164.0,137.0,9.318371451707028,4.7131949633710235,5.822726267540609,BRIGHT,Wristwatch detected,2026-09-30T11:06:27.872851
FITZ_III_ARM_9951,ARM,III,Type III - Light,MODERATE,"SPF 25-30, Partial coverage needed",209.0,190.0,179.0,10.760471756403835,7.562615198341013,6.131888855884339,BRIGHT,Wristwatch detected,2026-09-30T11:06:27.858310
FITZ_I_HAND_9115,HAND,I,Type I - Very Fair,EXTREME,"SPF 50+, Complete coverage required",245.0,231.0,199.0,7.382047838566367,11.895319573663222,4.333509969549098,BRIGHT,Wristwatch detected,2026-09-30T11:06:27.837878
FITZ_IV_FACE_5985,FACE,IV,Type IV - Medium/Olive,LOW,"SPF 15-20, Standard protection",184.0,166.0,160.0,4.011611736676162,9.523247894179706,10.10441066416865,DIM,Ring present during food prep,2026-09-30T11:06:27.866501
FITZ_III_ARM_6167,ARM,III,Type III - Light,MODERATE,"SPF 25-30, Partial coverage needed",218.0,205.0,186.0,8.830646688842881,7.526990906528427,4.361083265883289,DIM,Ring present during food prep,2026-09-30T11:06:27.861390
FITZ_II_NECK_8930,NECK,II,Type II - Fair,HIGH,"SPF 30+, Coverage recommended",223.0,202.0,175.0,8.104800977550696,3.679644123327852,5.900367051242904,BRIGHT,Clean visible skin,2026-09-30T11:06:27.845024
FITZ_I_HAND_1947,HAND,I,Type I - Very Fair,EXTREME,"SPF 50+, Complete coverage required",242.0,207.0,192.0,11.837504319484188,4.47892213543244,3.5532149563684787,NORMAL,Wristwatch detected,2026-09-30T11:06:27.834804
FITZ_IV_HAND_4806,HAND,IV,Type IV - Medium/Olive,LOW,"SPF 15-20, Standard protection",183.0,170.0,150.0,6.255247656991406,8.810677467150054,8.87003223493069,BRIGHT,Gloves properly worn,2026-09-30T11:06:27.864398
FITZ_I_FACE_6389,FACE,I,Type I - Very Fair,EXTREME,"SPF 50+, Complete coverage required",252.0,234.0,212.0,9.998676947401286,9.021615290438621,3.230765141132144,BRIGHT,Ring present during food prep,2026-09-30T11:06:27.836878
FITZ_I_ARM_1539,ARM,I,Type I - Very Fair,EXTREME,"SPF 50+, Complete coverage required",247.0,215.0,217.0,10.987988763310442,7.27950258880746,3.41905773667569,NORMAL,Wristwatch detected,2026-09-30T11:06:27.832289
FITZ_III_NECK_7223,NECK,III,Type III - Light,MODERATE,"SPF 25-30, Partial coverage needed",206.0,176.0,161.0,9.328192623898083,9.810006750824458,4.8879351404298195,DIM,Clean visible skin,2026-09-30T11:06:27.861390
FITZ_III_FACE_6662,FACE,III,Type III - Light,MODERATE,"SPF 25-30, Partial coverage needed",206.0,180.0,159.0,3.8984381806529904,8.10634709513814,9.922269187873631,BRIGHT,Gloves properly worn,2026-09-30T11:06:27.857311
FITZ_III_FACE_9648,FACE,III,Type III - Light,MODERATE,"SPF 25-30, Partial coverage needed",208.0,193.0,167.0,7.135582964396303,4.78158378014523,11.085518096584074,BRIGHT,Clean visible skin,2026-09-30T11:06:27.858310
FITZ_IV_ARM_1628,ARM,IV,Type IV - Medium/Olive,LOW,"SPF 15-20, Standard protection",191.0,179.0,161.0,11.472887781570947,9.811659538004507,9.329162246375855,NORMAL,Gloves properly worn,2026-09-30T11:06:27.865397
FITZ_II_NECK_8022,NECK,II,Type II - Fair,HIGH,"SPF 30+, Coverage recommended",237.0,223.0,181.0,3.600223067562951,3.1026590527978954,11.216607788209334,SHADOW,Clean visible skin,2026-09-30T11:06:27.850202
FITZ_IV_NECK_3092,NECK,IV,Type IV - Medium/Olive,LOW,"SPF 15-20, Standard protection",186.0,162.0,158.0,8.574459675154511,11.800959121392582,6.243194908620177,DIM,Gloves properly worn,2026-09-30T11:06:27.871855
FITZ_I_NECK_4127,NECK,I,Type I - Very Fair,EXTREME,"SPF 50+, Complete coverage required",242.0,219.0,216.0,10.025293894194174,7.785861934900397,10.18731879160928,NORMAL,Wristwatch detected,2026-09-30T11:06:27.836878
FITZ_III_ARM_2339,ARM,III,Type III - Light,MODERATE,"SPF 25-30, Partial coverage needed",203.0,176.0,180.0,11.6971542902482,3.998811439277453,5.007330788138999,SHADOW,Clean visible skin,2026-09-30T11:06:27.856312
FITZ_II_FACE_9072,FACE,II,Type II - Fair,HIGH,"SPF 30+, Coverage recommended",230.0,202.0,195.0,3.472477402013445,11.289692331532104,4.584324984041443,BRIGHT,Clean visible skin,2026-09-30T11:06:27.846122
FITZ_III_ARM_9399,ARM,III,Type III - Light,MODERATE,"SPF 25-30, Partial coverage needed",218.0,194.0,171.0,11.850533335269684,3.7721334633734864,5.004403874750874,NORMAL,Hand washing observed,2026-09-30T11:06:27.853203
FITZ_III_FACE_1560,FACE,III,Type III - Light,MODERATE,"SPF 25-30, Partial coverage needed",209.0,187.0,167.0,4.646046144177296,11.821513213329558,11.288698567547634,SHADOW,Clean visible skin,2026-09-30T11:06:27.863397
FITZ_III_HAND_8941,HAND,III,Type III - Light,MODERATE,"SPF 25-30, Partial coverage needed",202.0,171.0,164.0,10.355189516231523,6.700822942935307,4.007755792566465,NORMAL,Wristwatch detected,2026-09-30T11:06:27.857311
FITZ_I_HAND_1187,HAND,I,Type I - Very Fair,EXTREME,"SPF 50+, Complete coverage required",241.0,227.0,192.0,10.918132523851657,6.908739572381193,11.372214755493998,NORMAL,Ring present during food prep,2026-09-30T11:06:27.833804
FITZ_IV_NECK_7453,NECK,IV,Type IV - Medium/Olive,LOW,"SPF 15-20, Standard protection",187.0,176.0,155.0,4.574533392862195,4.134821889375212,6.870876461058369,NORMAL,Wristwatch detected,2026-09-30T11:06:27.864398
FITZ_III_ARM_4070,ARM,III,Type III - Light,MODERATE,"SPF 25-30, Partial coverage needed",219.0,194.0,181.0,6.525376810439099,9.179033233800872,11.966093872433163,SHADOW,Wristwatch detected,2026-09-30T11:06:27.853203
FITZ_II_HAND_9452,HAND,II,Type II - Fair,HIGH,"SPF 30+, Coverage recommended",238.0,203.0,212.0,6.3478107510228,4.941757390648514,6.671973616133672,DIM,Clean visible skin,2026-09-30T11:06:27.851202
FITZ_II_HAND_6271,HAND,II,Type II - Fair,HIGH,"SPF 30+, Coverage recommended",226.0,195.0,194.0,4.632238865295983,10.704918723785472,11.157139355692419,SHADOW,Wristwatch detected,2026-09-30T11:06:27.851202
FITZ_III_NECK_1073,NECK,III,Type III - Light,MODERATE,"SPF 25-30, Partial coverage needed",217.0,193.0,172.0,7.479389667009645,6.759239221006728,6.222918004452294,DIM,Clean visible skin,2026-09-30T11:06:27.856312
FITZ_I_HAND_3919,HAND,I,Type I - Very Fair,EXTREME,"SPF 50+, Complete coverage required",240.0,226.0,193.0,8.841694427075206,8.924567676013348,3.4106725553221913,NORMAL,Clean visible skin,2026-09-30T11:06:27.842027
FITZ_III_ARM_3526,ARM,III,Type III - Light,MODERATE,"SPF 25-30, Partial coverage needed",217.0,200.0,186.0,6.835680251270271,5.368293038405303,4.069525877805367,DIM,Ring present during food prep,2026-09-30T11:06:27.862388
FITZ_I_FACE_3579,FACE,I,Type I - Very Fair,EXTREME,"SPF 50+, Complete coverage required",246.0,218.0,201.0,4.416683482605798,5.804736327337947,5.919446028705838,NORMAL,Gloves properly worn,2026-09-30T11:06:27.831024
FITZ_III_FACE_3353,FACE,III,Type III - Light,MODERATE,"SPF 25-30, Partial coverage needed",216.0,189.0,172.0,4.275075795260627,3.9632591687618994,8.830290121630046,SHADOW,Ring present during food prep,2026-09-30T11:06:27.858310
FITZ_IV_ARM_9187,ARM,IV,Type IV - Medium/Olive,LOW,"SPF 15-20, Standard protection",197.0,175.0,174.0,8.708269640441156,8.810519419075767,11.723184893136748,BRIGHT,Ring present during food prep,2026-09-30T11:06:27.873855
FITZ_I_NECK_3869,NECK,I,Type I - Very Fair,EXTREME,"SPF 50+, Complete coverage required",242.0,212.0,213.0,7.106759616144274,9.302848857520186,9.404831402980692,DIM,Wristwatch detected,2026-09-30T11:06:27.834804
FITZ_I_FACE_4555,FACE,I,Type I - Very Fair,EXTREME,"SPF 50+, Complete coverage required",254.0,237.0,194.0,9.521262410764816,4.714334565876644,5.416154290694831,NORMAL,Gloves properly worn,2026-09-30T11:06:27.832289
FITZ_IV_NECK_8913,NECK,IV,Type IV - Medium/Olive,LOW,"SPF 15-20, Standard protection",198.0,186.0,169.0,8.208342940535939,3.951250370323145,6.111245221848223,DIM,Gloves properly worn,2026-09-30T11:06:27.869789
FITZ_IV_NECK_1439,NECK,IV,Type IV - Medium/Olive,LOW,"SPF 15-20, Standard protection",182.0,155.0,151.0,6.887909039166095,8.347012464193742,6.301086987129918,NORMAL,Proper hygienic practice,2026-09-30T11:06:27.868780
FITZ_II_ARM_9820,ARM,II,Type II - Fair,HIGH,"SPF 30+, Coverage recommended",229.0,214.0,185.0,4.468902418977465,6.840792627560826,3.065182159145262,NORMAL,Wristwatch detected,2026-09-30T11:06:27.843024
FITZ_II_HAND_6684,HAND,II,Type II - Fair,HIGH,"SPF 30+, Coverage recommended",235.0,208.0,189.0,8.247774168667835,11.428873009911191,6.810838821526881,BRIGHT,Wristwatch detected,2026-09-30T11:06:27.845024
FITZ_III_NECK_1146,NECK,III,Type III - Light,MODERATE,"SPF 25-30, Partial coverage needed",207.0,196.0,162.0,9.328393940187444,8.309456854851103,10.836729729519712,SHADOW,Clean visible skin,2026-09-30T11:06:27.863397
FITZ_II_HAND_3721,HAND,II,Type II - Fair,HIGH,"SPF 30+, Coverage recommended",226.0,196.0,196.0,7.887364159424982,6.2534437222876,11.60616610380413,NORMAL,Wristwatch detected,2026-09-30T11:06:27.847125
FITZ_II_FACE_6794,FACE,II,Type II - Fair,HIGH,"SPF 30+, Coverage recommended",227.0,211.0,200.0,3.976447994232335,4.0083447486813535,10.819698852112829,DIM,Clean visible skin,2026-09-30T11:06:27.849134
FITZ_I_ARM_8916,ARM,I,Type I - Very Fair,EXTREME,"SPF 50+, Complete coverage required",253.0,218.0,213.0,3.6117114749888035,4.359266818182715,4.968477052089543,SHADOW,Hand washing observed,2026-09-30T11:06:27.832289
FITZ_IV_HAND_7282,HAND,IV,Type IV - Medium/Olive,LOW,"SPF 15-20, Standard protection",184.0,165.0,151.0,9.36449725047239,9.798425152722189,4.41338089259715,NORMAL,Gloves properly worn,2026-09-30T11:06:27.867774
FITZ_I_NECK_1085,NECK,I,Type I - Very Fair,EXTREME,"SPF 50+, Complete coverage required",241.0,225.0,190.0,7.567494393812567,4.1143171670257725,9.809039487381739,NORMAL,Proper hygienic practice,2026-09-30T11:06:27.834804
FITZ_I_NECK_9536,NECK,I,Type I - Very Fair,EXTREME,"SPF 50+, Complete coverage required",244.0,218.0,204.0,3.7932662038261,5.367827981680126,6.337516134383958,NORMAL,Clean visible skin,2026-09-30T11:06:27.833804
FITZ_II_HAND_5387,HAND,II,Type II - Fair,HIGH,"SPF 30+, Coverage recommended",234.0,209.0,180.0,10.758339678543575,9.55675496413496,3.5338683318750403,DIM,Wristwatch detected,2026-09-30T11:06:27.850202
FITZ_I_HAND_7232,HAND,I,Type I - Very Fair,EXTREME,"SPF 50+, Complete coverage required",244.0,211.0,203.0,5.734519606580049,11.945263104391982,4.066064059903154,SHADOW,Wristwatch detected,2026-09-30T11:06:27.831024
FITZ_III_ARM_6315,ARM,III,Type III - Light,MODERATE,"SPF 25-30, Partial coverage needed",204.0,185.0,154.0,10.136111934728874,9.092073484829358,7.779799701889878,BRIGHT,Wristwatch detected,2026-09-30T11:06:27.855202
FITZ_I_FACE_2742,FACE,I,Type I - Very Fair,EXTREME,"SPF 50+, Complete coverage required",240.0,222.0,203.0,3.3936603828490624,5.235086500131031,3.7523599148460347,BRIGHT,Hand washing observed,2026-09-30T11:06:27.835804
FITZ_IV_HAND_9168,HAND,IV,Type IV - Medium/Olive,LOW,"SPF 15-20, Standard protection",200.0,184.0,165.0,3.506903069115656,10.599520548691988,8.275566560819495,DIM,Hand washing observed,2026-09-30T11:06:27.870852
FITZ_I_NECK_5806,NECK,I,Type I - Very Fair,EXTREME,"SPF 50+, Complete coverage required",245.0,215.0,190.0,6.094626508228452,5.088928018277313,4.977321105367901,DIM,Gloves properly worn,2026-09-30T11:06:27.834804
FITZ_I_ARM_3759,ARM,I,Type I - Very Fair,EXTREME,"SPF 50+, Complete coverage required",243.0,222.0,210.0,6.099535311222464,4.2844213353186245,9.738570652050747,SHADOW,Hand washing observed,2026-09-30T11:06:27.835804
FITZ_I_ARM_4775,ARM,I,Type I - Very Fair,EXTREME,"SPF 50+, Complete coverage required",246.0,227.0,197.0,8.408426694716805,4.365940727784834,10.739335781149968,NORMAL,Wristwatch detected,2026-09-30T11:06:27.836878
FITZ_IV_HAND_3420,HAND,IV,Type IV - Medium/Olive,LOW,"SPF 15-20, Standard protection",193.0,176.0,162.0,7.3499738054545825,7.892407880651268,4.176967280798712,SHADOW,Proper hygienic practice,2026-09-30T11:06:27.872851
FITZ_III_ARM_2658,ARM,III,Type III - Light,MODERATE,"SPF 25-30, Partial coverage needed",208.0,177.0,175.0,5.460750429475835,11.210115631263086,11.93379232351774,BRIGHT,Gloves properly worn,2026-09-30T11:06:27.862388
FITZ_IV_FACE_5782,FACE,IV,Type IV - Medium/Olive,LOW,"SPF 15-20, Standard protection",185.0,168.0,152.0,4.384119105738904,11.068977089324692,10.537486683834171,NORMAL,Hand washing observed,2026-09-30T11:06:27.869789
FITZ_III_ARM_6200,ARM,III,Type III - Light,MODERATE,"SPF 25-30, Partial coverage needed",202.0,182.0,169.0,9.463646760374344,10.110496962908327,4.507195983859422,SHADOW,Gloves properly worn,2026-09-30T11:06:27.855202
FITZ_III_HAND_6663,HAND,III,Type III - Light,MODERATE,"SPF 25-30, Partial coverage needed",213.0,188.0,179.0,6.28138380282199,8.255363221007423,7.237315093889863,DIM,Wristwatch detected,2026-09-30T11:06:27.863397
FITZ_III_NECK_6726,NECK,III,Type III - Light,MODERATE,"SPF 25-30, Partial coverage needed",219.0,204.0,169.0,10.08774023627548,10.637921894270912,3.0193025858036915,BRIGHT,Clean visible skin,2026-09-30T11:06:27.854203
FITZ_II_ARM_2684,ARM,II,Type II - Fair,HIGH,"SPF 30+, Coverage recommended",237.0,202.0,186.0,6.466615354282463,5.332041406215857,9.332196835132708,BRIGHT,Gloves properly worn,2026-09-30T11:06:27.846122
FITZ_III_HAND_6794,HAND,III,Type III - Light,MODERATE,"SPF 25-30, Partial coverage needed",202.0,174.0,153.0,9.738253719719536,7.754948399749378,8.730374898195564,BRIGHT,Hand washing observed,2026-09-30T11:06:27.857311
FITZ_III_FACE_6201,FACE,III,Type III - Light,MODERATE,"SPF 25-30, Partial coverage needed",205.0,188.0,180.0,7.445370098234273,5.832429787016998,7.8999939111073125,NORMAL,Wristwatch detected,2026-09-30T11:06:27.853203
FITZ_III_NECK_4686,NECK,III,Type III - Light,MODERATE,"SPF 25-30, Partial coverage needed",210.0,190.0,168.0,6.110092569386684,7.578902120097166,11.921696004766892,DIM,Gloves properly worn,2026-09-30T11:06:27.855202
FITZ_III_ARM_7766,ARM,III,Type III - Light,MODERATE,"SPF 25-30, Partial coverage needed",211.0,196.0,171.0,8.113081199618854,8.538019605219137,7.522975117012584,BRIGHT,Wristwatch detected,2026-09-30T11:06:27.856312
FITZ_I_ARM_4267,ARM,I,Type I - Very Fair,EXTREME,"SPF 50+, Complete coverage required",246.0,214.0,210.0,5.653172012366098,6.361276680328778,5.896612158771493,SHADOW,Wristwatch detected,2026-09-30T11:06:27.836878
FITZ_III_ARM_2402,ARM,III,Type III - Light,MODERATE,"SPF 25-30, Partial coverage needed",220.0,191.0,194.0,6.6419947920993305,9.375284822234141,9.07910504355513,SHADOW,Clean visible skin,2026-09-30T11:06:27.854203
FITZ_I_NECK_4282,NECK,I,Type I - Very Fair,EXTREME,"SPF 50+, Complete coverage required",240.0,209.0,195.0,5.329676551373091,5.006009878660651,9.070844813510845,DIM,Ring present during food prep,2026-09-30T11:06:27.836878
FITZ_I_NECK_1672,NECK,I,Type I - Very Fair,EXTREME,"SPF 50+, Complete coverage required",251.0,234.0,191.0,10.778250305327152,10.697640343104812,8.535075495740163,SHADOW,Wristwatch detected,2026-09-30T11:06:27.831024
FITZ_III_HAND_5558,HAND,III,Type III - Light,MODERATE,"SPF 25-30, Partial coverage needed",205.0,182.0,159.0,8.55301237053041,9.691833103028628,9.672554391150019,DIM,Ring present during food prep,2026-09-30T11:06:27.853203
FITZ_IV_NECK_2750,NECK,IV,Type IV - Medium/Olive,LOW,"SPF 15-20, Standard protection",189.0,170.0,161.0,5.274450362631541,4.373269433971924,9.420020381779533,SHADOW,Gloves properly worn,2026-09-30T11:06:27.865397
FITZ_IV_NECK_4082,NECK,IV,Type IV - Medium/Olive,LOW,"SPF 15-20, Standard protection",195.0,178.0,146.0,9.72651123064379,5.713584662149036,4.673858338890683,NORMAL,Wristwatch detected,2026-09-30T11:06:27.870852
FITZ_I_HAND_6947,HAND,I,Type I - Very Fair,EXTREME,"SPF 50+, Complete coverage required",248.0,227.0,212.0,4.723605087471743,10.346527416415395,8.627129023735275,BRIGHT,Clean visible skin,2026-09-30T11:06:27.834804
FITZ_III_ARM_1670,ARM,III,Type III - Light,MODERATE,"SPF 25-30, Partial coverage needed",210.0,195.0,182.0,9.770191523456461,7.250821510844098,6.254541727479934,SHADOW,Proper hygienic practice,2026-09-30T11:06:27.858310
FITZ_I_ARM_2816,ARM,I,Type I - Very Fair,EXTREME,"SPF 50+, Complete coverage required",242.0,212.0,205.0,7.370955344018967,6.978397680280012,5.4585015992829256,NORMAL,Clean visible skin,2026-09-30T11:06:27.831024
FITZ_I_FACE_3778,FACE,I,Type I - Very Fair,EXTREME,"SPF 50+, Complete coverage required",247.0,220.0,190.0,8.898281377416968,5.032959530466931,10.910910935400107,SHADOW,Clean visible skin,2026-09-30T11:06:27.835804
FITZ_II_HAND_3952,HAND,II,Type II - Fair,HIGH,"SPF 30+, Coverage recommended",221.0,196.0,196.0,10.5199112953505,11.598185212964292,3.070772646859087,BRIGHT,Hand washing observed,2026-09-30T11:06:27.843024
FITZ_I_NECK_9374,NECK,I,Type I - Very Fair,EXTREME,"SPF 50+, Complete coverage required",241.0,225.0,194.0,5.838752153747256,11.083090803535669,10.92888523692636,DIM,Gloves properly worn,2026-09-30T11:06:27.833804
FITZ_III_FACE_5726,FACE,III,Type III - Light,MODERATE,"SPF 25-30, Partial coverage needed",213.0,182.0,181.0,5.8760789172606875,3.969194535509607,4.000864660791204,NORMAL,Clean visible skin,2026-09-30T11:06:27.860392
FITZ_III_HAND_8206,HAND,III,Type III - Light,MODERATE,"SPF 25-30, Partial coverage needed",210.0,197.0,174.0,3.763733311157004,9.665533061702561,10.512528260037048,NORMAL,Ring present during food prep,2026-09-30T11:06:27.859309
FITZ_IV_NECK_3919,NECK,IV,Type IV - Medium/Olive,LOW,"SPF 15-20, Standard protection",191.0,172.0,158.0,9.525929582287949,7.989122994508032,9.93058685142628,DIM,Clean visible skin,2026-09-30T11:06:27.868780
FITZ_III_ARM_6036,ARM,III,Type III - Light,MODERATE,"SPF 25-30, Partial coverage needed",207.0,180.0,167.0,11.79212195835967,3.6694235420407826,11.863555048816332,SHADOW,Ring present during food prep,2026-09-30T11:06:27.856312
FITZ_II_FACE_6860,FACE,II,Type II - Fair,HIGH,"SPF 30+, Coverage recommended",230.0,212.0,200.0,3.5474531783838055,4.945606587338995,3.864328896156648,NORMAL,Gloves properly worn,2026-09-30T11:06:27.852202
FITZ_II_HAND_5666,HAND,II,Type II - Fair,HIGH,"SPF 30+, Coverage recommended",220.0,187.0,184.0,8.298326410815168,5.465718479658426,7.9543088419581105,SHADOW,Proper hygienic practice,2026-09-30T11:06:27.845024
FITZ_II_HAND_5499,HAND,II,Type II - Fair,HIGH,"SPF 30+, Coverage recommended",230.0,196.0,198.0,7.760523982928873,3.0253850769140174,11.139731427383467,DIM,Ring present during food prep,2026-09-30T11:06:27.847125
FITZ_III_ARM_1332,ARM,III,Type III - Light,MODERATE,"SPF 25-30, Partial coverage needed",202.0,181.0,169.0,5.423152730194737,9.743287617213081,8.091794446141316,DIM,Hand washing observed,2026-09-30T11:06:27.862388
FITZ_IV_HAND_3095,HAND,IV,Type IV - Medium/Olive,LOW,"SPF 15-20, Standard protection",189.0,167.0,150.0,3.2169549931988457,7.062533272952366,8.911709238342812,DIM,Proper hygienic practice,2026-09-30T11:06:27.869789
FITZ_IV_HAND_9646,HAND,IV,Type IV - Medium/Olive,LOW,"SPF 15-20, Standard protection",188.0,162.0,151.0,4.833023599518373,7.516075010151521,8.651310835906541,NORMAL,Gloves properly worn,2026-09-30T11:06:27.865397
FITZ_II_ARM_9398,ARM,II,Type II - Fair,HIGH,"SPF 30+, Coverage recommended",222.0,202.0,193.0,6.952702840482132,3.017925831010787,5.326171919450964,BRIGHT,Gloves properly worn,2026-09-30T11:06:27.843024
FITZ_III_ARM_6483,ARM,III,Type III - Light,MODERATE,"SPF 25-30, Partial coverage needed",213.0,195.0,168.0,10.920552033232386,4.536525910419398,4.538892195508539,SHADOW,Gloves properly worn,2026-09-30T11:06:27.862388
FITZ_IV_FACE_8250,FACE,IV,Type IV - Medium/Olive,LOW,"SPF 15-20, Standard protection",191.0,178.0,153.0,5.251656333301401,5.551157702897353,8.727029133028921,NORMAL,Gloves properly worn,2026-09-30T11:06:27.864398
FITZ_IV_HAND_4955,HAND,IV,Type IV - Medium/Olive,LOW,"SPF 15-20, Standard protection",186.0,170.0,167.0,10.24828978429521,6.877237368529688,11.591592033006046,DIM,Clean visible skin,2026-09-30T11:06:27.866501
FITZ_II_NECK_8259,NECK,II,Type II - Fair,HIGH,"SPF 30+, Coverage recommended",239.0,226.0,182.0,4.2876765577971945,8.567964881072395,3.1446858168632006,DIM,Ring present during food prep,2026-09-30T11:06:27.848124
FITZ_I_ARM_6946,ARM,I,Type I - Very Fair,EXTREME,"SPF 50+, Complete coverage required",241.0,212.0,184.0,11.384063818426682,6.210267184876379,9.692258755530613,BRIGHT,Hand washing observed,2026-09-30T11:06:27.837878
FITZ_I_ARM_3105,ARM,I,Type I - Very Fair,EXTREME,"SPF 50+, Complete coverage required",247.0,210.0,190.0,10.704766552847998,4.936916467672633,4.207872051144387,BRIGHT,Proper hygienic practice,2026-09-30T11:06:27.835804
FITZ_II_HAND_7223,HAND,II,Type II - Fair,HIGH,"SPF 30+, Coverage recommended",226.0,198.0,178.0,3.1571886206786286,9.42059920951582,4.371052253643362,DIM,Ring present during food prep,2026-09-30T11:06:27.845024
FITZ_I_FACE_4262,FACE,I,Type I - Very Fair,EXTREME,"SPF 50+, Complete coverage required",251.0,214.0,192.0,5.615185938504882,4.749631000176155,8.271177531885943,DIM,Hand washing observed,2026-09-30T11:06:27.834804
FITZ_II_HAND_1827,HAND,II,Type II - Fair,HIGH,"SPF 30+, Coverage recommended",231.0,209.0,192.0,7.361416829452779,11.202339259519242,10.987187929445462,BRIGHT,Ring present during food prep,2026-09-30T11:06:27.844027
FITZ_IV_ARM_4777,ARM,IV,Type IV - Medium/Olive,LOW,"SPF 15-20, Standard protection",183.0,162.0,142.0,5.818914829222825,10.320861909839149,8.817837000360592,SHADOW,Wristwatch detected,2026-09-30T11:06:27.872851
FITZ_III_FACE_3548,FACE,III,Type III - Light,MODERATE,"SPF 25-30, Partial coverage needed",206.0,183.0,160.0,4.998310504380591,3.7256002083785447,11.88753005595596,BRIGHT,Ring present during food prep,2026-09-30T11:06:27.862388
FITZ_II_NECK_3635,NECK,II,Type II - Fair,HIGH,"SPF 30+, Coverage recommended",235.0,216.0,193.0,5.177587800963645,9.093061915044231,3.8947949439790337,SHADOW,Hand washing observed,2026-09-30T11:06:27.847125
FITZ_IV_NECK_6661,NECK,IV,Type IV - Medium/Olive,LOW,"SPF 15-20, Standard protection",199.0,177.0,160.0,11.521660779816989,3.093602105160987,11.570653314516534,SHADOW,Proper hygienic practice,2026-09-30T11:06:27.864398
FITZ_II_FACE_8094,FACE,II,Type II - Fair,HIGH,"SPF 30+, Coverage recommended",225.0,211.0,185.0,3.2391508587719904,9.74369967592597,3.7509710088969914,SHADOW,Hand washing observed,2026-09-30T11:06:27.850202
FITZ_III_HAND_2600,HAND,III,Type III - Light,MODERATE,"SPF 25-30, Partial coverage needed",211.0,190.0,179.0,9.467041965986596,5.614083547119728,10.743131791696001,DIM,Hand washing observed,2026-09-30T11:06:27.853203
FITZ_IV_NECK_2960,NECK,IV,Type IV - Medium/Olive,LOW,"SPF 15-20, Standard protection",193.0,176.0,151.0,3.5912068188394954,7.2515797140011475,4.496773787207333,BRIGHT,Proper hygienic practice,2026-09-30T11:06:27.873855
FITZ_III_HAND_9557,HAND,III,Type III - Light,MODERATE,"SPF 25-30, Partial coverage needed",203.0,179.0,158.0,6.078054085190226,10.370993668676359,9.546668030050022,BRIGHT,Ring present during food prep,2026-09-30T11:06:27.855202
FITZ_I_ARM_7396,ARM,I,Type I - Very Fair,EXTREME,"SPF 50+, Complete coverage required",242.0,222.0,194.0,9.016149995930625,7.495574248217121,3.251904780900168,DIM,Clean visible skin,2026-09-30T11:06:27.842027
FITZ_III_HAND_1786,HAND,III,Type III - Light,MODERATE,"SPF 25-30, Partial coverage needed",208.0,184.0,168.0,8.784871923696336,8.736189058310579,10.042990866738968,NORMAL,Clean visible skin,2026-09-30T11:06:27.863397
FITZ_II_ARM_7768,ARM,II,Type II - Fair,HIGH,"SPF 30+, Coverage recommended",229.0,200.0,186.0,4.949383124574824,4.6542945012870485,5.583378518971863,SHADOW,Ring present during food prep,2026-09-30T11:06:27.849134
FITZ_II_FACE_7312,FACE,II,Type II - Fair,HIGH,"SPF 30+, Coverage recommended",232.0,214.0,208.0,5.600374890868769,4.672399150895946,8.670662221615645,DIM,Hand washing observed,2026-09-30T11:06:27.847125
FITZ_III_HAND_7404,HAND,III,Type III - Light,MODERATE,"SPF 25-30, Partial coverage needed",208.0,179.0,158.0,3.033559991487084,10.52006478354377,11.268398681811812,SHADOW,Clean visible skin,2026-09-30T11:06:27.857311
FITZ_IV_ARM_1848,ARM,IV,Type IV - Medium/Olive,LOW,"SPF 15-20, Standard protection",182.0,172.0,159.0,8.14612496800141,5.267217668025284,8.995085799644318,DIM,Ring present during food prep,2026-09-30T11:06:27.868780
FITZ_III_HAND_1719,HAND,III,Type III - Light,MODERATE,"SPF 25-30, Partial coverage needed",214.0,190.0,163.0,8.507283155016019,7.1700107041896,9.645182281549225,NORMAL,Ring present during food prep,2026-09-30T11:06:27.859309
FITZ_III_NECK_2765,NECK,III,Type III - Light,MODERATE,"SPF 25-30, Partial coverage needed",217.0,197.0,163.0,5.710561202263287,6.481794266908938,8.18915025853193,BRIGHT,Gloves properly worn,2026-09-30T11:06:27.863397
FITZ_IV_NECK_3866,NECK,IV,Type IV - Medium/Olive,LOW,"SPF 15-20, Standard protection",185.0,173.0,141.0,11.136063241540333,7.403471613507515,8.435950762452682,DIM,Ring present during food prep,2026-09-30T11:06:27.871855
FITZ_III_NECK_6488,NECK,III,Type III - Light,MODERATE,"SPF 25-30, Partial coverage needed",215.0,201.0,168.0,7.291281685097128,3.085568055923981,7.750720418510009,SHADOW,Ring present during food prep,2026-09-30T11:06:27.860392
FITZ_III_ARM_1013,ARM,III,Type III - Light,MODERATE,"SPF 25-30, Partial coverage needed",211.0,186.0,165.0,3.9074276802677153,10.29422355981093,11.433495645406323,DIM,Proper hygienic practice,2026-09-30T11:06:27.859309
FITZ_III_ARM_8325,ARM,III,Type III - Light,MODERATE,"SPF 25-30, Partial coverage needed",218.0,187.0,174.0,8.37813444601413,9.670436451055256,10.77853121896936,BRIGHT,Wristwatch detected,2026-09-30T11:06:27.859309
FITZ_III_NECK_3997,NECK,III,Type III - Light,MODERATE,"SPF 25-30, Partial coverage needed",211.0,188.0,179.0,10.251024575037587,10.73953524775012,8.973865144670722,SHADOW,Proper hygienic practice,2026-09-30T11:06:27.862388
FITZ_III_NECK_3843,NECK,III,Type III - Light,MODERATE,"SPF 25-30, Partial coverage needed",204.0,174.0,159.0,3.4768556506613533,4.023555735659046,10.814285455922827,DIM,Gloves properly worn,2026-09-30T11:06:27.862388
FITZ_I_NECK_1903,NECK,I,Type I - Very Fair,EXTREME,"SPF 50+, Complete coverage required",245.0,219.0,191.0,3.0586199910152474,10.66986978519773,6.908233317759126,SHADOW,Hand washing observed,2026-09-30T11:06:27.839885
FITZ_III_FACE_2569,FACE,III,Type III - Light,MODERATE,"SPF 25-30, Partial coverage needed",210.0,189.0,159.0,4.189444373954397,6.991351362153586,7.351200832537694,SHADOW,Gloves properly worn,2026-09-30T11:06:27.860392
FITZ_I_HAND_3223,HAND,I,Type I - Very Fair,EXTREME,"SPF 50+, Complete coverage required",248.0,233.0,208.0,4.559717722797159,6.922346436309136,10.88339164780318,BRIGHT,Proper hygienic practice,2026-09-30T11:06:27.835804
FITZ_I_FACE_7808,FACE,I,Type I - Very Fair,EXTREME,"SPF 50+, Complete coverage required",249.0,216.0,197.0,10.810712595390521,7.602428814289432,3.510197769915473,BRIGHT,Wristwatch detected,2026-09-30T11:06:27.841026
FITZ_I_ARM_6665,ARM,I,Type I - Very Fair,EXTREME,"SPF 50+, Complete coverage required",241.0,212.0,181.0,7.229040167153465,10.46865195946857,6.735709820011877,DIM,Proper hygienic practice,2026-09-30T11:06:27.835804
FITZ_IV_FACE_5152,FACE,IV,Type IV - Medium/Olive,LOW,"SPF 15-20, Standard protection",183.0,158.0,160.0,7.239119533201551,11.883473582843292,8.598109251224372,NORMAL,Clean visible skin,2026-09-30T11:06:27.872851
FITZ_IV_ARM_6731,ARM,IV,Type IV - Medium/Olive,LOW,"SPF 15-20, Standard protection",183.0,165.0,156.0,4.901254475183954,3.1252295086811723,4.049746201185309,NORMAL,Wristwatch detected,2026-09-30T11:06:27.870852
FITZ_IV_FACE_7978,FACE,IV,Type IV - Medium/Olive,LOW,"SPF 15-20, Standard protection",190.0,173.0,157.0,5.288834077058973,6.961530579816305,5.006590726913779,BRIGHT,Hand washing observed,2026-09-30T11:06:27.870852
FITZ_I_ARM_6152,ARM,I,Type I - Very Fair,EXTREME,"SPF 50+, Complete coverage required",250.0,237.0,210.0,10.581651974422673,8.138834770405305,6.506096465039328,NORMAL,Ring present during food prep,2026-09-30T11:06:27.833804
FITZ_I_FACE_6793,FACE,I,Type I - Very Fair,EXTREME,"SPF 50+, Complete coverage required",242.0,216.0,208.0,6.353821734383132,4.17103908216459,3.539828801737619,DIM,Clean visible skin,2026-09-30T11:06:27.831024
FITZ_II_NECK_9577,NECK,II,Type II - Fair,HIGH,"SPF 30+, Coverage recommended",232.0,210.0,204.0,10.00592746170733,8.544563145450098,11.689739109450047,NORMAL,Hand washing observed,2026-09-30T11:06:27.848124
FITZ_IV_NECK_6425,NECK,IV,Type IV - Medium/Olive,LOW,"SPF 15-20, Standard protection",195.0,168.0,155.0,5.6891929539873365,10.340915844754447,3.466279346160177,NORMAL,Gloves properly worn,2026-09-30T11:06:27.863397
FITZ_IV_ARM_4248,ARM,IV,Type IV - Medium/Olive,LOW,"SPF 15-20, Standard protection",189.0,173.0,152.0,3.976900404534272,11.682459375040514,4.970263718478868,SHADOW,Wristwatch detected,2026-09-30T11:06:27.865397
FITZ_II_HAND_5107,HAND,II,Type II - Fair,HIGH,"SPF 30+, Coverage recommended",236.0,218.0,177.0,11.45133374540971,11.98969970418255,6.525818077242882,DIM,Ring present during food prep,2026-09-30T11:06:27.850202
FITZ_III_FACE_7911,FACE,III,Type III - Light,MODERATE,"SPF 25-30, Partial coverage needed",210.0,186.0,186.0,3.6876300632916443,10.96033959283334,7.021710814085146,SHADOW,Gloves properly worn,2026-09-30T11:06:27.860392
FITZ_II_NECK_1900,NECK,II,Type II - Fair,HIGH,"SPF 30+, Coverage recommended",224.0,196.0,183.0,5.2814827650394225,8.701869332272649,7.848602975672288,BRIGHT,Gloves properly worn,2026-09-30T11:06:27.846122
FITZ_IV_NECK_4286,NECK,IV,Type IV - Medium/Olive,LOW,"SPF 15-20, Standard protection",197.0,181.0,175.0,8.766452265711486,7.940286518568456,10.224222913962729,NORMAL,Clean visible skin,2026-09-30T11:06:27.869789
FITZ_IV_FACE_9500,FACE,IV,Type IV - Medium/Olive,LOW,"SPF 15-20, Standard protection",195.0,182.0,147.0,5.575802730558195,6.1841682504984465,7.928870969534485,NORMAL,Gloves properly worn,2026-09-30T11:06:27.865397
FITZ_II_HAND_4221,HAND,II,Type II - Fair,HIGH,"SPF 30+, Coverage recommended",240.0,208.0,213.0,3.3062640938142356,9.68757235267712,3.100264947145286,BRIGHT,Gloves properly worn,2026-09-30T11:06:27.848124
FITZ_IV_NECK_1891,NECK,IV,Type IV - Medium/Olive,LOW,"SPF 15-20, Standard protection",194.0,182.0,151.0,6.994767519351093,6.417962304088554,11.090061559434115,BRIGHT,Gloves properly worn,2026-09-30T11:06:27.871855
FITZ_IV_HAND_4640,HAND,IV,Type IV - Medium/Olive,LOW,"SPF 15-20, Standard protection",190.0,168.0,166.0,3.665845288538324,5.057934137242162,4.999094640406875,DIM,Gloves properly worn,2026-09-30T11:06:27.867774
FITZ_II_FACE_8130,FACE,II,Type II - Fair,HIGH,"SPF 30+, Coverage recommended",231.0,200.0,202.0,4.135616206248135,8.191792375746292,8.837789338088978,BRIGHT,Clean visible skin,2026-09-30T11:06:27.852202
FITZ_I_HAND_9383,HAND,I,Type I - Very Fair,EXTREME,"SPF 50+, Complete coverage required",241.0,217.0,194.0,9.469924857172892,10.918880545601628,7.68422732448068,DIM,Hand washing observed,2026-09-30T11:06:27.834804
FITZ_IV_ARM_9501,ARM,IV,Type IV - Medium/Olive,LOW,"SPF 15-20, Standard protection",197.0,167.0,170.0,11.008607831078365,6.774022921102446,11.343443134893398,DIM,Ring present during food prep,2026-09-30T11:06:27.870852
FITZ_IV_ARM_4224,ARM,IV,Type IV - Medium/Olive,LOW,"SPF 15-20, Standard protection",186.0,170.0,157.0,5.600875557760268,4.220954298501535,10.132249406813052,BRIGHT,Wristwatch detected,2026-09-30T11:06:27.867774
FITZ_IV_NECK_7660,NECK,IV,Type IV - Medium/Olive,LOW,"SPF 15-20, Standard protection",198.0,173.0,158.0,8.536560475151932,5.4622925576771735,3.9291430314067552,BRIGHT,Proper hygienic practice,2026-09-30T11:06:27.868780
FITZ_II_NECK_7736,NECK,II,Type II - Fair,HIGH,"SPF 30+, Coverage recommended",231.0,213.0,196.0,8.720665906754249,4.512023834976528,10.946306861189854,DIM,Gloves properly worn,2026-09-30T11:06:27.843024
FITZ_II_NECK_6949,NECK,II,Type II - Fair,HIGH,"SPF 30+, Coverage recommended",231.0,197.0,190.0,3.952565840033751,7.20278031172654,5.39115445996468,SHADOW,Gloves properly worn,2026-09-30T11:06:27.849134
FITZ_III_ARM_2864,ARM,III,Type III - Light,MODERATE,"SPF 25-30, Partial coverage needed",203.0,180.0,157.0,8.450318508914313,7.179453925093635,3.051224677306183,DIM,Ring present during food prep,2026-09-30T11:06:27.860392
FITZ_IV_FACE_9264,FACE,IV,Type IV - Medium/Olive,LOW,"SPF 15-20, Standard protection",193.0,175.0,148.0,6.3405611379919335,5.508305348379839,9.795962195675328,NORMAL,Proper hygienic practice,2026-09-30T11:06:27.870852
FITZ_IV_NECK_4349,NECK,IV,Type IV - Medium/Olive,LOW,"SPF 15-20, Standard protection",194.0,178.0,147.0,9.613775694154503,4.45911724448662,5.893871294860556,NORMAL,Ring present during food prep,2026-09-30T11:06:27.864398
FITZ_III_NECK_5500,NECK,III,Type III - Light,MODERATE,"SPF 25-30, Partial coverage needed",215.0,193.0,193.0,4.067583655583173,5.545843817937035,9.987105350958942,SHADOW,Wristwatch detected,2026-09-30T11:06:27.858310
FITZ_I_ARM_9977,ARM,I,Type I - Very Fair,EXTREME,"SPF 50+, Complete coverage required",242.0,221.0,210.0,6.084634218746313,9.551297059767865,6.349047471995237,SHADOW,Wristwatch detected,2026-09-30T11:06:27.837878
FITZ_IV_FACE_6261,FACE,IV,Type IV - Medium/Olive,LOW,"SPF 15-20, Standard protection",181.0,165.0,160.0,10.705659026725671,6.368387716118886,7.097269191560495,BRIGHT,Hand washing observed,2026-09-30T11:06:27.865397
FITZ_III_FACE_8577,FACE,III,Type III - Light,MODERATE,"SPF 25-30, Partial coverage needed",213.0,183.0,168.0,3.928813955206926,9.890700811209545,8.902075752488692,NORMAL,Proper hygienic practice,2026-09-30T11:06:27.854203
FITZ_II_HAND_1491,HAND,II,Type II - Fair,HIGH,"SPF 30+, Coverage recommended",237.0,211.0,197.0,3.512634498609622,9.938936129789145,11.02674221622076,DIM,Wristwatch detected,2026-09-30T11:06:27.848124
FITZ_III_HAND_2118,HAND,III,Type III - Light,MODERATE,"SPF 25-30, Partial coverage needed",211.0,188.0,173.0,5.611017064599973,8.806740328292282,4.347112626162258,BRIGHT,Wristwatch detected,2026-09-30T11:06:27.858310
FITZ_IV_HAND_9021,HAND,IV,Type IV - Medium/Olive,LOW,"SPF 15-20, Standard protection",193.0,173.0,154.0,7.828223998587644,8.707691802685375,4.627906072114053,SHADOW,Gloves properly worn,2026-09-30T11:06:27.871855
FITZ_II_ARM_3602,ARM,II,Type II - Fair,HIGH,"SPF 30+, Coverage recommended",238.0,213.0,185.0,6.422904827371902,9.757030730340574,4.317085675123604,BRIGHT,Clean visible skin,2026-09-30T11:06:27.849134
FITZ_III_ARM_2354,ARM,III,Type III - Light,MODERATE,"SPF 25-30, Partial coverage needed",215.0,188.0,176.0,10.887072526682577,10.589986833499184,3.3750033106243253,BRIGHT,Gloves properly worn,2026-09-30T11:06:27.857311
FITZ_IV_ARM_3801,ARM,IV,Type IV - Medium/Olive,LOW,"SPF 15-20, Standard protection",183.0,156.0,156.0,3.522048866388486,9.491196560239587,6.122094216590355,SHADOW,Gloves properly worn,2026-09-30T11:06:27.871855
FITZ_I_HAND_9348,HAND,I,Type I - Very Fair,EXTREME,"SPF 50+, Complete coverage required",250.0,232.0,188.0,9.044903826255032,11.377019832753689,6.516986050072722,BRIGHT,Clean visible skin,2026-09-30T11:06:27.837878
FITZ_II_HAND_2425,HAND,II,Type II - Fair,HIGH,"SPF 30+, Coverage recommended",233.0,211.0,195.0,4.169062521945071,7.988930650035113,9.139061167034864,NORMAL,Gloves properly worn,2026-09-30T11:06:27.847125
FITZ_II_ARM_5800,ARM,II,Type II - Fair,HIGH,"SPF 30+, Coverage recommended",239.0,225.0,180.0,10.25472657410465,5.431895742959245,7.805468580316504,NORMAL,Gloves properly worn,2026-09-30T11:06:27.846122
FITZ_I_NECK_7078,NECK,I,Type I - Very Fair,EXTREME,"SPF 50+, Complete coverage required",244.0,208.0,184.0,11.963346372795264,4.045084326525986,5.113200291881961,BRIGHT,Clean visible skin,2026-09-30T11:06:27.831024
FITZ_IV_FACE_5115,FACE,IV,Type IV - Medium/Olive,LOW,"SPF 15-20, Standard protection",189.0,172.0,158.0,9.457311462503396,7.978519885203544,8.156255196031811,BRIGHT,Clean visible skin,2026-09-30T11:06:27.872851
FITZ_IV_ARM_6790,ARM,IV,Type IV - Medium/Olive,LOW,"SPF 15-20, Standard protection",199.0,176.0,173.0,5.9535300549811865,5.215679639824413,6.57646043052245,SHADOW,Proper hygienic practice,2026-09-30T11:06:27.873855
FITZ_III_HAND_7813,HAND,III,Type III - Light,MODERATE,"SPF 25-30, Partial coverage needed",218.0,203.0,181.0,4.441081466968376,7.167199132096409,3.5542975160373067,SHADOW,Gloves properly worn,2026-09-30T11:06:27.856312
FITZ_I_NECK_5358,NECK,I,Type I - Very Fair,EXTREME,"SPF 50+, Complete coverage required",250.0,225.0,191.0,9.751730906480544,8.612462974301684,3.731769016110301,SHADOW,Wristwatch detected,2026-09-30T11:06:27.837878
FITZ_IV_HAND_2992,HAND,IV,Type IV - Medium/Olive,LOW,"SPF 15-20, Standard protection",180.0,158.0,160.0,8.792653801364644,5.7848828125798075,8.71021338283974,DIM,Clean visible skin,2026-09-30T11:06:27.865397
FITZ_IV_ARM_2826,ARM,IV,Type IV - Medium/Olive,LOW,"SPF 15-20, Standard protection",197.0,171.0,151.0,5.890982523053561,10.07139943755957,11.790407662033545,DIM,Gloves properly worn,2026-09-30T11:06:27.867774
FITZ_IV_HAND_9311,HAND,IV,Type IV - Medium/Olive,LOW,"SPF 15-20, Standard protection",182.0,163.0,138.0,10.634558754407418,3.781780210944068,11.34668251795155,BRIGHT,Ring present during food prep,2026-09-30T11:06:27.869789
FITZ_I_NECK_1534,NECK,I,Type I - Very Fair,EXTREME,"SPF 50+, Complete coverage required",243.0,208.0,182.0,11.392470767360306,3.9330777188214974,9.74949311290339,NORMAL,Wristwatch detected,2026-09-30T11:06:27.835804
FITZ_III_ARM_7472,ARM,III,Type III - Light,MODERATE,"SPF 25-30, Partial coverage needed",220.0,199.0,174.0,7.08689037785895,10.238990418679034,10.168810864677152,DIM,Ring present during food prep,2026-09-30T11:06:27.859309
FITZ_III_FACE_9425,FACE,III,Type III - Light,MODERATE,"SPF 25-30, Partial coverage needed",217.0,199.0,168.0,7.6099978564732345,5.732759424441643,7.147753343481331,SHADOW,Wristwatch detected,2026-09-30T11:06:27.856312
FITZ_III_ARM_7483,ARM,III,Type III - Light,MODERATE,"SPF 25-30, Partial coverage needed",214.0,196.0,167.0,5.095022519305687,8.78670107033368,6.871957536664512,SHADOW,Proper hygienic practice,2026-09-30T11:06:27.861390
FITZ_II_NECK_5416,NECK,II,Type II - Fair,HIGH,"SPF 30+, Coverage recommended",224.0,196.0,170.0,11.339380276148098,10.91388951225108,10.954867198915094,SHADOW,Wristwatch detected,2026-09-30T11:06:27.843024
FITZ_I_HAND_6150,HAND,I,Type I - Very Fair,EXTREME,"SPF 50+, Complete coverage required",251.0,216.0,206.0,6.802339443153847,9.553778846240075,5.0436230487578815,SHADOW,Clean visible skin,2026-09-30T11:06:27.841026
FITZ_II_HAND_1362,HAND,II,Type II - Fair,HIGH,"SPF 30+, Coverage recommended",237.0,209.0,200.0,5.612281656854018,10.240160714228093,3.1862793210542657,NORMAL,Hand washing observed,2026-09-30T11:06:27.849134
FITZ_I_NECK_4839,NECK,I,Type I - Very Fair,EXTREME,"SPF 50+, Complete coverage required",243.0,220.0,198.0,9.048212731849972,10.849911760077527,5.202607360965533,NORMAL,Clean visible skin,2026-09-30T11:06:27.831024
FITZ_IV_NECK_7864,NECK,IV,Type IV - Medium/Olive,LOW,"SPF 15-20, Standard protection",191.0,167.0,150.0,8.735324711166054,7.3021714148145165,5.211761912002072,SHADOW,Proper hygienic practice,2026-09-30T11:06:27.871855
FITZ_II_ARM_5685,ARM,II,Type II - Fair,HIGH,"SPF 30+, Coverage recommended",239.0,217.0,201.0,11.252584527196511,5.601273358352512,4.80956348036962,DIM,Ring present during food prep,2026-09-30T11:06:27.848124
FITZ_I_NECK_3986,NECK,I,Type I - Very Fair,EXTREME,"SPF 50+, Complete coverage required",250.0,215.0,200.0,6.046925323617307,8.785160545824484,10.473452910872425,SHADOW,Ring present during food prep,2026-09-30T11:06:27.831024
FITZ_IV_FACE_2866,FACE,IV,Type IV - Medium/Olive,LOW,"SPF 15-20, Standard protection",188.0,169.0,158.0,4.955674337601926,7.946041804145642,10.1620751260807,SHADOW,Ring present during food prep,2026-09-30T11:06:27.873855
FITZ_III_FACE_4581,FACE,III,Type III - Light,MODERATE,"SPF 25-30, Partial coverage needed",204.0,191.0,178.0,9.660242301996295,10.78517894846663,7.815534277240075,SHADOW,Ring present during food prep,2026-09-30T11:06:27.860392
FITZ_IV_HAND_7143,HAND,IV,Type IV - Medium/Olive,LOW,"SPF 15-20, Standard protection",200.0,175.0,168.0,3.4262328619021876,9.616939207828992,6.352975302570633,SHADOW,Ring present during food prep,2026-09-30T11:06:27.871855
FITZ_II_HAND_1130,HAND,II,Type II - Fair,HIGH,"SPF 30+, Coverage recommended",220.0,204.0,180.0,4.713990766349374,11.237395808613945,7.816537873781304,SHADOW,Ring present during food prep,2026-09-30T11:06:27.845024
FITZ_IV_HAND_2413,HAND,IV,Type IV - Medium/Olive,LOW,"SPF 15-20, Standard protection",193.0,174.0,158.0,11.697854652507727,5.482483868422637,7.609202393326282,DIM,Wristwatch detected,2026-09-30T11:06:27.870852
FITZ_I_HAND_9270,HAND,I,Type I - Very Fair,EXTREME,"SPF 50+, Complete coverage required",249.0,213.0,212.0,10.47448297036329,9.525664031567512,11.98939127858821,SHADOW,Wristwatch detected,2026-09-30T11:06:27.834804
FITZ_I_ARM_7378,ARM,I,Type I - Very Fair,EXTREME,"SPF 50+, Complete coverage required",253.0,238.0,202.0,5.249466788009776,8.123755325596452,7.247221895748879,NORMAL,Hand washing observed,2026-09-30T11:06:27.836878
FITZ_II_NECK_3515,NECK,II,Type II - Fair,HIGH,"SPF 30+, Coverage recommended",232.0,217.0,196.0,9.861845076404656,10.308883617721657,7.156738008908818,BRIGHT,Hand washing observed,2026-09-30T11:06:27.843024
FITZ_I_FACE_4523,FACE,I,Type I - Very Fair,EXTREME,"SPF 50+, Complete coverage required",252.0,215.0,221.0,9.464601792066013,11.643155232730269,8.80878271325642,BRIGHT,Clean visible skin,2026-09-30T11:06:27.839885
FITZ_IV_HAND_6304,HAND,IV,Type IV - Medium/Olive,LOW,"SPF 15-20, Standard protection",196.0,167.0,151.0,7.219381235262982,8.134959369768136,6.208068822163929,NORMAL,Hand washing observed,2026-09-30T11:06:27.866501
FITZ_II_NECK_5023,NECK,II,Type II - Fair,HIGH,"SPF 30+, Coverage recommended",221.0,197.0,194.0,3.2043892228825266,6.108329857470629,8.467819284859438,SHADOW,Clean visible skin,2026-09-30T11:06:27.848124
FITZ_I_NECK_5856,NECK,I,Type I - Very Fair,EXTREME,"SPF 50+, Complete coverage required",254.0,241.0,212.0,4.490409363997694,9.805968421553471,9.355454736613382,SHADOW,Ring present during food prep,2026-09-30T11:06:27.838880
FITZ_IV_FACE_2132,FACE,IV,Type IV - Medium/Olive,LOW,"SPF 15-20, Standard protection",189.0,177.0,167.0,10.900593276801153,3.097219954758534,7.596987708997839,DIM,Wristwatch detected,2026-09-30T11:06:27.870852
FITZ_I_HAND_2763,HAND,I,Type I - Very Fair,EXTREME,"SPF 50+, Complete coverage required",248.0,213.0,217.0,3.6559352500271496,9.870167548722765,8.458799709987986,NORMAL,Proper hygienic practice,2026-09-30T11:06:27.836878
FITZ_IV_NECK_5981,NECK,IV,Type IV - Medium/Olive,LOW,"SPF 15-20, Standard protection",184.0,165.0,151.0,3.7693669221938344,7.069074094328701,8.486392823004824,BRIGHT,Gloves properly worn,2026-09-30T11:06:27.870852
FITZ_II_HAND_1035,HAND,II,Type II - Fair,HIGH,"SPF 30+, Coverage recommended",230.0,196.0,202.0,5.963577769453629,8.099174992915051,8.967799318084836,DIM,Ring present during food prep,2026-09-30T11:06:27.851202
FITZ_IV_HAND_7022,HAND,IV,Type IV - Medium/Olive,LOW,"SPF 15-20, Standard protection",200.0,189.0,159.0,9.216972554262995,7.105309481937086,6.831910906128563,SHADOW,Clean visible skin,2026-09-30T11:06:27.864398
FITZ_IV_FACE_9547,FACE,IV,Type IV - Medium/Olive,LOW,"SPF 15-20, Standard protection",199.0,187.0,156.0,9.393320198219186,3.643026700603478,11.819531455304503,SHADOW,Clean visible skin,2026-09-30T11:06:27.868780
FITZ_III_ARM_1152,ARM,III,Type III - Light,MODERATE,"SPF 25-30, Partial coverage needed",208.0,196.0,176.0,4.846619250936656,5.299596059121505,4.576862255908878,DIM,Hand washing observed,2026-09-30T11:06:27.861390
FITZ_IV_HAND_8470,HAND,IV,Type IV - Medium/Olive,LOW,"SPF 15-20, Standard protection",181.0,158.0,148.0,4.851722656020942,3.998505285347491,11.18357284260263,DIM,Ring present during food prep,2026-09-30T11:06:27.869789
FITZ_III_NECK_1247,NECK,III,Type III - Light,MODERATE,"SPF 25-30, Partial coverage needed",216.0,204.0,192.0,5.460274368179956,4.773259752102799,4.939200749332514,DIM,Proper hygienic practice,2026-09-30T11:06:27.857311
FITZ_I_ARM_2063,ARM,I,Type I - Very Fair,EXTREME,"SPF 50+, Complete coverage required",254.0,220.0,217.0,11.975361636207376,10.294618965218687,11.708051127267561,DIM,Ring present during food prep,2026-09-30T11:06:27.831024
FITZ_II_NECK_9617,NECK,II,Type II - Fair,HIGH,"SPF 30+, Coverage recommended",238.0,210.0,212.0,7.539989479554119,4.661993122379515,6.2610284707409685,SHADOW,Wristwatch detected,2026-09-30T11:06:27.848124
FITZ_II_NECK_4402,NECK,II,Type II - Fair,HIGH,"SPF 30+, Coverage recommended",227.0,214.0,183.0,8.28340455326579,11.163873861756183,9.182901159907646,NORMAL,Ring present during food prep,2026-09-30T11:06:27.848124
FITZ_IV_HAND_2244,HAND,IV,Type IV - Medium/Olive,LOW,"SPF 15-20, Standard protection",192.0,177.0,158.0,7.780361948663421,4.697099114017478,9.288997645243862,DIM,Hand washing observed,2026-09-30T11:06:27.868780
FITZ_II_HAND_8114,HAND,II,Type II - Fair,HIGH,"SPF 30+, Coverage recommended",222.0,192.0,188.0,11.572227021981659,11.710616857748736,11.234403634283257,SHADOW,Ring present during food prep,2026-09-30T11:06:27.846122
FITZ_II_ARM_7836,ARM,II,Type II - Fair,HIGH,"SPF 30+, Coverage recommended",230.0,209.0,206.0,5.456076428557753,10.210146186914843,4.472255151131985,BRIGHT,Wristwatch detected,2026-09-30T11:06:27.846122
FITZ_IV_NECK_2607,NECK,IV,Type IV - Medium/Olive,LOW,"SPF 15-20, Standard protection",195.0,167.0,166.0,6.303098460564465,8.832882588542908,11.641987498634368,BRIGHT,Wristwatch detected,2026-09-30T11:06:27.864398
FITZ_III_HAND_4785,HAND,III,Type III - Light,MODERATE,"SPF 25-30, Partial coverage needed",202.0,188.0,175.0,9.667226268722413,7.1877431277199095,10.112559573792492,DIM,Ring present during food prep,2026-09-30T11:06:27.861390
FITZ_III_ARM_1859,ARM,III,Type III - Light,MODERATE,"SPF 25-30, Partial coverage needed",202.0,181.0,176.0,8.053711570025126,6.581937817358423,11.935318072501765,SHADOW,Clean visible skin,2026-09-30T11:06:27.861390
FITZ_II_HAND_8847,HAND,II,Type II - Fair,HIGH,"SPF 30+, Coverage recommended",232.0,216.0,181.0,5.372170902449238,7.605537913662529,6.699224232496822,NORMAL,Hand washing observed,2026-09-30T11:06:27.844027
FITZ_I_FACE_9673,FACE,I,Type I - Very Fair,EXTREME,"SPF 50+, Complete coverage required",250.0,224.0,209.0,3.7921860194039083,4.78987680007411,11.701122351898821,NORMAL,Gloves properly worn,2026-09-30T11:06:27.833804
FITZ_I_FACE_4448,FACE,I,Type I - Very Fair,EXTREME,"SPF 50+, Complete coverage required",240.0,223.0,183.0,9.342574685808962,11.210057081090701,9.901578455374512,NORMAL,Wristwatch detected,2026-09-30T11:06:27.836878
FITZ_II_ARM_2436,ARM,II,Type II - Fair,HIGH,"SPF 30+, Coverage recommended",223.0,197.0,195.0,6.055312789637087,4.351788886444957,8.633436845539695,BRIGHT,Gloves properly worn,2026-09-30T11:06:27.848124
FITZ_II_ARM_2787,ARM,II,Type II - Fair,HIGH,"SPF 30+, Coverage recommended",233.0,201.0,197.0,11.336267151610839,5.563283196745287,5.090336230989276,SHADOW,Wristwatch detected,2026-09-30T11:06:27.847125
FITZ_I_HAND_2137,HAND,I,Type I - Very Fair,EXTREME,"SPF 50+, Complete coverage required",248.0,230.0,200.0,5.993892632153832,3.540527830452825,11.600451292955933,DIM,Clean visible skin,2026-09-30T11:06:27.833804
FITZ_IV_ARM_5186,ARM,IV,Type IV - Medium/Olive,LOW,"SPF 15-20, Standard protection",195.0,178.0,168.0,4.418953856561931,6.701051122164667,6.978884880007437,SHADOW,Wristwatch detected,2026-09-30T11:06:27.865397
FITZ_IV_NECK_1714,NECK,IV,Type IV - Medium/Olive,LOW,"SPF 15-20, Standard protection",194.0,173.0,166.0,3.7811416284658916,11.660303995839625,6.44888128543526,BRIGHT,Hand washing observed,2026-09-30T11:06:27.867774
FITZ_III_HAND_4653,HAND,III,Type III - Light,MODERATE,"SPF 25-30, Partial coverage needed",207.0,186.0,172.0,8.249918989515379,9.647427968430828,3.6773042319927267,BRIGHT,Ring present during food prep,2026-09-30T11:06:27.853203
FITZ_II_HAND_2144,HAND,II,Type II - Fair,HIGH,"SPF 30+, Coverage recommended",221.0,199.0,190.0,4.217647200295822,9.220327371697135,4.697330339813308,NORMAL,Proper hygienic practice,2026-09-30T11:06:27.850202
FITZ_III_NECK_5667,NECK,III,Type III - Light,MODERATE,"SPF 25-30, Partial coverage needed",210.0,186.0,187.0,3.7817724097013,9.789813807135273,4.896811080360564,NORMAL,Ring present during food prep,2026-09-30T11:06:27.863397
FITZ_III_FACE_7803,FACE,III,Type III - Light,MODERATE,"SPF 25-30, Partial coverage needed",211.0,195.0,165.0,6.279891062911302,7.699744072720973,7.101384281715067,DIM,Clean visible skin,2026-09-30T11:06:27.855202
FITZ_I_FACE_5251,FACE,I,Type I - Very Fair,EXTREME,"SPF 50+, Complete coverage required",254.0,236.0,211.0,4.54375365340129,3.8012053645899684,3.4943022099826258,BRIGHT,Ring present during food prep,2026-09-30T11:06:27.841026
FITZ_IV_ARM_4184,ARM,IV,Type IV - Medium/Olive,LOW,"SPF 15-20, Standard protection",195.0,170.0,158.0,9.33996283522022,7.226859956609583,7.601244607769972,BRIGHT,Wristwatch detected,2026-09-30T11:06:27.865397
FITZ_III_FACE_3055,FACE,III,Type III - Light,MODERATE,"SPF 25-30, Partial coverage needed",217.0,201.0,179.0,6.242891125111086,7.621632545216429,6.148296826525158,DIM,Clean visible skin,2026-09-30T11:06:27.861390
FITZ_IV_NECK_7232,NECK,IV,Type IV - Medium/Olive,LOW,"SPF 15-20, Standard protection",195.0,182.0,148.0,5.764394715256637,6.648872434223256,9.242278091526316,NORMAL,Clean visible skin,2026-09-30T11:06:27.872851
FITZ_I_ARM_8045,ARM,I,Type I - Very Fair,EXTREME,"SPF 50+, Complete coverage required",253.0,215.0,190.0,10.114591154230025,10.566926623511039,7.670669215770881,DIM,Gloves properly worn,2026-09-30T11:06:27.835804
FITZ_I_HAND_6553,HAND,I,Type I - Very Fair,EXTREME,"SPF 50+, Complete coverage required",243.0,227.0,205.0,9.920664570942648,9.487559249918393,4.935207596947472,SHADOW,Clean visible skin,2026-09-30T11:06:27.831024
FITZ_II_HAND_6033,HAND,II,Type II - Fair,HIGH,"SPF 30+, Coverage recommended",236.0,205.0,200.0,3.2474733462123417,8.22236797746428,5.619447283525874,DIM,Wristwatch detected,2026-09-30T11:06:27.847125
FITZ_I_NECK_6460,NECK,I,Type I - Very Fair,EXTREME,"SPF 50+, Complete coverage required",249.0,234.0,211.0,3.9039214630270918,6.632848045011738,11.377086195101118,DIM,Hand washing observed,2026-09-30T11:06:27.838880
FITZ_IV_ARM_1214,ARM,IV,Type IV - Medium/Olive,LOW,"SPF 15-20, Standard protection",200.0,175.0,166.0,5.713117160982223,7.542367601660076,9.4881710214154,NORMAL,Gloves properly worn,2026-09-30T11:06:27.871855
FITZ_IV_FACE_9602,FACE,IV,Type IV - Medium/Olive,LOW,"SPF 15-20, Standard protection",196.0,182.0,152.0,9.254195626088586,4.51040193732917,4.0722749137467105,DIM,Proper hygienic practice,2026-09-30T11:06:27.869789
FITZ_II_ARM_6302,ARM,II,Type II - Fair,HIGH,"SPF 30+, Coverage recommended",237.0,223.0,180.0,11.817800381673004,8.209337154879618,4.5269147729081745,DIM,Clean visible skin,2026-09-30T11:06:27.850202
FITZ_I_NECK_8147,NECK,I,Type I - Very Fair,EXTREME,"SPF 50+, Complete coverage required",248.0,232.0,201.0,7.260041743907829,7.453099203141556,11.450680284318464,DIM,Ring present during food prep,2026-09-30T11:06:27.834804
FITZ_I_NECK_4416,NECK,I,Type I - Very Fair,EXTREME,"SPF 50+, Complete coverage required",246.0,225.0,204.0,4.218320253593732,11.821162923618695,3.074453043762809,BRIGHT,Clean visible skin,2026-09-30T11:06:27.843024
FITZ_III_NECK_1207,NECK,III,Type III - Light,MODERATE,"SPF 25-30, Partial coverage needed",201.0,171.0,175.0,10.100367514706372,9.71959278844703,11.537398406843218,SHADOW,Clean visible skin,2026-09-30T11:06:27.861390
FITZ_I_HAND_9425,HAND,I,Type I - Very Fair,EXTREME,"SPF 50+, Complete coverage required",255.0,231.0,214.0,10.514209368711036,9.81988324450049,3.060538749733107,DIM,Gloves properly worn,2026-09-30T11:06:27.839885
FITZ_IV_NECK_3428,NECK,IV,Type IV - Medium/Olive,LOW,"SPF 15-20, Standard protection",192.0,165.0,160.0,11.128384428350556,10.5077664722857,3.870498599448048,BRIGHT,Wristwatch detected,2026-09-30T11:06:27.872851
FITZ_II_NECK_6655,NECK,II,Type II - Fair,HIGH,"SPF 30+, Coverage recommended",237.0,224.0,189.0,10.26885962239998,10.555528916298526,11.757011568458063,NORMAL,Clean visible skin,2026-09-30T11:06:27.846122
FITZ_IV_NECK_3816,NECK,IV,Type IV - Medium/Olive,LOW,"SPF 15-20, Standard protection",200.0,183.0,167.0,6.921961040708343,4.431448340855221,5.11343817930631,SHADOW,Proper hygienic practice,2026-09-30T11:06:27.873855
FITZ_IV_FACE_2085,FACE,IV,Type IV - Medium/Olive,LOW,"SPF 15-20, Standard protection",188.0,162.0,149.0,3.7261948077900073,9.55698241444407,9.363637836679512,SHADOW,Hand washing observed,2026-09-30T11:06:27.864398
FITZ_III_HAND_5476,HAND,III,Type III - Light,MODERATE,"SPF 25-30, Partial coverage needed",215.0,202.0,183.0,3.220234959822284,7.761430586231236,6.1742940674248405,DIM,Gloves properly worn,2026-09-30T11:06:27.861390
FITZ_III_FACE_5899,FACE,III,Type III - Light,MODERATE,"SPF 25-30, Partial coverage needed",212.0,181.0,188.0,6.124264549680451,9.950196952950089,6.274317839958815,NORMAL,Clean visible skin,2026-09-30T11:06:27.860392
FITZ_IV_FACE_1060,FACE,IV,Type IV - Medium/Olive,LOW,"SPF 15-20, Standard protection",180.0,155.0,151.0,9.705220119109764,3.146298179679069,9.442836943291656,DIM,Hand washing observed,2026-09-30T11:06:27.866501
FITZ_IV_ARM_7953,ARM,IV,Type IV - Medium/Olive,LOW,"SPF 15-20, Standard protection",188.0,171.0,167.0,5.525860859433659,3.8065875826717517,10.941977489688787,SHADOW,Gloves properly worn,2026-09-30T11:06:27.873855
FITZ_III_FACE_9551,FACE,III,Type III - Light,MODERATE,"SPF 25-30, Partial coverage needed",207.0,187.0,157.0,3.989239190360154,6.08564565878433,4.311984626384994,NORMAL,Ring present during food prep,2026-09-30T11:06:27.858310
FITZ_IV_NECK_4256,NECK,IV,Type IV - Medium/Olive,LOW,"SPF 15-20, Standard protection",197.0,173.0,172.0,7.69637550272496,3.9209317327598416,4.146726746234101,BRIGHT,Hand washing observed,2026-09-30T11:06:27.869789
FITZ_I_ARM_9715,ARM,I,Type I - Very Fair,EXTREME,"SPF 50+, Complete coverage required",253.0,230.0,209.0,10.199631632786911,8.518945979089844,9.245321029139777,DIM,Ring present during food prep,2026-09-30T11:06:27.833804
FITZ_I_NECK_6881,NECK,I,Type I - Very Fair,EXTREME,"SPF 50+, Complete coverage required",245.0,225.0,196.0,4.399315498306034,11.614917649861031,6.029350906013641,NORMAL,Hand washing observed,2026-09-30T11:06:27.831024
FITZ_I_ARM_7517,ARM,I,Type I - Very Fair,EXTREME,"SPF 50+, Complete coverage required",242.0,207.0,197.0,5.543363797616026,5.827132948838227,8.421744122332935,BRIGHT,Gloves properly worn,2026-09-30T11:06:27.836878
FITZ_II_HAND_2287,HAND,II,Type II - Fair,HIGH,"SPF 30+, Coverage recommended",235.0,214.0,185.0,4.843791272477287,8.136331683959671,10.47700323092235,BRIGHT,Proper hygienic practice,2026-09-30T11:06:27.850202
FITZ_IV_HAND_7439,HAND,IV,Type IV - Medium/Olive,LOW,"SPF 15-20, Standard protection",193.0,175.0,153.0,8.489067533781002,9.92043547907917,7.817711017190374,NORMAL,Proper hygienic practice,2026-09-30T11:06:27.871855
FITZ_II_FACE_8834,FACE,II,Type II - Fair,HIGH,"SPF 30+, Coverage recommended",223.0,202.0,167.0,11.174554040287106,3.0351436605489726,7.259142802470016,SHADOW,Wristwatch detected,2026-09-30T11:06:27.851202
FITZ_I_HAND_5991,HAND,I,Type I - Very Fair,EXTREME,"SPF 50+, Complete coverage required",244.0,229.0,200.0,5.804161192621709,6.263117091738625,10.3533483294952,DIM,Ring present during food prep,2026-09-30T11:06:27.834804
FITZ_II_NECK_5070,NECK,II,Type II - Fair,HIGH,"SPF 30+, Coverage recommended",236.0,207.0,210.0,7.048152153772101,3.8940571604238077,9.80328908346539,SHADOW,Clean visible skin,2026-09-30T11:06:27.848124
FITZ_III_FACE_8766,FACE,III,Type III - Light,MODERATE,"SPF 25-30, Partial coverage needed",212.0,193.0,167.0,11.46704886897401,3.9825849862128058,9.163935449018393,DIM,Proper hygienic practice,2026-09-30T11:06:27.857311
FITZ_I_ARM_8613,ARM,I,Type I - Very Fair,EXTREME,"SPF 50+, Complete coverage required",248.0,224.0,223.0,7.248935557046333,9.976775149536854,6.292367670927086,BRIGHT,Gloves properly worn,2026-09-30T11:06:27.833804
FITZ_II_ARM_9138,ARM,II,Type II - Fair,HIGH,"SPF 30+, Coverage recommended",240.0,219.0,214.0,9.272173618505338,6.468295474407967,10.894876212799977,SHADOW,Gloves properly worn,2026-09-30T11:06:27.849134
FITZ_I_ARM_8348,ARM,I,Type I - Very Fair,EXTREME,"SPF 50+, Complete coverage required",249.0,221.0,215.0,9.892449146313407,11.804999564316908,8.812927362874472,SHADOW,Clean visible skin,2026-09-30T11:06:27.831024
FITZ_I_ARM_6493,ARM,I,Type I - Very Fair,EXTREME,"SPF 50+, Complete coverage required",253.0,216.0,208.0,5.122002664770894,11.950728161144621,6.374214060759908,NORMAL,Hand washing observed,2026-09-30T11:06:27.831024
FITZ_III_FACE_8349,FACE,III,Type III - Light,MODERATE,"SPF 25-30, Partial coverage needed",219.0,204.0,190.0,10.804041339010357,8.358345001192312,5.586763456970432,SHADOW,Wristwatch detected,2026-09-30T11:06:27.861390
FITZ_II_HAND_5218,HAND,II,Type II - Fair,HIGH,"SPF 30+, Coverage recommended",222.0,207.0,177.0,3.369578898752298,4.241580765055112,3.0127365694005332,SHADOW,Hand washing observed,2026-09-30T11:06:27.849134
FITZ_III_ARM_2492,ARM,III,Type III - Light,MODERATE,"SPF 25-30, Partial coverage needed",215.0,201.0,168.0,10.00854911939409,11.872497471221383,11.943546181813652,BRIGHT,Clean visible skin,2026-09-30T11:06:27.856312
FITZ_III_FACE_4416,FACE,III,Type III - Light,MODERATE,"SPF 25-30, Partial coverage needed",219.0,196.0,175.0,4.938359875369227,4.882927495023561,5.042596755720096,SHADOW,Wristwatch detected,2026-09-30T11:06:27.860392
FITZ_III_NECK_3758,NECK,III,Type III - Light,MODERATE,"SPF 25-30, Partial coverage needed",205.0,177.0,168.0,3.420089044561575,5.581212795919891,3.708027326392012,NORMAL,Clean visible skin,2026-09-30T11:06:27.856312
FITZ_III_FACE_2091,FACE,III,Type III - Light,MODERATE,"SPF 25-30, Partial coverage needed",212.0,184.0,184.0,10.114073400499372,7.7251673357716415,6.476530044207815,SHADOW,Ring present during food prep,2026-09-30T11:06:27.860392
FITZ_I_NECK_2659,NECK,I,Type I - Very Fair,EXTREME,"SPF 50+, Complete coverage required",241.0,226.0,201.0,5.148904193882841,7.789185523310959,5.479135297523327,SHADOW,Clean visible skin,2026-09-30T11:06:27.835804
FITZ_III_NECK_3068,NECK,III,Type III - Light,MODERATE,"SPF 25-30, Partial coverage needed",211.0,197.0,173.0,6.871541341396423,4.193127210130678,10.954919862506717,NORMAL,Clean visible skin,2026-09-30T11:06:27.862388
FITZ_III_ARM_9662,ARM,III,Type III - Light,MODERATE,"SPF 25-30, Partial coverage needed",205.0,177.0,166.0,10.446046567785427,8.110106185211016,9.840385654274158,BRIGHT,Proper hygienic practice,2026-09-30T11:06:27.858310
FITZ_III_NECK_7100,NECK,III,Type III - Light,MODERATE,"SPF 25-30, Partial coverage needed",205.0,191.0,154.0,4.452259985848243,9.585569018710771,11.3474104984492,BRIGHT,Ring present during food prep,2026-09-30T11:06:27.860392
FITZ_III_FACE_4534,FACE,III,Type III - Light,MODERATE,"SPF 25-30, Partial coverage needed",209.0,186.0,164.0,10.70834790154299,5.783052475489129,9.892898558229184,DIM,Clean visible skin,2026-09-30T11:06:27.862388
FITZ_I_FACE_2845,FACE,I,Type I - Very Fair,EXTREME,"SPF 50+, Complete coverage required",254.0,216.0,222.0,11.092025437718192,4.478455849754022,3.9149090104352773,BRIGHT,Clean visible skin,2026-09-30T11:06:27.839885
FITZ_I_NECK_9604,NECK,I,Type I - Very Fair,EXTREME,"SPF 50+, Complete coverage required",245.0,211.0,210.0,11.520051862648529,8.064936788477777,6.94287564952158,DIM,Hand washing observed,2026-09-30T11:06:27.837878
FITZ_III_FACE_1959,FACE,III,Type III - Light,MODERATE,"SPF 25-30, Partial coverage needed",213.0,182.0,168.0,11.430910225199867,8.968463433150031,9.44857092103651,SHADOW,Hand washing observed,2026-09-30T11:06:27.855202
FITZ_III_FACE_4184,FACE,III,Type III - Light,MODERATE,"SPF 25-30, Partial coverage needed",208.0,184.0,156.0,8.009349358937447,5.414896361331623,11.995682326152362,SHADOW,Proper hygienic practice,2026-09-30T11:06:27.854203
FITZ_III_HAND_3154,HAND,III,Type III - Light,MODERATE,"SPF 25-30, Partial coverage needed",210.0,184.0,162.0,9.644191386934994,4.405795377025644,5.585193597962869,NORMAL,Gloves properly worn,2026-09-30T11:06:27.854203
FITZ_III_ARM_2197,ARM,III,Type III - Light,MODERATE,"SPF 25-30, Partial coverage needed",219.0,207.0,179.0,5.437956905679076,9.460130715187589,4.6548110753608825,NORMAL,Wristwatch detected,2026-09-30T11:06:27.863397
FITZ_II_ARM_5054,ARM,II,Type II - Fair,HIGH,"SPF 30+, Coverage recommended",227.0,196.0,173.0,10.69082792799165,9.627492072847744,3.620753123983084,DIM,Wristwatch detected,2026-09-30T11:06:27.844027
FITZ_IV_HAND_7063,HAND,IV,Type IV - Medium/Olive,LOW,"SPF 15-20, Standard protection",195.0,181.0,153.0,8.706293926883099,3.8784062572246656,4.574388894006701,BRIGHT,Proper hygienic practice,2026-09-30T11:06:27.864398
FITZ_IV_FACE_5368,FACE,IV,Type IV - Medium/Olive,LOW,"SPF 15-20, Standard protection",196.0,180.0,165.0,7.563108065151967,8.799130784982912,9.356436571527448,BRIGHT,Gloves properly worn,2026-09-30T11:06:27.873855
FITZ_IV_ARM_8393,ARM,IV,Type IV - Medium/Olive,LOW,"SPF 15-20, Standard protection",191.0,162.0,170.0,5.53765620143446,4.701845645506965,7.159101154117682,BRIGHT,Hand washing observed,2026-09-30T11:06:27.871855
FITZ_I_NECK_4659,NECK,I,Type I - Very Fair,EXTREME,"SPF 50+, Complete coverage required",254.0,225.0,197.0,9.929511215432683,9.40716856932454,6.274042111858391,NORMAL,Gloves properly worn,2026-09-30T11:06:27.837878
FITZ_III_FACE_2303,FACE,III,Type III - Light,MODERATE,"SPF 25-30, Partial coverage needed",206.0,183.0,156.0,6.0542327507616704,5.564161922741952,9.820970289004475,SHADOW,Wristwatch detected,2026-09-30T11:06:27.862388
FITZ_II_FACE_3163,FACE,II,Type II - Fair,HIGH,"SPF 30+, Coverage recommended",237.0,203.0,202.0,5.890369588815501,7.926959801424268,6.661015122828093,NORMAL,Gloves properly worn,2026-09-30T11:06:27.844027
FITZ_III_NECK_6280,NECK,III,Type III - Light,MODERATE,"SPF 25-30, Partial coverage needed",216.0,199.0,173.0,4.3821936884609975,11.990364477821268,3.1048424712904326,SHADOW,Ring present during food prep,2026-09-30T11:06:27.853203
FITZ_II_FACE_4291,FACE,II,Type II - Fair,HIGH,"SPF 30+, Coverage recommended",228.0,216.0,204.0,6.9468580627384515,3.1313096391682684,6.963562824015964,DIM,Clean visible skin,2026-09-30T11:06:27.849134
FITZ_III_ARM_2091,ARM,III,Type III - Light,MODERATE,"SPF 25-30, Partial coverage needed",203.0,183.0,178.0,11.46956170711513,3.470312838009045,7.175631920931409,SHADOW,Proper hygienic practice,2026-09-30T11:06:27.856312
FITZ_II_HAND_3549,HAND,II,Type II - Fair,HIGH,"SPF 30+, Coverage recommended",237.0,212.0,178.0,11.381107305351282,7.351546226333626,11.499061023341422,DIM,Clean visible skin,2026-09-30T11:06:27.851202
FITZ_III_NECK_4156,NECK,III,Type III - Light,MODERATE,"SPF 25-30, Partial coverage needed",217.0,200.0,176.0,6.460514558511199,9.167705000931466,8.03739353033227,BRIGHT,Ring present during food prep,2026-09-30T11:06:27.860392
FITZ_IV_ARM_6913,ARM,IV,Type IV - Medium/Olive,LOW,"SPF 15-20, Standard protection",191.0,180.0,150.0,5.945491907673979,3.4942674262013274,8.680021070496672,DIM,Proper hygienic practice,2026-09-30T11:06:27.872851
FITZ_IV_ARM_4697,ARM,IV,Type IV - Medium/Olive,LOW,"SPF 15-20, Standard protection",185.0,173.0,163.0,4.924729087876135,7.732460362488542,9.28321240923228,SHADOW,Proper hygienic practice,2026-09-30T11:06:27.869789
FITZ_IV_FACE_5371,FACE,IV,Type IV - Medium/Olive,LOW,"SPF 15-20, Standard protection",198.0,173.0,154.0,11.91402830396624,9.678287655821403,6.221721279753606,NORMAL,Wristwatch detected,2026-09-30T11:06:27.870852
FITZ_II_HAND_6127,HAND,II,Type II - Fair,HIGH,"SPF 30+, Coverage recommended",229.0,213.0,200.0,4.832270721306166,4.846648510453817,10.60786353553604,NORMAL,Ring present during food prep,2026-09-30T11:06:27.853203
FITZ_II_ARM_4800,ARM,II,Type II - Fair,HIGH,"SPF 30+, Coverage recommended",235.0,205.0,190.0,4.367636904827835,11.758567610065466,8.050384343215706,DIM,Hand washing observed,2026-09-30T11:06:27.850202
FITZ_I_NECK_5145,NECK,I,Type I - Very Fair,EXTREME,"SPF 50+, Complete coverage required",240.0,222.0,207.0,3.3826524672445575,3.970356436782586,10.137496634856607,NORMAL,Hand washing observed,2026-09-30T11:06:27.834804
FITZ_IV_FACE_4338,FACE,IV,Type IV - Medium/Olive,LOW,"SPF 15-20, Standard protection",185.0,174.0,145.0,4.336644836388761,4.762088337783602,11.752485498760006,NORMAL,Gloves properly worn,2026-09-30T11:06:27.869789
FITZ_IV_ARM_6422,ARM,IV,Type IV - Medium/Olive,LOW,"SPF 15-20, Standard protection",193.0,174.0,169.0,11.330295631280357,10.346372086894247,7.0015508697919735,BRIGHT,Proper hygienic practice,2026-09-30T11:06:27.864398
FITZ_III_HAND_4827,HAND,III,Type III - Light,MODERATE,"SPF 25-30, Partial coverage needed",209.0,183.0,174.0,3.5412955128505113,11.685135493520942,3.2150699473041104,DIM,Clean visible skin,2026-09-30T11:06:27.863397
FITZ_II_FACE_5741,FACE,II,Type II - Fair,HIGH,"SPF 30+, Coverage recommended",227.0,211.0,186.0,8.702564432700623,3.3986015450272435,10.57313607611351,NORMAL,Ring present during food prep,2026-09-30T11:06:27.852202
FITZ_I_NECK_9565,NECK,I,Type I - Very Fair,EXTREME,"SPF 50+, Complete coverage required",247.0,234.0,185.0,7.0231885006642685,5.915379083939971,6.589409526639181,DIM,Hand washing observed,2026-09-30T11:06:27.841026
FITZ_I_HAND_5178,HAND,I,Type I - Very Fair,EXTREME,"SPF 50+, Complete coverage required",245.0,231.0,210.0,4.07418430145669,3.3657080967468787,5.512010216782894,DIM,Gloves properly worn,2026-09-30T11:06:27.832797
FITZ_II_ARM_6431,ARM,II,Type II - Fair,HIGH,"SPF 30+, Coverage recommended",235.0,221.0,191.0,10.208611040492054,10.48056974760329,11.945087033861723,NORMAL,Ring present during food prep,2026-09-30T11:06:27.853203
FITZ_I_NECK_1963,NECK,I,Type I - Very Fair,EXTREME,"SPF 50+, Complete coverage required",241.0,206.0,215.0,8.124550353475897,8.198481292407468,8.797127881444947,SHADOW,Wristwatch detected,2026-09-30T11:06:27.842027
FITZ_III_FACE_1650,FACE,III,Type III - Light,MODERATE,"SPF 25-30, Partial coverage needed",217.0,184.0,177.0,5.937165425317852,4.5561204468491425,8.857403856219772,BRIGHT,Ring present during food prep,2026-09-30T11:06:27.863397
FITZ_III_HAND_2578,HAND,III,Type III - Light,MODERATE,"SPF 25-30, Partial coverage needed",219.0,206.0,174.0,5.92882668160724,11.993974836237797,7.430288226916311,DIM,Hand washing observed,2026-09-30T11:06:27.857311
FITZ_II_NECK_5920,NECK,II,Type II - Fair,HIGH,"SPF 30+, Coverage recommended",230.0,200.0,173.0,11.379188661259292,3.1918648522562947,5.528089381510846,DIM,Clean visible skin,2026-09-30T11:06:27.847125
FITZ_II_HAND_6988,HAND,II,Type II - Fair,HIGH,"SPF 30+, Coverage recommended",222.0,210.0,176.0,4.4755516187888436,10.781482866514358,10.05758197864215,SHADOW,Ring present during food prep,2026-09-30T11:06:27.849134
FITZ_I_FACE_1687,FACE,I,Type I - Very Fair,EXTREME,"SPF 50+, Complete coverage required",241.0,227.0,196.0,7.114220758257984,10.574372766925983,3.9983776045735016,NORMAL,Wristwatch detected,2026-09-30T11:06:27.834804
FITZ_III_FACE_8923,FACE,III,Type III - Light,MODERATE,"SPF 25-30, Partial coverage needed",215.0,189.0,182.0,10.028358334344826,8.714980145216934,4.1532308564284515,NORMAL,Gloves properly worn,2026-09-30T11:06:27.856312
FITZ_II_FACE_4776,FACE,II,Type II - Fair,HIGH,"SPF 30+, Coverage recommended",227.0,205.0,173.0,5.250435060529309,10.512878988599963,8.626012589070806,BRIGHT,Wristwatch detected,2026-09-30T11:06:27.845024
FITZ_I_HAND_9052,HAND,I,Type I - Very Fair,EXTREME,"SPF 50+, Complete coverage required",249.0,223.0,211.0,9.274122705567244,7.950279732135339,3.3611701861107317,NORMAL,Gloves properly worn,2026-09-30T11:06:27.837878
FITZ_IV_HAND_6782,HAND,IV,Type IV - Medium/Olive,LOW,"SPF 15-20, Standard protection",198.0,180.0,172.0,4.238458664444044,3.559119171746601,8.66960308068795,DIM,Gloves properly worn,2026-09-30T11:06:27.871855
FITZ_IV_NECK_3587,NECK,IV,Type IV - Medium/Olive,LOW,"SPF 15-20, Standard protection",198.0,179.0,150.0,10.53743858787406,4.0972408595390295,5.079333461677508,DIM,Wristwatch detected,2026-09-30T11:06:27.869789
FITZ_III_FACE_6875,FACE,III,Type III - Light,MODERATE,"SPF 25-30, Partial coverage needed",202.0,176.0,177.0,7.144966428308655,8.838115270066137,5.252387403208818,DIM,Wristwatch detected,2026-09-30T11:06:27.861390
FITZ_IV_NECK_5661,NECK,IV,Type IV - Medium/Olive,LOW,"SPF 15-20, Standard protection",181.0,154.0,138.0,3.9974297080161394,4.365915925374214,5.701502333736142,NORMAL,Ring present during food prep,2026-09-30T11:06:27.871855
FITZ_III_NECK_7126,NECK,III,Type III - Light,MODERATE,"SPF 25-30, Partial coverage needed",205.0,181.0,163.0,6.998321029010805,6.418478979507954,8.246473979289703,SHADOW,Gloves properly worn,2026-09-30T11:06:27.854203
FITZ_I_FACE_9615,FACE,I,Type I - Very Fair,EXTREME,"SPF 50+, Complete coverage required",252.0,229.0,211.0,4.3432608083006095,11.62229577683867,4.531105954387721,NORMAL,Ring present during food prep,2026-09-30T11:06:27.834804
FITZ_IV_NECK_9639,NECK,IV,Type IV - Medium/Olive,LOW,"SPF 15-20, Standard protection",196.0,169.0,174.0,5.194320051349923,8.26549163696561,11.554977946181305,NORMAL,Ring present during food prep,2026-09-30T11:06:27.866501
FITZ_I_NECK_7456,NECK,I,Type I - Very Fair,EXTREME,"SPF 50+, Complete coverage required",247.0,213.0,205.0,9.980476680161955,3.0445030428178366,4.433968239295533,NORMAL,Wristwatch detected,2026-09-30T11:06:27.836878
FITZ_IV_NECK_1259,NECK,IV,Type IV - Medium/Olive,LOW,"SPF 15-20, Standard protection",194.0,182.0,149.0,9.585641321030192,6.304504224381165,10.20301708384849,BRIGHT,Hand washing observed,2026-09-30T11:06:27.872851
FITZ_IV_HAND_8657,HAND,IV,Type IV - Medium/Olive,LOW,"SPF 15-20, Standard protection",183.0,165.0,140.0,6.951796884407159,7.200723640512903,6.659312877663659,DIM,Gloves properly worn,2026-09-30T11:06:27.868780
FITZ_I_ARM_5075,ARM,I,Type I - Very Fair,EXTREME,"SPF 50+, Complete coverage required",252.0,234.0,189.0,3.3779403211898584,10.051277162259538,7.27743610885485,BRIGHT,Hand washing observed,2026-09-30T11:06:27.833804
FITZ_II_HAND_2176,HAND,II,Type II - Fair,HIGH,"SPF 30+, Coverage recommended",240.0,227.0,210.0,11.448201099523942,11.724843933083783,9.521754032156753,NORMAL,Gloves properly worn,2026-09-30T11:06:27.847125
FITZ_I_FACE_8237,FACE,I,Type I - Very Fair,EXTREME,"SPF 50+, Complete coverage required",247.0,213.0,221.0,6.98799551998286,10.432409986017754,5.424779829078872,SHADOW,Gloves properly worn,2026-09-30T11:06:27.832797
FITZ_III_HAND_5315,HAND,III,Type III - Light,MODERATE,"SPF 25-30, Partial coverage needed",210.0,179.0,162.0,5.478732811748637,9.649391557351743,11.10944912168403,NORMAL,Proper hygienic practice,2026-09-30T11:06:27.857311
FITZ_III_HAND_8993,HAND,III,Type III - Light,MODERATE,"SPF 25-30, Partial coverage needed",217.0,205.0,165.0,3.2688870165917554,5.04631629177244,10.04695297079261,DIM,Proper hygienic practice,2026-09-30T11:06:27.853203
FITZ_II_NECK_8136,NECK,II,Type II - Fair,HIGH,"SPF 30+, Coverage recommended",227.0,203.0,189.0,4.037729820642527,8.01617251397602,9.87567623328086,SHADOW,Clean visible skin,2026-09-30T11:06:27.846122
FITZ_I_ARM_6444,ARM,I,Type I - Very Fair,EXTREME,"SPF 50+, Complete coverage required",255.0,239.0,193.0,6.4523967540576965,3.7750762241944047,6.52725084581112,SHADOW,Proper hygienic practice,2026-09-30T11:06:27.833804
FITZ_IV_HAND_9664,HAND,IV,Type IV - Medium/Olive,LOW,"SPF 15-20, Standard protection",180.0,154.0,154.0,8.963194468274509,4.494049997967545,7.587030764524045,DIM,Wristwatch detected,2026-09-30T11:06:27.872851
FITZ_IV_ARM_4677,ARM,IV,Type IV - Medium/Olive,LOW,"SPF 15-20, Standard protection",198.0,171.0,153.0,8.512244748658489,11.128656159483723,4.818269003519296,NORMAL,Proper hygienic practice,2026-09-30T11:06:27.872851
FITZ_II_FACE_7552,FACE,II,Type II - Fair,HIGH,"SPF 30+, Coverage recommended",237.0,207.0,186.0,5.825561445254879,4.958652473865656,3.47449139824487,BRIGHT,Clean visible skin,2026-09-30T11:06:27.845024
FITZ_I_ARM_9212,ARM,I,Type I - Very Fair,EXTREME,"SPF 50+, Complete coverage required",247.0,233.0,188.0,3.865091634620147,10.941424241412182,5.8650668772474095,DIM,Proper hygienic practice,2026-09-30T11:06:27.843024
FITZ_IV_FACE_8665,FACE,IV,Type IV - Medium/Olive,LOW,"SPF 15-20, Standard protection",185.0,173.0,160.0,8.717870307148143,9.699248282580855,6.764801891763465,DIM,Gloves properly worn,2026-09-30T11:06:27.869789
FITZ_I_HAND_1120,HAND,I,Type I - Very Fair,EXTREME,"SPF 50+, Complete coverage required",251.0,230.0,210.0,6.313064072894585,11.087210733155384,4.477612611462424,BRIGHT,Wristwatch detected,2026-09-30T11:06:27.837878
FITZ_IV_NECK_9903,NECK,IV,Type IV - Medium/Olive,LOW,"SPF 15-20, Standard protection",199.0,171.0,156.0,8.615129449022898,7.142898121021566,3.896190986231645,BRIGHT,Gloves properly worn,2026-09-30T11:06:27.873855
FITZ_II_NECK_9745,NECK,II,Type II - Fair,HIGH,"SPF 30+, Coverage recommended",221.0,208.0,189.0,8.700215004319947,6.754431551860852,3.7966841547338173,SHADOW,Gloves properly worn,2026-09-30T11:06:27.845024
FITZ_III_FACE_4363,FACE,III,Type III - Light,MODERATE,"SPF 25-30, Partial coverage needed",207.0,186.0,179.0,8.483240926634522,3.1986380253027695,6.917537368621742,DIM,Hand washing observed,2026-09-30T11:06:27.863397
FITZ_II_NECK_7318,NECK,II,Type II - Fair,HIGH,"SPF 30+, Coverage recommended",234.0,201.0,193.0,9.397776713784474,8.636695260891024,9.774669613072493,NORMAL,Clean visible skin,2026-09-30T11:06:27.848124
FITZ_IV_HAND_1236,HAND,IV,Type IV - Medium/Olive,LOW,"SPF 15-20, Standard protection",184.0,163.0,154.0,3.889523304949886,10.61195606883604,8.911248218573428,NORMAL,Gloves properly worn,2026-09-30T11:06:27.872851
FITZ_I_ARM_8387,ARM,I,Type I - Very Fair,EXTREME,"SPF 50+, Complete coverage required",249.0,226.0,201.0,11.352027292783003,8.301794366548162,9.776833463215445,BRIGHT,Proper hygienic practice,2026-09-30T11:06:27.842027
FITZ_IV_NECK_8201,NECK,IV,Type IV - Medium/Olive,LOW,"SPF 15-20, Standard protection",195.0,174.0,160.0,9.669751734228228,8.256821830502854,3.428742335690238,SHADOW,Gloves properly worn,2026-09-30T11:06:27.868780
FITZ_II_HAND_3262,HAND,II,Type II - Fair,HIGH,"SPF 30+, Coverage recommended",231.0,216.0,201.0,7.220965323330181,3.255009880308389,10.312661924552387,DIM,Clean visible skin,2026-09-30T11:06:27.849134
FITZ_II_ARM_6550,ARM,II,Type II - Fair,HIGH,"SPF 30+, Coverage recommended",224.0,196.0,197.0,9.3636668011159,11.908975977408256,7.444687346473414,BRIGHT,Hand washing observed,2026-09-30T11:06:27.844027
FITZ_III_FACE_6347,FACE,III,Type III - Light,MODERATE,"SPF 25-30, Partial coverage needed",201.0,182.0,171.0,8.210926418967139,5.234012343218794,7.471964299586582,SHADOW,Hand washing observed,2026-09-30T11:06:27.862388
FITZ_I_ARM_5027,ARM,I,Type I - Very Fair,EXTREME,"SPF 50+, Complete coverage required",241.0,214.0,186.0,7.221602003300076,10.618834027578076,5.1773300972222875,DIM,Clean visible skin,2026-09-30T11:06:27.837878
FITZ_I_FACE_2991,FACE,I,Type I - Very Fair,EXTREME,"SPF 50+, Complete coverage required",254.0,240.0,190.0,10.525210686180172,5.865752188536747,4.138828777223907,SHADOW,Ring present during food prep,2026-09-30T11:06:27.843024
FITZ_I_NECK_1685,NECK,I,Type I - Very Fair,EXTREME,"SPF 50+, Complete coverage required",243.0,208.0,214.0,11.135357144039038,7.910312602849701,10.51135517897415,BRIGHT,Gloves properly worn,2026-09-30T11:06:27.831024
FITZ_I_HAND_2940,HAND,I,Type I - Very Fair,EXTREME,"SPF 50+, Complete coverage required",243.0,216.0,194.0,8.474161305451478,5.060119042755444,3.483291619139946,SHADOW,Gloves properly worn,2026-09-30T11:06:27.841026
FITZ_II_ARM_6138,ARM,II,Type II - Fair,HIGH,"SPF 30+, Coverage recommended",232.0,215.0,199.0,3.1606928922644184,6.774686345677448,11.261452631407392,NORMAL,Wristwatch detected,2026-09-30T11:06:27.853203
FITZ_II_FACE_5995,FACE,II,Type II - Fair,HIGH,"SPF 30+, Coverage recommended",224.0,206.0,195.0,6.480561427598353,10.557130240704652,8.899608403072548,DIM,Gloves properly worn,2026-09-30T11:06:27.850202
FITZ_IV_FACE_9986,FACE,IV,Type IV - Medium/Olive,LOW,"SPF 15-20, Standard protection",191.0,173.0,163.0,5.0389349838909165,6.561466623045952,3.8449996217910503,DIM,Hand washing observed,2026-09-30T11:06:27.868780
FITZ_III_FACE_7614,FACE,III,Type III - Light,MODERATE,"SPF 25-30, Partial coverage needed",207.0,187.0,180.0,7.1107694830760515,9.9838573080143,10.311846261199278,BRIGHT,Clean visible skin,2026-09-30T11:06:27.859309
FITZ_II_HAND_1750,HAND,II,Type II - Fair,HIGH,"SPF 30+, Coverage recommended",228.0,210.0,191.0,5.085154309769049,8.407061082557718,5.147488053795639,BRIGHT,Proper hygienic practice,2026-09-30T11:06:27.850202
FITZ_II_FACE_2677,FACE,II,Type II - Fair,HIGH,"SPF 30+, Coverage recommended",236.0,204.0,190.0,6.143955118726195,8.429090775831888,10.473322784135823,BRIGHT,Proper hygienic practice,2026-09-30T11:06:27.850202
FITZ_II_FACE_4936,FACE,II,Type II - Fair,HIGH,"SPF 30+, Coverage recommended",222.0,193.0,196.0,7.86258577879156,9.580451141484915,9.157381334726097,NORMAL,Wristwatch detected,2026-09-30T11:06:27.850202
FITZ_II_ARM_8614,ARM,II,Type II - Fair,HIGH,"SPF 30+, Coverage recommended",234.0,219.0,186.0,10.811838650297062,3.9367193265994502,11.975883144896414,NORMAL,Wristwatch detected,2026-09-30T11:06:27.847125
FITZ_I_ARM_2549,ARM,I,Type I - Very Fair,EXTREME,"SPF 50+, Complete coverage required",243.0,218.0,206.0,7.587736480119939,3.2072408518318407,8.15683717940855,SHADOW,Ring present during food prep,2026-09-30T11:06:27.835804
FITZ_III_FACE_9349,FACE,III,Type III - Light,MODERATE,"SPF 25-30, Partial coverage needed",203.0,178.0,168.0,10.814943956863251,8.599577139502552,11.266931039656754,NORMAL,Proper hygienic practice,2026-09-30T11:06:27.862388
FITZ_III_ARM_5478,ARM,III,Type III - Light,MODERATE,"SPF 25-30, Partial coverage needed",213.0,186.0,164.0,4.796703904157595,6.099402415865436,8.173904916396756,SHADOW,Wristwatch detected,2026-09-30T11:06:27.863397
FITZ_I_ARM_1996,ARM,I,Type I - Very Fair,EXTREME,"SPF 50+, Complete coverage required",243.0,226.0,206.0,7.0298508775727395,4.333189281334924,3.274338474988142,NORMAL,Ring present during food prep,2026-09-30T11:06:27.841026
FITZ_III_NECK_2041,NECK,III,Type III - Light,MODERATE,"SPF 25-30, Partial coverage needed",204.0,177.0,172.0,6.8522395068786635,9.310261212579173,11.077420974210167,DIM,Ring present during food prep,2026-09-30T11:06:27.854203
FITZ_III_ARM_4919,ARM,III,Type III - Light,MODERATE,"SPF 25-30, Partial coverage needed",209.0,183.0,182.0,8.674355170794696,8.669732253561804,11.596558123437863,SHADOW,Wristwatch detected,2026-09-30T11:06:27.862388
FITZ_I_NECK_4845,NECK,I,Type I - Very Fair,EXTREME,"SPF 50+, Complete coverage required",253.0,216.0,210.0,4.876922744437415,4.603035229066868,6.763434135853014,DIM,Ring present during food prep,2026-09-30T11:06:27.836878
FITZ_IV_HAND_6325,HAND,IV,Type IV - Medium/Olive,LOW,"SPF 15-20, Standard protection",180.0,154.0,153.0,6.37319126400082,7.946499765868483,4.687434918852504,DIM,Proper hygienic practice,2026-09-30T11:06:27.873855
FITZ_III_NECK_3406,NECK,III,Type III - Light,MODERATE,"SPF 25-30, Partial coverage needed",214.0,199.0,163.0,11.130982015130227,5.567021405522312,4.89289263397305,DIM,Proper hygienic practice,2026-09-30T11:06:27.854203
FITZ_I_HAND_5896,HAND,I,Type I - Very Fair,EXTREME,"SPF 50+, Complete coverage required",255.0,220.0,219.0,5.9209096565440955,9.977186170161076,6.723996418854566,BRIGHT,Wristwatch detected,2026-09-30T11:06:27.836878
FITZ_I_FACE_1859,FACE,I,Type I - Very Fair,EXTREME,"SPF 50+, Complete coverage required",251.0,220.0,204.0,6.008651663000688,10.246383071025583,9.8256721874947,NORMAL,Ring present during food prep,2026-09-30T11:06:27.833804
FITZ_I_ARM_2838,ARM,I,Type I - Very Fair,EXTREME,"SPF 50+, Complete coverage required",248.0,221.0,204.0,5.138780216457338,7.067156966515759,11.556540747908192,BRIGHT,Gloves properly worn,2026-09-30T11:06:27.833804
FITZ_III_HAND_4490,HAND,III,Type III - Light,MODERATE,"SPF 25-30, Partial coverage needed",207.0,187.0,175.0,11.462714499967172,10.486294744958565,3.2210273924955066,SHADOW,Gloves properly worn,2026-09-30T11:06:27.856312
FITZ_II_FACE_7555,FACE,II,Type II - Fair,HIGH,"SPF 30+, Coverage recommended",233.0,204.0,201.0,9.299210889600934,10.33637276259466,10.107955636866022,DIM,Gloves properly worn,2026-09-30T11:06:27.844027
FITZ_IV_ARM_2313,ARM,IV,Type IV - Medium/Olive,LOW,"SPF 15-20, Standard protection",195.0,166.0,168.0,5.364271926407783,11.17002333196024,5.334054647397977,DIM,Hand washing observed,2026-09-30T11:06:27.873855
FITZ_II_ARM_5278,ARM,II,Type II - Fair,HIGH,"SPF 30+, Coverage recommended",229.0,197.0,204.0,9.927374830880385,5.320352632682749,11.057868299517498,DIM,Wristwatch detected,2026-09-30T11:06:27.844027
FITZ_II_HAND_1216,HAND,II,Type II - Fair,HIGH,"SPF 30+, Coverage recommended",235.0,207.0,189.0,11.123540027964905,7.52986074050899,3.555830118022734,DIM,Ring present during food prep,2026-09-30T11:06:27.851202
FITZ_I_NECK_3087,NECK,I,Type I - Very Fair,EXTREME,"SPF 50+, Complete coverage required",245.0,224.0,218.0,11.63728968044509,11.846358324529204,4.06913075439526,SHADOW,Ring present during food prep,2026-09-30T11:06:27.835804
FITZ_II_ARM_1461,ARM,II,Type II - Fair,HIGH,"SPF 30+, Coverage recommended",223.0,191.0,178.0,8.827315918388525,9.956174750754556,8.399081954202384,SHADOW,Clean visible skin,2026-09-30T11:06:27.849134
FITZ_IV_FACE_4338,FACE,IV,Type IV - Medium/Olive,LOW,"SPF 15-20, Standard protection",196.0,173.0,156.0,4.326892855183232,9.899641774098923,3.475152974275662,NORMAL,Wristwatch detected,2026-09-30T11:06:27.868780
FITZ_I_FACE_4504,FACE,I,Type I - Very Fair,EXTREME,"SPF 50+, Complete coverage required",247.0,223.0,199.0,6.469768727989504,7.270302014015054,5.805856492726838,DIM,Wristwatch detected,2026-09-30T11:06:27.836878
FITZ_III_FACE_5691,FACE,III,Type III - Light,MODERATE,"SPF 25-30, Partial coverage needed",219.0,205.0,167.0,10.878398069044106,10.935040933190985,10.268653324054277,SHADOW,Proper hygienic practice,2026-09-30T11:06:27.859309
FITZ_IV_ARM_6649,ARM,IV,Type IV - Medium/Olive,LOW,"SPF 15-20, Standard protection",185.0,158.0,153.0,8.012209488621181,4.481169907179603,5.118707314200943,DIM,Hand washing observed,2026-09-30T11:06:27.869789
FITZ_IV_FACE_7300,FACE,IV,Type IV - Medium/Olive,LOW,"SPF 15-20, Standard protection",187.0,160.0,145.0,8.969720036044073,4.387043349696892,11.93608807786382,SHADOW,Wristwatch detected,2026-09-30T11:06:27.872851
FITZ_IV_FACE_6331,FACE,IV,Type IV - Medium/Olive,LOW,"SPF 15-20, Standard protection",182.0,165.0,159.0,3.8138028848886547,8.604219531154548,3.578282125729711,SHADOW,Ring present during food prep,2026-09-30T11:06:27.869789
FITZ_III_HAND_5639,HAND,III,Type III - Light,MODERATE,"SPF 25-30, Partial coverage needed",203.0,178.0,166.0,6.802227143629857,4.108648246318442,6.742275198185054,NORMAL,Wristwatch detected,2026-09-30T11:06:27.858310
FITZ_III_FACE_9418,FACE,III,Type III - Light,MODERATE,"SPF 25-30, Partial coverage needed",207.0,179.0,166.0,5.389576455115838,11.27722779003546,10.407306347834805,DIM,Ring present during food prep,2026-09-30T11:06:27.858310
FITZ_III_HAND_2765,HAND,III,Type III - Light,MODERATE,"SPF 25-30, Partial coverage needed",214.0,199.0,181.0,9.87194013219756,5.599600094597504,5.256356754019514,DIM,Ring present during food prep,2026-09-30T11:06:27.856312
FITZ_III_FACE_4236,FACE,III,Type III - Light,MODERATE,"SPF 25-30, Partial coverage needed",209.0,196.0,167.0,7.156353953873349,11.519285254644917,5.206056477060887,SHADOW,Proper hygienic practice,2026-09-30T11:06:27.857311
FITZ_IV_NECK_7237,NECK,IV,Type IV - Medium/Olive,LOW,"SPF 15-20, Standard protection",199.0,182.0,149.0,11.101840769265648,5.706953661899428,10.991414115616056,NORMAL,Ring present during food prep,2026-09-30T11:06:27.870852
FITZ_IV_FACE_6066,FACE,IV,Type IV - Medium/Olive,LOW,"SPF 15-20, Standard protection",197.0,170.0,170.0,7.0175615606706225,9.590193905231107,3.557487323319123,SHADOW,Clean visible skin,2026-09-30T11:06:27.871855
FITZ_IV_FACE_3463,FACE,IV,Type IV - Medium/Olive,LOW,"SPF 15-20, Standard protection",186.0,170.0,150.0,6.670158161792193,5.299243608140574,10.443051311283039,DIM,Ring present during food prep,2026-09-30T11:06:27.869789
FITZ_I_FACE_6723,FACE,I,Type I - Very Fair,EXTREME,"SPF 50+, Complete coverage required",247.0,218.0,192.0,10.655355983632742,6.261585980842785,7.265337151427134,BRIGHT,Hand washing observed,2026-09-30T11:06:27.835804
FITZ_IV_ARM_5775,ARM,IV,Type IV - Medium/Olive,LOW,"SPF 15-20, Standard protection",186.0,161.0,149.0,6.754297744843785,3.6750269683861667,4.743139518200556,NORMAL,Gloves properly worn,2026-09-30T11:06:27.872851
FITZ_I_FACE_6047,FACE,I,Type I - Very Fair,EXTREME,"SPF 50+, Complete coverage required",245.0,230.0,204.0,8.935773065418395,4.350807610594606,10.819366837303834,BRIGHT,Clean visible skin,2026-09-30T11:06:27.833804
FITZ_III_ARM_2954,ARM,III,Type III - Light,MODERATE,"SPF 25-30, Partial coverage needed",219.0,204.0,175.0,6.943133675341919,5.837557434648496,5.159126825531616,BRIGHT,Gloves properly worn,2026-09-30T11:06:27.857311
FITZ_IV_NECK_7371,NECK,IV,Type IV - Medium/Olive,LOW,"SPF 15-20, Standard protection",181.0,158.0,154.0,8.564639605694065,10.393222004632804,7.532451483603695,BRIGHT,Gloves properly worn,2026-09-30T11:06:27.867774
FITZ_I_FACE_6885,FACE,I,Type I - Very Fair,EXTREME,"SPF 50+, Complete coverage required",240.0,218.0,198.0,10.62873070797325,10.672546615061625,3.5616950267777288,NORMAL,Ring present during food prep,2026-09-30T11:06:27.833804
FITZ_II_FACE_6519,FACE,II,Type II - Fair,HIGH,"SPF 30+, Coverage recommended",234.0,206.0,200.0,5.300999000718343,8.220848827119145,9.858481677951282,DIM,Ring present during food prep,2026-09-30T11:06:27.851202
FITZ_I_HAND_9247,HAND,I,Type I - Very Fair,EXTREME,"SPF 50+, Complete coverage required",252.0,228.0,204.0,6.764426199291976,4.699874615130959,3.2613689718386807,BRIGHT,Wristwatch detected,2026-09-30T11:06:27.836878
FITZ_I_ARM_9436,ARM,I,Type I - Very Fair,EXTREME,"SPF 50+, Complete coverage required",245.0,232.0,203.0,6.451246409362767,9.072470186055316,4.3534849812284895,DIM,Gloves properly worn,2026-09-30T11:06:27.836878
FITZ_IV_NECK_2954,NECK,IV,Type IV - Medium/Olive,LOW,"SPF 15-20, Standard protection",182.0,165.0,159.0,6.154364770021976,4.890125605484002,11.775065308128351,SHADOW,Gloves properly worn,2026-09-30T11:06:27.872851
FITZ_III_ARM_7018,ARM,III,Type III - Light,MODERATE,"SPF 25-30, Partial coverage needed",215.0,189.0,165.0,8.653956256470442,10.198189718900025,9.77249890093163,DIM,Wristwatch detected,2026-09-30T11:06:27.854203
FITZ_I_FACE_7548,FACE,I,Type I - Very Fair,EXTREME,"SPF 50+, Complete coverage required",253.0,239.0,221.0,9.633704820334549,8.362555955199202,7.988740727240124,DIM,Clean visible skin,2026-09-30T11:06:27.834804
FITZ_II_FACE_9205,FACE,II,Type II - Fair,HIGH,"SPF 30+, Coverage recommended",228.0,212.0,181.0,3.815046321228892,10.913435692435451,10.078718584902187,SHADOW,Wristwatch detected,2026-09-30T11:06:27.851202
FITZ_IV_HAND_6014,HAND,IV,Type IV - Medium/Olive,LOW,"SPF 15-20, Standard protection",182.0,165.0,140.0,7.6078657280555735,8.614631721548038,5.420588429069097,SHADOW,Hand washing observed,2026-09-30T11:06:27.870852
FITZ_I_HAND_2995,HAND,I,Type I - Very Fair,EXTREME,"SPF 50+, Complete coverage required",254.0,224.0,218.0,5.267064964307217,3.3063758627571476,8.574575013126966,NORMAL,Wristwatch detected,2026-09-30T11:06:27.833804
FITZ_IV_HAND_4433,HAND,IV,Type IV - Medium/Olive,LOW,"SPF 15-20, Standard protection",200.0,172.0,168.0,3.3196224345881724,11.064333931399151,7.678425152167649,BRIGHT,Ring present during food prep,2026-09-30T11:06:27.867774
FITZ_III_FACE_2486,FACE,III,Type III - Light,MODERATE,"SPF 25-30, Partial coverage needed",209.0,189.0,169.0,6.288125708636496,10.462235565328733,6.150343442864856,NORMAL,Gloves properly worn,2026-09-30T11:06:27.859309
FITZ_II_NECK_3119,NECK,II,Type II - Fair,HIGH,"SPF 30+, Coverage recommended",224.0,209.0,199.0,5.51873648256149,3.213016155754123,4.919495362023351,BRIGHT,Ring present during food prep,2026-09-30T11:06:27.849134
FITZ_IV_FACE_2497,FACE,IV,Type IV - Medium/Olive,LOW,"SPF 15-20, Standard protection",181.0,169.0,147.0,8.515873238120278,9.854469530201124,8.464871572612077,NORMAL,Clean visible skin,2026-09-30T11:06:27.867774
FITZ_III_ARM_5523,ARM,III,Type III - Light,MODERATE,"SPF 25-30, Partial coverage needed",219.0,198.0,183.0,4.150138607901648,5.84101177967032,11.904268518181867,SHADOW,Ring present during food prep,2026-09-30T11:06:27.863397
FITZ_IV_NECK_7343,NECK,IV,Type IV - Medium/Olive,LOW,"SPF 15-20, Standard protection",188.0,178.0,151.0,8.980166472812812,8.825000793936345,5.55956955130682,DIM,Wristwatch detected,2026-09-30T11:06:27.866501
FITZ_III_FACE_1084,FACE,III,Type III - Light,MODERATE,"SPF 25-30, Partial coverage needed",213.0,188.0,191.0,9.365237990203907,7.893372388420143,3.957571682209474,BRIGHT,Ring present during food prep,2026-09-30T11:06:27.854203
FITZ_IV_ARM_3658,ARM,IV,Type IV - Medium/Olive,LOW,"SPF 15-20, Standard protection",193.0,166.0,154.0,5.561168893482426,3.5008994031837126,7.84170253150122,BRIGHT,Gloves properly worn,2026-09-30T11:06:27.873855
FITZ_I_HAND_1885,HAND,I,Type I - Very Fair,EXTREME,"SPF 50+, Complete coverage required",253.0,231.0,200.0,3.213239990629927,10.622413609891073,5.981432453427878,BRIGHT,Wristwatch detected,2026-09-30T11:06:27.835804
FITZ_II_ARM_3646,ARM,II,Type II - Fair,HIGH,"SPF 30+, Coverage recommended",238.0,213.0,178.0,5.417872527078852,8.827006940983011,4.779337344956081,SHADOW,Wristwatch detected,2026-09-30T11:06:27.846122
FITZ_II_HAND_9849,HAND,II,Type II - Fair,HIGH,"SPF 30+, Coverage recommended",229.0,197.0,178.0,10.303746582375512,7.46135529050659,4.370751694665849,SHADOW,Hand washing observed,2026-09-30T11:06:27.844027
FITZ_III_NECK_9062,NECK,III,Type III - Light,MODERATE,"SPF 25-30, Partial coverage needed",204.0,192.0,177.0,9.705784597327213,9.371851238043163,7.424027715295385,DIM,Gloves properly worn,2026-09-30T11:06:27.862388
FITZ_I_FACE_3935,FACE,I,Type I - Very Fair,EXTREME,"SPF 50+, Complete coverage required",241.0,208.0,185.0,7.128128352401857,6.570368577554322,5.608901865600738,NORMAL,Wristwatch detected,2026-09-30T11:06:27.843024
FITZ_III_FACE_9343,FACE,III,Type III - Light,MODERATE,"SPF 25-30, Partial coverage needed",209.0,188.0,157.0,6.525559406384906,8.761527543334662,11.482001879510271,NORMAL,Ring present during food prep,2026-09-30T11:06:27.855202
FITZ_II_NECK_5391,NECK,II,Type II - Fair,HIGH,"SPF 30+, Coverage recommended",233.0,207.0,198.0,5.025143532625094,7.318056623715217,9.94701822507843,SHADOW,Hand washing observed,2026-09-30T11:06:27.846122
FITZ_I_NECK_6618,NECK,I,Type I - Very Fair,EXTREME,"SPF 50+, Complete coverage required",243.0,215.0,186.0,11.219567512172183,3.3766600719735846,8.557571660690279,NORMAL,Gloves properly worn,2026-09-30T11:06:27.841026
FITZ_III_HAND_5707,HAND,III,Type III - Light,MODERATE,"SPF 25-30, Partial coverage needed",210.0,198.0,171.0,8.21511836112684,9.525036604431964,4.709157703098995,DIM,Proper hygienic practice,2026-09-30T11:06:27.862388
FITZ_I_NECK_3977,NECK,I,Type I - Very Fair,EXTREME,"SPF 50+, Complete coverage required",252.0,221.0,203.0,9.10958401501923,3.3832860361056154,4.206215333527866,BRIGHT,Clean visible skin,2026-09-30T11:06:27.843024
FITZ_II_HAND_2028,HAND,II,Type II - Fair,HIGH,"SPF 30+, Coverage recommended",235.0,213.0,182.0,3.021950505608356,9.022000923792,5.125837161318128,SHADOW,Ring present during food prep,2026-09-30T11:06:27.848124
FITZ_II_FACE_1164,FACE,II,Type II - Fair,HIGH,"SPF 30+, Coverage recommended",235.0,222.0,178.0,9.17313261153517,7.080391807443004,11.311768185534785,BRIGHT,Gloves properly worn,2026-09-30T11:06:27.851202
FITZ_IV_HAND_3649,HAND,IV,Type IV - Medium/Olive,LOW,"SPF 15-20, Standard protection",195.0,182.0,159.0,3.6697615405313537,10.838943237305182,10.73800818922355,BRIGHT,Ring present during food prep,2026-09-30T11:06:27.871855
FITZ_II_FACE_3468,FACE,II,Type II - Fair,HIGH,"SPF 30+, Coverage recommended",226.0,193.0,180.0,8.253448597143215,9.709859703270464,9.920875657036097,BRIGHT,Clean visible skin,2026-09-30T11:06:27.848124
FITZ_III_FACE_7208,FACE,III,Type III - Light,MODERATE,"SPF 25-30, Partial coverage needed",219.0,199.0,185.0,8.609832854348978,8.201328059569121,9.827197910476974,SHADOW,Wristwatch detected,2026-09-30T11:06:27.855202
FITZ_III_HAND_9883,HAND,III,Type III - Light,MODERATE,"SPF 25-30, Partial coverage needed",215.0,198.0,161.0,7.272323050813827,7.568764115166363,4.604627934949812,BRIGHT,Proper hygienic practice,2026-09-30T11:06:27.858310
FITZ_II_HAND_4798,HAND,II,Type II - Fair,HIGH,"SPF 30+, Coverage recommended",225.0,206.0,169.0,7.856752773385658,11.10905590562837,11.246580105359305,DIM,Gloves properly worn,2026-09-30T11:06:27.846122
FITZ_II_FACE_5413,FACE,II,Type II - Fair,HIGH,"SPF 30+, Coverage recommended",238.0,212.0,192.0,4.096454473892845,6.225152258727478,5.717186898319706,NORMAL,Ring present during food prep,2026-09-30T11:06:27.848124
FITZ_IV_HAND_1143,HAND,IV,Type IV - Medium/Olive,LOW,"SPF 15-20, Standard protection",192.0,167.0,166.0,10.31960306679756,6.043870788911834,9.457339483326841,NORMAL,Gloves properly worn,2026-09-30T11:06:27.869789
FITZ_II_FACE_7646,FACE,II,Type II - Fair,HIGH,"SPF 30+, Coverage recommended",233.0,213.0,176.0,11.583579419924721,3.277435375896555,11.116867387223014,DIM,Gloves properly worn,2026-09-30T11:06:27.849134
FITZ_II_NECK_9246,NECK,II,Type II - Fair,HIGH,"SPF 30+, Coverage recommended",230.0,201.0,204.0,10.644773329228913,7.051580301147719,11.451581122469523,SHADOW,Clean visible skin,2026-09-30T11:06:27.849134
FITZ_III_FACE_7873,FACE,III,Type III - Light,MODERATE,"SPF 25-30, Partial coverage needed",213.0,184.0,160.0,10.551427041094168,4.210072697450107,9.74729329550993,NORMAL,Wristwatch detected,2026-09-30T11:06:27.863397
FITZ_III_NECK_5098,NECK,III,Type III - Light,MODERATE,"SPF 25-30, Partial coverage needed",216.0,194.0,162.0,6.042657807773255,7.313625218779384,4.851578506657545,NORMAL,Gloves properly worn,2026-09-30T11:06:27.862388
FITZ_I_ARM_7250,ARM,I,Type I - Very Fair,EXTREME,"SPF 50+, Complete coverage required",243.0,221.0,208.0,9.115707402119284,3.5272927105677594,9.187073648195073,SHADOW,Gloves properly worn,2026-09-30T11:06:27.841026
FITZ_I_HAND_7364,HAND,I,Type I - Very Fair,EXTREME,"SPF 50+, Complete coverage required",247.0,216.0,199.0,8.750541527765634,9.305551217985867,11.128413888143395,NORMAL,Clean visible skin,2026-09-30T11:06:27.834804
FITZ_III_FACE_3187,FACE,III,Type III - Light,MODERATE,"SPF 25-30, Partial coverage needed",202.0,188.0,170.0,7.064935078039302,9.69329878269626,11.260573585249109,NORMAL,Proper hygienic practice,2026-09-30T11:06:27.859309
FITZ_III_FACE_1331,FACE,III,Type III - Light,MODERATE,"SPF 25-30, Partial coverage needed",215.0,199.0,174.0,3.9485887673099804,7.909885461761202,8.980164767727556,NORMAL,Gloves properly worn,2026-09-30T11:06:27.857311
FITZ_II_FACE_4161,FACE,II,Type II - Fair,HIGH,"SPF 30+, Coverage recommended",223.0,199.0,172.0,8.671343668619713,3.7002275298714613,5.043191610969306,DIM,Proper hygienic practice,2026-09-30T11:06:27.851202
FITZ_I_ARM_9237,ARM,I,Type I - Very Fair,EXTREME,"SPF 50+, Complete coverage required",250.0,221.0,202.0,8.152847803231559,10.27493911530992,3.9005101488364904,BRIGHT,Clean visible skin,2026-09-30T11:06:27.834804
FITZ_IV_NECK_3665,NECK,IV,Type IV - Medium/Olive,LOW,"SPF 15-20, Standard protection",191.0,176.0,150.0,4.615484072922348,11.514158262293222,3.06092483721361,SHADOW,Proper hygienic practice,2026-09-30T11:06:27.865397
FITZ_IV_HAND_4108,HAND,IV,Type IV - Medium/Olive,LOW,"SPF 15-20, Standard protection",190.0,178.0,145.0,10.413446298661565,10.922447430306338,6.842784805327708,SHADOW,Ring present during food prep,2026-09-30T11:06:27.870852
FITZ_I_ARM_9786,ARM,I,Type I - Very Fair,EXTREME,"SPF 50+, Complete coverage required",250.0,221.0,210.0,8.05690109964521,10.053158435633913,11.610008641185768,SHADOW,Wristwatch detected,2026-09-30T11:06:27.837878
FITZ_I_ARM_6967,ARM,I,Type I - Very Fair,EXTREME,"SPF 50+, Complete coverage required",254.0,236.0,225.0,9.342191312097672,6.541261913187465,7.040870767674384,DIM,Hand washing observed,2026-09-30T11:06:27.841026
FITZ_I_ARM_8516,ARM,I,Type I - Very Fair,EXTREME,"SPF 50+, Complete coverage required",249.0,231.0,199.0,7.415956650773697,6.1570294120024,7.91143565860432,SHADOW,Proper hygienic practice,2026-09-30T11:06:27.835804
FITZ_IV_FACE_5307,FACE,IV,Type IV - Medium/Olive,LOW,"SPF 15-20, Standard protection",199.0,185.0,164.0,7.298015670528117,5.052954125832164,8.373962406691358,SHADOW,Gloves properly worn,2026-09-30T11:06:27.867774
FITZ_I_FACE_4950,FACE,I,Type I - Very Fair,EXTREME,"SPF 50+, Complete coverage required",252.0,236.0,190.0,6.481931893746218,6.359721483907492,9.725849324063809,DIM,Proper hygienic practice,2026-09-30T11:06:27.831024
FITZ_IV_HAND_5707,HAND,IV,Type IV - Medium/Olive,LOW,"SPF 15-20, Standard protection",193.0,182.0,162.0,7.288015316552339,9.805264025845945,4.259618605985269,BRIGHT,Wristwatch detected,2026-09-30T11:06:27.865397
FITZ_II_NECK_1257,NECK,II,Type II - Fair,HIGH,"SPF 30+, Coverage recommended",225.0,206.0,173.0,6.20123162366038,7.037751754009301,4.425047614505034,DIM,Gloves properly worn,2026-09-30T11:06:27.851202
FITZ_II_HAND_7950,HAND,II,Type II - Fair,HIGH,"SPF 30+, Coverage recommended",236.0,207.0,201.0,6.580816217771087,9.332720573282703,3.9885776694368573,DIM,Ring present during food prep,2026-09-30T11:06:27.846122
FITZ_IV_NECK_5054,NECK,IV,Type IV - Medium/Olive,LOW,"SPF 15-20, Standard protection",194.0,166.0,146.0,6.5689137470017185,10.583165103084745,9.831913514274785,DIM,Wristwatch detected,2026-09-30T11:06:27.872851
FITZ_I_ARM_8100,ARM,I,Type I - Very Fair,EXTREME,"SPF 50+, Complete coverage required",250.0,216.0,200.0,7.081176524427648,9.619695705291605,9.048733286510483,NORMAL,Hand washing observed,2026-09-30T11:06:27.836878
FITZ_I_ARM_6112,ARM,I,Type I - Very Fair,EXTREME,"SPF 50+, Complete coverage required",244.0,218.0,203.0,7.964441169300176,9.854255877929404,4.077777405265859,NORMAL,Gloves properly worn,2026-09-30T11:06:27.838880
FITZ_II_ARM_1548,ARM,II,Type II - Fair,HIGH,"SPF 30+, Coverage recommended",240.0,222.0,182.0,8.295245003131773,10.098897191069007,8.790147546370658,NORMAL,Ring present during food prep,2026-09-30T11:06:27.845024
FITZ_II_NECK_9917,NECK,II,Type II - Fair,HIGH,"SPF 30+, Coverage recommended",227.0,206.0,171.0,4.055954256444535,9.492066036968692,7.540990892717178,NORMAL,Gloves properly worn,2026-09-30T11:06:27.847125
FITZ_II_FACE_4625,FACE,II,Type II - Fair,HIGH,"SPF 30+, Coverage recommended",223.0,197.0,175.0,4.584836431582452,6.655081856564042,8.4371124795768,SHADOW,Clean visible skin,2026-09-30T11:06:27.844027
FITZ_I_HAND_7181,HAND,I,Type I - Very Fair,EXTREME,"SPF 50+, Complete coverage required",240.0,218.0,192.0,6.735204182625798,7.947663911813223,10.538370805790796,NORMAL,Ring present during food prep,2026-09-30T11:06:27.838880
FITZ_I_NECK_7201,NECK,I,Type I - Very Fair,EXTREME,"SPF 50+, Complete coverage required",250.0,215.0,223.0,8.70210283597428,5.461457837476211,9.67718736357871,BRIGHT,Ring present during food prep,2026-09-30T11:06:27.833804
FITZ_III_HAND_5588,HAND,III,Type III - Light,MODERATE,"SPF 25-30, Partial coverage needed",213.0,186.0,174.0,3.9398211299476062,10.18070648783504,10.256704254135979,SHADOW,Proper hygienic practice,2026-09-30T11:06:27.863397
FITZ_III_ARM_1995,ARM,III,Type III - Light,MODERATE,"SPF 25-30, Partial coverage needed",201.0,176.0,155.0,9.752434110871917,6.857093868971042,6.511548229088374,DIM,Ring present during food prep,2026-09-30T11:06:27.863397
FITZ_II_NECK_6349,NECK,II,Type II - Fair,HIGH,"SPF 30+, Coverage recommended",225.0,209.0,201.0,10.050446017189756,6.38735126935269,11.948228410484885,NORMAL,Clean visible skin,2026-09-30T11:06:27.851202
FITZ_IV_HAND_4314,HAND,IV,Type IV - Medium/Olive,LOW,"SPF 15-20, Standard protection",199.0,180.0,165.0,11.20285321396274,5.81290629212564,3.9421721593968417,DIM,Ring present during food prep,2026-09-30T11:06:27.866501
FITZ_IV_FACE_3644,FACE,IV,Type IV - Medium/Olive,LOW,"SPF 15-20, Standard protection",191.0,177.0,156.0,5.67556016118388,10.914906171992374,4.566177297576361,SHADOW,Hand washing observed,2026-09-30T11:06:27.868780
FITZ_I_HAND_7189,HAND,I,Type I - Very Fair,EXTREME,"SPF 50+, Complete coverage required",244.0,219.0,194.0,8.025153980382207,8.801813817100806,6.125859649849893,SHADOW,Hand washing observed,2026-09-30T11:06:27.833804
FITZ_III_FACE_5611,FACE,III,Type III - Light,MODERATE,"SPF 25-30, Partial coverage needed",203.0,183.0,159.0,8.256769987520101,9.71296779456364,11.09243613190213,DIM,Ring present during food prep,2026-09-30T11:06:27.854203
FITZ_I_ARM_8414,ARM,I,Type I - Very Fair,EXTREME,"SPF 50+, Complete coverage required",244.0,209.0,218.0,10.47070159018213,4.082499697463087,9.414258194427347,BRIGHT,Proper hygienic practice,2026-09-30T11:06:27.836878
FITZ_II_NECK_9156,NECK,II,Type II - Fair,HIGH,"SPF 30+, Coverage recommended",237.0,219.0,203.0,8.475175889994777,5.005172373178629,5.119837583685893,BRIGHT,Wristwatch detected,2026-09-30T11:06:27.851202
FITZ_IV_FACE_9182,FACE,IV,Type IV - Medium/Olive,LOW,"SPF 15-20, Standard protection",197.0,169.0,162.0,11.999807207139753,10.847777844280255,4.0483755930777425,BRIGHT,Wristwatch detected,2026-09-30T11:06:27.868780
FITZ_I_FACE_4613,FACE,I,Type I - Very Fair,EXTREME,"SPF 50+, Complete coverage required",249.0,232.0,190.0,8.501033004643055,10.518169412906337,3.575618537963938,NORMAL,Clean visible skin,2026-09-30T11:06:27.833804
FITZ_III_FACE_3206,FACE,III,Type III - Light,MODERATE,"SPF 25-30, Partial coverage needed",215.0,195.0,161.0,5.439227100554747,6.29794074552978,10.18684224449346,SHADOW,Gloves properly worn,2026-09-30T11:06:27.856312
FITZ_I_FACE_6050,FACE,I,Type I - Very Fair,EXTREME,"SPF 50+, Complete coverage required",248.0,214.0,212.0,8.705107937667458,9.656897600789351,5.850104058133826,NORMAL,Hand washing observed,2026-09-30T11:06:27.832289
FITZ_II_ARM_6064,ARM,II,Type II - Fair,HIGH,"SPF 30+, Coverage recommended",225.0,210.0,181.0,9.461474620499743,5.526956702024674,7.430064689933605,DIM,Wristwatch detected,2026-09-30T11:06:27.844027
FITZ_IV_FACE_5670,FACE,IV,Type IV - Medium/Olive,LOW,"SPF 15-20, Standard protection",193.0,183.0,157.0,4.1860775863961655,11.197534994460447,3.64186120424524,SHADOW,Hand washing observed,2026-09-30T11:06:27.863397
FITZ_III_FACE_5580,FACE,III,Type III - Light,MODERATE,"SPF 25-30, Partial coverage needed",216.0,202.0,174.0,7.684973944710206,10.268097612354833,9.564449759668562,SHADOW,Wristwatch detected,2026-09-30T11:06:27.863397
FITZ_II_HAND_2484,HAND,II,Type II - Fair,HIGH,"SPF 30+, Coverage recommended",221.0,197.0,166.0,6.698689078873654,9.129568033108978,7.440761875716489,SHADOW,Gloves properly worn,2026-09-30T11:06:27.851202
FITZ_IV_ARM_2557,ARM,IV,Type IV - Medium/Olive,LOW,"SPF 15-20, Standard protection",191.0,181.0,157.0,6.750567930555138,8.945551472222252,8.807121644398519,BRIGHT,Wristwatch detected,2026-09-30T11:06:27.873855
FITZ_IV_NECK_7708,NECK,IV,Type IV - Medium/Olive,LOW,"SPF 15-20, Standard protection",187.0,173.0,140.0,11.716756461948222,3.4861832072596934,7.543508102762188,BRIGHT,Hand washing observed,2026-09-30T11:06:27.865397
FITZ_II_ARM_4706,ARM,II,Type II - Fair,HIGH,"SPF 30+, Coverage recommended",224.0,193.0,192.0,4.112215988782485,8.440784013023798,10.94872401149538,DIM,Ring present during food prep,2026-09-30T11:06:27.848124
FITZ_I_ARM_4761,ARM,I,Type I - Very Fair,EXTREME,"SPF 50+, Complete coverage required",253.0,239.0,190.0,11.39317071928917,3.0563179995299126,3.354619684710163,BRIGHT,Proper hygienic practice,2026-09-30T11:06:27.839885
FITZ_I_ARM_8586,ARM,I,Type I - Very Fair,EXTREME,"SPF 50+, Complete coverage required",243.0,212.0,200.0,7.669179901644146,8.224664659716037,8.177118584433835,SHADOW,Clean visible skin,2026-09-30T11:06:27.832797
FITZ_I_HAND_4797,HAND,I,Type I - Very Fair,EXTREME,"SPF 50+, Complete coverage required",253.0,232.0,193.0,10.758269019341355,6.0818854923616845,9.182630351538291,BRIGHT,Hand washing observed,2026-09-30T11:06:27.836878
FITZ_II_FACE_6440,FACE,II,Type II - Fair,HIGH,"SPF 30+, Coverage recommended",221.0,192.0,191.0,5.078359950165913,8.358894943030714,3.7607572038508326,DIM,Hand washing observed,2026-09-30T11:06:27.846122
FITZ_I_HAND_7899,HAND,I,Type I - Very Fair,EXTREME,"SPF 50+, Complete coverage required",254.0,226.0,224.0,10.665152833185125,11.88740431234299,4.125217985817924,DIM,Clean visible skin,2026-09-30T11:06:27.837878
FITZ_III_HAND_9545,HAND,III,Type III - Light,MODERATE,"SPF 25-30, Partial coverage needed",205.0,190.0,167.0,5.144694686222899,4.896776588224448,5.322835758996218,SHADOW,Proper hygienic practice,2026-09-30T11:06:27.860392
FITZ_IV_FACE_1579,FACE,IV,Type IV - Medium/Olive,LOW,"SPF 15-20, Standard protection",183.0,162.0,147.0,6.640336132728562,6.461292667635929,9.271873265045235,SHADOW,Hand washing observed,2026-09-30T11:06:27.871855
FITZ_I_ARM_1898,ARM,I,Type I - Very Fair,EXTREME,"SPF 50+, Complete coverage required",249.0,222.0,196.0,11.51485944176101,7.881915958054843,10.150308779361232,NORMAL,Ring present during food prep,2026-09-30T11:06:27.833804
FITZ_II_NECK_6605,NECK,II,Type II - Fair,HIGH,"SPF 30+, Coverage recommended",227.0,198.0,191.0,10.319392463794157,9.789530514260466,11.807661403742573,DIM,Gloves properly worn,2026-09-30T11:06:27.847125
FITZ_IV_FACE_4986,FACE,IV,Type IV - Medium/Olive,LOW,"SPF 15-20, Standard protection",182.0,158.0,142.0,9.3496031906779,5.935579465451962,6.794249856454401,DIM,Gloves properly worn,2026-09-30T11:06:27.866501
FITZ_II_HAND_7506,HAND,II,Type II - Fair,HIGH,"SPF 30+, Coverage recommended",239.0,208.0,186.0,8.617066143943791,11.802700685121609,5.16296443637267,DIM,Ring present during food prep,2026-09-30T11:06:27.850202
FITZ_I_FACE_8737,FACE,I,Type I - Very Fair,EXTREME,"SPF 50+, Complete coverage required",253.0,235.0,214.0,4.555019537801652,8.336434472459452,4.655186570830226,NORMAL,Clean visible skin,2026-09-30T11:06:27.837878
FITZ_III_HAND_2876,HAND,III,Type III - Light,MODERATE,"SPF 25-30, Partial coverage needed",219.0,189.0,183.0,7.451534498600271,4.7249226842711725,10.31164117153866,DIM,Clean visible skin,2026-09-30T11:06:27.862388
FITZ_IV_HAND_9384,HAND,IV,Type IV - Medium/Olive,LOW,"SPF 15-20, Standard protection",185.0,166.0,152.0,5.623273856668991,5.084206169709846,10.445574294238341,DIM,Proper hygienic practice,2026-09-30T11:06:27.869789
FITZ_II_ARM_6567,ARM,II,Type II - Fair,HIGH,"SPF 30+, Coverage recommended",220.0,208.0,186.0,9.741261700346186,10.56480181836211,6.903489954773777,NORMAL,Wristwatch detected,2026-09-30T11:06:27.850202
FITZ_III_NECK_9307,NECK,III,Type III - Light,MODERATE,"SPF 25-30, Partial coverage needed",216.0,202.0,166.0,8.963236716727144,5.325850704225997,5.361353242667349,BRIGHT,Hand washing observed,2026-09-30T11:06:27.862388
FITZ_I_NECK_7249,NECK,I,Type I - Very Fair,EXTREME,"SPF 50+, Complete coverage required",251.0,223.0,194.0,6.972384637626076,7.547632988427191,9.614352940774516,BRIGHT,Hand washing observed,2026-09-30T11:06:27.835804
FITZ_III_HAND_8394,HAND,III,Type III - Light,MODERATE,"SPF 25-30, Partial coverage needed",215.0,202.0,185.0,11.351442837992655,9.796872052566082,6.391360613367588,DIM,Clean visible skin,2026-09-30T11:06:27.859309
FITZ_IV_ARM_9900,ARM,IV,Type IV - Medium/Olive,LOW,"SPF 15-20, Standard protection",185.0,166.0,154.0,3.457139301731818,4.798866597097355,8.362297041791976,DIM,Proper hygienic practice,2026-09-30T11:06:27.864398
FITZ_IV_NECK_1420,NECK,IV,Type IV - Medium/Olive,LOW,"SPF 15-20, Standard protection",187.0,164.0,153.0,7.613449946046508,4.628754096778272,5.991385705749925,NORMAL,Ring present during food prep,2026-09-30T11:06:27.873855
FITZ_II_ARM_2162,ARM,II,Type II - Fair,HIGH,"SPF 30+, Coverage recommended",232.0,201.0,191.0,11.839007066275713,8.708634686638009,10.144742632554124,SHADOW,Clean visible skin,2026-09-30T11:06:27.844027
FITZ_I_NECK_1153,NECK,I,Type I - Very Fair,EXTREME,"SPF 50+, Complete coverage required",252.0,229.0,198.0,11.215461144211993,4.288059481156587,7.150349220194978,DIM,Proper hygienic practice,2026-09-30T11:06:27.831024
FITZ_I_NECK_9668,NECK,I,Type I - Very Fair,EXTREME,"SPF 50+, Complete coverage required",241.0,216.0,203.0,8.105283991811167,3.7717862943906257,5.706979821566558,NORMAL,Wristwatch detected,2026-09-30T11:06:27.843024
FITZ_III_HAND_7270,HAND,III,Type III - Light,MODERATE,"SPF 25-30, Partial coverage needed",205.0,194.0,158.0,10.725052004173289,10.589699858771349,11.301270299973723,NORMAL,Hand washing observed,2026-09-30T11:06:27.861390
FITZ_II_ARM_1464,ARM,II,Type II - Fair,HIGH,"SPF 30+, Coverage recommended",227.0,200.0,181.0,3.6536062180835764,3.43377979196326,5.236843015205073,BRIGHT,Hand washing observed,2026-09-30T11:06:27.847125
FITZ_I_NECK_1510,NECK,I,Type I - Very Fair,EXTREME,"SPF 50+, Complete coverage required",254.0,228.0,226.0,3.3902853320925455,10.049042963823418,10.802828169838545,DIM,Ring present during food prep,2026-09-30T11:06:27.831024
FITZ_III_ARM_8329,ARM,III,Type III - Light,MODERATE,"SPF 25-30, Partial coverage needed",200.0,170.0,178.0,10.518601478052302,10.5320173969737,3.9876612566824856,SHADOW,Gloves properly worn,2026-09-30T11:06:27.858310
FITZ_I_FACE_8046,FACE,I,Type I - Very Fair,EXTREME,"SPF 50+, Complete coverage required",244.0,230.0,188.0,4.92123126895487,8.113859141483225,11.890296685767893,SHADOW,Proper hygienic practice,2026-09-30T11:06:27.835804
FITZ_I_HAND_3305,HAND,I,Type I - Very Fair,EXTREME,"SPF 50+, Complete coverage required",244.0,229.0,206.0,7.620050341044703,8.368171574935186,9.903521214432072,NORMAL,Clean visible skin,2026-09-30T11:06:27.843024
FITZ_II_FACE_1854,FACE,II,Type II - Fair,HIGH,"SPF 30+, Coverage recommended",228.0,206.0,176.0,4.212922210833589,8.062838352052882,11.478112256053418,DIM,Ring present during food prep,2026-09-30T11:06:27.848124
FITZ_IV_ARM_2006,ARM,IV,Type IV - Medium/Olive,LOW,"SPF 15-20, Standard protection",187.0,165.0,151.0,10.82162964096381,6.219922214035868,5.2789945555020585,SHADOW,Gloves properly worn,2026-09-30T11:06:27.868780
FITZ_IV_FACE_8165,FACE,IV,Type IV - Medium/Olive,LOW,"SPF 15-20, Standard protection",191.0,176.0,149.0,8.980531289373419,5.597711351167938,3.179812117320247,NORMAL,Gloves properly worn,2026-09-30T11:06:27.869789
FITZ_I_NECK_4808,NECK,I,Type I - Very Fair,EXTREME,"SPF 50+, Complete coverage required",243.0,220.0,189.0,11.478839512231223,8.340685794127893,3.7549989988802,SHADOW,Wristwatch detected,2026-09-30T11:06:27.836878
FITZ_IV_HAND_6295,HAND,IV,Type IV - Medium/Olive,LOW,"SPF 15-20, Standard protection",193.0,164.0,171.0,9.155513573148948,5.256076746310056,4.180190587021151,SHADOW,Ring present during food prep,2026-09-30T11:06:27.871855
FITZ_I_FACE_7360,FACE,I,Type I - Very Fair,EXTREME,"SPF 50+, Complete coverage required",247.0,227.0,206.0,4.391060104053751,3.9476820648904543,6.382395196138711,SHADOW,Gloves properly worn,2026-09-30T11:06:27.835804
FITZ_II_ARM_9038,ARM,II,Type II - Fair,HIGH,"SPF 30+, Coverage recommended",224.0,203.0,194.0,5.186939097828429,9.94899869597955,8.671301094986202,BRIGHT,Clean visible skin,2026-09-30T11:06:27.848124
FITZ_IV_ARM_1002,ARM,IV,Type IV - Medium/Olive,LOW,"SPF 15-20, Standard protection",188.0,175.0,159.0,7.498286002741308,9.964772250513352,6.0864975668672265,SHADOW,Gloves properly worn,2026-09-30T11:06:27.868780
FITZ_I_HAND_4267,HAND,I,Type I - Very Fair,EXTREME,"SPF 50+, Complete coverage required",247.0,225.0,203.0,10.945007167430205,7.311278369641391,3.7894939595310673,SHADOW,Clean visible skin,2026-09-30T11:06:27.832797
FITZ_III_ARM_4415,ARM,III,Type III - Light,MODERATE,"SPF 25-30, Partial coverage needed",202.0,183.0,152.0,9.41650065495524,8.053083179879728,10.127847011965589,BRIGHT,Hand washing observed,2026-09-30T11:06:27.856312
FITZ_II_FACE_3889,FACE,II,Type II - Fair,HIGH,"SPF 30+, Coverage recommended",221.0,195.0,185.0,5.40844605321587,5.579174415712535,7.187917513046046,SHADOW,Hand washing observed,2026-09-30T11:06:27.852202
FITZ_IV_HAND_2480,HAND,IV,Type IV - Medium/Olive,LOW,"SPF 15-20, Standard protection",192.0,168.0,170.0,4.5189363558206095,5.590640854559472,5.448017856198992,BRIGHT,Wristwatch detected,2026-09-30T11:06:27.868780
FITZ_III_HAND_7658,HAND,III,Type III - Light,MODERATE,"SPF 25-30, Partial coverage needed",212.0,197.0,161.0,11.841811927503477,9.999361115258099,3.603437987483766,SHADOW,Clean visible skin,2026-09-30T11:06:27.854203
FITZ_IV_FACE_4480,FACE,IV,Type IV - Medium/Olive,LOW,"SPF 15-20, Standard protection",181.0,154.0,152.0,7.85499000361696,3.962850935735693,4.6662336309293675,BRIGHT,Clean visible skin,2026-09-30T11:06:27.863397
FITZ_I_FACE_9924,FACE,I,Type I - Very Fair,EXTREME,"SPF 50+, Complete coverage required",244.0,230.0,194.0,9.434270198460663,4.5412364067403015,6.102670082765627,SHADOW,Clean visible skin,2026-09-30T11:06:27.839885
FITZ_II_ARM_1732,ARM,II,Type II - Fair,HIGH,"SPF 30+, Coverage recommended",228.0,212.0,190.0,11.453480475387495,4.302732463855609,6.146833403373888,DIM,Gloves properly worn,2026-09-30T11:06:27.846122
FITZ_III_ARM_5511,ARM,III,Type III - Light,MODERATE,"SPF 25-30, Partial coverage needed",200.0,177.0,179.0,4.793191381840372,9.67792257046069,10.061357986313585,NORMAL,Gloves properly worn,2026-09-30T11:06:27.858310
FITZ_II_NECK_4909,NECK,II,Type II - Fair,HIGH,"SPF 30+, Coverage recommended",228.0,201.0,177.0,3.6859771030500497,9.517962869469443,3.826110662988024,DIM,Proper hygienic practice,2026-09-30T11:06:27.850202
FITZ_II_ARM_8396,ARM,II,Type II - Fair,HIGH,"SPF 30+, Coverage recommended",239.0,223.0,214.0,10.674434305800656,5.842624275928496,6.1163103998231305,BRIGHT,Ring present during food prep,2026-09-30T11:06:27.847125
FITZ_II_NECK_5264,NECK,II,Type II - Fair,HIGH,"SPF 30+, Coverage recommended",225.0,204.0,181.0,3.7825429770849075,11.903232850606534,9.00343172623009,DIM,Gloves properly worn,2026-09-30T11:06:27.849134
FITZ_III_HAND_5123,HAND,III,Type III - Light,MODERATE,"SPF 25-30, Partial coverage needed",206.0,194.0,171.0,7.496142402260926,3.6826797758811214,9.233557049658708,DIM,Ring present during food prep,2026-09-30T11:06:27.861390
FITZ_III_FACE_2155,FACE,III,Type III - Light,MODERATE,"SPF 25-30, Partial coverage needed",220.0,207.0,189.0,3.1384289511402037,9.095427361786149,9.808295225119075,NORMAL,Ring present during food prep,2026-09-30T11:06:27.861390
FITZ_I_NECK_8014,NECK,I,Type I - Very Fair,EXTREME,"SPF 50+, Complete coverage required",244.0,227.0,195.0,9.678514206824472,3.242098583927349,11.022086014050073,DIM,Hand washing observed,2026-09-30T11:06:27.834804
FITZ_III_ARM_9854,ARM,III,Type III - Light,MODERATE,"SPF 25-30, Partial coverage needed",220.0,200.0,170.0,3.335852093740395,6.455109641960711,8.246163164500762,NORMAL,Gloves properly worn,2026-09-30T11:06:27.856312
FITZ_III_FACE_6590,FACE,III,Type III - Light,MODERATE,"SPF 25-30, Partial coverage needed",213.0,194.0,161.0,4.730289060290074,6.482058215156484,9.624879278716985,BRIGHT,Hand washing observed,2026-09-30T11:06:27.857311
FITZ_III_HAND_5131,HAND,III,Type III - Light,MODERATE,"SPF 25-30, Partial coverage needed",202.0,190.0,159.0,6.358890111931775,6.628290085912606,5.6102704762230555,DIM,Ring present during food prep,2026-09-30T11:06:27.860392
FITZ_I_NECK_8211,NECK,I,Type I - Very Fair,EXTREME,"SPF 50+, Complete coverage required",250.0,237.0,223.0,8.359896826784883,10.395513909960929,10.538527976449835,SHADOW,Gloves properly worn,2026-09-30T11:06:27.833804
FITZ_IV_NECK_1683,NECK,IV,Type IV - Medium/Olive,LOW,"SPF 15-20, Standard protection",187.0,161.0,157.0,10.180421915388523,7.95604087733468,10.90141652530555,BRIGHT,Hand washing observed,2026-09-30T11:06:27.869789
FITZ_III_ARM_5492,ARM,III,Type III - Light,MODERATE,"SPF 25-30, Partial coverage needed",214.0,198.0,188.0,11.765476609221112,6.09087697686693,3.2097457961420366,NORMAL,Proper hygienic practice,2026-09-30T11:06:27.858310
FITZ_IV_ARM_1709,ARM,IV,Type IV - Medium/Olive,LOW,"SPF 15-20, Standard protection",195.0,182.0,152.0,6.408286233834683,3.198401610224226,7.191259826658751,NORMAL,Gloves properly worn,2026-09-30T11:06:27.868780
FITZ_III_FACE_3963,FACE,III,Type III - Light,MODERATE,"SPF 25-30, Partial coverage needed",208.0,177.0,170.0,8.719058170252858,8.167415308610178,3.726359025987471,NORMAL,Hand washing observed,2026-09-30T11:06:27.854203
FITZ_II_HAND_6274,HAND,II,Type II - Fair,HIGH,"SPF 30+, Coverage recommended",226.0,209.0,203.0,10.415685025142107,4.341843879454619,5.797347550532585,BRIGHT,Ring present during food prep,2026-09-30T11:06:27.848124
FITZ_II_ARM_2526,ARM,II,Type II - Fair,HIGH,"SPF 30+, Coverage recommended",223.0,194.0,196.0,4.784046501506167,6.693299360811679,3.111877260999583,DIM,Ring present during food prep,2026-09-30T11:06:27.843024
FITZ_III_HAND_7623,HAND,III,Type III - Light,MODERATE,"SPF 25-30, Partial coverage needed",202.0,173.0,169.0,11.202714604447765,5.882033100534879,6.536268268439464,BRIGHT,Gloves properly worn,2026-09-30T11:06:27.856312
FITZ_IV_ARM_3035,ARM,IV,Type IV - Medium/Olive,LOW,"SPF 15-20, Standard protection",195.0,167.0,171.0,8.804046715893012,3.544219351224092,7.368348299036809,SHADOW,Hand washing observed,2026-09-30T11:06:27.872851
FITZ_II_HAND_1219,HAND,II,Type II - Fair,HIGH,"SPF 30+, Coverage recommended",221.0,192.0,189.0,3.4986194694901482,7.810984091288811,9.903019309601852,DIM,Gloves properly worn,2026-09-30T11:06:27.846122
FITZ_IV_HAND_1297,HAND,IV,Type IV - Medium/Olive,LOW,"SPF 15-20, Standard protection",190.0,178.0,157.0,4.879310863006696,9.15349144599909,4.7271153552171885,NORMAL,Ring present during food prep,2026-09-30T11:06:27.869789
FITZ_IV_FACE_9561,FACE,IV,Type IV - Medium/Olive,LOW,"SPF 15-20, Standard protection",183.0,158.0,156.0,4.036097698766172,4.232032894681905,10.564053752709858,BRIGHT,Proper hygienic practice,2026-09-30T11:06:27.872851
FITZ_III_FACE_1054,FACE,III,Type III - Light,MODERATE,"SPF 25-30, Partial coverage needed",204.0,176.0,171.0,8.988969382407317,7.4638606225078945,6.3628152754310925,BRIGHT,Ring present during food prep,2026-09-30T11:06:27.858310
FITZ_I_ARM_8041,ARM,I,Type I - Very Fair,EXTREME,"SPF 50+, Complete coverage required",250.0,236.0,195.0,11.575080235150256,9.908351734037971,5.286242269556541,DIM,Hand washing observed,2026-09-30T11:06:27.838880
FITZ_III_ARM_3552,ARM,III,Type III - Light,MODERATE,"SPF 25-30, Partial coverage needed",218.0,191.0,166.0,11.81932588018267,11.46761450327842,11.411462629877015,DIM,Proper hygienic practice,2026-09-30T11:06:27.862388
FITZ_IV_ARM_8442,ARM,IV,Type IV - Medium/Olive,LOW,"SPF 15-20, Standard protection",185.0,158.0,165.0,8.810194851695567,9.913175664702798,4.362130310163225,BRIGHT,Proper hygienic practice,2026-09-30T11:06:27.865397
FITZ_III_FACE_1651,FACE,III,Type III - Light,MODERATE,"SPF 25-30, Partial coverage needed",219.0,200.0,186.0,10.062498572107161,9.105455721427024,3.042019093176552,DIM,Wristwatch detected,2026-09-30T11:06:27.854203
FITZ_I_HAND_3910,HAND,I,Type I - Very Fair,EXTREME,"SPF 50+, Complete coverage required",252.0,218.0,193.0,8.125635107289577,7.0638179387973965,11.052694154842266,NORMAL,Hand washing observed,2026-09-30T11:06:27.834804
FITZ_III_FACE_9070,FACE,III,Type III - Light,MODERATE,"SPF 25-30, Partial coverage needed",206.0,187.0,158.0,3.00935175763878,3.9418827856855287,3.510489986268762,NORMAL,Gloves properly worn,2026-09-30T11:06:27.855202
FITZ_I_ARM_6259,ARM,I,Type I - Very Fair,EXTREME,"SPF 50+, Complete coverage required",248.0,219.0,210.0,10.041836588660477,10.29233547258433,8.47199258291015,NORMAL,Wristwatch detected,2026-09-30T11:06:27.836878
FITZ_II_FACE_1389,FACE,II,Type II - Fair,HIGH,"SPF 30+, Coverage recommended",240.0,210.0,188.0,11.778570820087207,6.875612117136654,8.373566822816278,DIM,Proper hygienic practice,2026-09-30T11:06:27.845024
FITZ_III_ARM_7739,ARM,III,Type III - Light,MODERATE,"SPF 25-30, Partial coverage needed",211.0,198.0,184.0,6.230209786599433,3.2959280397334663,3.4889919916351038,NORMAL,Ring present during food prep,2026-09-30T11:06:27.860392
FITZ_I_NECK_9043,NECK,I,Type I - Very Fair,EXTREME,"SPF 50+, Complete coverage required",247.0,225.0,187.0,9.417627015716626,3.196913797407067,8.144908615251312,DIM,Hand washing observed,2026-09-30T11:06:27.837878
FITZ_IV_ARM_3051,ARM,IV,Type IV - Medium/Olive,LOW,"SPF 15-20, Standard protection",190.0,174.0,153.0,11.23030310076995,7.268311596742335,10.495757966951498,SHADOW,Ring present during food prep,2026-09-30T11:06:27.868780
FITZ_III_FACE_7722,FACE,III,Type III - Light,MODERATE,"SPF 25-30, Partial coverage needed",213.0,189.0,182.0,5.304767347570365,8.082299394019907,5.211889045699428,SHADOW,Gloves properly worn,2026-09-30T11:06:27.859309
FITZ_IV_HAND_6461,HAND,IV,Type IV - Medium/Olive,LOW,"SPF 15-20, Standard protection",184.0,164.0,149.0,7.100145087831263,10.203020886847225,10.63075362209351,DIM,Ring present during food prep,2026-09-30T11:06:27.865397
FITZ_III_HAND_8176,HAND,III,Type III - Light,MODERATE,"SPF 25-30, Partial coverage needed",217.0,198.0,185.0,7.168411910138686,9.932841631812572,5.265768112963987,DIM,Ring present during food prep,2026-09-30T11:06:27.862388
FITZ_I_FACE_3800,FACE,I,Type I - Very Fair,EXTREME,"SPF 50+, Complete coverage required",248.0,217.0,186.0,8.444352094083932,8.965932076872047,7.632926980076967,SHADOW,Proper hygienic practice,2026-09-30T11:06:27.843024
FITZ_I_HAND_3079,HAND,I,Type I - Very Fair,EXTREME,"SPF 50+, Complete coverage required",240.0,220.0,205.0,4.474493678418668,11.577145815792278,7.707048264555675,DIM,Proper hygienic practice,2026-09-30T11:06:27.832797
FITZ_I_NECK_6416,NECK,I,Type I - Very Fair,EXTREME,"SPF 50+, Complete coverage required",246.0,214.0,195.0,5.718377292047199,10.894881800886928,10.501624838759714,DIM,Wristwatch detected,2026-09-30T11:06:27.842027
FITZ_I_FACE_8549,FACE,I,Type I - Very Fair,EXTREME,"SPF 50+, Complete coverage required",244.0,221.0,191.0,3.7864836884529405,3.678703889897519,9.507964030809886,DIM,Gloves properly worn,2026-09-30T11:06:27.837878
FITZ_II_HAND_1460,HAND,II,Type II - Fair,HIGH,"SPF 30+, Coverage recommended",231.0,210.0,176.0,10.19797252036471,5.147680589956048,4.639070856374475,NORMAL,Ring present during food prep,2026-09-30T11:06:27.851202
FITZ_I_FACE_4427,FACE,I,Type I - Very Fair,EXTREME,"SPF 50+, Complete coverage required",255.0,223.0,203.0,6.040816325760713,4.355507771138752,5.892986835546631,SHADOW,Proper hygienic practice,2026-09-30T11:06:27.836878
FITZ_III_FACE_1493,FACE,III,Type III - Light,MODERATE,"SPF 25-30, Partial coverage needed",219.0,194.0,171.0,3.7160862781418853,6.795085394716816,5.8224698599869225,SHADOW,Gloves properly worn,2026-09-30T11:06:27.854203
FITZ_I_HAND_4412,HAND,I,Type I - Very Fair,EXTREME,"SPF 50+, Complete coverage required",243.0,224.0,212.0,10.386848371020719,9.980936970469278,9.890999491967253,NORMAL,Proper hygienic practice,2026-09-30T11:06:27.843024
FITZ_IV_HAND_3851,HAND,IV,Type IV - Medium/Olive,LOW,"SPF 15-20, Standard protection",191.0,177.0,147.0,3.195875173976,4.704807477395301,7.844544452308847,NORMAL,Hand washing observed,2026-09-30T11:06:27.868780
FITZ_III_HAND_3205,HAND,III,Type III - Light,MODERATE,"SPF 25-30, Partial coverage needed",209.0,186.0,181.0,7.36491612929973,7.651303146883746,10.183916126427608,DIM,Proper hygienic practice,2026-09-30T11:06:27.856312
FITZ_II_NECK_1173,NECK,II,Type II - Fair,HIGH,"SPF 30+, Coverage recommended",232.0,197.0,174.0,7.335149883523936,9.999396581605332,11.28120837077289,SHADOW,Hand washing observed,2026-09-30T11:06:27.846122
FITZ_II_HAND_6469,HAND,II,Type II - Fair,HIGH,"SPF 30+, Coverage recommended",236.0,203.0,212.0,5.443016420943342,7.289661341879912,6.1502247827606755,NORMAL,Proper hygienic practice,2026-09-30T11:06:27.848124
FITZ_II_ARM_8380,ARM,II,Type II - Fair,HIGH,"SPF 30+, Coverage recommended",232.0,204.0,179.0,5.141035950348211,9.249201782336428,9.398416802131614,NORMAL,Wristwatch detected,2026-09-30T11:06:27.847125
FITZ_III_FACE_9521,FACE,III,Type III - Light,MODERATE,"SPF 25-30, Partial coverage needed",201.0,188.0,159.0,10.622162095158604,4.537276744612747,3.8713633971812973,BRIGHT,Gloves properly worn,2026-09-30T11:06:27.858310
FITZ_I_ARM_2226,ARM,I,Type I - Very Fair,EXTREME,"SPF 50+, Complete coverage required",252.0,221.0,223.0,11.748079782660135,11.043700451321248,7.212037324140157,BRIGHT,Hand washing observed,2026-09-30T11:06:27.836878
FITZ_I_HAND_3263,HAND,I,Type I - Very Fair,EXTREME,"SPF 50+, Complete coverage required",251.0,229.0,211.0,7.040712193226346,6.769652069120628,8.12408028878562,BRIGHT,Clean visible skin,2026-09-30T11:06:27.836878
FITZ_II_HAND_9238,HAND,II,Type II - Fair,HIGH,"SPF 30+, Coverage recommended",222.0,197.0,175.0,7.332883178536019,10.587285284678506,7.39016155233829,DIM,Ring present during food prep,2026-09-30T11:06:27.850202
FITZ_I_NECK_7400,NECK,I,Type I - Very Fair,EXTREME,"SPF 50+, Complete coverage required",244.0,211.0,217.0,5.972254753960057,8.668553763570726,8.427025073943806,SHADOW,Gloves properly worn,2026-09-30T11:06:27.834804
FITZ_I_NECK_2479,NECK,I,Type I - Very Fair,EXTREME,"SPF 50+, Complete coverage required",255.0,236.0,193.0,11.068549281026169,5.82514296780823,5.681812575493351,NORMAL,Proper hygienic practice,2026-09-30T11:06:27.834804
FITZ_II_NECK_3472,NECK,II,Type II - Fair,HIGH,"SPF 30+, Coverage recommended",239.0,220.0,188.0,4.190882461361027,9.26049188196176,11.839698991861242,SHADOW,Ring present during food prep,2026-09-30T11:06:27.847125
FITZ_IV_FACE_4403,FACE,IV,Type IV - Medium/Olive,LOW,"SPF 15-20, Standard protection",197.0,168.0,155.0,7.333255392735762,3.915764517632891,4.791777670190922,SHADOW,Hand washing observed,2026-09-30T11:06:27.866501
FITZ_IV_FACE_5735,FACE,IV,Type IV - Medium/Olive,LOW,"SPF 15-20, Standard protection",181.0,155.0,141.0,4.406824628802665,5.3602294705822136,11.187532666171423,BRIGHT,Clean visible skin,2026-09-30T11:06:27.867774
FITZ_I_HAND_8170,HAND,I,Type I - Very Fair,EXTREME,"SPF 50+, Complete coverage required",241.0,220.0,212.0,8.562283189441573,8.375217969644655,4.388274851890094,BRIGHT,Ring present during food prep,2026-09-30T11:06:27.831024
FITZ_II_NECK_3882,NECK,II,Type II - Fair,HIGH,"SPF 30+, Coverage recommended",240.0,226.0,207.0,5.5982079059254515,6.427026805674531,3.619627853612104,DIM,Clean visible skin,2026-09-30T11:06:27.845024
FITZ_I_FACE_3916,FACE,I,Type I - Very Fair,EXTREME,"SPF 50+, Complete coverage required",251.0,237.0,212.0,9.777523014985936,3.531016706103096,4.045517870554689,DIM,Wristwatch detected,2026-09-30T11:06:27.841026
FITZ_III_HAND_1130,HAND,III,Type III - Light,MODERATE,"SPF 25-30, Partial coverage needed",218.0,190.0,168.0,10.658457775195204,7.600942879336018,11.379424580944125,BRIGHT,Ring present during food prep,2026-09-30T11:06:27.860392
FITZ_II_NECK_9165,NECK,II,Type II - Fair,HIGH,"SPF 30+, Coverage recommended",237.0,204.0,207.0,4.441714785151225,5.172751103342611,3.731797223302668,DIM,Clean visible skin,2026-09-30T11:06:27.851202
FITZ_II_NECK_1054,NECK,II,Type II - Fair,HIGH,"SPF 30+, Coverage recommended",222.0,203.0,177.0,5.812152902513593,7.2082133924904,3.5132554033072916,NORMAL,Ring present during food prep,2026-09-30T11:06:27.849134
FITZ_I_ARM_7191,ARM,I,Type I - Very Fair,EXTREME,"SPF 50+, Complete coverage required",250.0,221.0,189.0,6.912209281368664,3.236262182871384,8.392904836235033,NORMAL,Gloves properly worn,2026-09-30T11:06:27.838880
FITZ_III_HAND_5959,HAND,III,Type III - Light,MODERATE,"SPF 25-30, Partial coverage needed",208.0,186.0,158.0,6.226684293483871,5.344217142374516,11.9194720529064,BRIGHT,Proper hygienic practice,2026-09-30T11:06:27.856312
FITZ_I_NECK_6582,NECK,I,Type I - Very Fair,EXTREME,"SPF 50+, Complete coverage required",240.0,214.0,195.0,4.885103899994423,5.9358055531571505,5.100945146317147,DIM,Proper hygienic practice,2026-09-30T11:06:27.837878
FITZ_III_HAND_7510,HAND,III,Type III - Light,MODERATE,"SPF 25-30, Partial coverage needed",201.0,187.0,173.0,3.8790202393068567,6.498115745703766,6.564130698531184,NORMAL,Hand washing observed,2026-09-30T11:06:27.863397
FITZ_I_ARM_9444,ARM,I,Type I - Very Fair,EXTREME,"SPF 50+, Complete coverage required",247.0,212.0,193.0,5.320399269036691,6.062917925894053,6.197168789240457,NORMAL,Gloves properly worn,2026-09-30T11:06:27.834804
FITZ_III_NECK_4436,NECK,III,Type III - Light,MODERATE,"SPF 25-30, Partial coverage needed",212.0,188.0,186.0,9.802036702730796,7.366021522731184,11.446830818398832,NORMAL,Ring present during food prep,2026-09-30T11:06:27.854203
FITZ_II_HAND_9865,HAND,II,Type II - Fair,HIGH,"SPF 30+, Coverage recommended",226.0,193.0,170.0,11.187967205709775,9.853858824628063,4.685217702338697,SHADOW,Wristwatch detected,2026-09-30T11:06:27.850202
FITZ_III_ARM_8796,ARM,III,Type III - Light,MODERATE,"SPF 25-30, Partial coverage needed",219.0,191.0,187.0,4.032096368191036,4.331519413939647,9.389685075563866,DIM,Hand washing observed,2026-09-30T11:06:27.858310
FITZ_IV_ARM_3389,ARM,IV,Type IV - Medium/Olive,LOW,"SPF 15-20, Standard protection",190.0,177.0,166.0,5.609630343966245,10.621765102533331,10.469593050900773,SHADOW,Proper hygienic practice,2026-09-30T11:06:27.873855
FITZ_I_ARM_1439,ARM,I,Type I - Very Fair,EXTREME,"SPF 50+, Complete coverage required",252.0,223.0,205.0,10.119689950782595,5.23007737467221,8.801585113691079,BRIGHT,Ring present during food prep,2026-09-30T11:06:27.832797
FITZ_I_NECK_8320,NECK,I,Type I - Very Fair,EXTREME,"SPF 50+, Complete coverage required",244.0,228.0,217.0,4.107990894521885,11.532123263001631,3.228814989295394,BRIGHT,Hand washing observed,2026-09-30T11:06:27.836878
FITZ_II_FACE_2681,FACE,II,Type II - Fair,HIGH,"SPF 30+, Coverage recommended",238.0,203.0,190.0,9.639520132742412,5.7361596773105745,4.604533184555587,NORMAL,Ring present during food prep,2026-09-30T11:06:27.849134
FITZ_III_NECK_5559,NECK,III,Type III - Light,MODERATE,"SPF 25-30, Partial coverage needed",214.0,183.0,189.0,4.430407371262601,6.7487282295425866,6.4944740358942745,DIM,Ring present during food prep,2026-09-30T11:06:27.858310
FITZ_IV_NECK_8980,NECK,IV,Type IV - Medium/Olive,LOW,"SPF 15-20, Standard protection",197.0,178.0,155.0,9.90762743982344,4.9313439357875835,9.916947593728727,NORMAL,Hand washing observed,2026-09-30T11:06:27.867774
FITZ_III_HAND_7949,HAND,III,Type III - Light,MODERATE,"SPF 25-30, Partial coverage needed",220.0,201.0,170.0,9.466497654581742,7.300680961337953,5.709211200140061,DIM,Wristwatch detected,2026-09-30T11:06:27.857311
FITZ_IV_HAND_3886,HAND,IV,Type IV - Medium/Olive,LOW,"SPF 15-20, Standard protection",194.0,174.0,149.0,5.831097671548262,7.154084730262616,7.674970610734526,DIM,Clean visible skin,2026-09-30T11:06:27.873855
FITZ_II_NECK_8354,NECK,II,Type II - Fair,HIGH,"SPF 30+, Coverage recommended",237.0,223.0,198.0,6.645621466683317,10.347261558038024,9.33794363237313,BRIGHT,Ring present during food prep,2026-09-30T11:06:27.843024
FITZ_III_HAND_1493,HAND,III,Type III - Light,MODERATE,"SPF 25-30, Partial coverage needed",207.0,192.0,185.0,3.9573941295793786,5.9237199322267,10.617582052629363,DIM,Proper hygienic practice,2026-09-30T11:06:27.862388
FITZ_I_FACE_7776,FACE,I,Type I - Very Fair,EXTREME,"SPF 50+, Complete coverage required",254.0,234.0,226.0,8.957256549400228,4.1916247504507504,3.4690727511772534,DIM,Clean visible skin,2026-09-30T11:06:27.842027
FITZ_III_HAND_9362,HAND,III,Type III - Light,MODERATE,"SPF 25-30, Partial coverage needed",212.0,194.0,174.0,6.570845309045572,6.970524283049118,5.3001650175298565,NORMAL,Proper hygienic practice,2026-09-30T11:06:27.862388
FITZ_I_NECK_2333,NECK,I,Type I - Very Fair,EXTREME,"SPF 50+, Complete coverage required",251.0,235.0,224.0,9.62231728382205,9.101364776482846,5.102027866697811,SHADOW,Ring present during food prep,2026-09-30T11:06:27.835804
FITZ_III_FACE_9696,FACE,III,Type III - Light,MODERATE,"SPF 25-30, Partial coverage needed",214.0,201.0,164.0,3.8993127733606525,7.0069992614027745,9.321310942188067,NORMAL,Wristwatch detected,2026-09-30T11:06:27.854203
FITZ_I_NECK_3616,NECK,I,Type I - Very Fair,EXTREME,"SPF 50+, Complete coverage required",250.0,218.0,192.0,7.046364107960983,4.267898715073652,3.4554476262026124,SHADOW,Gloves properly worn,2026-09-30T11:06:27.831024
FITZ_I_FACE_3585,FACE,I,Type I - Very Fair,EXTREME,"SPF 50+, Complete coverage required",245.0,223.0,212.0,4.224830009249464,6.605956649785323,8.654666459187327,DIM,Hand washing observed,2026-09-30T11:06:27.834804
FITZ_IV_ARM_7311,ARM,IV,Type IV - Medium/Olive,LOW,"SPF 15-20, Standard protection",180.0,155.0,142.0,4.13358499374285,4.085716976508375,7.352647464422326,BRIGHT,Wristwatch detected,2026-09-30T11:06:27.870852
FITZ_II_ARM_8281,ARM,II,Type II - Fair,HIGH,"SPF 30+, Coverage recommended",232.0,218.0,203.0,5.690212768438889,8.160470236589749,3.9637697740920417,BRIGHT,Clean visible skin,2026-09-30T11:06:27.846122
FITZ_II_ARM_2685,ARM,II,Type II - Fair,HIGH,"SPF 30+, Coverage recommended",232.0,200.0,188.0,11.557115878661165,7.261072932679335,4.360302932635085,SHADOW,Clean visible skin,2026-09-30T11:06:27.843024
FITZ_II_HAND_9743,HAND,II,Type II - Fair,HIGH,"SPF 30+, Coverage recommended",222.0,197.0,175.0,5.89158377812854,8.309697385360694,3.1440309920688083,NORMAL,Clean visible skin,2026-09-30T11:06:27.843024
FITZ_I_HAND_1229,HAND,I,Type I - Very Fair,EXTREME,"SPF 50+, Complete coverage required",252.0,226.0,193.0,4.2759592096908765,7.168845740469158,10.118431415385938,BRIGHT,Hand washing observed,2026-09-30T11:06:27.839885
FITZ_IV_HAND_9129,HAND,IV,Type IV - Medium/Olive,LOW,"SPF 15-20, Standard protection",184.0,168.0,160.0,6.028281212655164,6.308189631562332,8.43691822712156,DIM,Ring present during food prep,2026-09-30T11:06:27.870852
FITZ_III_ARM_8170,ARM,III,Type III - Light,MODERATE,"SPF 25-30, Partial coverage needed",209.0,193.0,182.0,9.176460917432852,6.0298724404496316,11.25013559961911,NORMAL,Ring present during food prep,2026-09-30T11:06:27.863397
FITZ_II_NECK_6109,NECK,II,Type II - Fair,HIGH,"SPF 30+, Coverage recommended",232.0,198.0,193.0,10.327338808026507,6.034216437525944,11.98506300083231,BRIGHT,Ring present during food prep,2026-09-30T11:06:27.844027
FITZ_I_ARM_7251,ARM,I,Type I - Very Fair,EXTREME,"SPF 50+, Complete coverage required",250.0,232.0,193.0,10.43134719946397,9.206355909449092,8.186092155990282,NORMAL,Hand washing observed,2026-09-30T11:06:27.833804
FITZ_II_FACE_6329,FACE,II,Type II - Fair,HIGH,"SPF 30+, Coverage recommended",240.0,219.0,183.0,10.887354957760422,10.243720403842516,7.589988939337909,BRIGHT,Wristwatch detected,2026-09-30T11:06:27.849134
FITZ_II_HAND_5265,HAND,II,Type II - Fair,HIGH,"SPF 30+, Coverage recommended",237.0,214.0,195.0,6.232352319326628,8.753837757575184,8.048459272398752,DIM,Hand washing observed,2026-09-30T11:06:27.853203
FITZ_II_ARM_6338,ARM,II,Type II - Fair,HIGH,"SPF 30+, Coverage recommended",232.0,199.0,188.0,6.202225596143105,7.5917328909004915,6.766679479669885,BRIGHT,Clean visible skin,2026-09-30T11:06:27.849134
FITZ_IV_FACE_3026,FACE,IV,Type IV - Medium/Olive,LOW,"SPF 15-20, Standard protection",182.0,164.0,149.0,7.354959553399324,10.90808583560633,6.663734964498781,DIM,Wristwatch detected,2026-09-30T11:06:27.866501
FITZ_II_NECK_2977,NECK,II,Type II - Fair,HIGH,"SPF 30+, Coverage recommended",240.0,207.0,183.0,9.85419054832385,10.523249508314557,10.47119064136539,SHADOW,Wristwatch detected,2026-09-30T11:06:27.843024
FITZ_III_FACE_5260,FACE,III,Type III - Light,MODERATE,"SPF 25-30, Partial coverage needed",216.0,188.0,169.0,9.718889840851453,9.661127963905006,11.058420110919158,BRIGHT,Hand washing observed,2026-09-30T11:06:27.860392
FITZ_II_HAND_9981,HAND,II,Type II - Fair,HIGH,"SPF 30+, Coverage recommended",239.0,211.0,189.0,7.6429967283362465,5.996174488452817,5.024167076317349,SHADOW,Ring present during food prep,2026-09-30T11:06:27.845024
FITZ_IV_ARM_4393,ARM,IV,Type IV - Medium/Olive,LOW,"SPF 15-20, Standard protection",186.0,163.0,166.0,6.506535182782473,4.470466297487893,11.375632464149358,BRIGHT,Ring present during food prep,2026-09-30T11:06:27.873855
FITZ_II_ARM_3755,ARM,II,Type II - Fair,HIGH,"SPF 30+, Coverage recommended",227.0,202.0,180.0,3.129744223112619,11.024040802557044,3.8989023628780357,DIM,Proper hygienic practice,2026-09-30T11:06:27.845024
FITZ_III_ARM_4785,ARM,III,Type III - Light,MODERATE,"SPF 25-30, Partial coverage needed",201.0,172.0,172.0,10.427698279499866,9.96479696467985,8.421433629836145,BRIGHT,Proper hygienic practice,2026-09-30T11:06:27.856312
FITZ_I_NECK_5563,NECK,I,Type I - Very Fair,EXTREME,"SPF 50+, Complete coverage required",252.0,232.0,219.0,3.983421290203236,4.724310649274886,7.826571785193099,BRIGHT,Gloves properly worn,2026-09-30T11:06:27.831024
FITZ_III_FACE_8134,FACE,III,Type III - Light,MODERATE,"SPF 25-30, Partial coverage needed",219.0,186.0,168.0,11.50935920210978,7.0492680816503475,5.5117491041975,NORMAL,Clean visible skin,2026-09-30T11:06:27.855202
FITZ_III_HAND_2820,HAND,III,Type III - Light,MODERATE,"SPF 25-30, Partial coverage needed",207.0,195.0,186.0,10.705326483299435,7.518353720123407,7.938906804556636,DIM,Clean visible skin,2026-09-30T11:06:27.861390
FITZ_IV_FACE_9899,FACE,IV,Type IV - Medium/Olive,LOW,"SPF 15-20, Standard protection",195.0,182.0,164.0,6.7794675557232775,4.209750247903189,5.064194654717035,DIM,Clean visible skin,2026-09-30T11:06:27.864398
FITZ_IV_ARM_4468,ARM,IV,Type IV - Medium/Olive,LOW,"SPF 15-20, Standard protection",196.0,178.0,161.0,4.593228653719503,5.469852438331122,10.437070805072834,BRIGHT,Ring present during food prep,2026-09-30T11:06:27.872851
FITZ_II_NECK_8769,NECK,II,Type II - Fair,HIGH,"SPF 30+, Coverage recommended",224.0,204.0,169.0,11.917023649514773,11.403393185549174,5.794379157317586,NORMAL,Ring present during food prep,2026-09-30T11:06:27.851202
FITZ_II_FACE_4372,FACE,II,Type II - Fair,HIGH,"SPF 30+, Coverage recommended",224.0,195.0,186.0,3.7461690772757255,4.5661548169709585,6.064105772050198,DIM,Wristwatch detected,2026-09-30T11:06:27.851202
FITZ_II_HAND_2783,HAND,II,Type II - Fair,HIGH,"SPF 30+, Coverage recommended",238.0,225.0,201.0,6.497403737768767,9.32278145602971,6.100254071920167,SHADOW,Gloves properly worn,2026-09-30T11:06:27.844027
FITZ_I_FACE_3318,FACE,I,Type I - Very Fair,EXTREME,"SPF 50+, Complete coverage required",251.0,230.0,202.0,10.500950787328742,3.408342874576479,6.916058942791228,BRIGHT,Wristwatch detected,2026-09-30T11:06:27.841026
FITZ_III_FACE_7541,FACE,III,Type III - Light,MODERATE,"SPF 25-30, Partial coverage needed",209.0,185.0,175.0,5.48950485981429,8.075679137380927,11.797045532840022,NORMAL,Clean visible skin,2026-09-30T11:06:27.858310
FITZ_II_NECK_4614,NECK,II,Type II - Fair,HIGH,"SPF 30+, Coverage recommended",227.0,208.0,194.0,5.173735405864746,11.357543290875611,9.808418034230353,SHADOW,Ring present during food prep,2026-09-30T11:06:27.849134
FITZ_IV_NECK_2394,NECK,IV,Type IV - Medium/Olive,LOW,"SPF 15-20, Standard protection",186.0,175.0,160.0,4.46736849340034,3.8982287174254076,7.955699372651702,SHADOW,Hand washing observed,2026-09-30T11:06:27.869789
FITZ_IV_ARM_9169,ARM,IV,Type IV - Medium/Olive,LOW,"SPF 15-20, Standard protection",188.0,173.0,150.0,9.313738601552474,6.581816692714176,9.674308707301503,NORMAL,Gloves properly worn,2026-09-30T11:06:27.869789
FITZ_II_FACE_7202,FACE,II,Type II - Fair,HIGH,"SPF 30+, Coverage recommended",230.0,201.0,177.0,9.155598173861573,4.1079376999464605,6.201621579169954,BRIGHT,Gloves properly worn,2026-09-30T11:06:27.844027
FITZ_III_NECK_9116,NECK,III,Type III - Light,MODERATE,"SPF 25-30, Partial coverage needed",217.0,194.0,172.0,5.032603844334309,8.99841024911051,4.070489545235068,SHADOW,Hand washing observed,2026-09-30T11:06:27.854203
FITZ_I_HAND_2750,HAND,I,Type I - Very Fair,EXTREME,"SPF 50+, Complete coverage required",250.0,220.0,209.0,6.509556019697892,9.735368063268293,5.123442712571478,SHADOW,Gloves properly worn,2026-09-30T11:06:27.834804
FITZ_I_HAND_6727,HAND,I,Type I - Very Fair,EXTREME,"SPF 50+, Complete coverage required",249.0,213.0,192.0,7.043872983364432,7.620174641356899,10.479420467743672,NORMAL,Clean visible skin,2026-09-30T11:06:27.831024
FITZ_III_HAND_2100,HAND,III,Type III - Light,MODERATE,"SPF 25-30, Partial coverage needed",208.0,197.0,179.0,10.769575818265007,4.102067314008517,11.447243824409874,BRIGHT,Hand washing observed,2026-09-30T11:06:27.862388
FITZ_II_FACE_5647,FACE,II,Type II - Fair,HIGH,"SPF 30+, Coverage recommended",235.0,204.0,203.0,8.573980258932957,5.380106858932481,6.0210690152028015,BRIGHT,Ring present during food prep,2026-09-30T11:06:27.848124
FITZ_III_HAND_2146,HAND,III,Type III - Light,MODERATE,"SPF 25-30, Partial coverage needed",212.0,192.0,184.0,5.444469235877349,9.87144299792358,11.245811500476862,NORMAL,Gloves properly worn,2026-09-30T11:06:27.857311
FITZ_III_HAND_5060,HAND,III,Type III - Light,MODERATE,"SPF 25-30, Partial coverage needed",200.0,173.0,160.0,7.946768603574582,8.55378950852909,5.360761577638672,NORMAL,Gloves properly worn,2026-09-30T11:06:27.861390
FITZ_II_NECK_7137,NECK,II,Type II - Fair,HIGH,"SPF 30+, Coverage recommended",233.0,216.0,191.0,8.623161598352846,10.760719217253726,10.948367431509237,SHADOW,Wristwatch detected,2026-09-30T11:06:27.846122
FITZ_IV_NECK_3286,NECK,IV,Type IV - Medium/Olive,LOW,"SPF 15-20, Standard protection",187.0,177.0,162.0,4.498464566089202,3.31843335094391,7.319592858987903,BRIGHT,Wristwatch detected,2026-09-30T11:06:27.871855
FITZ_II_HAND_2483,HAND,II,Type II - Fair,HIGH,"SPF 30+, Coverage recommended",221.0,194.0,190.0,11.663798752760695,5.533642979274482,5.567819635060129,DIM,Wristwatch detected,2026-09-30T11:06:27.844027
FITZ_III_NECK_8284,NECK,III,Type III - Light,MODERATE,"SPF 25-30, Partial coverage needed",210.0,183.0,169.0,5.643101107832786,8.088021647377026,3.9029740947659177,NORMAL,Clean visible skin,2026-09-30T11:06:27.857311
FITZ_II_ARM_2435,ARM,II,Type II - Fair,HIGH,"SPF 30+, Coverage recommended",240.0,223.0,204.0,11.516729862004523,6.53943237476003,3.6408577912171634,BRIGHT,Proper hygienic practice,2026-09-30T11:06:27.847125
FITZ_II_HAND_2428,HAND,II,Type II - Fair,HIGH,"SPF 30+, Coverage recommended",238.0,220.0,209.0,8.815071725207652,3.815757048575094,11.511875990970012,BRIGHT,Proper hygienic practice,2026-09-30T11:06:27.843024
FITZ_I_FACE_2871,FACE,I,Type I - Very Fair,EXTREME,"SPF 50+, Complete coverage required",247.0,217.0,195.0,7.838477563843375,4.513880796929163,7.115892485461042,SHADOW,Wristwatch detected,2026-09-30T11:06:27.832797
FITZ_III_ARM_6446,ARM,III,Type III - Light,MODERATE,"SPF 25-30, Partial coverage needed",206.0,179.0,175.0,10.909427749752421,6.483596397945879,8.578210538447184,SHADOW,Clean visible skin,2026-09-30T11:06:27.854203
FITZ_I_NECK_1698,NECK,I,Type I - Very Fair,EXTREME,"SPF 50+, Complete coverage required",253.0,229.0,193.0,6.587745059173777,9.870998199946333,3.8098261907760635,BRIGHT,Wristwatch detected,2026-09-30T11:06:27.841026
FITZ_IV_FACE_4675,FACE,IV,Type IV - Medium/Olive,LOW,"SPF 15-20, Standard protection",194.0,184.0,151.0,7.485470444938236,8.697961076824297,9.8510850300026,NORMAL,Proper hygienic practice,2026-09-30T11:06:27.863397
FITZ_III_ARM_2175,ARM,III,Type III - Light,MODERATE,"SPF 25-30, Partial coverage needed",201.0,182.0,164.0,11.860492823188387,4.288809701149228,10.120605414292816,SHADOW,Wristwatch detected,2026-09-30T11:06:27.861390
FITZ_I_HAND_6409,HAND,I,Type I - Very Fair,EXTREME,"SPF 50+, Complete coverage required",254.0,235.0,207.0,7.625744777362073,8.996880151434025,7.931907717570512,NORMAL,Clean visible skin,2026-09-30T11:06:27.837878
FITZ_II_ARM_2504,ARM,II,Type II - Fair,HIGH,"SPF 30+, Coverage recommended",229.0,203.0,187.0,3.7948088255047683,11.390376199400821,5.31519473683983,BRIGHT,Gloves properly worn,2026-09-30T11:06:27.848124
FITZ_IV_FACE_5741,FACE,IV,Type IV - Medium/Olive,LOW,"SPF 15-20, Standard protection",192.0,166.0,166.0,5.1347732736469,3.331603925081374,6.537249560069062,SHADOW,Wristwatch detected,2026-09-30T11:06:27.866501
FITZ_I_FACE_3635,FACE,I,Type I - Very Fair,EXTREME,"SPF 50+, Complete coverage required",242.0,217.0,203.0,4.380818221184917,9.843162668170493,8.293147619699637,DIM,Ring present during food prep,2026-09-30T11:06:27.842027
FITZ_I_HAND_5656,HAND,I,Type I - Very Fair,EXTREME,"SPF 50+, Complete coverage required",254.0,230.0,193.0,8.727091752234136,10.950088657694053,6.104617011989621,NORMAL,Proper hygienic practice,2026-09-30T11:06:27.836878
FITZ_II_NECK_3064,NECK,II,Type II - Fair,HIGH,"SPF 30+, Coverage recommended",224.0,210.0,173.0,5.713333804984048,3.042906812586868,3.2871876244631406,NORMAL,Ring present during food prep,2026-09-30T11:06:27.844027
FITZ_IV_FACE_4612,FACE,IV,Type IV - Medium/Olive,LOW,"SPF 15-20, Standard protection",190.0,169.0,165.0,6.511779146493604,9.343035823156264,10.940351090569887,BRIGHT,Clean visible skin,2026-09-30T11:06:27.867774
FITZ_II_FACE_6101,FACE,II,Type II - Fair,HIGH,"SPF 30+, Coverage recommended",236.0,207.0,206.0,5.370667691546769,5.800616698777677,11.836700309678223,BRIGHT,Hand washing observed,2026-09-30T11:06:27.844027
FITZ_II_ARM_9279,ARM,II,Type II - Fair,HIGH,"SPF 30+, Coverage recommended",232.0,204.0,183.0,10.68884722592881,5.628989280457411,7.876296933238894,NORMAL,Gloves properly worn,2026-09-30T11:06:27.850202
FITZ_IV_NECK_2382,NECK,IV,Type IV - Medium/Olive,LOW,"SPF 15-20, Standard protection",183.0,163.0,152.0,4.141210463915416,4.86009801405995,9.968053786775437,NORMAL,Hand washing observed,2026-09-30T11:06:27.870852
FITZ_IV_ARM_4211,ARM,IV,Type IV - Medium/Olive,LOW,"SPF 15-20, Standard protection",183.0,160.0,140.0,3.983156001080049,4.625007454236644,3.366054809108829,DIM,Hand washing observed,2026-09-30T11:06:27.864398
FITZ_I_NECK_7071,NECK,I,Type I - Very Fair,EXTREME,"SPF 50+, Complete coverage required",249.0,232.0,209.0,4.089495585605836,11.854599163632042,10.043718117249178,DIM,Ring present during food prep,2026-09-30T11:06:27.831024
FITZ_III_FACE_6163,FACE,III,Type III - Light,MODERATE,"SPF 25-30, Partial coverage needed",208.0,187.0,158.0,3.4467588407382674,4.411351594396438,10.787881098739232,BRIGHT,Gloves properly worn,2026-09-30T11:06:27.858310
FITZ_I_HAND_6795,HAND,I,Type I - Very Fair,EXTREME,"SPF 50+, Complete coverage required",243.0,224.0,192.0,11.974244500590249,6.114955045595153,11.913505777963822,BRIGHT,Gloves properly worn,2026-09-30T11:06:27.842027
FITZ_I_HAND_2228,HAND,I,Type I - Very Fair,EXTREME,"SPF 50+, Complete coverage required",241.0,211.0,192.0,11.564959182907085,3.667803615899934,4.530946828360716,SHADOW,Ring present during food prep,2026-09-30T11:06:27.832797
FITZ_III_FACE_3170,FACE,III,Type III - Light,MODERATE,"SPF 25-30, Partial coverage needed",209.0,197.0,159.0,5.362283450321219,4.062480029939788,6.311822810554646,BRIGHT,Proper hygienic practice,2026-09-30T11:06:27.859309
FITZ_I_HAND_7163,HAND,I,Type I - Very Fair,EXTREME,"SPF 50+, Complete coverage required",250.0,217.0,208.0,10.538715354339493,8.63472716749255,11.54264290415104,NORMAL,Gloves properly worn,2026-09-30T11:06:27.836878
FITZ_IV_FACE_8933,FACE,IV,Type IV - Medium/Olive,LOW,"SPF 15-20, Standard protection",183.0,171.0,162.0,6.223474506035439,4.96420974573665,7.26080013730975,DIM,Hand washing observed,2026-09-30T11:06:27.863397
FITZ_II_HAND_9771,HAND,II,Type II - Fair,HIGH,"SPF 30+, Coverage recommended",224.0,196.0,179.0,8.928350304345205,7.519843642883824,6.420889336019044,BRIGHT,Clean visible skin,2026-09-30T11:06:27.844027
FITZ_IV_FACE_9251,FACE,IV,Type IV - Medium/Olive,LOW,"SPF 15-20, Standard protection",189.0,171.0,147.0,4.399832710476969,4.487288539660119,8.708661137324308,DIM,Gloves properly worn,2026-09-30T11:06:27.865397
FITZ_I_FACE_6250,FACE,I,Type I - Very Fair,EXTREME,"SPF 50+, Complete coverage required",252.0,223.0,189.0,8.812387469460733,7.670414904994101,11.606330800626514,DIM,Wristwatch detected,2026-09-30T11:06:27.839885
FITZ_I_FACE_6354,FACE,I,Type I - Very Fair,EXTREME,"SPF 50+, Complete coverage required",240.0,227.0,207.0,7.009887532605222,3.5508354546237553,4.560033791037587,SHADOW,Clean visible skin,2026-09-30T11:06:27.842027
FITZ_III_NECK_3078,NECK,III,Type III - Light,MODERATE,"SPF 25-30, Partial coverage needed",204.0,189.0,176.0,7.314311555744474,10.55727403757508,11.007373017918066,SHADOW,Proper hygienic practice,2026-09-30T11:06:27.861390
FITZ_I_ARM_8423,ARM,I,Type I - Very Fair,EXTREME,"SPF 50+, Complete coverage required",254.0,236.0,215.0,7.086499636286575,11.596813778757049,8.347838334158485,NORMAL,Hand washing observed,2026-09-30T11:06:27.834804
FITZ_IV_ARM_1917,ARM,IV,Type IV - Medium/Olive,LOW,"SPF 15-20, Standard protection",182.0,165.0,159.0,7.44839328722392,6.222265564456504,3.0216720622712248,NORMAL,Ring present during food prep,2026-09-30T11:06:27.867774
FITZ_IV_ARM_5089,ARM,IV,Type IV - Medium/Olive,LOW,"SPF 15-20, Standard protection",200.0,173.0,174.0,5.719330109811571,6.548948658130893,6.992354680995662,SHADOW,Wristwatch detected,2026-09-30T11:06:27.871855
FITZ_IV_NECK_2916,NECK,IV,Type IV - Medium/Olive,LOW,"SPF 15-20, Standard protection",192.0,166.0,156.0,5.332641446271605,10.536605754992712,8.623642027617684,NORMAL,Ring present during food prep,2026-09-30T11:06:27.873855
FITZ_III_FACE_6989,FACE,III,Type III - Light,MODERATE,"SPF 25-30, Partial coverage needed",207.0,176.0,167.0,3.691731241723785,4.043317213212792,5.031179595852414,NORMAL,Proper hygienic practice,2026-09-30T11:06:27.854203
FITZ_I_HAND_5789,HAND,I,Type I - Very Fair,EXTREME,"SPF 50+, Complete coverage required",250.0,228.0,222.0,3.186218067222382,4.1688972963373185,9.74469222559891,DIM,Ring present during food prep,2026-09-30T11:06:27.838880
FITZ_III_HAND_6351,HAND,III,Type III - Light,MODERATE,"SPF 25-30, Partial coverage needed",205.0,187.0,173.0,3.52043670848727,9.91790372605099,5.729154459513471,SHADOW,Clean visible skin,2026-09-30T11:06:27.856312
FITZ_II_FACE_4380,FACE,II,Type II - Fair,HIGH,"SPF 30+, Coverage recommended",223.0,198.0,197.0,6.836452443226776,6.469562743047886,8.02336613268561,DIM,Gloves properly worn,2026-09-30T11:06:27.847125
FITZ_I_HAND_2368,HAND,I,Type I - Very Fair,EXTREME,"SPF 50+, Complete coverage required",242.0,211.0,206.0,9.758331049508492,8.144062188391366,8.359265473038784,SHADOW,Hand washing observed,2026-09-30T11:06:27.841026
FITZ_II_HAND_1664,HAND,II,Type II - Fair,HIGH,"SPF 30+, Coverage recommended",234.0,205.0,204.0,6.192841666866574,8.456071580757948,6.6294901711717324,DIM,Wristwatch detected,2026-09-30T11:06:27.848124
FITZ_II_NECK_2540,NECK,II,Type II - Fair,HIGH,"SPF 30+, Coverage recommended",224.0,207.0,196.0,3.20670239065493,11.965579087508761,11.93895823837029,SHADOW,Proper hygienic practice,2026-09-30T11:06:27.851202
FITZ_III_HAND_7776,HAND,III,Type III - Light,MODERATE,"SPF 25-30, Partial coverage needed",214.0,193.0,162.0,6.944853856077279,8.634619854478986,6.43202297847156,DIM,Wristwatch detected,2026-09-30T11:06:27.855202
FITZ_III_HAND_4789,HAND,III,Type III - Light,MODERATE,"SPF 25-30, Partial coverage needed",220.0,191.0,189.0,10.040075927042494,7.625235533775013,11.920696870048197,DIM,Clean visible skin,2026-09-30T11:06:27.863397
FITZ_I_HAND_4470,HAND,I,Type I - Very Fair,EXTREME,"SPF 50+, Complete coverage required",242.0,223.0,198.0,8.977294387486584,6.224004564068885,3.569976174541572,SHADOW,Clean visible skin,2026-09-30T11:06:27.832797
FITZ_III_NECK_8086,NECK,III,Type III - Light,MODERATE,"SPF 25-30, Partial coverage needed",204.0,185.0,174.0,6.479796395437532,4.887291883381166,3.5119300635763415,NORMAL,Hand washing observed,2026-09-30T11:06:27.853203
FITZ_I_ARM_7304,ARM,I,Type I - Very Fair,EXTREME,"SPF 50+, Complete coverage required",247.0,210.0,217.0,5.485654936957208,5.1563759096822475,9.992276746456625,NORMAL,Gloves properly worn,2026-09-30T11:06:27.842027
FITZ_I_NECK_2821,NECK,I,Type I - Very Fair,EXTREME,"SPF 50+, Complete coverage required",240.0,208.0,196.0,5.205422737844585,8.42924088234364,11.907419951088375,BRIGHT,Wristwatch detected,2026-09-30T11:06:27.836878
FITZ_IV_HAND_8956,HAND,IV,Type IV - Medium/Olive,LOW,"SPF 15-20, Standard protection",188.0,173.0,151.0,8.461173034316069,11.225020833446004,9.254110843073196,SHADOW,Hand washing observed,2026-09-30T11:06:27.864398
FITZ_II_ARM_4799,ARM,II,Type II - Fair,HIGH,"SPF 30+, Coverage recommended",232.0,212.0,191.0,8.55543851822334,10.287373508248589,4.882262066135997,NORMAL,Hand washing observed,2026-09-30T11:06:27.851202
FITZ_IV_HAND_7750,HAND,IV,Type IV - Medium/Olive,LOW,"SPF 15-20, Standard protection",180.0,159.0,154.0,11.172872364160545,3.8904942039425094,10.92107080160593,DIM,Gloves properly worn,2026-09-30T11:06:27.873855
FITZ_I_HAND_3822,HAND,I,Type I - Very Fair,EXTREME,"SPF 50+, Complete coverage required",241.0,222.0,198.0,3.171567061848765,11.164609903560368,8.565348747463638,BRIGHT,Hand washing observed,2026-09-30T11:06:27.833804
FITZ_IV_ARM_7234,ARM,IV,Type IV - Medium/Olive,LOW,"SPF 15-20, Standard protection",194.0,183.0,162.0,8.236657715344375,4.548069589010673,3.448562657179081,BRIGHT,Wristwatch detected,2026-09-30T11:06:27.871855
FITZ_IV_ARM_1117,ARM,IV,Type IV - Medium/Olive,LOW,"SPF 15-20, Standard protection",186.0,163.0,164.0,6.258541712098152,10.967678739445624,5.928397962125622,BRIGHT,Wristwatch detected,2026-09-30T11:06:27.870852
FITZ_II_FACE_2675,FACE,II,Type II - Fair,HIGH,"SPF 30+, Coverage recommended",231.0,210.0,191.0,4.7665112004088,11.58362277939002,7.174803273412039,DIM,Wristwatch detected,2026-09-30T11:06:27.852202
FITZ_I_NECK_9791,NECK,I,Type I - Very Fair,EXTREME,"SPF 50+, Complete coverage required",241.0,227.0,195.0,5.578390200861813,9.413661684911254,9.903990005991517,SHADOW,Hand washing observed,2026-09-30T11:06:27.832797
FITZ_II_ARM_9244,ARM,II,Type II - Fair,HIGH,"SPF 30+, Coverage recommended",220.0,189.0,174.0,3.3866262910464497,3.4647701350861664,11.119541790744654,DIM,Clean visible skin,2026-09-30T11:06:27.849134
FITZ_IV_NECK_2690,NECK,IV,Type IV - Medium/Olive,LOW,"SPF 15-20, Standard protection",193.0,175.0,158.0,11.580119974754693,6.104062192739086,5.8946376264639255,DIM,Wristwatch detected,2026-09-30T11:06:27.870852
FITZ_II_ARM_9427,ARM,II,Type II - Fair,HIGH,"SPF 30+, Coverage recommended",225.0,193.0,188.0,11.363000220139185,3.225755333554942,9.370551009404632,SHADOW,Proper hygienic practice,2026-09-30T11:06:27.846122
FITZ_II_HAND_2253,HAND,II,Type II - Fair,HIGH,"SPF 30+, Coverage recommended",229.0,201.0,201.0,6.169295249621035,4.692477164821303,3.563643211112966,NORMAL,Ring present during food prep,2026-09-30T11:06:27.847125
FITZ_III_HAND_6043,HAND,III,Type III - Light,MODERATE,"SPF 25-30, Partial coverage needed",213.0,187.0,189.0,6.631989641281268,11.212813372919612,9.83369497144605,DIM,Clean visible skin,2026-09-30T11:06:27.856312
FITZ_I_NECK_3930,NECK,I,Type I - Very Fair,EXTREME,"SPF 50+, Complete coverage required",243.0,210.0,203.0,11.048952164240385,7.917663940919638,6.537600433245553,DIM,Hand washing observed,2026-09-30T11:06:27.833804
FITZ_II_ARM_4685,ARM,II,Type II - Fair,HIGH,"SPF 30+, Coverage recommended",221.0,198.0,187.0,9.52078029171731,3.493326799881909,10.443092015140408,NORMAL,Gloves properly worn,2026-09-30T11:06:27.847125
FITZ_III_ARM_2608,ARM,III,Type III - Light,MODERATE,"SPF 25-30, Partial coverage needed",218.0,185.0,194.0,11.260517662920494,8.817926879131802,6.42540662713963,BRIGHT,Wristwatch detected,2026-09-30T11:06:27.862388
FITZ_III_HAND_4324,HAND,III,Type III - Light,MODERATE,"SPF 25-30, Partial coverage needed",210.0,191.0,176.0,11.34244301283584,5.012896081746077,4.789492249322738,NORMAL,Hand washing observed,2026-09-30T11:06:27.862388
FITZ_III_ARM_1922,ARM,III,Type III - Light,MODERATE,"SPF 25-30, Partial coverage needed",213.0,188.0,159.0,10.506824792679472,7.0509376968026825,7.3959878931603,NORMAL,Wristwatch detected,2026-09-30T11:06:27.858310
FITZ_II_NECK_4240,NECK,II,Type II - Fair,HIGH,"SPF 30+, Coverage recommended",234.0,207.0,178.0,10.351916233239068,3.511825495914858,5.211574490674176,BRIGHT,Proper hygienic practice,2026-09-30T11:06:27.849134
FITZ_II_NECK_2679,NECK,II,Type II - Fair,HIGH,"SPF 30+, Coverage recommended",226.0,210.0,192.0,7.84918161064812,5.070649464208243,5.143169845016214,BRIGHT,Proper hygienic practice,2026-09-30T11:06:27.845024
FITZ_III_ARM_7618,ARM,III,Type III - Light,MODERATE,"SPF 25-30, Partial coverage needed",204.0,181.0,178.0,7.638915217861971,4.655319784329123,4.419215729357475,SHADOW,Ring present during food prep,2026-09-30T11:06:27.858310
FITZ_I_FACE_8734,FACE,I,Type I - Very Fair,EXTREME,"SPF 50+, Complete coverage required",252.0,220.0,189.0,4.961111778056631,3.657265733239116,6.813276463007627,NORMAL,Hand washing observed,2026-09-30T11:06:27.831024
FITZ_IV_HAND_2131,HAND,IV,Type IV - Medium/Olive,LOW,"SPF 15-20, Standard protection",197.0,181.0,167.0,10.380700576255784,6.747134636440309,3.2819456727758407,BRIGHT,Clean visible skin,2026-09-30T11:06:27.867774
FITZ_IV_NECK_8226,NECK,IV,Type IV - Medium/Olive,LOW,"SPF 15-20, Standard protection",200.0,171.0,170.0,10.002514246822894,7.746343676032491,11.359684470333782,NORMAL,Wristwatch detected,2026-09-30T11:06:27.868780
FITZ_III_HAND_3037,HAND,III,Type III - Light,MODERATE,"SPF 25-30, Partial coverage needed",206.0,181.0,160.0,10.735389121366175,7.333917799902879,4.07387775363874,SHADOW,Clean visible skin,2026-09-30T11:06:27.854203
FITZ_II_ARM_6691,ARM,II,Type II - Fair,HIGH,"SPF 30+, Coverage recommended",232.0,219.0,206.0,7.990365631639397,6.091728688682705,7.0479011492498005,BRIGHT,Hand washing observed,2026-09-30T11:06:27.845024
FITZ_IV_FACE_9382,FACE,IV,Type IV - Medium/Olive,LOW,"SPF 15-20, Standard protection",181.0,164.0,153.0,5.062989648882906,8.467154896623379,8.688582205495281,NORMAL,Gloves properly worn,2026-09-30T11:06:27.873855
FITZ_I_NECK_6792,NECK,I,Type I - Very Fair,EXTREME,"SPF 50+, Complete coverage required",248.0,216.0,189.0,9.063281251036324,10.38967220543277,3.6842593848032017,BRIGHT,Proper hygienic practice,2026-09-30T11:06:27.833804
FITZ_I_FACE_8055,FACE,I,Type I - Very Fair,EXTREME,"SPF 50+, Complete coverage required",240.0,212.0,189.0,9.092350724543998,4.572433154668943,10.735155046359576,NORMAL,Proper hygienic practice,2026-09-30T11:06:27.834804
FITZ_III_ARM_8175,ARM,III,Type III - Light,MODERATE,"SPF 25-30, Partial coverage needed",209.0,196.0,186.0,6.9931948309261305,11.222814548377666,9.381077545861428,BRIGHT,Proper hygienic practice,2026-09-30T11:06:27.860392
FITZ_II_NECK_3719,NECK,II,Type II - Fair,HIGH,"SPF 30+, Coverage recommended",238.0,217.0,186.0,11.931891626850522,3.521630229456341,11.374321313400067,DIM,Clean visible skin,2026-09-30T11:06:27.851202
FITZ_II_FACE_8896,FACE,II,Type II - Fair,HIGH,"SPF 30+, Coverage recommended",238.0,217.0,206.0,7.582618754117565,5.540597978480169,6.491066855204236,BRIGHT,Clean visible skin,2026-09-30T11:06:27.845024
FITZ_II_HAND_6656,HAND,II,Type II - Fair,HIGH,"SPF 30+, Coverage recommended",230.0,200.0,200.0,3.320339906755258,7.37682697874496,7.6518525308244625,NORMAL,Ring present during food prep,2026-09-30T11:06:27.847125
FITZ_II_FACE_3509,FACE,II,Type II - Fair,HIGH,"SPF 30+, Coverage recommended",234.0,206.0,210.0,11.890840711330231,8.232841610008133,5.260510931848675,BRIGHT,Hand washing observed,2026-09-30T11:06:27.847125
FITZ_IV_NECK_2832,NECK,IV,Type IV - Medium/Olive,LOW,"SPF 15-20, Standard protection",187.0,177.0,152.0,8.209801374671814,7.630067218153189,3.588520774764725,NORMAL,Clean visible skin,2026-09-30T11:06:27.867774
FITZ_III_ARM_9500,ARM,III,Type III - Light,MODERATE,"SPF 25-30, Partial coverage needed",217.0,204.0,168.0,7.661942610538732,8.260190536822508,4.1638408963893045,NORMAL,Gloves properly worn,2026-09-30T11:06:27.858310
FITZ_III_HAND_7352,HAND,III,Type III - Light,MODERATE,"SPF 25-30, Partial coverage needed",213.0,200.0,182.0,11.836592595369334,11.983624485277836,4.1593170808740645,SHADOW,Gloves properly worn,2026-09-30T11:06:27.863397
FITZ_II_HAND_6910,HAND,II,Type II - Fair,HIGH,"SPF 30+, Coverage recommended",236.0,208.0,177.0,4.474168517442564,5.832603976229293,4.654059358822769,DIM,Wristwatch detected,2026-09-30T11:06:27.853203
FITZ_IV_HAND_2612,HAND,IV,Type IV - Medium/Olive,LOW,"SPF 15-20, Standard protection",194.0,165.0,149.0,11.981079630852511,11.37001552856327,3.7246432146017527,SHADOW,Clean visible skin,2026-09-30T11:06:27.865397
FITZ_III_NECK_8939,NECK,III,Type III - Light,MODERATE,"SPF 25-30, Partial coverage needed",202.0,182.0,161.0,10.749637471926668,11.699817354678824,6.512359751610079,SHADOW,Proper hygienic practice,2026-09-30T11:06:27.856312
FITZ_I_FACE_6615,FACE,I,Type I - Very Fair,EXTREME,"SPF 50+, Complete coverage required",241.0,205.0,185.0,8.824787635614056,5.95794743461718,11.050748556401063,DIM,Proper hygienic practice,2026-09-30T11:06:27.832797
FITZ_I_NECK_2626,NECK,I,Type I - Very Fair,EXTREME,"SPF 50+, Complete coverage required",245.0,223.0,215.0,11.198871934821799,4.4132929262157035,5.629106889467464,SHADOW,Ring present during food prep,2026-09-30T11:06:27.834804
FITZ_IV_NECK_8398,NECK,IV,Type IV - Medium/Olive,LOW,"SPF 15-20, Standard protection",198.0,181.0,154.0,11.36999772439371,10.784797735293948,4.168825925638789,DIM,Hand washing observed,2026-09-30T11:06:27.871855
FITZ_III_HAND_7021,HAND,III,Type III - Light,MODERATE,"SPF 25-30, Partial coverage needed",213.0,184.0,187.0,4.926756417200371,6.279794292106725,11.014999892214794,DIM,Ring present during food prep,2026-09-30T11:06:27.856312
FITZ_I_HAND_6072,HAND,I,Type I - Very Fair,EXTREME,"SPF 50+, Complete coverage required",247.0,231.0,213.0,4.174593398826634,9.50024528449071,10.605356423220705,SHADOW,Hand washing observed,2026-09-30T11:06:27.838880
FITZ_III_HAND_3235,HAND,III,Type III - Light,MODERATE,"SPF 25-30, Partial coverage needed",207.0,183.0,165.0,10.660347700360198,11.684796155028865,5.644969718396151,BRIGHT,Gloves properly worn,2026-09-30T11:06:27.857311
FITZ_IV_ARM_7078,ARM,IV,Type IV - Medium/Olive,LOW,"SPF 15-20, Standard protection",196.0,172.0,161.0,4.200588923065107,5.402111178603684,11.624964418121582,SHADOW,Gloves properly worn,2026-09-30T11:06:27.871855
FITZ_III_HAND_5441,HAND,III,Type III - Light,MODERATE,"SPF 25-30, Partial coverage needed",210.0,191.0,160.0,8.988633238156858,7.231029544313443,4.679616424506943,NORMAL,Hand washing observed,2026-09-30T11:06:27.861390
FITZ_II_ARM_9135,ARM,II,Type II - Fair,HIGH,"SPF 30+, Coverage recommended",235.0,213.0,183.0,3.9396115606811937,9.867561412442889,6.691018549656802,SHADOW,Wristwatch detected,2026-09-30T11:06:27.848124
FITZ_IV_NECK_6403,NECK,IV,Type IV - Medium/Olive,LOW,"SPF 15-20, Standard protection",192.0,164.0,157.0,4.240872756559983,6.954074809032898,8.932441887084648,SHADOW,Ring present during food prep,2026-09-30T11:06:27.870852
FITZ_II_HAND_2796,HAND,II,Type II - Fair,HIGH,"SPF 30+, Coverage recommended",222.0,202.0,184.0,5.6935435728481885,10.706641134836818,9.914478709565799,SHADOW,Wristwatch detected,2026-09-30T11:06:27.850202
FITZ_IV_NECK_9803,NECK,IV,Type IV - Medium/Olive,LOW,"SPF 15-20, Standard protection",195.0,181.0,151.0,6.5052529640267736,7.493177085017202,8.778063660836164,SHADOW,Ring present during food prep,2026-09-30T11:06:27.865397
FITZ_III_FACE_4098,FACE,III,Type III - Light,MODERATE,"SPF 25-30, Partial coverage needed",214.0,193.0,182.0,4.730532553862341,5.8390331489539955,4.362008343479775,NORMAL,Wristwatch detected,2026-09-30T11:06:27.855202
FITZ_III_HAND_6024,HAND,III,Type III - Light,MODERATE,"SPF 25-30, Partial coverage needed",207.0,191.0,167.0,8.044914399481002,3.6857198313393305,11.724861637373927,BRIGHT,Ring present during food prep,2026-09-30T11:06:27.863397
FITZ_III_FACE_2897,FACE,III,Type III - Light,MODERATE,"SPF 25-30, Partial coverage needed",214.0,190.0,160.0,4.913640880529169,6.445578934387055,6.0627826569883565,SHADOW,Clean visible skin,2026-09-30T11:06:27.863397
FITZ_I_NECK_5539,NECK,I,Type I - Very Fair,EXTREME,"SPF 50+, Complete coverage required",248.0,213.0,200.0,7.956150813809097,6.537728682379451,3.5989176385130937,DIM,Clean visible skin,2026-09-30T11:06:27.837878
FITZ_IV_FACE_4103,FACE,IV,Type IV - Medium/Olive,LOW,"SPF 15-20, Standard protection",190.0,168.0,152.0,10.007047921310374,8.605374334016176,5.674516018572155,BRIGHT,Ring present during food prep,2026-09-30T11:06:27.868780
FITZ_IV_ARM_3636,ARM,IV,Type IV - Medium/Olive,LOW,"SPF 15-20, Standard protection",181.0,169.0,136.0,7.0935911747702995,3.494842716582805,9.225813932512192,SHADOW,Gloves properly worn,2026-09-30T11:06:27.866501
FITZ_III_ARM_3446,ARM,III,Type III - Light,MODERATE,"SPF 25-30, Partial coverage needed",213.0,188.0,175.0,8.145636396781446,10.63734347745874,6.4637893074925845,BRIGHT,Proper hygienic practice,2026-09-30T11:06:27.857311
FITZ_III_FACE_1057,FACE,III,Type III - Light,MODERATE,"SPF 25-30, Partial coverage needed",213.0,192.0,183.0,8.728125274351882,10.484621292559346,8.750860009277861,BRIGHT,Gloves properly worn,2026-09-30T11:06:27.853203
FITZ_IV_ARM_1415,ARM,IV,Type IV - Medium/Olive,LOW,"SPF 15-20, Standard protection",195.0,167.0,155.0,6.752280664952407,8.919061198540549,4.706609675756929,SHADOW,Gloves properly worn,2026-09-30T11:06:27.866501
FITZ_III_ARM_9505,ARM,III,Type III - Light,MODERATE,"SPF 25-30, Partial coverage needed",212.0,195.0,186.0,7.013819915225373,10.311998043435683,7.155177666414985,SHADOW,Hand washing observed,2026-09-30T11:06:27.856312
FITZ_II_FACE_7964,FACE,II,Type II - Fair,HIGH,"SPF 30+, Coverage recommended",238.0,205.0,197.0,5.635514404851965,3.5936257092916657,3.21226579764463,DIM,Ring present during food prep,2026-09-30T11:06:27.843024
FITZ_I_ARM_1472,ARM,I,Type I - Very Fair,EXTREME,"SPF 50+, Complete coverage required",245.0,210.0,217.0,7.344073654863112,8.12049087960674,6.943465245003589,SHADOW,Wristwatch detected,2026-09-30T11:06:27.832797
FITZ_III_NECK_2828,NECK,III,Type III - Light,MODERATE,"SPF 25-30, Partial coverage needed",206.0,192.0,184.0,10.527254541532427,3.2874129697170926,3.219771731765408,NORMAL,Gloves properly worn,2026-09-30T11:06:27.856312
FITZ_I_FACE_6917,FACE,I,Type I - Very Fair,EXTREME,"SPF 50+, Complete coverage required",248.0,214.0,188.0,5.877130002896455,10.904855379756892,4.219476544979729,BRIGHT,Proper hygienic practice,2026-09-30T11:06:27.833804
FITZ_III_ARM_4697,ARM,III,Type III - Light,MODERATE,"SPF 25-30, Partial coverage needed",219.0,186.0,180.0,7.2044946456607795,5.011398956944534,9.487515378491862,SHADOW,Proper hygienic practice,2026-09-30T11:06:27.857311
FITZ_I_NECK_4919,NECK,I,Type I - Very Fair,EXTREME,"SPF 50+, Complete coverage required",249.0,222.0,216.0,9.953064376742484,9.231224977538226,4.8554419673069615,DIM,Clean visible skin,2026-09-30T11:06:27.833804
FITZ_IV_ARM_4752,ARM,IV,Type IV - Medium/Olive,LOW,"SPF 15-20, Standard protection",184.0,161.0,155.0,8.971544564265198,8.177182613029057,7.168267138269786,BRIGHT,Wristwatch detected,2026-09-30T11:06:27.869789
FITZ_III_FACE_4100,FACE,III,Type III - Light,MODERATE,"SPF 25-30, Partial coverage needed",214.0,194.0,170.0,10.041035325969528,6.807764789361363,5.433886929856271,NORMAL,Wristwatch detected,2026-09-30T11:06:27.856312
FITZ_III_ARM_1018,ARM,III,Type III - Light,MODERATE,"SPF 25-30, Partial coverage needed",207.0,187.0,172.0,7.635384535438113,7.858925295180811,8.454608821918406,DIM,Proper hygienic practice,2026-09-30T11:06:27.861390
FITZ_I_FACE_7987,FACE,I,Type I - Very Fair,EXTREME,"SPF 50+, Complete coverage required",254.0,218.0,193.0,4.836377240211526,8.133293042646603,10.462240676613423,SHADOW,Ring present during food prep,2026-09-30T11:06:27.836878
FITZ_II_HAND_8579,HAND,II,Type II - Fair,HIGH,"SPF 30+, Coverage recommended",232.0,204.0,189.0,11.642538634504676,9.044360929111168,6.27738997530972,DIM,Clean visible skin,2026-09-30T11:06:27.849134
FITZ_I_FACE_1466,FACE,I,Type I - Very Fair,EXTREME,"SPF 50+, Complete coverage required",255.0,221.0,206.0,6.3586570932032735,10.57282489826256,8.597222126198222,NORMAL,Proper hygienic practice,2026-09-30T11:06:27.836878
FITZ_II_ARM_7594,ARM,II,Type II - Fair,HIGH,"SPF 30+, Coverage recommended",234.0,211.0,202.0,9.008709522434925,3.8761219307576678,10.415166556431949,SHADOW,Gloves properly worn,2026-09-30T11:06:27.844027
FITZ_II_HAND_5028,HAND,II,Type II - Fair,HIGH,"SPF 30+, Coverage recommended",236.0,209.0,178.0,11.83003660119639,10.915310374879605,11.543264152234428,DIM,Wristwatch detected,2026-09-30T11:06:27.846122
FITZ_IV_HAND_7808,HAND,IV,Type IV - Medium/Olive,LOW,"SPF 15-20, Standard protection",192.0,168.0,155.0,9.501055613590568,9.402843981124121,11.73559146452331,BRIGHT,Proper hygienic practice,2026-09-30T11:06:27.870852
FITZ_II_NECK_3205,NECK,II,Type II - Fair,HIGH,"SPF 30+, Coverage recommended",225.0,198.0,194.0,9.236443292851671,8.936521229474387,5.017159767988862,NORMAL,Gloves properly worn,2026-09-30T11:06:27.849134
FITZ_III_FACE_5173,FACE,III,Type III - Light,MODERATE,"SPF 25-30, Partial coverage needed",219.0,190.0,167.0,6.53597941953947,8.824412775882083,6.796754096980136,DIM,Ring present during food prep,2026-09-30T11:06:27.855202
FITZ_III_ARM_1590,ARM,III,Type III - Light,MODERATE,"SPF 25-30, Partial coverage needed",205.0,174.0,169.0,5.64967293532786,3.808241500614116,7.623059963306068,SHADOW,Proper hygienic practice,2026-09-30T11:06:27.856312
FITZ_II_HAND_5536,HAND,II,Type II - Fair,HIGH,"SPF 30+, Coverage recommended",224.0,193.0,175.0,6.964465765678153,7.140810404689229,6.883513122952162,NORMAL,Wristwatch detected,2026-09-30T11:06:27.849134
FITZ_IV_FACE_9084,FACE,IV,Type IV - Medium/Olive,LOW,"SPF 15-20, Standard protection",200.0,184.0,150.0,11.933749464180142,4.651025185463723,5.902056465505984,NORMAL,Clean visible skin,2026-09-30T11:06:27.867774
FITZ_I_FACE_5455,FACE,I,Type I - Very Fair,EXTREME,"SPF 50+, Complete coverage required",242.0,228.0,213.0,9.389115702615063,9.469837533776019,4.824287684391954,DIM,Ring present during food prep,2026-09-30T11:06:27.837878
FITZ_II_HAND_2047,HAND,II,Type II - Fair,HIGH,"SPF 30+, Coverage recommended",227.0,195.0,178.0,7.242425883235834,9.903977933077282,6.974070738310893,SHADOW,Wristwatch detected,2026-09-30T11:06:27.845024
FITZ_I_HAND_3885,HAND,I,Type I - Very Fair,EXTREME,"SPF 50+, Complete coverage required",250.0,212.0,203.0,7.411815344913674,6.901710611932636,6.2596923464556475,SHADOW,Clean visible skin,2026-09-30T11:06:27.831024
FITZ_II_ARM_3853,ARM,II,Type II - Fair,HIGH,"SPF 30+, Coverage recommended",227.0,199.0,188.0,11.406775544862366,11.755613610977893,9.545394533339577,BRIGHT,Clean visible skin,2026-09-30T11:06:27.849134
FITZ_I_HAND_3223,HAND,I,Type I - Very Fair,EXTREME,"SPF 50+, Complete coverage required",248.0,230.0,212.0,4.931133828813477,8.506894644872784,9.245825769367144,SHADOW,Hand washing observed,2026-09-30T11:06:27.831024
FITZ_III_NECK_1048,NECK,III,Type III - Light,MODERATE,"SPF 25-30, Partial coverage needed",219.0,194.0,178.0,7.384588667336581,10.219573508661714,8.987675508064864,NORMAL,Wristwatch detected,2026-09-30T11:06:27.858310
FITZ_I_NECK_5751,NECK,I,Type I - Very Fair,EXTREME,"SPF 50+, Complete coverage required",245.0,211.0,211.0,5.166137058563377,7.603634973429012,9.296657963992129,BRIGHT,Clean visible skin,2026-09-30T11:06:27.836878
FITZ_IV_FACE_9940,FACE,IV,Type IV - Medium/Olive,LOW,"SPF 15-20, Standard protection",199.0,177.0,151.0,4.558519971449174,6.417007985763293,3.851270964885001,DIM,Clean visible skin,2026-09-30T11:06:27.864398
FITZ_IV_ARM_5944,ARM,IV,Type IV - Medium/Olive,LOW,"SPF 15-20, Standard protection",180.0,166.0,145.0,8.690579382633707,4.361784161735084,11.851533369111948,SHADOW,Gloves properly worn,2026-09-30T11:06:27.864398
FITZ_II_ARM_5563,ARM,II,Type II - Fair,HIGH,"SPF 30+, Coverage recommended",220.0,193.0,184.0,7.233453647070267,3.0630938357445525,7.296663474796389,DIM,Ring present during food prep,2026-09-30T11:06:27.844027
FITZ_III_FACE_8070,FACE,III,Type III - Light,MODERATE,"SPF 25-30, Partial coverage needed",209.0,179.0,181.0,5.481138449010274,3.24530004998468,9.172509878632473,DIM,Hand washing observed,2026-09-30T11:06:27.861390
FITZ_III_ARM_8418,ARM,III,Type III - Light,MODERATE,"SPF 25-30, Partial coverage needed",215.0,188.0,161.0,4.1484738573327355,11.952462040874819,9.620648736826412,BRIGHT,Gloves properly worn,2026-09-30T11:06:27.863397
FITZ_II_FACE_1773,FACE,II,Type II - Fair,HIGH,"SPF 30+, Coverage recommended",233.0,204.0,191.0,3.216265013259801,7.9964271064978725,5.90727855158568,NORMAL,Gloves properly worn,2026-09-30T11:06:27.847125
FITZ_II_NECK_6807,NECK,II,Type II - Fair,HIGH,"SPF 30+, Coverage recommended",229.0,207.0,192.0,5.127277981811762,8.475766634706085,11.004769748674727,NORMAL,Hand washing observed,2026-09-30T11:06:27.844027
FITZ_IV_NECK_5491,NECK,IV,Type IV - Medium/Olive,LOW,"SPF 15-20, Standard protection",186.0,159.0,141.0,4.935804585309774,5.5949803408613725,8.508547213845574,DIM,Clean visible skin,2026-09-30T11:06:27.864398
FITZ_I_HAND_8462,HAND,I,Type I - Very Fair,EXTREME,"SPF 50+, Complete coverage required",252.0,237.0,216.0,5.1811758227611335,3.3105681485922402,10.318137692307893,NORMAL,Proper hygienic practice,2026-09-30T11:06:27.835804
FITZ_III_NECK_4261,NECK,III,Type III - Light,MODERATE,"SPF 25-30, Partial coverage needed",208.0,192.0,161.0,10.215269170422342,8.146292248154705,6.36257994103124,NORMAL,Clean visible skin,2026-09-30T11:06:27.857311
FITZ_I_FACE_1392,FACE,I,Type I - Very Fair,EXTREME,"SPF 50+, Complete coverage required",245.0,211.0,193.0,7.991209010798014,11.371126489555406,9.685685931957947,BRIGHT,Clean visible skin,2026-09-30T11:06:27.836878
FITZ_I_HAND_4388,HAND,I,Type I - Very Fair,EXTREME,"SPF 50+, Complete coverage required",241.0,215.0,200.0,6.889759909183732,10.403714583192002,9.806578613261353,BRIGHT,Gloves properly worn,2026-09-30T11:06:27.842027
FITZ_IV_HAND_3242,HAND,IV,Type IV - Medium/Olive,LOW,"SPF 15-20, Standard protection",198.0,172.0,172.0,4.1472006106684836,11.70725737067256,9.690993944218098,DIM,Proper hygienic practice,2026-09-30T11:06:27.869789
FITZ_IV_FACE_2892,FACE,IV,Type IV - Medium/Olive,LOW,"SPF 15-20, Standard protection",200.0,187.0,177.0,6.826887442316303,8.627946798459948,8.731351687397101,DIM,Clean visible skin,2026-09-30T11:06:27.872851
FITZ_I_FACE_8720,FACE,I,Type I - Very Fair,EXTREME,"SPF 50+, Complete coverage required",242.0,224.0,181.0,7.863334073550131,7.433836266914247,3.8308354274136436,BRIGHT,Hand washing observed,2026-09-30T11:06:27.837878
FITZ_I_ARM_9586,ARM,I,Type I - Very Fair,EXTREME,"SPF 50+, Complete coverage required",253.0,225.0,199.0,8.197391939213507,8.337684454448496,4.476233695520753,BRIGHT,Wristwatch detected,2026-09-30T11:06:27.836878
FITZ_IV_ARM_3272,ARM,IV,Type IV - Medium/Olive,LOW,"SPF 15-20, Standard protection",200.0,185.0,161.0,6.5596392496020375,4.302615083827933,9.053933495247051,SHADOW,Clean visible skin,2026-09-30T11:06:27.865397
FITZ_III_ARM_9102,ARM,III,Type III - Light,MODERATE,"SPF 25-30, Partial coverage needed",219.0,191.0,189.0,9.141185211007969,7.91697903412723,5.957485004396515,BRIGHT,Gloves properly worn,2026-09-30T11:06:27.853203
FITZ_III_FACE_6327,FACE,III,Type III - Light,MODERATE,"SPF 25-30, Partial coverage needed",209.0,196.0,159.0,8.956380822810335,10.036491259937186,5.412755561630658,NORMAL,Wristwatch detected,2026-09-30T11:06:27.862388
FITZ_III_NECK_7188,NECK,III,Type III - Light,MODERATE,"SPF 25-30, Partial coverage needed",217.0,194.0,165.0,8.75099229614106,5.732948782258856,5.014718350673175,BRIGHT,Gloves properly worn,2026-09-30T11:06:27.855202
FITZ_III_HAND_4190,HAND,III,Type III - Light,MODERATE,"SPF 25-30, Partial coverage needed",220.0,203.0,167.0,3.129230964032919,5.377409011158289,9.97399269202003,NORMAL,Gloves properly worn,2026-09-30T11:06:27.854203
FITZ_II_HAND_5105,HAND,II,Type II - Fair,HIGH,"SPF 30+, Coverage recommended",236.0,219.0,190.0,9.649407019584537,7.67958098097572,7.695997928094566,SHADOW,Proper hygienic practice,2026-09-30T11:06:27.849134
FITZ_IV_ARM_2513,ARM,IV,Type IV - Medium/Olive,LOW,"SPF 15-20, Standard protection",183.0,167.0,160.0,9.64183160328205,10.068609346673748,5.969255271358483,DIM,Hand washing observed,2026-09-30T11:06:27.869789
FITZ_II_HAND_7831,HAND,II,Type II - Fair,HIGH,"SPF 30+, Coverage recommended",239.0,217.0,184.0,11.448836062288816,10.71918296175864,8.381560112551645,DIM,Hand washing observed,2026-09-30T11:06:27.846122
FITZ_I_FACE_4792,FACE,I,Type I - Very Fair,EXTREME,"SPF 50+, Complete coverage required",246.0,222.0,193.0,7.428259891649079,3.5390556808787066,11.972633430967937,DIM,Hand washing observed,2026-09-30T11:06:27.832797
FITZ_II_NECK_7225,NECK,II,Type II - Fair,HIGH,"SPF 30+, Coverage recommended",224.0,205.0,181.0,3.07043881915849,8.009338701535967,10.780783218106597,SHADOW,Proper hygienic practice,2026-09-30T11:06:27.846122
FITZ_IV_ARM_1594,ARM,IV,Type IV - Medium/Olive,LOW,"SPF 15-20, Standard protection",197.0,179.0,159.0,3.9175443699138275,10.399827925115295,9.9836312765026,NORMAL,Clean visible skin,2026-09-30T11:06:27.864398
FITZ_II_FACE_6067,FACE,II,Type II - Fair,HIGH,"SPF 30+, Coverage recommended",228.0,208.0,180.0,11.986331485662351,7.689460100996138,9.543037887618357,NORMAL,Wristwatch detected,2026-09-30T11:06:27.848124
FITZ_II_HAND_9769,HAND,II,Type II - Fair,HIGH,"SPF 30+, Coverage recommended",237.0,211.0,206.0,10.321883067739732,7.266782019017535,3.266740410018197,BRIGHT,Ring present during food prep,2026-09-30T11:06:27.849134
FITZ_I_FACE_8708,FACE,I,Type I - Very Fair,EXTREME,"SPF 50+, Complete coverage required",242.0,211.0,205.0,10.74465185535544,8.28410638538805,3.186709105939803,DIM,Gloves properly worn,2026-09-30T11:06:27.831024
FITZ_I_HAND_5683,HAND,I,Type I - Very Fair,EXTREME,"SPF 50+, Complete coverage required",252.0,223.0,192.0,10.285690892050255,4.204391041770522,8.887078466415172,BRIGHT,Wristwatch detected,2026-09-30T11:06:27.842027
FITZ_I_ARM_9523,ARM,I,Type I - Very Fair,EXTREME,"SPF 50+, Complete coverage required",242.0,224.0,189.0,4.383657311912444,3.9759575196472268,5.063314142057209,BRIGHT,Ring present during food prep,2026-09-30T11:06:27.838880
FITZ_IV_ARM_6857,ARM,IV,Type IV - Medium/Olive,LOW,"SPF 15-20, Standard protection",196.0,179.0,151.0,10.237869047615959,7.724506620754607,10.991534031627086,BRIGHT,Hand washing observed,2026-09-30T11:06:27.868780
FITZ_I_HAND_5970,HAND,I,Type I - Very Fair,EXTREME,"SPF 50+, Complete coverage required",252.0,234.0,217.0,10.868108882384366,4.801283715947222,8.131862779120524,DIM,Wristwatch detected,2026-09-30T11:06:27.837878
FITZ_I_FACE_7870,FACE,I,Type I - Very Fair,EXTREME,"SPF 50+, Complete coverage required",241.0,225.0,181.0,3.413833769007632,6.275788466981167,11.282038907339885,BRIGHT,Wristwatch detected,2026-09-30T11:06:27.832797
FITZ_II_FACE_9309,FACE,II,Type II - Fair,HIGH,"SPF 30+, Coverage recommended",230.0,205.0,174.0,11.695703467218168,7.773098568288269,9.270123334486884,DIM,Hand washing observed,2026-09-30T11:06:27.851202
FITZ_III_HAND_1864,HAND,III,Type III - Light,MODERATE,"SPF 25-30, Partial coverage needed",211.0,194.0,162.0,8.491865445167317,3.428202767704692,3.752795946208666,SHADOW,Gloves properly worn,2026-09-30T11:06:27.857311
FITZ_III_ARM_2136,ARM,III,Type III - Light,MODERATE,"SPF 25-30, Partial coverage needed",208.0,196.0,174.0,5.1763103000262385,11.493868563055718,10.469729645928906,DIM,Clean visible skin,2026-09-30T11:06:27.857311
FITZ_I_NECK_7277,NECK,I,Type I - Very Fair,EXTREME,"SPF 50+, Complete coverage required",241.0,213.0,200.0,6.317169626947871,10.571147052639397,10.572911446745785,SHADOW,Hand washing observed,2026-09-30T11:06:27.842027
FITZ_I_NECK_1139,NECK,I,Type I - Very Fair,EXTREME,"SPF 50+, Complete coverage required",254.0,240.0,205.0,4.767124572125972,5.755526098921392,9.931892139442866,BRIGHT,Proper hygienic practice,2026-09-30T11:06:27.842027
FITZ_III_FACE_2017,FACE,III,Type III - Light,MODERATE,"SPF 25-30, Partial coverage needed",204.0,187.0,164.0,10.215878357859403,9.011920499511907,5.377635188630187,NORMAL,Ring present during food prep,2026-09-30T11:06:27.855202
FITZ_III_HAND_4155,HAND,III,Type III - Light,MODERATE,"SPF 25-30, Partial coverage needed",205.0,176.0,183.0,7.050929753661537,6.621767989710015,6.465516863763504,BRIGHT,Ring present during food prep,2026-09-30T11:06:27.859309
FITZ_IV_NECK_3834,NECK,IV,Type IV - Medium/Olive,LOW,"SPF 15-20, Standard protection",187.0,168.0,148.0,5.2487917537356745,9.53190718949144,10.755972843755828,NORMAL,Clean visible skin,2026-09-30T11:06:27.864398
FITZ_III_ARM_9402,ARM,III,Type III - Light,MODERATE,"SPF 25-30, Partial coverage needed",210.0,179.0,162.0,7.578764792499032,11.827964406060753,11.927021090642402,SHADOW,Gloves properly worn,2026-09-30T11:06:27.860392
FITZ_I_ARM_6227,ARM,I,Type I - Very Fair,EXTREME,"SPF 50+, Complete coverage required",242.0,213.0,209.0,11.230289990107105,9.282683798147197,8.449561715899108,NORMAL,Ring present during food prep,2026-09-30T11:06:27.837878
FITZ_I_HAND_8465,HAND,I,Type I - Very Fair,EXTREME,"SPF 50+, Complete coverage required",246.0,217.0,199.0,8.46684663590355,10.363550743766998,9.864625679294956,SHADOW,Ring present during food prep,2026-09-30T11:06:27.838880
FITZ_I_FACE_1497,FACE,I,Type I - Very Fair,EXTREME,"SPF 50+, Complete coverage required",249.0,230.0,220.0,5.718451032612791,5.364530892017102,11.37113175086834,BRIGHT,Ring present during food prep,2026-09-30T11:06:27.837878
FITZ_I_FACE_6129,FACE,I,Type I - Very Fair,EXTREME,"SPF 50+, Complete coverage required",251.0,221.0,209.0,6.827028992187269,6.806626143059209,4.869532555260512,DIM,Ring present during food prep,2026-09-30T11:06:27.843024
FITZ_IV_ARM_9477,ARM,IV,Type IV - Medium/Olive,LOW,"SPF 15-20, Standard protection",184.0,165.0,165.0,8.410770558112034,6.197104187708154,6.216962675794104,NORMAL,Ring present during food prep,2026-09-30T11:06:27.869789
FITZ_II_ARM_5898,ARM,II,Type II - Fair,HIGH,"SPF 30+, Coverage recommended",232.0,208.0,193.0,10.652500499913522,5.934891402634003,3.4197450754335423,DIM,Hand washing observed,2026-09-30T11:06:27.852202
FITZ_IV_NECK_2496,NECK,IV,Type IV - Medium/Olive,LOW,"SPF 15-20, Standard protection",185.0,172.0,140.0,3.8958902530210997,6.450640319149436,9.028456472305308,NORMAL,Proper hygienic practice,2026-09-30T11:06:27.866501
FITZ_II_NECK_5413,NECK,II,Type II - Fair,HIGH,"SPF 30+, Coverage recommended",231.0,201.0,173.0,5.523175960407119,7.310195673301619,6.586214412329248,BRIGHT,Proper hygienic practice,2026-09-30T11:06:27.844027
FITZ_II_ARM_8568,ARM,II,Type II - Fair,HIGH,"SPF 30+, Coverage recommended",234.0,220.0,199.0,3.986780213805615,11.87757287900477,6.119736622237333,BRIGHT,Proper hygienic practice,2026-09-30T11:06:27.849134
FITZ_I_HAND_8857,HAND,I,Type I - Very Fair,EXTREME,"SPF 50+, Complete coverage required",251.0,224.0,213.0,11.98235584894038,6.347728189568165,6.826530967589823,BRIGHT,Proper hygienic practice,2026-09-30T11:06:27.841026
FITZ_IV_NECK_2598,NECK,IV,Type IV - Medium/Olive,LOW,"SPF 15-20, Standard protection",194.0,168.0,168.0,4.773687979235394,11.77783506718534,10.747042513289554,NORMAL,Wristwatch detected,2026-09-30T11:06:27.872851
FITZ_III_HAND_1817,HAND,III,Type III - Light,MODERATE,"SPF 25-30, Partial coverage needed",202.0,184.0,157.0,8.103568484529077,9.122472485724577,6.733858667589021,BRIGHT,Wristwatch detected,2026-09-30T11:06:27.853203
FITZ_III_ARM_7578,ARM,III,Type III - Light,MODERATE,"SPF 25-30, Partial coverage needed",217.0,190.0,194.0,5.441594989118677,4.616426410309032,4.141033074555447,BRIGHT,Ring present during food prep,2026-09-30T11:06:27.860392
FITZ_II_FACE_9532,FACE,II,Type II - Fair,HIGH,"SPF 30+, Coverage recommended",223.0,202.0,177.0,10.628362889231893,3.146014563495136,4.218228844784915,SHADOW,Gloves properly worn,2026-09-30T11:06:27.844027
FITZ_III_FACE_7004,FACE,III,Type III - Light,MODERATE,"SPF 25-30, Partial coverage needed",214.0,196.0,181.0,3.4645179018393453,7.209569870412117,3.79472321571208,NORMAL,Gloves properly worn,2026-09-30T11:06:27.858310
FITZ_II_FACE_2110,FACE,II,Type II - Fair,HIGH,"SPF 30+, Coverage recommended",230.0,200.0,178.0,11.69685710597941,9.708726733245133,11.221388859000113,SHADOW,Proper hygienic practice,2026-09-30T11:06:27.850202
FITZ_II_NECK_7889,NECK,II,Type II - Fair,HIGH,"SPF 30+, Coverage recommended",234.0,202.0,176.0,8.821812547699992,5.011906762846877,9.9691030997931,BRIGHT,Proper hygienic practice,2026-09-30T11:06:27.850202
FITZ_I_NECK_4973,NECK,I,Type I - Very Fair,EXTREME,"SPF 50+, Complete coverage required",254.0,235.0,202.0,5.870390315970931,4.986594078917708,10.031335462315354,NORMAL,Gloves properly worn,2026-09-30T11:06:27.841026
FITZ_II_NECK_9137,NECK,II,Type II - Fair,HIGH,"SPF 30+, Coverage recommended",236.0,212.0,182.0,3.035799571591717,9.417378192130723,5.9520552090349454,DIM,Clean visible skin,2026-09-30T11:06:27.850202
FITZ_I_HAND_8752,HAND,I,Type I - Very Fair,EXTREME,"SPF 50+, Complete coverage required",249.0,218.0,202.0,8.219863030761138,8.892350613327643,7.184893712223128,SHADOW,Wristwatch detected,2026-09-30T11:06:27.831024
FITZ_IV_NECK_7855,NECK,IV,Type IV - Medium/Olive,LOW,"SPF 15-20, Standard protection",198.0,186.0,164.0,3.0462129819277917,9.25168286608558,8.450009055779484,DIM,Ring present during food prep,2026-09-30T11:06:27.872851
FITZ_IV_ARM_8946,ARM,IV,Type IV - Medium/Olive,LOW,"SPF 15-20, Standard protection",187.0,175.0,143.0,10.406643603437246,8.293225605961162,11.66683008599881,DIM,Ring present during food prep,2026-09-30T11:06:27.869789
FITZ_I_FACE_4287,FACE,I,Type I - Very Fair,EXTREME,"SPF 50+, Complete coverage required",252.0,215.0,206.0,5.540761835588122,10.603618538351952,5.94570829553507,SHADOW,Proper hygienic practice,2026-09-30T11:06:27.832797
FITZ_III_NECK_9607,NECK,III,Type III - Light,MODERATE,"SPF 25-30, Partial coverage needed",202.0,191.0,154.0,8.114386882281307,6.260383021369462,9.176411055866826,BRIGHT,Proper hygienic practice,2026-09-30T11:06:27.862388
FITZ_I_ARM_1201,ARM,I,Type I - Very Fair,EXTREME,"SPF 50+, Complete coverage required",240.0,212.0,197.0,5.816896343754422,3.539392440483102,7.4543954222690685,BRIGHT,Wristwatch detected,2026-09-30T11:06:27.843024
FITZ_IV_FACE_4732,FACE,IV,Type IV - Medium/Olive,LOW,"SPF 15-20, Standard protection",190.0,168.0,150.0,3.807393745942249,4.947639877255253,7.630888052090091,DIM,Hand washing observed,2026-09-30T11:06:27.871855
FITZ_II_HAND_2735,HAND,II,Type II - Fair,HIGH,"SPF 30+, Coverage recommended",232.0,217.0,184.0,8.320240305053346,8.734280578308812,6.979778001879305,DIM,Wristwatch detected,2026-09-30T11:06:27.850202
FITZ_II_ARM_7544,ARM,II,Type II - Fair,HIGH,"SPF 30+, Coverage recommended",230.0,211.0,179.0,9.840506961166056,8.172802935108484,11.850999804008815,NORMAL,Gloves properly worn,2026-09-30T11:06:27.848124
FITZ_III_FACE_4902,FACE,III,Type III - Light,MODERATE,"SPF 25-30, Partial coverage needed",219.0,188.0,181.0,6.679711802219154,6.541089763712568,4.903273331158456,DIM,Clean visible skin,2026-09-30T11:06:27.857311
FITZ_I_ARM_7590,ARM,I,Type I - Very Fair,EXTREME,"SPF 50+, Complete coverage required",242.0,213.0,212.0,11.360433481018575,6.694614454845314,3.3783736032598672,DIM,Ring present during food prep,2026-09-30T11:06:27.842027
FITZ_III_HAND_9415,HAND,III,Type III - Light,MODERATE,"SPF 25-30, Partial coverage needed",216.0,201.0,172.0,10.088171422091659,6.489984962722338,3.064110562563772,NORMAL,Hand washing observed,2026-09-30T11:06:27.857311
FITZ_IV_ARM_2873,ARM,IV,Type IV - Medium/Olive,LOW,"SPF 15-20, Standard protection",197.0,171.0,161.0,5.512290020789017,7.413165574429708,4.5228914888018705,DIM,Clean visible skin,2026-09-30T11:06:27.864398
FITZ_III_NECK_9272,NECK,III,Type III - Light,MODERATE,"SPF 25-30, Partial coverage needed",220.0,195.0,168.0,3.563254151199389,9.474668594091458,10.57740930009628,NORMAL,Proper hygienic practice,2026-09-30T11:06:27.863397
FITZ_II_FACE_1833,FACE,II,Type II - Fair,HIGH,"SPF 30+, Coverage recommended",240.0,224.0,197.0,3.872107709609081,10.561291082369918,11.23290821761493,DIM,Hand washing observed,2026-09-30T11:06:27.852202
FITZ_I_ARM_9198,ARM,I,Type I - Very Fair,EXTREME,"SPF 50+, Complete coverage required",250.0,214.0,223.0,4.232774344126487,10.26510948655904,6.828651644167155,SHADOW,Proper hygienic practice,2026-09-30T11:06:27.836878
FITZ_III_HAND_2309,HAND,III,Type III - Light,MODERATE,"SPF 25-30, Partial coverage needed",219.0,197.0,174.0,10.096663520428937,10.618648015703211,11.23624946422375,DIM,Clean visible skin,2026-09-30T11:06:27.860392
FITZ_II_ARM_9616,ARM,II,Type II - Fair,HIGH,"SPF 30+, Coverage recommended",237.0,218.0,183.0,7.291451059091868,8.848644618895518,9.112538469790504,DIM,Gloves properly worn,2026-09-30T11:06:27.849134
FITZ_II_NECK_9260,NECK,II,Type II - Fair,HIGH,"SPF 30+, Coverage recommended",236.0,215.0,179.0,6.812563209980626,11.52690550808476,6.484864891331342,NORMAL,Clean visible skin,2026-09-30T11:06:27.853203
FITZ_I_FACE_5782,FACE,I,Type I - Very Fair,EXTREME,"SPF 50+, Complete coverage required",240.0,219.0,199.0,11.778849645438314,11.789149722169947,10.573987414978017,SHADOW,Proper hygienic practice,2026-09-30T11:06:27.843024
FITZ_II_NECK_7956,NECK,II,Type II - Fair,HIGH,"SPF 30+, Coverage recommended",229.0,196.0,180.0,7.895760281273685,7.0296542675038465,4.212443736643811,DIM,Hand washing observed,2026-09-30T11:06:27.849134
FITZ_III_ARM_2358,ARM,III,Type III - Light,MODERATE,"SPF 25-30, Partial coverage needed",206.0,183.0,162.0,6.281849417221192,3.2937434000006407,4.407351891702435,NORMAL,Gloves properly worn,2026-09-30T11:06:27.861390
FITZ_I_FACE_7823,FACE,I,Type I - Very Fair,EXTREME,"SPF 50+, Complete coverage required",255.0,238.0,224.0,3.271671573236435,6.287197964426111,3.7109396323964905,NORMAL,Wristwatch detected,2026-09-30T11:06:27.835804
FITZ_II_NECK_2676,NECK,II,Type II - Fair,HIGH,"SPF 30+, Coverage recommended",221.0,199.0,173.0,10.484857492813077,3.2788221696916913,11.392392518820712,SHADOW,Wristwatch detected,2026-09-30T11:06:27.844027
FITZ_III_HAND_5983,HAND,III,Type III - Light,MODERATE,"SPF 25-30, Partial coverage needed",212.0,196.0,190.0,9.491323083938045,11.884288151984798,4.08443523272897,BRIGHT,Ring present during food prep,2026-09-30T11:06:27.857311
FITZ_IV_ARM_8052,ARM,IV,Type IV - Medium/Olive,LOW,"SPF 15-20, Standard protection",185.0,174.0,163.0,4.204507785180288,7.103775860093009,3.6513646097348182,BRIGHT,Wristwatch detected,2026-09-30T11:06:27.867774
FITZ_III_ARM_5564,ARM,III,Type III - Light,MODERATE,"SPF 25-30, Partial coverage needed",205.0,191.0,158.0,4.4375467071985835,5.5321605327705825,11.009037079018848,SHADOW,Ring present during food prep,2026-09-30T11:06:27.856312
FITZ_I_NECK_2843,NECK,I,Type I - Very Fair,EXTREME,"SPF 50+, Complete coverage required",245.0,222.0,199.0,4.458806145928335,5.9799875409782235,9.000484713238876,SHADOW,Ring present during food prep,2026-09-30T11:06:27.841026
FITZ_II_NECK_8078,NECK,II,Type II - Fair,HIGH,"SPF 30+, Coverage recommended",240.0,216.0,205.0,3.8009305217160088,5.173823073160697,6.1418775448196685,SHADOW,Wristwatch detected,2026-09-30T11:06:27.849134
FITZ_II_ARM_7036,ARM,II,Type II - Fair,HIGH,"SPF 30+, Coverage recommended",227.0,214.0,201.0,9.97298906602746,9.867023130191704,6.026112549980798,BRIGHT,Gloves properly worn,2026-09-30T11:06:27.851202
FITZ_I_HAND_8007,HAND,I,Type I - Very Fair,EXTREME,"SPF 50+, Complete coverage required",249.0,223.0,189.0,10.213902229804562,5.703539292048355,11.857676097378937,DIM,Wristwatch detected,2026-09-30T11:06:27.834804
FITZ_I_NECK_6795,NECK,I,Type I - Very Fair,EXTREME,"SPF 50+, Complete coverage required",247.0,233.0,194.0,9.039328189469588,10.940747928713474,10.176055558593887,BRIGHT,Proper hygienic practice,2026-09-30T11:06:27.842027
FITZ_III_NECK_5832,NECK,III,Type III - Light,MODERATE,"SPF 25-30, Partial coverage needed",207.0,194.0,169.0,6.013870551704135,10.193309202871443,5.344470646380081,NORMAL,Hand washing observed,2026-09-30T11:06:27.856312
FITZ_III_FACE_7439,FACE,III,Type III - Light,MODERATE,"SPF 25-30, Partial coverage needed",215.0,192.0,180.0,5.698058438827102,6.338714385357516,5.39735465774022,DIM,Clean visible skin,2026-09-30T11:06:27.861390
FITZ_IV_HAND_9646,HAND,IV,Type IV - Medium/Olive,LOW,"SPF 15-20, Standard protection",185.0,162.0,144.0,3.1944125241062435,11.095719634860696,3.8573773044079838,NORMAL,Ring present during food prep,2026-09-30T11:06:27.872851
FITZ_I_ARM_7168,ARM,I,Type I - Very Fair,EXTREME,"SPF 50+, Complete coverage required",240.0,215.0,184.0,4.558805908339303,10.207783274920088,5.01393028550978,DIM,Clean visible skin,2026-09-30T11:06:27.832797
FITZ_I_HAND_4562,HAND,I,Type I - Very Fair,EXTREME,"SPF 50+, Complete coverage required",250.0,217.0,208.0,5.89405115014833,5.093838677218297,3.596116285549983,DIM,Wristwatch detected,2026-09-30T11:06:27.835804
FITZ_II_HAND_3826,HAND,II,Type II - Fair,HIGH,"SPF 30+, Coverage recommended",233.0,218.0,191.0,7.5209538719178255,10.28856755193395,10.815376569664952,NORMAL,Ring present during food prep,2026-09-30T11:06:27.849134
FITZ_IV_ARM_5430,ARM,IV,Type IV - Medium/Olive,LOW,"SPF 15-20, Standard protection",181.0,160.0,160.0,5.371759518601785,10.126041650750318,10.752526843323215,SHADOW,Gloves properly worn,2026-09-30T11:06:27.866501
FITZ_I_FACE_1229,FACE,I,Type I - Very Fair,EXTREME,"SPF 50+, Complete coverage required",242.0,209.0,208.0,5.496380944096479,8.217762173194654,6.169829461313903,BRIGHT,Hand washing observed,2026-09-30T11:06:27.834804
FITZ_I_FACE_3475,FACE,I,Type I - Very Fair,EXTREME,"SPF 50+, Complete coverage required",247.0,212.0,220.0,6.215771136333119,8.54127091171982,4.065158734056663,NORMAL,Wristwatch detected,2026-09-30T11:06:27.835804
FITZ_III_FACE_2939,FACE,III,Type III - Light,MODERATE,"SPF 25-30, Partial coverage needed",206.0,186.0,170.0,4.774137011075391,8.137983274311509,4.779438144493403,DIM,Wristwatch detected,2026-09-30T11:06:27.861390
FITZ_I_NECK_6521,NECK,I,Type I - Very Fair,EXTREME,"SPF 50+, Complete coverage required",241.0,207.0,199.0,3.0653576134219183,8.426863846783839,11.882071581918902,DIM,Clean visible skin,2026-09-30T11:06:27.835804
FITZ_II_FACE_9349,FACE,II,Type II - Fair,HIGH,"SPF 30+, Coverage recommended",230.0,209.0,184.0,3.8919765464497664,8.457942036283164,6.138148433296572,SHADOW,Clean visible skin,2026-09-30T11:06:27.852202
FITZ_II_HAND_2305,HAND,II,Type II - Fair,HIGH,"SPF 30+, Coverage recommended",233.0,209.0,192.0,7.417735468038019,5.651076270205353,6.858329584357892,NORMAL,Wristwatch detected,2026-09-30T11:06:27.844027
FITZ_I_FACE_6131,FACE,I,Type I - Very Fair,EXTREME,"SPF 50+, Complete coverage required",248.0,222.0,215.0,3.092919556361679,6.367719184790901,9.148049022240254,DIM,Wristwatch detected,2026-09-30T11:06:27.842027
FITZ_III_NECK_8319,NECK,III,Type III - Light,MODERATE,"SPF 25-30, Partial coverage needed",202.0,190.0,173.0,6.906032759612961,8.061504464603843,6.6390456284828545,DIM,Hand washing observed,2026-09-30T11:06:27.858310
FITZ_I_ARM_5461,ARM,I,Type I - Very Fair,EXTREME,"SPF 50+, Complete coverage required",254.0,229.0,204.0,4.610315824854876,7.802916075209907,4.681260393640539,NORMAL,Gloves properly worn,2026-09-30T11:06:27.837878
FITZ_IV_ARM_1839,ARM,IV,Type IV - Medium/Olive,LOW,"SPF 15-20, Standard protection",200.0,182.0,169.0,4.408004219433945,5.176249436756709,9.862241955324318,DIM,Hand washing observed,2026-09-30T11:06:27.872851
FITZ_I_FACE_9443,FACE,I,Type I - Very Fair,EXTREME,"SPF 50+, Complete coverage required",241.0,210.0,203.0,8.605295115068722,3.5652643590995745,10.530189485448016,SHADOW,Ring present during food prep,2026-09-30T11:06:27.831024
FITZ_III_FACE_2508,FACE,III,Type III - Light,MODERATE,"SPF 25-30, Partial coverage needed",216.0,205.0,189.0,11.537685272067252,8.016344286646422,10.439875394792178,DIM,Clean visible skin,2026-09-30T11:06:27.855202
FITZ_III_NECK_4310,NECK,III,Type III - Light,MODERATE,"SPF 25-30, Partial coverage needed",219.0,202.0,178.0,4.575917093887812,6.312732474763761,4.993972531368456,BRIGHT,Proper hygienic practice,2026-09-30T11:06:27.861390
FITZ_IV_FACE_5378,FACE,IV,Type IV - Medium/Olive,LOW,"SPF 15-20, Standard protection",193.0,173.0,146.0,6.729620454056594,11.346721017888353,6.4760945157564995,NORMAL,Ring present during food prep,2026-09-30T11:06:27.873855
FITZ_II_HAND_8873,HAND,II,Type II - Fair,HIGH,"SPF 30+, Coverage recommended",225.0,211.0,175.0,6.893316973014228,6.43471754123709,6.928309141259378,DIM,Clean visible skin,2026-09-30T11:06:27.847125
FITZ_I_HAND_4305,HAND,I,Type I - Very Fair,EXTREME,"SPF 50+, Complete coverage required",247.0,216.0,205.0,3.5878725044964956,8.373996802410431,9.808692963325852,DIM,Wristwatch detected,2026-09-30T11:06:27.835804
FITZ_III_NECK_5472,NECK,III,Type III - Light,MODERATE,"SPF 25-30, Partial coverage needed",220.0,192.0,195.0,10.165676601653917,6.684230743186369,9.067557002603149,BRIGHT,Gloves properly worn,2026-09-30T11:06:27.858310
FITZ_II_NECK_2257,NECK,II,Type II - Fair,HIGH,"SPF 30+, Coverage recommended",239.0,226.0,194.0,10.745626531241422,9.232039855258732,4.174291803780417,NORMAL,Clean visible skin,2026-09-30T11:06:27.849134
FITZ_III_ARM_3036,ARM,III,Type III - Light,MODERATE,"SPF 25-30, Partial coverage needed",220.0,199.0,165.0,6.806871017048415,10.802090882757295,11.206293510816861,BRIGHT,Wristwatch detected,2026-09-30T11:06:27.862388
FITZ_I_FACE_3501,FACE,I,Type I - Very Fair,EXTREME,"SPF 50+, Complete coverage required",248.0,235.0,212.0,7.304544722137552,10.458185739378225,7.455229726608514,SHADOW,Proper hygienic practice,2026-09-30T11:06:27.835804
FITZ_IV_FACE_6825,FACE,IV,Type IV - Medium/Olive,LOW,"SPF 15-20, Standard protection",195.0,169.0,147.0,8.51390270839341,6.65389685047524,11.433982174428206,NORMAL,Proper hygienic practice,2026-09-30T11:06:27.873855
FITZ_III_NECK_8970,NECK,III,Type III - Light,MODERATE,"SPF 25-30, Partial coverage needed",215.0,189.0,180.0,6.942989681844451,3.9279318159447625,10.556840598520512,DIM,Wristwatch detected,2026-09-30T11:06:27.858310
FITZ_I_NECK_8007,NECK,I,Type I - Very Fair,EXTREME,"SPF 50+, Complete coverage required",253.0,236.0,191.0,6.0020088474457935,4.17737694631532,11.818181584459523,BRIGHT,Wristwatch detected,2026-09-30T11:06:27.831024
FITZ_III_NECK_9575,NECK,III,Type III - Light,MODERATE,"SPF 25-30, Partial coverage needed",215.0,186.0,176.0,10.636301583312752,8.394764914785267,6.134160863475476,BRIGHT,Ring present during food prep,2026-09-30T11:06:27.857311
FITZ_III_HAND_3660,HAND,III,Type III - Light,MODERATE,"SPF 25-30, Partial coverage needed",220.0,206.0,196.0,11.023746236694567,8.751109866610156,6.952880717093809,BRIGHT,Ring present during food prep,2026-09-30T11:06:27.858310
FITZ_IV_ARM_3100,ARM,IV,Type IV - Medium/Olive,LOW,"SPF 15-20, Standard protection",182.0,172.0,142.0,4.399297587697219,4.07008790761386,6.715818990455071,NORMAL,Hand washing observed,2026-09-30T11:06:27.867774
FITZ_III_HAND_2576,HAND,III,Type III - Light,MODERATE,"SPF 25-30, Partial coverage needed",220.0,195.0,180.0,5.968461769538383,7.840439573092775,8.170389860233993,SHADOW,Wristwatch detected,2026-09-30T11:06:27.857311
FITZ_IV_FACE_5095,FACE,IV,Type IV - Medium/Olive,LOW,"SPF 15-20, Standard protection",183.0,156.0,144.0,7.183440220217893,4.677984246996189,11.262959241888407,DIM,Hand washing observed,2026-09-30T11:06:27.867774
FITZ_II_NECK_5285,NECK,II,Type II - Fair,HIGH,"SPF 30+, Coverage recommended",223.0,202.0,198.0,10.728456427958495,7.53100777222248,10.786905121993135,BRIGHT,Wristwatch detected,2026-09-30T11:06:27.848124
FITZ_I_HAND_2880,HAND,I,Type I - Very Fair,EXTREME,"SPF 50+, Complete coverage required",245.0,221.0,193.0,4.09434249800151,8.45499696780739,7.8235875979613025,BRIGHT,Proper hygienic practice,2026-09-30T11:06:27.835804
FITZ_II_NECK_4731,NECK,II,Type II - Fair,HIGH,"SPF 30+, Coverage recommended",220.0,201.0,183.0,6.252161536109867,7.286785949798458,4.886332411852996,BRIGHT,Clean visible skin,2026-09-30T11:06:27.849134
FITZ_II_ARM_8603,ARM,II,Type II - Fair,HIGH,"SPF 30+, Coverage recommended",223.0,207.0,194.0,10.073061953410727,4.543768834236333,7.755095204840269,DIM,Wristwatch detected,2026-09-30T11:06:27.853203
FITZ_IV_NECK_3011,NECK,IV,Type IV - Medium/Olive,LOW,"SPF 15-20, Standard protection",193.0,166.0,160.0,4.448944426995525,3.7664437020996457,8.942260276028899,BRIGHT,Gloves properly worn,2026-09-30T11:06:27.866501
FITZ_II_HAND_8023,HAND,II,Type II - Fair,HIGH,"SPF 30+, Coverage recommended",234.0,213.0,181.0,5.604290912084704,5.908879495086726,9.419596182623701,SHADOW,Ring present during food prep,2026-09-30T11:06:27.848124
FITZ_IV_FACE_5552,FACE,IV,Type IV - Medium/Olive,LOW,"SPF 15-20, Standard protection",180.0,158.0,155.0,4.503856899193312,3.455666584337011,7.336155454090156,DIM,Hand washing observed,2026-09-30T11:06:27.871855
FITZ_IV_FACE_1393,FACE,IV,Type IV - Medium/Olive,LOW,"SPF 15-20, Standard protection",194.0,167.0,172.0,4.955234989385568,4.225284926104555,4.845966884794434,SHADOW,Gloves properly worn,2026-09-30T11:06:27.871855
FITZ_I_HAND_8214,HAND,I,Type I - Very Fair,EXTREME,"SPF 50+, Complete coverage required",247.0,223.0,209.0,5.464094662943726,7.450436346383522,10.499231683132885,BRIGHT,Gloves properly worn,2026-09-30T11:06:27.836878
FITZ_IV_NECK_4248,NECK,IV,Type IV - Medium/Olive,LOW,"SPF 15-20, Standard protection",188.0,160.0,162.0,6.461412026597899,5.399828782533499,8.517450931108074,DIM,Proper hygienic practice,2026-09-30T11:06:27.869789
FITZ_III_ARM_4582,ARM,III,Type III - Light,MODERATE,"SPF 25-30, Partial coverage needed",204.0,176.0,166.0,3.2560478498768584,6.220869680768978,11.868870299387103,BRIGHT,Wristwatch detected,2026-09-30T11:06:27.860392
FITZ_III_NECK_5825,NECK,III,Type III - Light,MODERATE,"SPF 25-30, Partial coverage needed",204.0,183.0,161.0,7.012212437710884,8.987243004754195,5.499225517770984,DIM,Gloves properly worn,2026-09-30T11:06:27.862388
FITZ_I_ARM_4548,ARM,I,Type I - Very Fair,EXTREME,"SPF 50+, Complete coverage required",244.0,208.0,192.0,4.620337856186674,11.624145028360983,8.394217705154368,NORMAL,Hand washing observed,2026-09-30T11:06:27.833804
FITZ_I_HAND_3608,HAND,I,Type I - Very Fair,EXTREME,"SPF 50+, Complete coverage required",252.0,223.0,189.0,5.1499272408473225,11.676002414963099,11.836678791987328,BRIGHT,Clean visible skin,2026-09-30T11:06:27.833804
FITZ_IV_FACE_9037,FACE,IV,Type IV - Medium/Olive,LOW,"SPF 15-20, Standard protection",192.0,169.0,161.0,5.671154281994573,11.570424531396094,11.059007855798946,DIM,Gloves properly worn,2026-09-30T11:06:27.865397
FITZ_IV_NECK_7576,NECK,IV,Type IV - Medium/Olive,LOW,"SPF 15-20, Standard protection",193.0,164.0,164.0,8.075526387544649,9.585678738654366,4.742378475640214,NORMAL,Proper hygienic practice,2026-09-30T11:06:27.868780
FITZ_III_HAND_6917,HAND,III,Type III - Light,MODERATE,"SPF 25-30, Partial coverage needed",216.0,193.0,167.0,4.703471204680334,9.59287316160193,7.066266217899937,SHADOW,Ring present during food prep,2026-09-30T11:06:27.853203
FITZ_II_ARM_3947,ARM,II,Type II - Fair,HIGH,"SPF 30+, Coverage recommended",234.0,209.0,187.0,7.023253157055023,10.527278520675257,8.648268732949164,SHADOW,Proper hygienic practice,2026-09-30T11:06:27.848124
FITZ_II_NECK_4066,NECK,II,Type II - Fair,HIGH,"SPF 30+, Coverage recommended",220.0,204.0,179.0,10.674671416802212,6.130927895927426,11.395411966308291,NORMAL,Ring present during food prep,2026-09-30T11:06:27.844027
FITZ_II_FACE_1717,FACE,II,Type II - Fair,HIGH,"SPF 30+, Coverage recommended",236.0,221.0,180.0,8.699586427661874,5.3938370014486985,3.072128598500778,NORMAL,Gloves properly worn,2026-09-30T11:06:27.844027
FITZ_III_ARM_7008,ARM,III,Type III - Light,MODERATE,"SPF 25-30, Partial coverage needed",218.0,189.0,184.0,8.17229713974306,7.987995030108068,6.4370760025842495,BRIGHT,Hand washing observed,2026-09-30T11:06:27.856312
FITZ_II_HAND_9479,HAND,II,Type II - Fair,HIGH,"SPF 30+, Coverage recommended",237.0,217.0,188.0,7.77817261648744,5.420141537566579,11.720867080736898,NORMAL,Proper hygienic practice,2026-09-30T11:06:27.848124
FITZ_III_NECK_9156,NECK,III,Type III - Light,MODERATE,"SPF 25-30, Partial coverage needed",213.0,189.0,167.0,8.466551255456048,6.400758923712407,9.122334711137235,NORMAL,Gloves properly worn,2026-09-30T11:06:27.863397
FITZ_II_HAND_2784,HAND,II,Type II - Fair,HIGH,"SPF 30+, Coverage recommended",236.0,207.0,196.0,6.6644139056231255,9.311967166740894,6.081988471494841,BRIGHT,Wristwatch detected,2026-09-30T11:06:27.847125
FITZ_I_FACE_4279,FACE,I,Type I - Very Fair,EXTREME,"SPF 50+, Complete coverage required",246.0,228.0,190.0,7.890282454114871,10.347204237824311,9.633415581312269,BRIGHT,Gloves properly worn,2026-09-30T11:06:27.839885
FITZ_I_NECK_2293,NECK,I,Type I - Very Fair,EXTREME,"SPF 50+, Complete coverage required",252.0,234.0,204.0,7.819629707810368,10.80204612335006,7.27341949309728,BRIGHT,Proper hygienic practice,2026-09-30T11:06:27.832797
FITZ_IV_NECK_9920,NECK,IV,Type IV - Medium/Olive,LOW,"SPF 15-20, Standard protection",181.0,163.0,146.0,10.07718306795023,11.573001756814245,10.20458670404902,NORMAL,Gloves properly worn,2026-09-30T11:06:27.865397
FITZ_IV_FACE_8118,FACE,IV,Type IV - Medium/Olive,LOW,"SPF 15-20, Standard protection",186.0,164.0,161.0,4.415998731795739,5.309519340157191,5.522296672395397,DIM,Clean visible skin,2026-09-30T11:06:27.867774
FITZ_III_ARM_1344,ARM,III,Type III - Light,MODERATE,"SPF 25-30, Partial coverage needed",209.0,182.0,158.0,4.9194744878287215,11.339116188487965,11.381413450647957,SHADOW,Proper hygienic practice,2026-09-30T11:06:27.861390
FITZ_III_HAND_3819,HAND,III,Type III - Light,MODERATE,"SPF 25-30, Partial coverage needed",206.0,175.0,155.0,7.364405898470858,3.934921353951159,11.352956252989973,NORMAL,Clean visible skin,2026-09-30T11:06:27.856312
FITZ_II_FACE_4087,FACE,II,Type II - Fair,HIGH,"SPF 30+, Coverage recommended",228.0,200.0,177.0,6.678747908258179,10.737560167307938,9.654458163884017,SHADOW,Gloves properly worn,2026-09-30T11:06:27.851202
FITZ_IV_ARM_8960,ARM,IV,Type IV - Medium/Olive,LOW,"SPF 15-20, Standard protection",180.0,159.0,149.0,8.094359557894261,6.639107406696279,3.993740202633049,DIM,Ring present during food prep,2026-09-30T11:06:27.870852
FITZ_IV_FACE_2973,FACE,IV,Type IV - Medium/Olive,LOW,"SPF 15-20, Standard protection",195.0,169.0,165.0,7.59473854675964,11.519898065261437,8.804900750994253,SHADOW,Gloves properly worn,2026-09-30T11:06:27.869789
FITZ_III_ARM_1278,ARM,III,Type III - Light,MODERATE,"SPF 25-30, Partial coverage needed",206.0,187.0,172.0,3.2984884256668203,5.887264394234478,11.914476527647503,BRIGHT,Hand washing observed,2026-09-30T11:06:27.862388
FITZ_IV_ARM_2775,ARM,IV,Type IV - Medium/Olive,LOW,"SPF 15-20, Standard protection",192.0,171.0,148.0,9.401163727449847,7.403363007529007,9.625697431503617,DIM,Proper hygienic practice,2026-09-30T11:06:27.867774
FITZ_IV_FACE_7129,FACE,IV,Type IV - Medium/Olive,LOW,"SPF 15-20, Standard protection",181.0,156.0,157.0,5.851173061917292,7.801756886277164,3.8213066615548543,BRIGHT,Proper hygienic practice,2026-09-30T11:06:27.865397
FITZ_IV_NECK_2705,NECK,IV,Type IV - Medium/Olive,LOW,"SPF 15-20, Standard protection",197.0,185.0,149.0,11.265367909122439,9.397916000225981,10.787991850970077,SHADOW,Clean visible skin,2026-09-30T11:06:27.871855
FITZ_IV_NECK_2500,NECK,IV,Type IV - Medium/Olive,LOW,"SPF 15-20, Standard protection",197.0,171.0,155.0,4.04600123822704,6.84090713863557,9.273731952122418,NORMAL,Proper hygienic practice,2026-09-30T11:06:27.870852
FITZ_III_ARM_3640,ARM,III,Type III - Light,MODERATE,"SPF 25-30, Partial coverage needed",219.0,205.0,188.0,10.499745204320625,9.893593371156909,3.490868740366453,NORMAL,Hand washing observed,2026-09-30T11:06:27.863397
FITZ_IV_HAND_8364,HAND,IV,Type IV - Medium/Olive,LOW,"SPF 15-20, Standard protection",190.0,163.0,164.0,5.297380045488543,4.669543185504952,8.240241148937791,SHADOW,Gloves properly worn,2026-09-30T11:06:27.867774
FITZ_II_NECK_1812,NECK,II,Type II - Fair,HIGH,"SPF 30+, Coverage recommended",228.0,202.0,202.0,11.264938403406205,10.21294422163071,11.333263211434245,DIM,Ring present during food prep,2026-09-30T11:06:27.849134
FITZ_III_HAND_1313,HAND,III,Type III - Light,MODERATE,"SPF 25-30, Partial coverage needed",212.0,194.0,188.0,5.949871634331479,10.764089465385174,6.2887976679796385,NORMAL,Wristwatch detected,2026-09-30T11:06:27.861390
FITZ_IV_ARM_4267,ARM,IV,Type IV - Medium/Olive,LOW,"SPF 15-20, Standard protection",198.0,184.0,160.0,10.974664140809056,10.746309450697197,8.664881397010097,NORMAL,Clean visible skin,2026-09-30T11:06:27.871855
FITZ_II_HAND_4116,HAND,II,Type II - Fair,HIGH,"SPF 30+, Coverage recommended",235.0,203.0,197.0,4.284691759174597,3.1452688170924983,10.012468984744284,DIM,Proper hygienic practice,2026-09-30T11:06:27.849134
FITZ_IV_FACE_1563,FACE,IV,Type IV - Medium/Olive,LOW,"SPF 15-20, Standard protection",191.0,172.0,154.0,11.522593619192827,10.091951145745842,9.368868853073131,NORMAL,Gloves properly worn,2026-09-30T11:06:27.867774
FITZ_III_ARM_5785,ARM,III,Type III - Light,MODERATE,"SPF 25-30, Partial coverage needed",215.0,190.0,167.0,6.950930720927893,10.613741120425843,9.797581010063507,BRIGHT,Clean visible skin,2026-09-30T11:06:27.856312
FITZ_I_HAND_9232,HAND,I,Type I - Very Fair,EXTREME,"SPF 50+, Complete coverage required",252.0,221.0,200.0,4.202086944390423,10.531381510671034,3.008639934533999,SHADOW,Wristwatch detected,2026-09-30T11:06:27.842027
FITZ_I_HAND_1658,HAND,I,Type I - Very Fair,EXTREME,"SPF 50+, Complete coverage required",243.0,216.0,189.0,5.276425907177476,4.1537193223055,4.659221390858412,NORMAL,Gloves properly worn,2026-09-30T11:06:27.838880
FITZ_IV_HAND_7930,HAND,IV,Type IV - Medium/Olive,LOW,"SPF 15-20, Standard protection",188.0,165.0,166.0,4.261927344834661,4.010909755032934,4.770071550433629,BRIGHT,Clean visible skin,2026-09-30T11:06:27.868780
FITZ_I_NECK_5259,NECK,I,Type I - Very Fair,EXTREME,"SPF 50+, Complete coverage required",248.0,225.0,208.0,7.734787439146263,10.486219946404045,5.560003692265927,NORMAL,Wristwatch detected,2026-09-30T11:06:27.837878
FITZ_III_FACE_2337,FACE,III,Type III - Light,MODERATE,"SPF 25-30, Partial coverage needed",214.0,199.0,165.0,7.639132997729858,4.98958964171187,6.600020817616221,BRIGHT,Clean visible skin,2026-09-30T11:06:27.854203
FITZ_II_FACE_2656,FACE,II,Type II - Fair,HIGH,"SPF 30+, Coverage recommended",231.0,202.0,200.0,3.154727181263782,6.597024790490591,9.218607406971682,DIM,Hand washing observed,2026-09-30T11:06:27.843024
FITZ_II_NECK_2171,NECK,II,Type II - Fair,HIGH,"SPF 30+, Coverage recommended",223.0,191.0,182.0,6.734652247341897,6.070081881727448,10.462875061047729,SHADOW,Clean visible skin,2026-09-30T11:06:27.850202
FITZ_IV_FACE_4278,FACE,IV,Type IV - Medium/Olive,LOW,"SPF 15-20, Standard protection",182.0,162.0,150.0,11.514981826468704,10.051102358299126,9.402937870109332,BRIGHT,Clean visible skin,2026-09-30T11:06:27.864398
FITZ_IV_FACE_2509,FACE,IV,Type IV - Medium/Olive,LOW,"SPF 15-20, Standard protection",196.0,182.0,153.0,10.018122333645143,11.079068836883321,4.184451047490093,SHADOW,Hand washing observed,2026-09-30T11:06:27.872851
FITZ_II_ARM_8065,ARM,II,Type II - Fair,HIGH,"SPF 30+, Coverage recommended",236.0,209.0,204.0,10.863781884978915,6.421022724200036,3.0914328371970328,DIM,Ring present during food prep,2026-09-30T11:06:27.847125
FITZ_III_FACE_9846,FACE,III,Type III - Light,MODERATE,"SPF 25-30, Partial coverage needed",219.0,194.0,178.0,5.238374683320357,11.905558188810762,9.77818502580702,SHADOW,Hand washing observed,2026-09-30T11:06:27.857311
FITZ_IV_NECK_9078,NECK,IV,Type IV - Medium/Olive,LOW,"SPF 15-20, Standard protection",191.0,179.0,149.0,11.77802614173137,11.347939902595686,3.451585748660609,BRIGHT,Ring present during food prep,2026-09-30T11:06:27.864398
FITZ_II_HAND_8011,HAND,II,Type II - Fair,HIGH,"SPF 30+, Coverage recommended",221.0,189.0,191.0,9.005690476575372,3.273004742940709,6.490517230588615,DIM,Ring present during food prep,2026-09-30T11:06:27.844027
FITZ_I_FACE_8485,FACE,I,Type I - Very Fair,EXTREME,"SPF 50+, Complete coverage required",252.0,232.0,203.0,11.452252199368258,8.147410060049982,7.825434466653129,NORMAL,Clean visible skin,2026-09-30T11:06:27.833804
FITZ_IV_FACE_6679,FACE,IV,Type IV - Medium/Olive,LOW,"SPF 15-20, Standard protection",199.0,181.0,172.0,10.005058476046703,11.40906064776251,11.087825481247654,BRIGHT,Ring present during food prep,2026-09-30T11:06:27.871855
FITZ_I_NECK_5931,NECK,I,Type I - Very Fair,EXTREME,"SPF 50+, Complete coverage required",249.0,212.0,211.0,5.382947220325368,7.900155583409152,4.758719974982077,BRIGHT,Hand washing observed,2026-09-30T11:06:27.842027
FITZ_III_HAND_2103,HAND,III,Type III - Light,MODERATE,"SPF 25-30, Partial coverage needed",216.0,198.0,179.0,4.701466603067892,10.104737002885376,6.728336421477161,DIM,Ring present during food prep,2026-09-30T11:06:27.854203
FITZ_II_ARM_3515,ARM,II,Type II - Fair,HIGH,"SPF 30+, Coverage recommended",236.0,212.0,203.0,3.9328028034622373,8.129976022834086,3.0366060355055815,BRIGHT,Hand washing observed,2026-09-30T11:06:27.853203
FITZ_IV_ARM_9513,ARM,IV,Type IV - Medium/Olive,LOW,"SPF 15-20, Standard protection",181.0,155.0,141.0,7.620034460213188,8.016241989337725,3.9168643359327593,BRIGHT,Clean visible skin,2026-09-30T11:06:27.864398
FITZ_IV_NECK_3475,NECK,IV,Type IV - Medium/Olive,LOW,"SPF 15-20, Standard protection",193.0,169.0,152.0,9.429103580445874,5.851773662151428,11.131239775015487,SHADOW,Hand washing observed,2026-09-30T11:06:27.872851
FITZ_II_NECK_9439,NECK,II,Type II - Fair,HIGH,"SPF 30+, Coverage recommended",233.0,208.0,177.0,6.4877539972011276,5.370919250538109,3.3178674466488793,SHADOW,Wristwatch detected,2026-09-30T11:06:27.847125
FITZ_III_FACE_3859,FACE,III,Type III - Light,MODERATE,"SPF 25-30, Partial coverage needed",220.0,197.0,181.0,5.402018936400992,10.213712575350124,7.159526048663212,SHADOW,Ring present during food prep,2026-09-30T11:06:27.854203
FITZ_II_HAND_8989,HAND,II,Type II - Fair,HIGH,"SPF 30+, Coverage recommended",225.0,203.0,185.0,7.239066459539545,3.1744752371134797,3.707228022174942,NORMAL,Wristwatch detected,2026-09-30T11:06:27.846122
FITZ_IV_NECK_4011,NECK,IV,Type IV - Medium/Olive,LOW,"SPF 15-20, Standard protection",182.0,161.0,143.0,8.854790220873817,11.455468595698509,7.133940021188629,NORMAL,Ring present during food prep,2026-09-30T11:06:27.865397
FITZ_IV_NECK_9223,NECK,IV,Type IV - Medium/Olive,LOW,"SPF 15-20, Standard protection",197.0,182.0,154.0,4.147920581391954,6.522280324776903,11.414623829343004,NORMAL,Gloves properly worn,2026-09-30T11:06:27.867774
FITZ_I_FACE_2858,FACE,I,Type I - Very Fair,EXTREME,"SPF 50+, Complete coverage required",240.0,227.0,201.0,5.153677160948853,4.425403474247092,7.95755106302403,SHADOW,Gloves properly worn,2026-09-30T11:06:27.831024
FITZ_IV_NECK_6650,NECK,IV,Type IV - Medium/Olive,LOW,"SPF 15-20, Standard protection",184.0,170.0,139.0,8.083093158199592,7.410283052730912,5.2002160239518,SHADOW,Clean visible skin,2026-09-30T11:06:27.866501
FITZ_I_HAND_2468,HAND,I,Type I - Very Fair,EXTREME,"SPF 50+, Complete coverage required",255.0,219.0,206.0,6.187986841822083,10.607895967135963,10.41263953465489,BRIGHT,Ring present during food prep,2026-09-30T11:06:27.842027
FITZ_III_FACE_5428,FACE,III,Type III - Light,MODERATE,"SPF 25-30, Partial coverage needed",216.0,195.0,184.0,7.643040796810009,9.38999475547758,3.839964164420407,NORMAL,Wristwatch detected,2026-09-30T11:06:27.856312
FITZ_II_NECK_3543,NECK,II,Type II - Fair,HIGH,"SPF 30+, Coverage recommended",221.0,206.0,178.0,4.7250413263895545,3.3387523425575587,9.827408400384137,DIM,Ring present during food prep,2026-09-30T11:06:27.846122
FITZ_IV_NECK_6715,NECK,IV,Type IV - Medium/Olive,LOW,"SPF 15-20, Standard protection",199.0,183.0,167.0,6.44716051079306,7.685754561969007,3.2932786835418772,DIM,Clean visible skin,2026-09-30T11:06:27.865397
FITZ_II_NECK_7280,NECK,II,Type II - Fair,HIGH,"SPF 30+, Coverage recommended",224.0,190.0,171.0,9.762658360740923,3.568898397965381,4.739497723434644,NORMAL,Gloves properly worn,2026-09-30T11:06:27.850202
FITZ_I_FACE_3587,FACE,I,Type I - Very Fair,EXTREME,"SPF 50+, Complete coverage required",242.0,221.0,188.0,11.110052256462895,10.064402156658293,11.100880258478318,DIM,Hand washing observed,2026-09-30T11:06:27.841026
FITZ_II_FACE_4519,FACE,II,Type II - Fair,HIGH,"SPF 30+, Coverage recommended",224.0,200.0,190.0,7.2515686779975255,5.4191388123857624,3.4918738461654293,DIM,Gloves properly worn,2026-09-30T11:06:27.847125
FITZ_IV_FACE_4290,FACE,IV,Type IV - Medium/Olive,LOW,"SPF 15-20, Standard protection",191.0,174.0,157.0,8.543641199744872,6.446052535250489,5.2143996080067305,NORMAL,Wristwatch detected,2026-09-30T11:06:27.866501
FITZ_I_HAND_4802,HAND,I,Type I - Very Fair,EXTREME,"SPF 50+, Complete coverage required",248.0,211.0,220.0,9.071691772355319,5.365191695127061,11.732672756593054,BRIGHT,Clean visible skin,2026-09-30T11:06:27.839885
FITZ_I_HAND_7453,HAND,I,Type I - Very Fair,EXTREME,"SPF 50+, Complete coverage required",252.0,226.0,217.0,5.517486098615838,11.901816305586504,9.123587761069746,NORMAL,Hand washing observed,2026-09-30T11:06:27.831024
FITZ_IV_ARM_6565,ARM,IV,Type IV - Medium/Olive,LOW,"SPF 15-20, Standard protection",187.0,162.0,157.0,4.474986096044996,4.581754215882334,4.7079071728110815,NORMAL,Wristwatch detected,2026-09-30T11:06:27.872851
FITZ_I_FACE_2462,FACE,I,Type I - Very Fair,EXTREME,"SPF 50+, Complete coverage required",246.0,212.0,216.0,11.315887617346778,11.641025983863344,6.691003614656443,BRIGHT,Hand washing observed,2026-09-30T11:06:27.841026
FITZ_II_HAND_4607,HAND,II,Type II - Fair,HIGH,"SPF 30+, Coverage recommended",230.0,212.0,204.0,5.500963580348079,10.301769551270969,11.295474285547767,BRIGHT,Gloves properly worn,2026-09-30T11:06:27.844027
FITZ_II_ARM_5445,ARM,II,Type II - Fair,HIGH,"SPF 30+, Coverage recommended",221.0,198.0,193.0,9.772147047197148,3.316106283186011,11.675122186569256,BRIGHT,Wristwatch detected,2026-09-30T11:06:27.848124
FITZ_II_ARM_6870,ARM,II,Type II - Fair,HIGH,"SPF 30+, Coverage recommended",231.0,213.0,206.0,4.089989986650748,5.075653167645073,4.41202301905308,NORMAL,Wristwatch detected,2026-09-30T11:06:27.844027
FITZ_I_NECK_8843,NECK,I,Type I - Very Fair,EXTREME,"SPF 50+, Complete coverage required",249.0,233.0,191.0,11.286584922619799,10.745271171059478,10.211027621642124,BRIGHT,Clean visible skin,2026-09-30T11:06:27.837878
FITZ_IV_FACE_2683,FACE,IV,Type IV - Medium/Olive,LOW,"SPF 15-20, Standard protection",189.0,176.0,146.0,10.08358103277159,10.402142435391312,3.3954109761813362,DIM,Gloves properly worn,2026-09-30T11:06:27.872851
FITZ_I_ARM_7142,ARM,I,Type I - Very Fair,EXTREME,"SPF 50+, Complete coverage required",248.0,222.0,190.0,11.503871487212393,8.954265457592959,3.09511607349192,DIM,Clean visible skin,2026-09-30T11:06:27.837878
FITZ_I_NECK_2986,NECK,I,Type I - Very Fair,EXTREME,"SPF 50+, Complete coverage required",244.0,216.0,219.0,3.7060047507033804,3.6958029689462957,11.419660828492603,BRIGHT,Wristwatch detected,2026-09-30T11:06:27.836878
FITZ_I_ARM_9363,ARM,I,Type I - Very Fair,EXTREME,"SPF 50+, Complete coverage required",240.0,222.0,215.0,8.14475700495313,11.410718956983102,11.466706578847445,SHADOW,Proper hygienic practice,2026-09-30T11:06:27.841026
FITZ_III_NECK_1522,NECK,III,Type III - Light,MODERATE,"SPF 25-30, Partial coverage needed",210.0,194.0,184.0,7.499324512371109,8.566473110090094,4.961929481450005,BRIGHT,Ring present during food prep,2026-09-30T11:06:27.858310
FITZ_III_NECK_3425,NECK,III,Type III - Light,MODERATE,"SPF 25-30, Partial coverage needed",219.0,198.0,192.0,7.169175527530741,9.97699611779478,6.683640466817508,DIM,Ring present during food prep,2026-09-30T11:06:27.856312
FITZ_II_NECK_4418,NECK,II,Type II - Fair,HIGH,"SPF 30+, Coverage recommended",235.0,209.0,191.0,7.431338096306982,7.393044123761095,8.111604287374,DIM,Hand washing observed,2026-09-30T11:06:27.848124
FITZ_II_NECK_8355,NECK,II,Type II - Fair,HIGH,"SPF 30+, Coverage recommended",235.0,220.0,178.0,11.360245974664851,7.464240344382368,7.699352674193992,DIM,Gloves properly worn,2026-09-30T11:06:27.848124
FITZ_III_HAND_4475,HAND,III,Type III - Light,MODERATE,"SPF 25-30, Partial coverage needed",213.0,184.0,188.0,10.833265980232268,3.1956813072702293,4.022520333968215,DIM,Wristwatch detected,2026-09-30T11:06:27.858310
FITZ_II_FACE_1253,FACE,II,Type II - Fair,HIGH,"SPF 30+, Coverage recommended",227.0,195.0,187.0,11.46290156314258,10.789444887139659,11.110811752919608,NORMAL,Ring present during food prep,2026-09-30T11:06:27.848124
FITZ_III_NECK_1931,NECK,III,Type III - Light,MODERATE,"SPF 25-30, Partial coverage needed",203.0,186.0,182.0,6.5450132770553076,8.42540894808597,11.47861772449902,NORMAL,Ring present during food prep,2026-09-30T11:06:27.860392
FITZ_II_NECK_4330,NECK,II,Type II - Fair,HIGH,"SPF 30+, Coverage recommended",237.0,210.0,180.0,10.084839964844075,3.8899383671351835,9.317010856820918,NORMAL,Hand washing observed,2026-09-30T11:06:27.844027
FITZ_III_ARM_9592,ARM,III,Type III - Light,MODERATE,"SPF 25-30, Partial coverage needed",211.0,192.0,159.0,4.26716021404591,9.964795438336342,5.067309107343206,BRIGHT,Proper hygienic practice,2026-09-30T11:06:27.854203
FITZ_I_NECK_4878,NECK,I,Type I - Very Fair,EXTREME,"SPF 50+, Complete coverage required",251.0,214.0,218.0,6.858788845132967,6.267192125929956,10.595036593808302,SHADOW,Hand washing observed,2026-09-30T11:06:27.841026
FITZ_II_ARM_9036,ARM,II,Type II - Fair,HIGH,"SPF 30+, Coverage recommended",230.0,213.0,176.0,11.630693884936218,10.600360111672263,5.97394565121288,BRIGHT,Ring present during food prep,2026-09-30T11:06:27.845024
FITZ_IV_NECK_5465,NECK,IV,Type IV - Medium/Olive,LOW,"SPF 15-20, Standard protection",191.0,163.0,171.0,5.872937737634101,10.81479991414135,11.2271041370035,BRIGHT,Hand washing observed,2026-09-30T11:06:27.864398
FITZ_I_NECK_1832,NECK,I,Type I - Very Fair,EXTREME,"SPF 50+, Complete coverage required",244.0,214.0,205.0,9.458509684249181,4.8323758109470765,8.708141629965716,DIM,Proper hygienic practice,2026-09-30T11:06:27.831024
FITZ_IV_NECK_6196,NECK,IV,Type IV - Medium/Olive,LOW,"SPF 15-20, Standard protection",197.0,184.0,157.0,8.33224610471499,6.888725188492305,4.460515434635381,DIM,Wristwatch detected,2026-09-30T11:06:27.867774
FITZ_IV_FACE_3081,FACE,IV,Type IV - Medium/Olive,LOW,"SPF 15-20, Standard protection",182.0,172.0,162.0,9.917634342870532,11.725451216124913,7.873929995481198,DIM,Proper hygienic practice,2026-09-30T11:06:27.871855
FITZ_IV_ARM_6297,ARM,IV,Type IV - Medium/Olive,LOW,"SPF 15-20, Standard protection",189.0,163.0,149.0,11.018920097915114,10.718078520477917,9.897178119122408,SHADOW,Proper hygienic practice,2026-09-30T11:06:27.864398
FITZ_II_ARM_2081,ARM,II,Type II - Fair,HIGH,"SPF 30+, Coverage recommended",227.0,207.0,196.0,7.4965438237461015,3.725210393164456,7.095734545396261,DIM,Proper hygienic practice,2026-09-30T11:06:27.850202
FITZ_III_ARM_9298,ARM,III,Type III - Light,MODERATE,"SPF 25-30, Partial coverage needed",216.0,188.0,187.0,5.596702449642702,9.979608474825248,5.983918017079699,SHADOW,Wristwatch detected,2026-09-30T11:06:27.857311
FITZ_III_HAND_2762,HAND,III,Type III - Light,MODERATE,"SPF 25-30, Partial coverage needed",220.0,202.0,188.0,5.253352181108575,10.08475927397765,8.271698836562685,DIM,Proper hygienic practice,2026-09-30T11:06:27.863397
FITZ_IV_HAND_1073,HAND,IV,Type IV - Medium/Olive,LOW,"SPF 15-20, Standard protection",199.0,173.0,172.0,7.413691827258637,7.600626093569751,3.263836613634205,SHADOW,Clean visible skin,2026-09-30T11:06:27.864398
FITZ_II_NECK_2511,NECK,II,Type II - Fair,HIGH,"SPF 30+, Coverage recommended",227.0,211.0,200.0,10.06941901315492,11.395531975167337,4.481648948788577,SHADOW,Hand washing observed,2026-09-30T11:06:27.848124
FITZ_II_NECK_9208,NECK,II,Type II - Fair,HIGH,"SPF 30+, Coverage recommended",237.0,217.0,199.0,6.512492926720084,4.3962176905823025,8.822091593821007,DIM,Ring present during food prep,2026-09-30T11:06:27.853203
FITZ_IV_HAND_2385,HAND,IV,Type IV - Medium/Olive,LOW,"SPF 15-20, Standard protection",199.0,180.0,175.0,11.23387105892581,5.216738949533261,11.56892607109562,NORMAL,Ring present during food prep,2026-09-30T11:06:27.871855
FITZ_IV_FACE_5221,FACE,IV,Type IV - Medium/Olive,LOW,"SPF 15-20, Standard protection",188.0,166.0,167.0,9.108928792109552,4.164657174919366,6.91959082953895,SHADOW,Clean visible skin,2026-09-30T11:06:27.866501
FITZ_I_ARM_8113,ARM,I,Type I - Very Fair,EXTREME,"SPF 50+, Complete coverage required",254.0,216.0,204.0,6.780125570317917,11.654118811469061,3.9005942135462894,DIM,Hand washing observed,2026-09-30T11:06:27.836878
FITZ_I_ARM_6228,ARM,I,Type I - Very Fair,EXTREME,"SPF 50+, Complete coverage required",249.0,212.0,215.0,8.74965766839102,4.8886111817354205,4.804999610281816,DIM,Wristwatch detected,2026-09-30T11:06:27.833804
FITZ_II_ARM_2843,ARM,II,Type II - Fair,HIGH,"SPF 30+, Coverage recommended",226.0,200.0,202.0,11.594920510950171,8.838999611915167,9.901593776958055,BRIGHT,Gloves properly worn,2026-09-30T11:06:27.843024
FITZ_I_HAND_4933,HAND,I,Type I - Very Fair,EXTREME,"SPF 50+, Complete coverage required",241.0,217.0,198.0,11.87695812692543,11.553339087852763,8.559293261787108,SHADOW,Ring present during food prep,2026-09-30T11:06:27.842027
FITZ_III_NECK_6692,NECK,III,Type III - Light,MODERATE,"SPF 25-30, Partial coverage needed",216.0,202.0,171.0,8.481948179348091,10.523867029149107,9.142583769017413,NORMAL,Wristwatch detected,2026-09-30T11:06:27.856312
FITZ_I_ARM_4407,ARM,I,Type I - Very Fair,EXTREME,"SPF 50+, Complete coverage required",254.0,240.0,216.0,11.674512563450342,7.812886428793795,7.276388904740923,SHADOW,Gloves properly worn,2026-09-30T11:06:27.842027
FITZ_I_NECK_7216,NECK,I,Type I - Very Fair,EXTREME,"SPF 50+, Complete coverage required",243.0,206.0,190.0,11.000672958932917,3.1464970303123945,9.224984710650102,SHADOW,Clean visible skin,2026-09-30T11:06:27.841026
FITZ_IV_HAND_9479,HAND,IV,Type IV - Medium/Olive,LOW,"SPF 15-20, Standard protection",187.0,162.0,143.0,11.001429047828022,8.47978172581938,11.487059100558298,SHADOW,Ring present during food prep,2026-09-30T11:06:27.866501
FITZ_II_ARM_4365,ARM,II,Type II - Fair,HIGH,"SPF 30+, Coverage recommended",231.0,214.0,198.0,3.9709080913341315,3.4546971340283044,6.436368246513286,BRIGHT,Proper hygienic practice,2026-09-30T11:06:27.850202
FITZ_I_HAND_6139,HAND,I,Type I - Very Fair,EXTREME,"SPF 50+, Complete coverage required",246.0,209.0,202.0,6.833584255607985,9.048104580309449,9.17103961065845,BRIGHT,Wristwatch detected,2026-09-30T11:06:27.839885
FITZ_II_FACE_2191,FACE,II,Type II - Fair,HIGH,"SPF 30+, Coverage recommended",229.0,214.0,189.0,5.31460797727622,4.96846661014424,10.774815705365068,SHADOW,Proper hygienic practice,2026-09-30T11:06:27.850202
FITZ_IV_NECK_5429,NECK,IV,Type IV - Medium/Olive,LOW,"SPF 15-20, Standard protection",197.0,186.0,153.0,6.361850174838156,10.65565050716895,10.0577301625969,DIM,Gloves properly worn,2026-09-30T11:06:27.871855
FITZ_II_ARM_8250,ARM,II,Type II - Fair,HIGH,"SPF 30+, Coverage recommended",233.0,210.0,201.0,8.014377879872164,10.28571476833936,11.395700264540546,NORMAL,Hand washing observed,2026-09-30T11:06:27.851202
FITZ_I_NECK_4380,NECK,I,Type I - Very Fair,EXTREME,"SPF 50+, Complete coverage required",244.0,231.0,214.0,8.934302217861887,4.274698132386428,7.480490083084568,BRIGHT,Proper hygienic practice,2026-09-30T11:06:27.835804
FITZ_I_NECK_1217,NECK,I,Type I - Very Fair,EXTREME,"SPF 50+, Complete coverage required",244.0,212.0,197.0,6.396825203814231,3.3344505092264027,6.892387714043712,SHADOW,Gloves properly worn,2026-09-30T11:06:27.837878
FITZ_IV_HAND_9238,HAND,IV,Type IV - Medium/Olive,LOW,"SPF 15-20, Standard protection",186.0,159.0,149.0,9.051017320586233,9.458775093520234,7.40660654573862,SHADOW,Gloves properly worn,2026-09-30T11:06:27.867774
FITZ_IV_HAND_1104,HAND,IV,Type IV - Medium/Olive,LOW,"SPF 15-20, Standard protection",187.0,159.0,156.0,5.138958599925804,4.4984463032505655,11.977773350464165,BRIGHT,Hand washing observed,2026-09-30T11:06:27.871855
FITZ_I_NECK_7773,NECK,I,Type I - Very Fair,EXTREME,"SPF 50+, Complete coverage required",252.0,234.0,219.0,5.932827554683005,8.845062715100616,10.131878455870323,SHADOW,Wristwatch detected,2026-09-30T11:06:27.833804
FITZ_II_ARM_2322,ARM,II,Type II - Fair,HIGH,"SPF 30+, Coverage recommended",226.0,207.0,183.0,8.477985847308585,7.6401000799860235,10.289471377103297,SHADOW,Wristwatch detected,2026-09-30T11:06:27.850202
FITZ_III_FACE_4519,FACE,III,Type III - Light,MODERATE,"SPF 25-30, Partial coverage needed",209.0,182.0,158.0,11.594917045064138,8.58570916326086,4.954168627420448,BRIGHT,Hand washing observed,2026-09-30T11:06:27.862388
FITZ_I_ARM_3430,ARM,I,Type I - Very Fair,EXTREME,"SPF 50+, Complete coverage required",255.0,238.0,207.0,3.9716564671130445,9.411611834073867,6.992060964267078,NORMAL,Wristwatch detected,2026-09-30T11:06:27.831024
FITZ_IV_FACE_3895,FACE,IV,Type IV - Medium/Olive,LOW,"SPF 15-20, Standard protection",187.0,162.0,156.0,8.285605645604463,5.912268080468475,11.29467100375135,DIM,Gloves properly worn,2026-09-30T11:06:27.871855
FITZ_IV_FACE_3674,FACE,IV,Type IV - Medium/Olive,LOW,"SPF 15-20, Standard protection",197.0,186.0,161.0,6.690957985572174,5.472144858150977,8.641314907431644,DIM,Proper hygienic practice,2026-09-30T11:06:27.869789
FITZ_III_NECK_9667,NECK,III,Type III - Light,MODERATE,"SPF 25-30, Partial coverage needed",208.0,186.0,162.0,9.38011927144503,8.544580697324097,10.244491067644418,NORMAL,Gloves properly worn,2026-09-30T11:06:27.854203
FITZ_I_FACE_4395,FACE,I,Type I - Very Fair,EXTREME,"SPF 50+, Complete coverage required",244.0,227.0,192.0,6.907663844709011,3.9950420811557197,7.994472611953215,NORMAL,Hand washing observed,2026-09-30T11:06:27.841026
FITZ_IV_HAND_9965,HAND,IV,Type IV - Medium/Olive,LOW,"SPF 15-20, Standard protection",199.0,177.0,169.0,9.799278761197337,8.033559832165368,4.652168349016161,DIM,Ring present during food prep,2026-09-30T11:06:27.870852
FITZ_II_HAND_7852,HAND,II,Type II - Fair,HIGH,"SPF 30+, Coverage recommended",227.0,211.0,204.0,7.111259346766299,9.582680501698196,4.198744233243645,SHADOW,Wristwatch detected,2026-09-30T11:06:27.849134
FITZ_III_NECK_3924,NECK,III,Type III - Light,MODERATE,"SPF 25-30, Partial coverage needed",212.0,200.0,166.0,6.834711809713047,6.977821527004115,3.880406805983327,BRIGHT,Ring present during food prep,2026-09-30T11:06:27.862388
FITZ_II_FACE_5787,FACE,II,Type II - Fair,HIGH,"SPF 30+, Coverage recommended",225.0,191.0,173.0,11.772154902306193,8.48332165342229,4.935016534036114,DIM,Hand washing observed,2026-09-30T11:06:27.848124
FITZ_I_ARM_5961,ARM,I,Type I - Very Fair,EXTREME,"SPF 50+, Complete coverage required",247.0,210.0,220.0,10.361789934474743,7.338597074827796,8.105194969607417,DIM,Ring present during food prep,2026-09-30T11:06:27.833804
FITZ_II_NECK_2633,NECK,II,Type II - Fair,HIGH,"SPF 30+, Coverage recommended",221.0,192.0,172.0,6.829203937593479,9.258230487275856,8.089268444920545,NORMAL,Wristwatch detected,2026-09-30T11:06:27.844027
FITZ_I_ARM_7294,ARM,I,Type I - Very Fair,EXTREME,"SPF 50+, Complete coverage required",247.0,227.0,209.0,7.083866868744826,4.028147713777473,7.490167413107505,NORMAL,Proper hygienic practice,2026-09-30T11:06:27.836878
FITZ_IV_FACE_1030,FACE,IV,Type IV - Medium/Olive,LOW,"SPF 15-20, Standard protection",184.0,170.0,152.0,11.51577366222354,9.900519818239335,6.887864382930165,DIM,Hand washing observed,2026-09-30T11:06:27.873855
FITZ_II_ARM_7292,ARM,II,Type II - Fair,HIGH,"SPF 30+, Coverage recommended",237.0,207.0,212.0,8.034053939754322,11.046105025423252,8.325667128183486,DIM,Hand washing observed,2026-09-30T11:06:27.850202
FITZ_II_ARM_5420,ARM,II,Type II - Fair,HIGH,"SPF 30+, Coverage recommended",237.0,214.0,182.0,3.3003249903853797,5.049019534376856,11.29680627886034,SHADOW,Clean visible skin,2026-09-30T11:06:27.850202
FITZ_I_FACE_9765,FACE,I,Type I - Very Fair,EXTREME,"SPF 50+, Complete coverage required",247.0,221.0,212.0,11.64369942261617,3.7027372655024093,8.703188977038673,DIM,Proper hygienic practice,2026-09-30T11:06:27.833804
FITZ_I_ARM_3282,ARM,I,Type I - Very Fair,EXTREME,"SPF 50+, Complete coverage required",255.0,240.0,228.0,8.879088008923844,3.2904725301445064,6.792651275902464,BRIGHT,Hand washing observed,2026-09-30T11:06:27.836878
FITZ_IV_FACE_8134,FACE,IV,Type IV - Medium/Olive,LOW,"SPF 15-20, Standard protection",186.0,167.0,144.0,6.708870432692305,8.088281508299342,7.665868239765408,NORMAL,Gloves properly worn,2026-09-30T11:06:27.871855
FITZ_I_FACE_5346,FACE,I,Type I - Very Fair,EXTREME,"SPF 50+, Complete coverage required",244.0,226.0,197.0,10.11527172129589,10.766803447072324,7.931815279245109,BRIGHT,Hand washing observed,2026-09-30T11:06:27.841026
FITZ_IV_FACE_1942,FACE,IV,Type IV - Medium/Olive,LOW,"SPF 15-20, Standard protection",199.0,184.0,169.0,7.720286851894331,10.6258306668078,4.490922683064717,BRIGHT,Wristwatch detected,2026-09-30T11:06:27.863397
FITZ_I_NECK_6953,NECK,I,Type I - Very Fair,EXTREME,"SPF 50+, Complete coverage required",240.0,223.0,208.0,11.668541234520044,8.73784310177998,11.010998089425561,BRIGHT,Proper hygienic practice,2026-09-30T11:06:27.832797
FITZ_III_NECK_2527,NECK,III,Type III - Light,MODERATE,"SPF 25-30, Partial coverage needed",202.0,172.0,154.0,4.163155901499195,10.259567281119466,8.822535001339318,DIM,Proper hygienic practice,2026-09-30T11:06:27.859309
FITZ_I_ARM_6163,ARM,I,Type I - Very Fair,EXTREME,"SPF 50+, Complete coverage required",247.0,229.0,188.0,5.237578083773952,10.718841022206428,4.13085203376026,SHADOW,Gloves properly worn,2026-09-30T11:06:27.843024
FITZ_III_FACE_1781,FACE,III,Type III - Light,MODERATE,"SPF 25-30, Partial coverage needed",213.0,194.0,170.0,10.975602875910514,4.479406826126359,4.826497873904206,SHADOW,Clean visible skin,2026-09-30T11:06:27.861390
FITZ_III_ARM_8389,ARM,III,Type III - Light,MODERATE,"SPF 25-30, Partial coverage needed",204.0,183.0,164.0,7.194330982353723,7.092718309676259,4.495618582701825,SHADOW,Gloves properly worn,2026-09-30T11:06:27.863397
FITZ_IV_ARM_2699,ARM,IV,Type IV - Medium/Olive,LOW,"SPF 15-20, Standard protection",183.0,172.0,150.0,6.4228073958944885,3.5694406310890376,9.810844099948033,BRIGHT,Wristwatch detected,2026-09-30T11:06:27.865397
FITZ_III_HAND_2053,HAND,III,Type III - Light,MODERATE,"SPF 25-30, Partial coverage needed",210.0,196.0,164.0,11.921645556297797,9.06368280356601,6.142025766174958,SHADOW,Hand washing observed,2026-09-30T11:06:27.862388
FITZ_II_FACE_9057,FACE,II,Type II - Fair,HIGH,"SPF 30+, Coverage recommended",225.0,212.0,200.0,9.700232788602143,10.465047840878057,6.7737782606608175,NORMAL,Ring present during food prep,2026-09-30T11:06:27.850202
FITZ_III_ARM_5754,ARM,III,Type III - Light,MODERATE,"SPF 25-30, Partial coverage needed",202.0,177.0,170.0,10.581364327333269,4.860706449177499,8.522754992648125,SHADOW,Ring present during food prep,2026-09-30T11:06:27.857311
FITZ_I_HAND_7076,HAND,I,Type I - Very Fair,EXTREME,"SPF 50+, Complete coverage required",255.0,228.0,195.0,3.342281308009122,6.4925746445380526,3.7524722655331537,NORMAL,Clean visible skin,2026-09-30T11:06:27.837878
FITZ_II_FACE_3106,FACE,II,Type II - Fair,HIGH,"SPF 30+, Coverage recommended",220.0,195.0,181.0,5.230619278796376,6.61810125296218,8.247518255078237,NORMAL,Proper hygienic practice,2026-09-30T11:06:27.849134
FITZ_IV_FACE_7838,FACE,IV,Type IV - Medium/Olive,LOW,"SPF 15-20, Standard protection",185.0,157.0,140.0,11.049760288357206,4.471050434500123,3.55621567160593,NORMAL,Proper hygienic practice,2026-09-30T11:06:27.867774
FITZ_IV_HAND_3511,HAND,IV,Type IV - Medium/Olive,LOW,"SPF 15-20, Standard protection",183.0,158.0,155.0,8.70889266143831,3.6836882004199056,7.480465469879404,DIM,Hand washing observed,2026-09-30T11:06:27.872851
FITZ_I_HAND_5362,HAND,I,Type I - Very Fair,EXTREME,"SPF 50+, Complete coverage required",243.0,219.0,211.0,8.804829343876484,4.301880840383306,3.82711853442315,SHADOW,Clean visible skin,2026-09-30T11:06:27.841026
FITZ_II_HAND_9458,HAND,II,Type II - Fair,HIGH,"SPF 30+, Coverage recommended",225.0,191.0,171.0,9.198658592434061,3.001196940148829,6.809518505272463,BRIGHT,Gloves properly worn,2026-09-30T11:06:27.844027
FITZ_II_HAND_9702,HAND,II,Type II - Fair,HIGH,"SPF 30+, Coverage recommended",235.0,209.0,198.0,10.249900760472329,6.7625585364196805,5.291790214801617,SHADOW,Clean visible skin,2026-09-30T11:06:27.852202
FITZ_III_NECK_4755,NECK,III,Type III - Light,MODERATE,"SPF 25-30, Partial coverage needed",201.0,185.0,165.0,4.017661821653089,7.080398831121486,4.7167320537084265,NORMAL,Wristwatch detected,2026-09-30T11:06:27.857311
FITZ_IV_FACE_3455,FACE,IV,Type IV - Medium/Olive,LOW,"SPF 15-20, Standard protection",180.0,157.0,152.0,10.385160241012251,9.889872561001795,3.786870960271117,NORMAL,Wristwatch detected,2026-09-30T11:06:27.868780
FITZ_I_FACE_6567,FACE,I,Type I - Very Fair,EXTREME,"SPF 50+, Complete coverage required",253.0,235.0,207.0,11.004202067292223,11.949147110063056,4.369847840473005,DIM,Gloves properly worn,2026-09-30T11:06:27.836878
FITZ_IV_HAND_5194,HAND,IV,Type IV - Medium/Olive,LOW,"SPF 15-20, Standard protection",184.0,158.0,154.0,11.196076552462781,10.724200745672022,4.171087607577516,SHADOW,Gloves properly worn,2026-09-30T11:06:27.871855
FITZ_II_ARM_8641,ARM,II,Type II - Fair,HIGH,"SPF 30+, Coverage recommended",239.0,205.0,214.0,6.622058407132267,3.2639786529523964,11.071243357647111,DIM,Hand washing observed,2026-09-30T11:06:27.844027
FITZ_II_ARM_9051,ARM,II,Type II - Fair,HIGH,"SPF 30+, Coverage recommended",222.0,197.0,176.0,10.862995912163777,8.49232557909467,9.38789146888827,NORMAL,Proper hygienic practice,2026-09-30T11:06:27.847125
FITZ_IV_ARM_3616,ARM,IV,Type IV - Medium/Olive,LOW,"SPF 15-20, Standard protection",183.0,169.0,150.0,8.444530042036115,3.199501133459994,10.187803583492652,NORMAL,Ring present during food prep,2026-09-30T11:06:27.864398
FITZ_I_FACE_8514,FACE,I,Type I - Very Fair,EXTREME,"SPF 50+, Complete coverage required",246.0,211.0,209.0,8.548611367505455,5.913593172852444,11.877311523344623,DIM,Gloves properly worn,2026-09-30T11:06:27.835804
FITZ_III_ARM_7047,ARM,III,Type III - Light,MODERATE,"SPF 25-30, Partial coverage needed",203.0,174.0,153.0,5.84631496180824,6.003684862099985,3.701352099070332,BRIGHT,Hand washing observed,2026-09-30T11:06:27.857311
FITZ_III_ARM_7832,ARM,III,Type III - Light,MODERATE,"SPF 25-30, Partial coverage needed",220.0,195.0,168.0,3.0946192721393495,3.876500921299721,10.560481280133711,BRIGHT,Hand washing observed,2026-09-30T11:06:27.857311
FITZ_I_ARM_1228,ARM,I,Type I - Very Fair,EXTREME,"SPF 50+, Complete coverage required",253.0,236.0,191.0,5.19856763668781,8.734860516181206,11.631677082695996,SHADOW,Gloves properly worn,2026-09-30T11:06:27.842027
FITZ_III_NECK_1824,NECK,III,Type III - Light,MODERATE,"SPF 25-30, Partial coverage needed",210.0,183.0,173.0,6.023131567281225,7.62840270029177,10.38746753748132,NORMAL,Wristwatch detected,2026-09-30T11:06:27.861390
FITZ_II_HAND_7549,HAND,II,Type II - Fair,HIGH,"SPF 30+, Coverage recommended",239.0,209.0,209.0,6.705483936618821,5.549774095410921,4.136163770774044,DIM,Wristwatch detected,2026-09-30T11:06:27.844027
FITZ_II_ARM_2990,ARM,II,Type II - Fair,HIGH,"SPF 30+, Coverage recommended",227.0,206.0,192.0,7.207751427016445,6.700047303995402,3.942953021440908,NORMAL,Proper hygienic practice,2026-09-30T11:06:27.852202
FITZ_I_HAND_1110,HAND,I,Type I - Very Fair,EXTREME,"SPF 50+, Complete coverage required",251.0,219.0,197.0,8.625303189920052,8.344257582351709,4.759934023922344,NORMAL,Proper hygienic practice,2026-09-30T11:06:27.832289
FITZ_IV_HAND_3027,HAND,IV,Type IV - Medium/Olive,LOW,"SPF 15-20, Standard protection",199.0,187.0,169.0,5.148494404305183,8.276100609569305,8.347835079722056,BRIGHT,Wristwatch detected,2026-09-30T11:06:27.864398
FITZ_III_NECK_8207,NECK,III,Type III - Light,MODERATE,"SPF 25-30, Partial coverage needed",206.0,176.0,172.0,6.159931836389202,11.739833003695816,7.541256834389026,DIM,Wristwatch detected,2026-09-30T11:06:27.854203
FITZ_II_NECK_7720,NECK,II,Type II - Fair,HIGH,"SPF 30+, Coverage recommended",228.0,197.0,188.0,9.833920924909798,10.126922702088713,4.934698505310616,BRIGHT,Clean visible skin,2026-09-30T11:06:27.846122
FITZ_III_HAND_2912,HAND,III,Type III - Light,MODERATE,"SPF 25-30, Partial coverage needed",207.0,192.0,156.0,7.496645365366642,10.464121387795625,3.902120769437701,BRIGHT,Gloves properly worn,2026-09-30T11:06:27.856312
FITZ_II_HAND_4691,HAND,II,Type II - Fair,HIGH,"SPF 30+, Coverage recommended",230.0,216.0,193.0,3.595058491263121,10.628550284817614,6.910908732304241,NORMAL,Gloves properly worn,2026-09-30T11:06:27.847125
FITZ_II_FACE_9555,FACE,II,Type II - Fair,HIGH,"SPF 30+, Coverage recommended",224.0,194.0,185.0,7.914325966241835,7.347709808649697,5.968450046445282,DIM,Clean visible skin,2026-09-30T11:06:27.844027
FITZ_II_HAND_5930,HAND,II,Type II - Fair,HIGH,"SPF 30+, Coverage recommended",226.0,193.0,201.0,4.26028356178142,3.3508383543980984,11.97039315280177,SHADOW,Hand washing observed,2026-09-30T11:06:27.848124
FITZ_IV_FACE_9475,FACE,IV,Type IV - Medium/Olive,LOW,"SPF 15-20, Standard protection",193.0,166.0,172.0,9.837701917557954,8.17192094847788,4.8622404751129515,NORMAL,Gloves properly worn,2026-09-30T11:06:27.865397
FITZ_I_HAND_5521,HAND,I,Type I - Very Fair,EXTREME,"SPF 50+, Complete coverage required",240.0,220.0,207.0,4.172772779918503,6.245118369695759,10.290317216906434,DIM,Ring present during food prep,2026-09-30T11:06:27.835804
FITZ_IV_FACE_6250,FACE,IV,Type IV - Medium/Olive,LOW,"SPF 15-20, Standard protection",181.0,161.0,161.0,5.037405149584833,11.65345536792301,11.343277935095802,SHADOW,Ring present during food prep,2026-09-30T11:06:27.868780
FITZ_I_FACE_3032,FACE,I,Type I - Very Fair,EXTREME,"SPF 50+, Complete coverage required",254.0,225.0,214.0,5.091829296430799,8.287216926676498,11.895427779254504,BRIGHT,Wristwatch detected,2026-09-30T11:06:27.835804
FITZ_IV_ARM_2254,ARM,IV,Type IV - Medium/Olive,LOW,"SPF 15-20, Standard protection",188.0,167.0,163.0,9.547601673763328,9.659478409878082,7.847293159157992,SHADOW,Clean visible skin,2026-09-30T11:06:27.865397
FITZ_II_NECK_5321,NECK,II,Type II - Fair,HIGH,"SPF 30+, Coverage recommended",230.0,217.0,185.0,3.4131922664679983,4.1040020316843115,8.532550742847839,NORMAL,Gloves properly worn,2026-09-30T11:06:27.849134
FITZ_II_NECK_6159,NECK,II,Type II - Fair,HIGH,"SPF 30+, Coverage recommended",229.0,210.0,177.0,7.6353353280007505,8.56125608694644,10.630355280141796,SHADOW,Hand washing observed,2026-09-30T11:06:27.843024
FITZ_II_HAND_7633,HAND,II,Type II - Fair,HIGH,"SPF 30+, Coverage recommended",226.0,211.0,174.0,9.35821372593447,9.287426600691095,4.9143128773212865,BRIGHT,Wristwatch detected,2026-09-30T11:06:27.844027
FITZ_I_FACE_2661,FACE,I,Type I - Very Fair,EXTREME,"SPF 50+, Complete coverage required",248.0,234.0,201.0,4.471885894119331,9.141057987929411,10.508092455252072,SHADOW,Proper hygienic practice,2026-09-30T11:06:27.836878
FITZ_IV_HAND_2157,HAND,IV,Type IV - Medium/Olive,LOW,"SPF 15-20, Standard protection",192.0,181.0,152.0,5.690937220927175,7.550833738982211,8.318537833298063,SHADOW,Clean visible skin,2026-09-30T11:06:27.870852
FITZ_I_FACE_6815,FACE,I,Type I - Very Fair,EXTREME,"SPF 50+, Complete coverage required",250.0,234.0,221.0,8.323302019229658,8.549666344895556,11.947206933048488,NORMAL,Ring present during food prep,2026-09-30T11:06:27.836878
FITZ_I_ARM_5542,ARM,I,Type I - Very Fair,EXTREME,"SPF 50+, Complete coverage required",246.0,215.0,194.0,3.920899123999005,10.17196032927081,8.285853555824392,SHADOW,Wristwatch detected,2026-09-30T11:06:27.836878
FITZ_I_ARM_7636,ARM,I,Type I - Very Fair,EXTREME,"SPF 50+, Complete coverage required",253.0,215.0,224.0,10.758990122508598,8.18183244663148,8.160597127972586,SHADOW,Hand washing observed,2026-09-30T11:06:27.831024
FITZ_III_FACE_1302,FACE,III,Type III - Light,MODERATE,"SPF 25-30, Partial coverage needed",210.0,183.0,184.0,6.269951591076053,6.313826212258436,3.137930248787438,NORMAL,Gloves properly worn,2026-09-30T11:06:27.853203
FITZ_III_HAND_2100,HAND,III,Type III - Light,MODERATE,"SPF 25-30, Partial coverage needed",210.0,194.0,188.0,4.402944581293756,6.871579236399441,5.435888407030054,BRIGHT,Clean visible skin,2026-09-30T11:06:27.855202
FITZ_III_FACE_2531,FACE,III,Type III - Light,MODERATE,"SPF 25-30, Partial coverage needed",214.0,188.0,165.0,8.174658273569781,6.556041178813858,5.743432642227738,SHADOW,Ring present during food prep,2026-09-30T11:06:27.856312
FITZ_IV_ARM_1064,ARM,IV,Type IV - Medium/Olive,LOW,"SPF 15-20, Standard protection",186.0,168.0,156.0,10.271750335818773,5.347468797705774,7.307072925824689,SHADOW,Clean visible skin,2026-09-30T11:06:27.871855
FITZ_III_ARM_9656,ARM,III,Type III - Light,MODERATE,"SPF 25-30, Partial coverage needed",210.0,184.0,158.0,4.469132884165928,9.343767953077077,10.950612188799283,DIM,Gloves properly worn,2026-09-30T11:06:27.854203
FITZ_III_ARM_9224,ARM,III,Type III - Light,MODERATE,"SPF 25-30, Partial coverage needed",217.0,202.0,192.0,10.578468535572,4.224473621098106,10.573585289287255,DIM,Ring present during food prep,2026-09-30T11:06:27.862388
FITZ_I_ARM_1051,ARM,I,Type I - Very Fair,EXTREME,"SPF 50+, Complete coverage required",247.0,230.0,193.0,7.13555951778937,4.4907830285054935,4.561887988884969,BRIGHT,Hand washing observed,2026-09-30T11:06:27.837878
FITZ_I_NECK_2556,NECK,I,Type I - Very Fair,EXTREME,"SPF 50+, Complete coverage required",255.0,225.0,227.0,9.626548778033039,9.302855038479443,6.6545455871076005,SHADOW,Clean visible skin,2026-09-30T11:06:27.842027
FITZ_II_ARM_7539,ARM,II,Type II - Fair,HIGH,"SPF 30+, Coverage recommended",229.0,207.0,174.0,10.688990235349499,10.834203012083186,6.947702167404883,BRIGHT,Wristwatch detected,2026-09-30T11:06:27.846122
FITZ_II_ARM_5088,ARM,II,Type II - Fair,HIGH,"SPF 30+, Coverage recommended",230.0,198.0,203.0,11.729975281189976,9.116069994970323,9.815043514066158,NORMAL,Hand washing observed,2026-09-30T11:06:27.848124
FITZ_I_HAND_6068,HAND,I,Type I - Very Fair,EXTREME,"SPF 50+, Complete coverage required",241.0,223.0,190.0,10.047345383164854,9.897909266545852,7.9529831690611745,BRIGHT,Proper hygienic practice,2026-09-30T11:06:27.841026
FITZ_II_NECK_5732,NECK,II,Type II - Fair,HIGH,"SPF 30+, Coverage recommended",222.0,190.0,182.0,5.386239983176269,8.18277234870784,5.637250296210052,DIM,Ring present during food prep,2026-09-30T11:06:27.850202
FITZ_III_HAND_2068,HAND,III,Type III - Light,MODERATE,"SPF 25-30, Partial coverage needed",217.0,191.0,194.0,3.8972888786817816,3.6908206785690023,6.877220203940703,BRIGHT,Hand washing observed,2026-09-30T11:06:27.863397
FITZ_III_NECK_6595,NECK,III,Type III - Light,MODERATE,"SPF 25-30, Partial coverage needed",210.0,195.0,181.0,7.89080054813984,9.358296125753661,7.943599153942145,DIM,Hand washing observed,2026-09-30T11:06:27.863397
FITZ_III_HAND_7927,HAND,III,Type III - Light,MODERATE,"SPF 25-30, Partial coverage needed",206.0,182.0,179.0,5.359341311678014,4.621510372204063,8.666312302915284,SHADOW,Wristwatch detected,2026-09-30T11:06:27.854203
FITZ_I_NECK_9146,NECK,I,Type I - Very Fair,EXTREME,"SPF 50+, Complete coverage required",242.0,223.0,205.0,7.152653764591248,8.493887355847475,7.432240586431843,BRIGHT,Wristwatch detected,2026-09-30T11:06:27.839885
FITZ_III_HAND_7761,HAND,III,Type III - Light,MODERATE,"SPF 25-30, Partial coverage needed",207.0,176.0,178.0,5.7822055476614205,8.103768364935975,7.792722319372402,DIM,Proper hygienic practice,2026-09-30T11:06:27.858310
FITZ_IV_NECK_3796,NECK,IV,Type IV - Medium/Olive,LOW,"SPF 15-20, Standard protection",200.0,185.0,167.0,5.010819202597419,11.67242977439043,3.880813400776728,DIM,Wristwatch detected,2026-09-30T11:06:27.868780
FITZ_I_FACE_1275,FACE,I,Type I - Very Fair,EXTREME,"SPF 50+, Complete coverage required",248.0,214.0,220.0,11.055220694444806,5.228181911543606,6.006565477813916,BRIGHT,Ring present during food prep,2026-09-30T11:06:27.838880
FITZ_III_FACE_8507,FACE,III,Type III - Light,MODERATE,"SPF 25-30, Partial coverage needed",208.0,186.0,177.0,6.985028436916517,5.809673636656022,5.457798998204445,NORMAL,Proper hygienic practice,2026-09-30T11:06:27.858310
FITZ_I_FACE_5646,FACE,I,Type I - Very Fair,EXTREME,"SPF 50+, Complete coverage required",244.0,219.0,196.0,5.594441339479305,9.499229150753298,3.7402315061765807,SHADOW,Clean visible skin,2026-09-30T11:06:27.834804
FITZ_III_HAND_1272,HAND,III,Type III - Light,MODERATE,"SPF 25-30, Partial coverage needed",209.0,196.0,170.0,4.663350162732105,6.516229050167803,8.326501383019266,SHADOW,Proper hygienic practice,2026-09-30T11:06:27.856312
FITZ_III_FACE_4306,FACE,III,Type III - Light,MODERATE,"SPF 25-30, Partial coverage needed",215.0,197.0,171.0,11.11467211477119,4.338830910480401,3.047675123503423,BRIGHT,Hand washing observed,2026-09-30T11:06:27.857311
FITZ_III_ARM_9395,ARM,III,Type III - Light,MODERATE,"SPF 25-30, Partial coverage needed",209.0,185.0,162.0,10.21758235654057,3.203632956368493,7.379996242929632,NORMAL,Gloves properly worn,2026-09-30T11:06:27.855202
FITZ_III_NECK_3581,NECK,III,Type III - Light,MODERATE,"SPF 25-30, Partial coverage needed",201.0,178.0,166.0,10.643916590886302,6.757627109044643,9.861823424376102,NORMAL,Wristwatch detected,2026-09-30T11:06:27.861390
FITZ_II_FACE_5908,FACE,II,Type II - Fair,HIGH,"SPF 30+, Coverage recommended",236.0,207.0,194.0,8.707448428109847,3.9067090958533632,5.9245569068920325,SHADOW,Gloves properly worn,2026-09-30T11:06:27.849134
FITZ_I_HAND_9900,HAND,I,Type I - Very Fair,EXTREME,"SPF 50+, Complete coverage required",246.0,221.0,189.0,6.141079514680635,3.6191218265401734,5.1985597485731825,DIM,Clean visible skin,2026-09-30T11:06:27.831024
FITZ_III_FACE_9687,FACE,III,Type III - Light,MODERATE,"SPF 25-30, Partial coverage needed",210.0,186.0,171.0,8.280589153615526,4.577361911681795,11.986785015438434,NORMAL,Ring present during food prep,2026-09-30T11:06:27.863397
FITZ_III_HAND_3843,HAND,III,Type III - Light,MODERATE,"SPF 25-30, Partial coverage needed",205.0,183.0,176.0,4.907088203135948,10.580899883587792,7.690121003838556,SHADOW,Gloves properly worn,2026-09-30T11:06:27.857311
FITZ_I_ARM_7735,ARM,I,Type I - Very Fair,EXTREME,"SPF 50+, Complete coverage required",240.0,213.0,192.0,7.023670534040431,4.322887998214571,8.831670091080497,NORMAL,Proper hygienic practice,2026-09-30T11:06:27.838880
FITZ_II_NECK_9749,NECK,II,Type II - Fair,HIGH,"SPF 30+, Coverage recommended",237.0,221.0,197.0,4.292135809132074,9.93178923637881,10.560596898637826,BRIGHT,Wristwatch detected,2026-09-30T11:06:27.850202
FITZ_IV_HAND_4886,HAND,IV,Type IV - Medium/Olive,LOW,"SPF 15-20, Standard protection",199.0,172.0,173.0,3.170531047598693,4.067388058059949,8.554580991425542,DIM,Hand washing observed,2026-09-30T11:06:27.869789
FITZ_II_FACE_4983,FACE,II,Type II - Fair,HIGH,"SPF 30+, Coverage recommended",223.0,207.0,187.0,5.278487739210633,5.361999074932295,11.622862489028373,SHADOW,Clean visible skin,2026-09-30T11:06:27.851202
FITZ_IV_ARM_5476,ARM,IV,Type IV - Medium/Olive,LOW,"SPF 15-20, Standard protection",183.0,162.0,156.0,8.200528190745054,9.179960944694386,7.461412242984886,NORMAL,Ring present during food prep,2026-09-30T11:06:27.866501
FITZ_I_HAND_9704,HAND,I,Type I - Very Fair,EXTREME,"SPF 50+, Complete coverage required",246.0,229.0,217.0,11.129304042420511,8.725195380215006,3.0016590640969527,BRIGHT,Clean visible skin,2026-09-30T11:06:27.833804
FITZ_IV_ARM_3123,ARM,IV,Type IV - Medium/Olive,LOW,"SPF 15-20, Standard protection",200.0,186.0,178.0,11.664700257342451,8.643873886493704,11.0012077288187,SHADOW,Gloves properly worn,2026-09-30T11:06:27.873855
FITZ_III_NECK_1805,NECK,III,Type III - Light,MODERATE,"SPF 25-30, Partial coverage needed",209.0,191.0,168.0,7.674831658652726,5.4131111607634494,8.267779719292065,DIM,Hand washing observed,2026-09-30T11:06:27.863397
FITZ_IV_FACE_7946,FACE,IV,Type IV - Medium/Olive,LOW,"SPF 15-20, Standard protection",197.0,182.0,149.0,10.07251969798774,9.618755364110378,7.522649283259019,DIM,Clean visible skin,2026-09-30T11:06:27.870852
FITZ_IV_NECK_6494,NECK,IV,Type IV - Medium/Olive,LOW,"SPF 15-20, Standard protection",194.0,171.0,157.0,11.640536190914274,10.713525794986644,9.76470494322308,BRIGHT,Gloves properly worn,2026-09-30T11:06:27.873855
FITZ_I_NECK_7637,NECK,I,Type I - Very Fair,EXTREME,"SPF 50+, Complete coverage required",248.0,232.0,189.0,7.809384026834644,3.052623626250062,4.05010434329317,BRIGHT,Clean visible skin,2026-09-30T11:06:27.834804
FITZ_II_HAND_9929,HAND,II,Type II - Fair,HIGH,"SPF 30+, Coverage recommended",224.0,199.0,187.0,7.238685774343738,5.3563799246119865,3.1774030581819717,NORMAL,Clean visible skin,2026-09-30T11:06:27.851202
FITZ_II_NECK_6176,NECK,II,Type II - Fair,HIGH,"SPF 30+, Coverage recommended",220.0,205.0,179.0,9.704824788083553,4.20715088850545,10.668667187317471,DIM,Gloves properly worn,2026-09-30T11:06:27.847125
FITZ_IV_FACE_2535,FACE,IV,Type IV - Medium/Olive,LOW,"SPF 15-20, Standard protection",180.0,163.0,148.0,7.230592434940228,10.788702447355515,8.58077428741576,DIM,Gloves properly worn,2026-09-30T11:06:27.864398
FITZ_II_NECK_9871,NECK,II,Type II - Fair,HIGH,"SPF 30+, Coverage recommended",228.0,194.0,194.0,7.0057174116541745,10.272240250732501,10.89253909920404,NORMAL,Clean visible skin,2026-09-30T11:06:27.844027
FITZ_I_FACE_1228,FACE,I,Type I - Very Fair,EXTREME,"SPF 50+, Complete coverage required",244.0,225.0,191.0,9.086913522466647,9.06965607270211,6.576703456829694,DIM,Clean visible skin,2026-09-30T11:06:27.831024
FITZ_IV_NECK_4135,NECK,IV,Type IV - Medium/Olive,LOW,"SPF 15-20, Standard protection",198.0,172.0,150.0,3.2660940847977935,7.998992584327595,8.734242396963001,BRIGHT,Ring present during food prep,2026-09-30T11:06:27.872851
FITZ_II_NECK_7505,NECK,II,Type II - Fair,HIGH,"SPF 30+, Coverage recommended",233.0,208.0,190.0,10.477222682685916,7.633908414101135,8.128883781232929,BRIGHT,Ring present during food prep,2026-09-30T11:06:27.845024
FITZ_II_FACE_6527,FACE,II,Type II - Fair,HIGH,"SPF 30+, Coverage recommended",230.0,197.0,199.0,11.93816969742474,4.317751510586034,11.624586217431824,SHADOW,Gloves properly worn,2026-09-30T11:06:27.851202
FITZ_I_HAND_9172,HAND,I,Type I - Very Fair,EXTREME,"SPF 50+, Complete coverage required",250.0,218.0,195.0,4.350796688384115,8.477771118299135,9.55885638373694,NORMAL,Proper hygienic practice,2026-09-30T11:06:27.836878
FITZ_IV_NECK_4151,NECK,IV,Type IV - Medium/Olive,LOW,"SPF 15-20, Standard protection",185.0,172.0,143.0,3.289074267963262,8.952276020523662,10.678283483233647,NORMAL,Gloves properly worn,2026-09-30T11:06:27.869789
FITZ_IV_NECK_1365,NECK,IV,Type IV - Medium/Olive,LOW,"SPF 15-20, Standard protection",180.0,168.0,159.0,3.772529283593244,11.072083789656658,3.8775438543630125,DIM,Proper hygienic practice,2026-09-30T11:06:27.865397
FITZ_II_HAND_1361,HAND,II,Type II - Fair,HIGH,"SPF 30+, Coverage recommended",229.0,214.0,181.0,9.631061511636346,4.555852593814924,4.802475169211737,SHADOW,Proper hygienic practice,2026-09-30T11:06:27.847125
FITZ_IV_FACE_6758,FACE,IV,Type IV - Medium/Olive,LOW,"SPF 15-20, Standard protection",198.0,170.0,163.0,7.9576772835188265,6.189005081581875,3.6417423938914055,SHADOW,Gloves properly worn,2026-09-30T11:06:27.867774
FITZ_I_ARM_1754,ARM,I,Type I - Very Fair,EXTREME,"SPF 50+, Complete coverage required",251.0,233.0,198.0,5.964815807137429,9.679750437251752,6.412704646124048,NORMAL,Hand washing observed,2026-09-30T11:06:27.841026
FITZ_III_FACE_6514,FACE,III,Type III - Light,MODERATE,"SPF 25-30, Partial coverage needed",214.0,197.0,175.0,7.5508210757575025,6.417708908280567,10.872846592232367,SHADOW,Gloves properly worn,2026-09-30T11:06:27.857311
FITZ_II_HAND_7207,HAND,II,Type II - Fair,HIGH,"SPF 30+, Coverage recommended",240.0,218.0,209.0,10.570236708775631,5.412265259963167,9.53420015228383,NORMAL,Ring present during food prep,2026-09-30T11:06:27.851202
FITZ_I_HAND_6866,HAND,I,Type I - Very Fair,EXTREME,"SPF 50+, Complete coverage required",245.0,215.0,203.0,6.517645519346597,3.6982676986048317,9.872301422811265,DIM,Clean visible skin,2026-09-30T11:06:27.834804
FITZ_II_FACE_2667,FACE,II,Type II - Fair,HIGH,"SPF 30+, Coverage recommended",227.0,197.0,195.0,10.083888215280853,8.742752751093843,6.996356316036943,DIM,Clean visible skin,2026-09-30T11:06:27.846122
FITZ_II_HAND_8584,HAND,II,Type II - Fair,HIGH,"SPF 30+, Coverage recommended",220.0,196.0,186.0,4.056055011072851,6.178976271127212,10.245848165107155,NORMAL,Ring present during food prep,2026-09-30T11:06:27.848124
FITZ_III_FACE_3172,FACE,III,Type III - Light,MODERATE,"SPF 25-30, Partial coverage needed",201.0,183.0,153.0,5.158393661959219,5.3065802553008625,8.45167554462542,DIM,Wristwatch detected,2026-09-30T11:06:27.856312
FITZ_IV_HAND_8061,HAND,IV,Type IV - Medium/Olive,LOW,"SPF 15-20, Standard protection",191.0,174.0,156.0,10.089258855528135,10.576912993721152,4.556525897153861,BRIGHT,Clean visible skin,2026-09-30T11:06:27.872851
FITZ_II_ARM_1001,ARM,II,Type II - Fair,HIGH,"SPF 30+, Coverage recommended",233.0,201.0,203.0,11.815433613690974,8.549224903252444,4.422569157734906,BRIGHT,Hand washing observed,2026-09-30T11:06:27.852202
FITZ_IV_ARM_3807,ARM,IV,Type IV - Medium/Olive,LOW,"SPF 15-20, Standard protection",196.0,175.0,174.0,3.0017977933681665,4.761416921573578,8.704531052908083,DIM,Hand washing observed,2026-09-30T11:06:27.872851
FITZ_IV_NECK_5229,NECK,IV,Type IV - Medium/Olive,LOW,"SPF 15-20, Standard protection",195.0,178.0,153.0,7.966440344984365,5.0958262018887925,9.489406635159938,BRIGHT,Ring present during food prep,2026-09-30T11:06:27.865397
FITZ_IV_HAND_6697,HAND,IV,Type IV - Medium/Olive,LOW,"SPF 15-20, Standard protection",181.0,155.0,154.0,10.710106832001003,4.0946487328309855,3.2080313067953807,SHADOW,Proper hygienic practice,2026-09-30T11:06:27.872851
FITZ_IV_FACE_2178,FACE,IV,Type IV - Medium/Olive,LOW,"SPF 15-20, Standard protection",193.0,168.0,156.0,4.569724887872157,4.756422548053555,7.973685640265057,NORMAL,Ring present during food prep,2026-09-30T11:06:27.872851
FITZ_III_ARM_1543,ARM,III,Type III - Light,MODERATE,"SPF 25-30, Partial coverage needed",207.0,177.0,183.0,9.34332307479097,5.369778144583085,11.196068001099304,DIM,Proper hygienic practice,2026-09-30T11:06:27.856312
FITZ_II_NECK_5586,NECK,II,Type II - Fair,HIGH,"SPF 30+, Coverage recommended",227.0,207.0,177.0,11.739666395064457,6.8642661070834965,9.631458005200514,DIM,Ring present during food prep,2026-09-30T11:06:27.844027
FITZ_II_FACE_3291,FACE,II,Type II - Fair,HIGH,"SPF 30+, Coverage recommended",240.0,221.0,206.0,11.774591108865273,10.191514074449822,9.8605740616091,NORMAL,Clean visible skin,2026-09-30T11:06:27.849134
FITZ_I_HAND_4675,HAND,I,Type I - Very Fair,EXTREME,"SPF 50+, Complete coverage required",248.0,226.0,190.0,10.424324113136027,3.9253378056122274,5.67064642103832,SHADOW,Hand washing observed,2026-09-30T11:06:27.835804
FITZ_III_NECK_6656,NECK,III,Type III - Light,MODERATE,"SPF 25-30, Partial coverage needed",207.0,182.0,157.0,8.991760895782361,11.052459832803157,9.897964059963277,BRIGHT,Hand washing observed,2026-09-30T11:06:27.855202
FITZ_I_HAND_4918,HAND,I,Type I - Very Fair,EXTREME,"SPF 50+, Complete coverage required",253.0,224.0,217.0,11.726297430677624,8.495358799132342,9.771520486003373,SHADOW,Wristwatch detected,2026-09-30T11:06:27.831024
FITZ_II_NECK_3856,NECK,II,Type II - Fair,HIGH,"SPF 30+, Coverage recommended",234.0,214.0,197.0,5.115104825411536,11.291104848974342,9.661530021692766,DIM,Clean visible skin,2026-09-30T11:06:27.847125
FITZ_III_ARM_4375,ARM,III,Type III - Light,MODERATE,"SPF 25-30, Partial coverage needed",214.0,186.0,167.0,10.590175831821668,4.478746583796443,9.818585413840314,DIM,Wristwatch detected,2026-09-30T11:06:27.857311
FITZ_IV_ARM_8509,ARM,IV,Type IV - Medium/Olive,LOW,"SPF 15-20, Standard protection",198.0,181.0,175.0,8.032493392690714,5.365848897911321,3.5961983797125927,SHADOW,Clean visible skin,2026-09-30T11:06:27.873855
FITZ_I_HAND_4436,HAND,I,Type I - Very Fair,EXTREME,"SPF 50+, Complete coverage required",241.0,210.0,216.0,6.781584980100503,7.914776049326804,4.4949092522896095,SHADOW,Proper hygienic practice,2026-09-30T11:06:27.835804
FITZ_II_FACE_5554,FACE,II,Type II - Fair,HIGH,"SPF 30+, Coverage recommended",236.0,215.0,179.0,3.4069994552122234,9.243178591095365,9.581898118828253,BRIGHT,Wristwatch detected,2026-09-30T11:06:27.844027
FITZ_IV_FACE_6100,FACE,IV,Type IV - Medium/Olive,LOW,"SPF 15-20, Standard protection",196.0,166.0,152.0,6.791965174635527,8.131280202396994,8.516557430728534,NORMAL,Proper hygienic practice,2026-09-30T11:06:27.868780
FITZ_I_FACE_5094,FACE,I,Type I - Very Fair,EXTREME,"SPF 50+, Complete coverage required",247.0,215.0,207.0,5.044132975619952,9.727281203665743,10.995018044632786,NORMAL,Ring present during food prep,2026-09-30T11:06:27.836878
FITZ_I_ARM_2031,ARM,I,Type I - Very Fair,EXTREME,"SPF 50+, Complete coverage required",249.0,222.0,212.0,11.38549325010364,7.265144259633884,6.781169757207784,NORMAL,Gloves properly worn,2026-09-30T11:06:27.833804
FITZ_IV_FACE_6037,FACE,IV,Type IV - Medium/Olive,LOW,"SPF 15-20, Standard protection",192.0,165.0,164.0,8.669508229372179,4.584984425659108,9.051400526220096,BRIGHT,Clean visible skin,2026-09-30T11:06:27.866501
FITZ_III_ARM_8082,ARM,III,Type III - Light,MODERATE,"SPF 25-30, Partial coverage needed",215.0,185.0,186.0,3.7216776838017673,11.411846178331613,6.207592537519501,BRIGHT,Hand washing observed,2026-09-30T11:06:27.861390
FITZ_III_ARM_4201,ARM,III,Type III - Light,MODERATE,"SPF 25-30, Partial coverage needed",202.0,181.0,162.0,4.248720649551216,5.737490580840455,7.34811978197721,NORMAL,Wristwatch detected,2026-09-30T11:06:27.860392
FITZ_IV_ARM_6285,ARM,IV,Type IV - Medium/Olive,LOW,"SPF 15-20, Standard protection",191.0,172.0,152.0,3.190260091242082,9.39029859714471,9.259209997741426,NORMAL,Clean visible skin,2026-09-30T11:06:27.867774
FITZ_IV_FACE_2878,FACE,IV,Type IV - Medium/Olive,LOW,"SPF 15-20, Standard protection",181.0,166.0,162.0,9.634808271411394,3.2730154210405833,8.715287939973365,BRIGHT,Clean visible skin,2026-09-30T11:06:27.865397
FITZ_III_HAND_5197,HAND,III,Type III - Light,MODERATE,"SPF 25-30, Partial coverage needed",216.0,189.0,165.0,11.755317476484414,4.578737228828247,10.103949765687798,DIM,Hand washing observed,2026-09-30T11:06:27.862388
FITZ_IV_ARM_4310,ARM,IV,Type IV - Medium/Olive,LOW,"SPF 15-20, Standard protection",192.0,169.0,161.0,6.53674666063705,5.217665235195181,7.090884524804865,DIM,Clean visible skin,2026-09-30T11:06:27.869789
FITZ_II_HAND_9752,HAND,II,Type II - Fair,HIGH,"SPF 30+, Coverage recommended",240.0,204.0,214.0,9.652441796105673,9.817575040587883,10.653027427790544,NORMAL,Proper hygienic practice,2026-09-30T11:06:27.844027
FITZ_II_FACE_3845,FACE,II,Type II - Fair,HIGH,"SPF 30+, Coverage recommended",240.0,206.0,199.0,10.086704960477164,6.249068114171816,5.414389737626133,NORMAL,Clean visible skin,2026-09-30T11:06:27.851202
FITZ_III_FACE_1178,FACE,III,Type III - Light,MODERATE,"SPF 25-30, Partial coverage needed",216.0,189.0,175.0,10.787970097060628,3.3174668762105592,4.642418493028265,BRIGHT,Gloves properly worn,2026-09-30T11:06:27.862388
FITZ_I_FACE_5140,FACE,I,Type I - Very Fair,EXTREME,"SPF 50+, Complete coverage required",241.0,220.0,204.0,3.1776758986273066,9.207747735396834,6.750980086615895,SHADOW,Wristwatch detected,2026-09-30T11:06:27.832797
FITZ_II_FACE_9811,FACE,II,Type II - Fair,HIGH,"SPF 30+, Coverage recommended",227.0,207.0,191.0,6.041434027857397,8.398053889125958,6.229526986416788,BRIGHT,Proper hygienic practice,2026-09-30T11:06:27.844027
FITZ_I_HAND_2788,HAND,I,Type I - Very Fair,EXTREME,"SPF 50+, Complete coverage required",254.0,221.0,208.0,4.70555902848927,10.00823115044434,8.88913646387487,BRIGHT,Hand washing observed,2026-09-30T11:06:27.843024
FITZ_I_FACE_9266,FACE,I,Type I - Very Fair,EXTREME,"SPF 50+, Complete coverage required",250.0,235.0,205.0,6.188715152223818,8.457370180293154,9.03712389398283,NORMAL,Proper hygienic practice,2026-09-30T11:06:27.834804
FITZ_II_NECK_9254,NECK,II,Type II - Fair,HIGH,"SPF 30+, Coverage recommended",227.0,194.0,183.0,9.717475145166429,4.05904718897764,3.2348773443492687,BRIGHT,Ring present during food prep,2026-09-30T11:06:27.848124
FITZ_III_NECK_7857,NECK,III,Type III - Light,MODERATE,"SPF 25-30, Partial coverage needed",220.0,199.0,188.0,8.576458539505797,8.378560343445802,5.839006856469246,SHADOW,Proper hygienic practice,2026-09-30T11:06:27.862388
FITZ_II_FACE_5723,FACE,II,Type II - Fair,HIGH,"SPF 30+, Coverage recommended",223.0,193.0,185.0,9.334998826764846,10.924680849932187,10.250234237747257,NORMAL,Proper hygienic practice,2026-09-30T11:06:27.844027
FITZ_I_HAND_2369,HAND,I,Type I - Very Fair,EXTREME,"SPF 50+, Complete coverage required",245.0,221.0,192.0,4.137843572827772,11.172011334127363,7.5757438296431925,NORMAL,Wristwatch detected,2026-09-30T11:06:27.838880
FITZ_III_FACE_9892,FACE,III,Type III - Light,MODERATE,"SPF 25-30, Partial coverage needed",220.0,204.0,194.0,6.794919346370777,11.858462682970451,5.2333070631919,DIM,Proper hygienic practice,2026-09-30T11:06:27.863397
FITZ_III_NECK_9032,NECK,III,Type III - Light,MODERATE,"SPF 25-30, Partial coverage needed",216.0,198.0,170.0,5.063322456835517,4.2177814980771995,8.079346950212706,SHADOW,Ring present during food prep,2026-09-30T11:06:27.858310
FITZ_IV_FACE_9315,FACE,IV,Type IV - Medium/Olive,LOW,"SPF 15-20, Standard protection",194.0,167.0,154.0,6.930399547526083,9.549882375733212,5.222989706851731,SHADOW,Gloves properly worn,2026-09-30T11:06:27.864398
FITZ_I_FACE_3244,FACE,I,Type I - Very Fair,EXTREME,"SPF 50+, Complete coverage required",250.0,221.0,215.0,7.792373880750407,7.438354939581447,6.877408725153774,NORMAL,Hand washing observed,2026-09-30T11:06:27.838880
FITZ_III_HAND_5467,HAND,III,Type III - Light,MODERATE,"SPF 25-30, Partial coverage needed",217.0,191.0,168.0,7.628143114956978,7.2216977068215495,9.604388982864819,SHADOW,Clean visible skin,2026-09-30T11:06:27.862388
FITZ_I_HAND_8393,HAND,I,Type I - Very Fair,EXTREME,"SPF 50+, Complete coverage required",242.0,229.0,213.0,10.677272576346436,3.0299539683928316,5.155962762190702,DIM,Hand washing observed,2026-09-30T11:06:27.838880
FITZ_IV_HAND_5295,HAND,IV,Type IV - Medium/Olive,LOW,"SPF 15-20, Standard protection",180.0,154.0,138.0,6.542871939480267,8.354382785156474,4.608503145913312,SHADOW,Gloves properly worn,2026-09-30T11:06:27.864398
FITZ_III_NECK_6722,NECK,III,Type III - Light,MODERATE,"SPF 25-30, Partial coverage needed",220.0,187.0,168.0,5.7656871042766795,11.710491150171222,5.342497051187811,SHADOW,Wristwatch detected,2026-09-30T11:06:27.859309
FITZ_II_FACE_8290,FACE,II,Type II - Fair,HIGH,"SPF 30+, Coverage recommended",225.0,200.0,199.0,7.629483211445471,7.377720150842421,3.819867522877931,NORMAL,Hand washing observed,2026-09-30T11:06:27.848124
FITZ_III_NECK_9313,NECK,III,Type III - Light,MODERATE,"SPF 25-30, Partial coverage needed",211.0,194.0,163.0,5.729533305809722,3.6453614256196634,6.805386699269885,SHADOW,Clean visible skin,2026-09-30T11:06:27.855202
FITZ_IV_FACE_7044,FACE,IV,Type IV - Medium/Olive,LOW,"SPF 15-20, Standard protection",198.0,173.0,150.0,7.11508002780975,7.770612434117984,11.95612979094067,NORMAL,Ring present during food prep,2026-09-30T11:06:27.867774
FITZ_I_HAND_8686,HAND,I,Type I - Very Fair,EXTREME,"SPF 50+, Complete coverage required",245.0,230.0,185.0,6.237846827196843,7.874615900565013,7.831406428304124,SHADOW,Ring present during food prep,2026-09-30T11:06:27.842027
FITZ_II_ARM_4122,ARM,II,Type II - Fair,HIGH,"SPF 30+, Coverage recommended",222.0,206.0,182.0,9.249652016288739,9.515094930501121,9.442447324025935,SHADOW,Wristwatch detected,2026-09-30T11:06:27.852202
FITZ_II_HAND_4661,HAND,II,Type II - Fair,HIGH,"SPF 30+, Coverage recommended",233.0,198.0,193.0,7.814171972679297,11.957213062230414,6.945068130063335,NORMAL,Hand washing observed,2026-09-30T11:06:27.850202
FITZ_IV_HAND_8534,HAND,IV,Type IV - Medium/Olive,LOW,"SPF 15-20, Standard protection",181.0,162.0,153.0,7.123409946415427,7.686103095960543,3.828068219618773,DIM,Gloves properly worn,2026-09-30T11:06:27.873855
FITZ_III_ARM_8010,ARM,III,Type III - Light,MODERATE,"SPF 25-30, Partial coverage needed",216.0,202.0,187.0,3.824084414264554,8.511317803146987,9.440922292594887,SHADOW,Gloves properly worn,2026-09-30T11:06:27.862388
FITZ_II_HAND_7506,HAND,II,Type II - Fair,HIGH,"SPF 30+, Coverage recommended",230.0,216.0,192.0,10.536339652968866,11.705841848909316,7.91546476113751,SHADOW,Proper hygienic practice,2026-09-30T11:06:27.850202
FITZ_III_HAND_4807,HAND,III,Type III - Light,MODERATE,"SPF 25-30, Partial coverage needed",216.0,203.0,167.0,6.266071138363702,8.391753399024154,3.3410886134561255,NORMAL,Clean visible skin,2026-09-30T11:06:27.853203
FITZ_II_ARM_3111,ARM,II,Type II - Fair,HIGH,"SPF 30+, Coverage recommended",236.0,218.0,180.0,8.902078444985547,5.591200889839073,8.001031575276805,SHADOW,Ring present during food prep,2026-09-30T11:06:27.844027
FITZ_I_NECK_8048,NECK,I,Type I - Very Fair,EXTREME,"SPF 50+, Complete coverage required",244.0,214.0,206.0,7.935207906435245,5.926668989868011,11.951649802748312,DIM,Wristwatch detected,2026-09-30T11:06:27.831024
FITZ_IV_ARM_9194,ARM,IV,Type IV - Medium/Olive,LOW,"SPF 15-20, Standard protection",195.0,184.0,173.0,9.127001226399974,9.001783386303607,10.76203000371703,BRIGHT,Ring present during food prep,2026-09-30T11:06:27.867774
FITZ_IV_FACE_2151,FACE,IV,Type IV - Medium/Olive,LOW,"SPF 15-20, Standard protection",188.0,164.0,158.0,6.144804761338953,10.793036585461607,7.993807576666404,BRIGHT,Hand washing observed,2026-09-30T11:06:27.865397
FITZ_III_HAND_4113,HAND,III,Type III - Light,MODERATE,"SPF 25-30, Partial coverage needed",217.0,202.0,191.0,11.668695572725907,5.919270174019379,6.792434968740434,BRIGHT,Clean visible skin,2026-09-30T11:06:27.863397
FITZ_III_NECK_3969,NECK,III,Type III - Light,MODERATE,"SPF 25-30, Partial coverage needed",204.0,192.0,163.0,8.654468261085611,11.434327528346495,3.3423431915652424,BRIGHT,Proper hygienic practice,2026-09-30T11:06:27.861390
FITZ_III_FACE_2401,FACE,III,Type III - Light,MODERATE,"SPF 25-30, Partial coverage needed",207.0,185.0,181.0,6.856106405834542,4.9395639547338295,4.854902099523327,NORMAL,Clean visible skin,2026-09-30T11:06:27.862388
FITZ_I_ARM_2665,ARM,I,Type I - Very Fair,EXTREME,"SPF 50+, Complete coverage required",247.0,223.0,196.0,7.401890214338379,3.736520981230157,4.234618951285099,DIM,Gloves properly worn,2026-09-30T11:06:27.843024
FITZ_I_ARM_9772,ARM,I,Type I - Very Fair,EXTREME,"SPF 50+, Complete coverage required",244.0,231.0,206.0,9.998307736390025,4.6789965417794654,8.87270447672295,BRIGHT,Gloves properly worn,2026-09-30T11:06:27.835804
FITZ_IV_HAND_4758,HAND,IV,Type IV - Medium/Olive,LOW,"SPF 15-20, Standard protection",186.0,161.0,160.0,3.340796286100912,3.3485530601467035,6.89563332600485,DIM,Gloves properly worn,2026-09-30T11:06:27.871855
FITZ_IV_NECK_1029,NECK,IV,Type IV - Medium/Olive,LOW,"SPF 15-20, Standard protection",180.0,156.0,148.0,8.070189890384187,6.605344748146107,3.644121229005856,BRIGHT,Wristwatch detected,2026-09-30T11:06:27.870852
FITZ_III_ARM_2968,ARM,III,Type III - Light,MODERATE,"SPF 25-30, Partial coverage needed",202.0,184.0,164.0,11.027408133431356,7.940307136180478,3.0864641935569597,SHADOW,Proper hygienic practice,2026-09-30T11:06:27.854203
FITZ_I_NECK_2596,NECK,I,Type I - Very Fair,EXTREME,"SPF 50+, Complete coverage required",247.0,230.0,197.0,9.906747598780854,8.399560364024364,9.449922613162583,DIM,Hand washing observed,2026-09-30T11:06:27.832797
FITZ_I_HAND_2540,HAND,I,Type I - Very Fair,EXTREME,"SPF 50+, Complete coverage required",252.0,215.0,207.0,11.152878737311495,7.273846076946016,7.893614581439194,NORMAL,Ring present during food prep,2026-09-30T11:06:27.837878
FITZ_IV_HAND_7781,HAND,IV,Type IV - Medium/Olive,LOW,"SPF 15-20, Standard protection",187.0,171.0,147.0,10.82259300522461,8.383980626131102,9.960479277966808,NORMAL,Gloves properly worn,2026-09-30T11:06:27.869789
FITZ_II_FACE_2255,FACE,II,Type II - Fair,HIGH,"SPF 30+, Coverage recommended",220.0,203.0,197.0,5.4518775312168035,10.191116983975988,8.331903445056964,SHADOW,Clean visible skin,2026-09-30T11:06:27.848124
FITZ_IV_HAND_5258,HAND,IV,Type IV - Medium/Olive,LOW,"SPF 15-20, Standard protection",195.0,182.0,158.0,5.655196471188875,8.313441818764364,11.4121994509844,BRIGHT,Proper hygienic practice,2026-09-30T11:06:27.872851
FITZ_IV_HAND_1255,HAND,IV,Type IV - Medium/Olive,LOW,"SPF 15-20, Standard protection",198.0,169.0,168.0,10.783954541559686,4.3962250008579336,10.37089500934275,BRIGHT,Proper hygienic practice,2026-09-30T11:06:27.870852
FITZ_IV_NECK_4667,NECK,IV,Type IV - Medium/Olive,LOW,"SPF 15-20, Standard protection",186.0,158.0,159.0,8.615881168323277,7.598173800250584,6.10387430133618,SHADOW,Proper hygienic practice,2026-09-30T11:06:27.865397
FITZ_IV_FACE_2613,FACE,IV,Type IV - Medium/Olive,LOW,"SPF 15-20, Standard protection",182.0,164.0,142.0,4.026586536700008,4.6604655365607,8.36316637876758,SHADOW,Clean visible skin,2026-09-30T11:06:27.870852
FITZ_III_HAND_4012,HAND,III,Type III - Light,MODERATE,"SPF 25-30, Partial coverage needed",210.0,194.0,166.0,9.648088830357896,5.434047186986677,5.317171703177242,NORMAL,Clean visible skin,2026-09-30T11:06:27.854203
FITZ_IV_ARM_5565,ARM,IV,Type IV - Medium/Olive,LOW,"SPF 15-20, Standard protection",183.0,159.0,139.0,5.947113012452541,7.636007832883305,4.516755155844077,NORMAL,Gloves properly worn,2026-09-30T11:06:27.868780
FITZ_IV_ARM_7117,ARM,IV,Type IV - Medium/Olive,LOW,"SPF 15-20, Standard protection",190.0,175.0,143.0,11.669681440758263,11.337570957645267,5.97408770184495,DIM,Hand washing observed,2026-09-30T11:06:27.870852
FITZ_I_ARM_9398,ARM,I,Type I - Very Fair,EXTREME,"SPF 50+, Complete coverage required",249.0,221.0,220.0,6.420152399655984,3.3238484208106582,9.047135259453604,SHADOW,Proper hygienic practice,2026-09-30T11:06:27.837878
FITZ_II_NECK_2083,NECK,II,Type II - Fair,HIGH,"SPF 30+, Coverage recommended",235.0,209.0,193.0,3.080834023730419,11.249997610157818,7.545218609321958,NORMAL,Wristwatch detected,2026-09-30T11:06:27.848124
FITZ_II_NECK_5778,NECK,II,Type II - Fair,HIGH,"SPF 30+, Coverage recommended",230.0,201.0,176.0,8.333930008388306,10.681419656304623,5.239393174320516,DIM,Proper hygienic practice,2026-09-30T11:06:27.851202
FITZ_III_ARM_2963,ARM,III,Type III - Light,MODERATE,"SPF 25-30, Partial coverage needed",200.0,177.0,165.0,3.9986715584584402,11.608109088508076,3.0664854522811122,BRIGHT,Wristwatch detected,2026-09-30T11:06:27.862388
FITZ_I_NECK_9107,NECK,I,Type I - Very Fair,EXTREME,"SPF 50+, Complete coverage required",244.0,208.0,219.0,11.371667060884375,6.802138105839607,6.256403219165358,BRIGHT,Gloves properly worn,2026-09-30T11:06:27.841026
FITZ_II_FACE_4640,FACE,II,Type II - Fair,HIGH,"SPF 30+, Coverage recommended",231.0,213.0,191.0,4.598729083018147,4.442898919291106,10.527185314693476,NORMAL,Wristwatch detected,2026-09-30T11:06:27.843024
FITZ_IV_ARM_5476,ARM,IV,Type IV - Medium/Olive,LOW,"SPF 15-20, Standard protection",197.0,170.0,172.0,6.771099056261428,11.552979964946996,10.05701942683751,BRIGHT,Ring present during food prep,2026-09-30T11:06:27.864398
FITZ_III_NECK_3188,NECK,III,Type III - Light,MODERATE,"SPF 25-30, Partial coverage needed",209.0,195.0,167.0,5.559475130660559,7.271168294072769,5.215126022836679,DIM,Proper hygienic practice,2026-09-30T11:06:27.857311
FITZ_III_HAND_8935,HAND,III,Type III - Light,MODERATE,"SPF 25-30, Partial coverage needed",209.0,184.0,160.0,7.35513585980636,8.420643518350463,4.2247715630186775,SHADOW,Gloves properly worn,2026-09-30T11:06:27.856312
FITZ_II_HAND_4787,HAND,II,Type II - Fair,HIGH,"SPF 30+, Coverage recommended",221.0,204.0,180.0,6.27316281425076,10.76772513545122,11.514803649024211,BRIGHT,Proper hygienic practice,2026-09-30T11:06:27.846122
FITZ_IV_NECK_1299,NECK,IV,Type IV - Medium/Olive,LOW,"SPF 15-20, Standard protection",196.0,177.0,176.0,6.184048406436949,5.790739204827048,11.477746463979834,BRIGHT,Clean visible skin,2026-09-30T11:06:27.867774
FITZ_IV_NECK_9863,NECK,IV,Type IV - Medium/Olive,LOW,"SPF 15-20, Standard protection",183.0,172.0,148.0,3.5259946713450474,4.845257952359733,4.04900740223013,SHADOW,Hand washing observed,2026-09-30T11:06:27.863397
FITZ_II_FACE_9892,FACE,II,Type II - Fair,HIGH,"SPF 30+, Coverage recommended",228.0,208.0,194.0,9.303707773878706,7.857305631942692,3.985151941450736,BRIGHT,Proper hygienic practice,2026-09-30T11:06:27.843024
FITZ_IV_FACE_8210,FACE,IV,Type IV - Medium/Olive,LOW,"SPF 15-20, Standard protection",186.0,174.0,142.0,3.9577912084103404,3.4254796961265073,7.185887131524066,SHADOW,Gloves properly worn,2026-09-30T11:06:27.868780
FITZ_II_ARM_6096,ARM,II,Type II - Fair,HIGH,"SPF 30+, Coverage recommended",237.0,207.0,182.0,9.974593325106657,4.079271965572551,10.4926735958771,NORMAL,Ring present during food prep,2026-09-30T11:06:27.849134
FITZ_I_HAND_8190,HAND,I,Type I - Very Fair,EXTREME,"SPF 50+, Complete coverage required",252.0,237.0,223.0,5.707993364425397,11.42690164152063,9.810011357956707,DIM,Gloves properly worn,2026-09-30T11:06:27.834804
FITZ_IV_ARM_6630,ARM,IV,Type IV - Medium/Olive,LOW,"SPF 15-20, Standard protection",185.0,158.0,149.0,8.049106800179473,4.231879953590959,3.583870527125126,BRIGHT,Hand washing observed,2026-09-30T11:06:27.864398
FITZ_II_NECK_7671,NECK,II,Type II - Fair,HIGH,"SPF 30+, Coverage recommended",238.0,219.0,211.0,9.187987242989127,4.895933021645899,7.929822293383411,NORMAL,Ring present during food prep,2026-09-30T11:06:27.850202
FITZ_III_FACE_4838,FACE,III,Type III - Light,MODERATE,"SPF 25-30, Partial coverage needed",203.0,187.0,156.0,11.380042850174409,10.164697243322122,4.893013304006163,DIM,Clean visible skin,2026-09-30T11:06:27.858310
FITZ_I_HAND_4817,HAND,I,Type I - Very Fair,EXTREME,"SPF 50+, Complete coverage required",241.0,213.0,192.0,9.489107902238747,6.6495707039809515,4.905103581130007,SHADOW,Ring present during food prep,2026-09-30T11:06:27.833804
FITZ_II_ARM_8972,ARM,II,Type II - Fair,HIGH,"SPF 30+, Coverage recommended",233.0,215.0,205.0,7.747526217016758,3.2081202610282595,11.936585598126102,NORMAL,Proper hygienic practice,2026-09-30T11:06:27.853203
FITZ_IV_HAND_3937,HAND,IV,Type IV - Medium/Olive,LOW,"SPF 15-20, Standard protection",191.0,175.0,169.0,7.310621717054059,6.352758756220485,5.38359745192869,NORMAL,Ring present during food prep,2026-09-30T11:06:27.870852
FITZ_III_HAND_6957,HAND,III,Type III - Light,MODERATE,"SPF 25-30, Partial coverage needed",217.0,192.0,171.0,11.681140753078347,3.1284634545285375,10.012212276098111,NORMAL,Ring present during food prep,2026-09-30T11:06:27.856312
FITZ_IV_HAND_6817,HAND,IV,Type IV - Medium/Olive,LOW,"SPF 15-20, Standard protection",191.0,167.0,144.0,3.706679857187808,10.276469611724167,6.545528826010653,DIM,Wristwatch detected,2026-09-30T11:06:27.869789
FITZ_IV_HAND_3287,HAND,IV,Type IV - Medium/Olive,LOW,"SPF 15-20, Standard protection",181.0,163.0,158.0,9.687127723711447,7.838809208951836,11.583114500687625,NORMAL,Clean visible skin,2026-09-30T11:06:27.872851
FITZ_III_HAND_6097,HAND,III,Type III - Light,MODERATE,"SPF 25-30, Partial coverage needed",206.0,176.0,166.0,6.170022196217884,4.508118133296355,9.78951252915482,SHADOW,Ring present during food prep,2026-09-30T11:06:27.858310
FITZ_II_HAND_4940,HAND,II,Type II - Fair,HIGH,"SPF 30+, Coverage recommended",227.0,202.0,188.0,11.179880878744466,7.930237169518412,7.40135158418915,SHADOW,Gloves properly worn,2026-09-30T11:06:27.848124
FITZ_III_NECK_7029,NECK,III,Type III - Light,MODERATE,"SPF 25-30, Partial coverage needed",213.0,184.0,169.0,10.407577371660409,3.723125397348834,9.685196888239847,SHADOW,Wristwatch detected,2026-09-30T11:06:27.858310
FITZ_IV_HAND_1281,HAND,IV,Type IV - Medium/Olive,LOW,"SPF 15-20, Standard protection",184.0,161.0,154.0,8.33684699917787,10.851702516390901,6.822134567796131,SHADOW,Wristwatch detected,2026-09-30T11:06:27.865397
FITZ_III_HAND_9452,HAND,III,Type III - Light,MODERATE,"SPF 25-30, Partial coverage needed",203.0,187.0,169.0,3.2080831066650304,11.687958680168151,11.942433151471077,DIM,Ring present during food prep,2026-09-30T11:06:27.862388
FITZ_III_ARM_2012,ARM,III,Type III - Light,MODERATE,"SPF 25-30, Partial coverage needed",214.0,198.0,180.0,11.422329492752912,9.198738884071151,7.458670076170381,NORMAL,Clean visible skin,2026-09-30T11:06:27.863397
FITZ_III_FACE_1507,FACE,III,Type III - Light,MODERATE,"SPF 25-30, Partial coverage needed",212.0,184.0,165.0,4.781188485004825,5.316099634196043,10.633239580441433,NORMAL,Hand washing observed,2026-09-30T11:06:27.862388
FITZ_IV_HAND_3889,HAND,IV,Type IV - Medium/Olive,LOW,"SPF 15-20, Standard protection",181.0,158.0,148.0,10.706494942400443,9.013060462229976,11.23634310149972,BRIGHT,Clean visible skin,2026-09-30T11:06:27.868780
FITZ_IV_HAND_3908,HAND,IV,Type IV - Medium/Olive,LOW,"SPF 15-20, Standard protection",193.0,177.0,148.0,5.541757964216247,9.326532318275873,9.069664462684228,BRIGHT,Gloves properly worn,2026-09-30T11:06:27.871855
FITZ_III_FACE_5451,FACE,III,Type III - Light,MODERATE,"SPF 25-30, Partial coverage needed",218.0,204.0,171.0,3.2247919397321367,9.252422061532506,6.831926178833898,NORMAL,Clean visible skin,2026-09-30T11:06:27.861390
FITZ_I_FACE_9197,FACE,I,Type I - Very Fair,EXTREME,"SPF 50+, Complete coverage required",248.0,223.0,212.0,8.454242675615674,3.0642186013220325,11.858371841833824,SHADOW,Proper hygienic practice,2026-09-30T11:06:27.834804
FITZ_I_HAND_7985,HAND,I,Type I - Very Fair,EXTREME,"SPF 50+, Complete coverage required",250.0,228.0,212.0,4.479186835656329,11.855104235294501,5.195216518967934,BRIGHT,Proper hygienic practice,2026-09-30T11:06:27.832797
FITZ_II_ARM_5237,ARM,II,Type II - Fair,HIGH,"SPF 30+, Coverage recommended",234.0,204.0,208.0,4.022840006420605,7.141033408486247,10.37633035064125,SHADOW,Hand washing observed,2026-09-30T11:06:27.846122
FITZ_II_FACE_1909,FACE,II,Type II - Fair,HIGH,"SPF 30+, Coverage recommended",226.0,204.0,201.0,3.8739079258469484,4.9830532357055,7.7924413000035395,NORMAL,Ring present during food prep,2026-09-30T11:06:27.846122
FITZ_III_HAND_8066,HAND,III,Type III - Light,MODERATE,"SPF 25-30, Partial coverage needed",200.0,175.0,152.0,6.523071995582633,4.435409344411561,4.3083042879607865,DIM,Ring present during food prep,2026-09-30T11:06:27.853203
FITZ_I_FACE_9508,FACE,I,Type I - Very Fair,EXTREME,"SPF 50+, Complete coverage required",251.0,220.0,200.0,7.660479500671748,8.975433213357668,10.786149674054245,SHADOW,Proper hygienic practice,2026-09-30T11:06:27.835804
FITZ_IV_ARM_5207,ARM,IV,Type IV - Medium/Olive,LOW,"SPF 15-20, Standard protection",182.0,160.0,148.0,7.908091497395808,11.663990656007241,8.419865257140419,BRIGHT,Hand washing observed,2026-09-30T11:06:27.868780
FITZ_IV_ARM_4491,ARM,IV,Type IV - Medium/Olive,LOW,"SPF 15-20, Standard protection",184.0,156.0,158.0,4.547933296215394,8.209311687886043,7.453583006146094,BRIGHT,Wristwatch detected,2026-09-30T11:06:27.865397
FITZ_III_NECK_5929,NECK,III,Type III - Light,MODERATE,"SPF 25-30, Partial coverage needed",211.0,187.0,159.0,3.8564178469294883,7.894986129014107,10.429007830743089,SHADOW,Hand washing observed,2026-09-30T11:06:27.862388
FITZ_II_FACE_2385,FACE,II,Type II - Fair,HIGH,"SPF 30+, Coverage recommended",233.0,218.0,205.0,9.040558691831407,4.762761130241203,7.609340341069889,BRIGHT,Ring present during food prep,2026-09-30T11:06:27.845024
FITZ_IV_HAND_6658,HAND,IV,Type IV - Medium/Olive,LOW,"SPF 15-20, Standard protection",200.0,173.0,177.0,4.656625224569703,3.2977306337711356,6.779990366522111,NORMAL,Clean visible skin,2026-09-30T11:06:27.867774
FITZ_III_ARM_4545,ARM,III,Type III - Light,MODERATE,"SPF 25-30, Partial coverage needed",205.0,175.0,171.0,3.946093295537123,3.392543690850212,11.116341353120626,NORMAL,Proper hygienic practice,2026-09-30T11:06:27.860392
FITZ_III_FACE_3604,FACE,III,Type III - Light,MODERATE,"SPF 25-30, Partial coverage needed",211.0,189.0,185.0,5.04184407553744,3.427122401691589,4.587217509481274,BRIGHT,Wristwatch detected,2026-09-30T11:06:27.856312
FITZ_I_NECK_7237,NECK,I,Type I - Very Fair,EXTREME,"SPF 50+, Complete coverage required",252.0,230.0,214.0,11.215819023109253,6.2419722808788745,3.97102289774794,DIM,Gloves properly worn,2026-09-30T11:06:27.833804
FITZ_III_ARM_9883,ARM,III,Type III - Light,MODERATE,"SPF 25-30, Partial coverage needed",208.0,177.0,160.0,8.770105074504688,10.389434810049998,9.013350908574443,BRIGHT,Ring present during food prep,2026-09-30T11:06:27.863397
FITZ_IV_HAND_7680,HAND,IV,Type IV - Medium/Olive,LOW,"SPF 15-20, Standard protection",182.0,169.0,150.0,5.517703705162438,5.916414966450031,7.8769945587013,NORMAL,Hand washing observed,2026-09-30T11:06:27.864398
FITZ_II_ARM_8054,ARM,II,Type II - Fair,HIGH,"SPF 30+, Coverage recommended",231.0,199.0,173.0,6.563313711205897,9.96739570332292,5.957482549163406,SHADOW,Gloves properly worn,2026-09-30T11:06:27.850202
FITZ_II_ARM_5695,ARM,II,Type II - Fair,HIGH,"SPF 30+, Coverage recommended",226.0,202.0,175.0,9.585861628164622,10.293285680154776,10.666057124486255,DIM,Clean visible skin,2026-09-30T11:06:27.844027
FITZ_I_HAND_7347,HAND,I,Type I - Very Fair,EXTREME,"SPF 50+, Complete coverage required",253.0,236.0,208.0,7.574996091646949,11.29046082639421,4.5948219465193105,BRIGHT,Hand washing observed,2026-09-30T11:06:27.832797
FITZ_IV_NECK_8457,NECK,IV,Type IV - Medium/Olive,LOW,"SPF 15-20, Standard protection",189.0,175.0,143.0,3.1143745500001936,7.01393822245896,6.224864489626027,SHADOW,Clean visible skin,2026-09-30T11:06:27.865397
FITZ_III_ARM_9378,ARM,III,Type III - Light,MODERATE,"SPF 25-30, Partial coverage needed",217.0,195.0,181.0,8.118909682389173,8.771885963896818,4.900282362197865,NORMAL,Wristwatch detected,2026-09-30T11:06:27.861390
FITZ_IV_ARM_6395,ARM,IV,Type IV - Medium/Olive,LOW,"SPF 15-20, Standard protection",195.0,177.0,169.0,8.542732476397685,11.046543575380127,6.918333779013645,BRIGHT,Ring present during food prep,2026-09-30T11:06:27.867774
FITZ_IV_FACE_1766,FACE,IV,Type IV - Medium/Olive,LOW,"SPF 15-20, Standard protection",197.0,186.0,172.0,3.060580744810305,4.739946150111626,5.664886573669993,NORMAL,Clean visible skin,2026-09-30T11:06:27.871855
FITZ_I_ARM_2229,ARM,I,Type I - Very Fair,EXTREME,"SPF 50+, Complete coverage required",253.0,234.0,217.0,10.429696010336357,4.503433339718471,8.713236556125324,NORMAL,Gloves properly worn,2026-09-30T11:06:27.842027
FITZ_IV_NECK_8887,NECK,IV,Type IV - Medium/Olive,LOW,"SPF 15-20, Standard protection",195.0,169.0,155.0,3.3478748636962896,6.906797393075618,7.918226922058864,SHADOW,Gloves properly worn,2026-09-30T11:06:27.865397
FITZ_III_ARM_6323,ARM,III,Type III - Light,MODERATE,"SPF 25-30, Partial coverage needed",208.0,177.0,178.0,8.355850456048115,11.215768214282022,8.503030056197945,SHADOW,Hand washing observed,2026-09-30T11:06:27.860392
FITZ_II_FACE_7925,FACE,II,Type II - Fair,HIGH,"SPF 30+, Coverage recommended",224.0,195.0,196.0,8.797987087285959,11.051001794152741,10.940768455301756,BRIGHT,Hand washing observed,2026-09-30T11:06:27.851202
FITZ_IV_FACE_1142,FACE,IV,Type IV - Medium/Olive,LOW,"SPF 15-20, Standard protection",186.0,172.0,155.0,3.3471447757176063,7.682659338115606,11.731647341515858,DIM,Gloves properly worn,2026-09-30T11:06:27.868780
FITZ_IV_ARM_7115,ARM,IV,Type IV - Medium/Olive,LOW,"SPF 15-20, Standard protection",181.0,164.0,157.0,11.993897923727856,10.818923041156015,8.379806954663646,SHADOW,Wristwatch detected,2026-09-30T11:06:27.870852
FITZ_IV_HAND_9432,HAND,IV,Type IV - Medium/Olive,LOW,"SPF 15-20, Standard protection",182.0,172.0,145.0,8.470599463165312,4.124571599236175,8.741688071721047,BRIGHT,Proper hygienic practice,2026-09-30T11:06:27.868780
FITZ_III_NECK_5562,NECK,III,Type III - Light,MODERATE,"SPF 25-30, Partial coverage needed",210.0,195.0,162.0,6.837354915927275,8.80297758850011,7.312831984353365,SHADOW,Clean visible skin,2026-09-30T11:06:27.855202
FITZ_I_FACE_1431,FACE,I,Type I - Very Fair,EXTREME,"SPF 50+, Complete coverage required",241.0,216.0,188.0,6.15231914731592,7.29833330758486,10.033876543108384,BRIGHT,Hand washing observed,2026-09-30T11:06:27.836878
FITZ_III_FACE_3761,FACE,III,Type III - Light,MODERATE,"SPF 25-30, Partial coverage needed",202.0,173.0,180.0,4.173820066960257,4.326663067095066,7.827589900508831,NORMAL,Proper hygienic practice,2026-09-30T11:06:27.861390
FITZ_III_ARM_2774,ARM,III,Type III - Light,MODERATE,"SPF 25-30, Partial coverage needed",207.0,177.0,171.0,6.001954784761798,3.0513404674083198,10.726791751656553,SHADOW,Proper hygienic practice,2026-09-30T11:06:27.856312
FITZ_IV_NECK_9894,NECK,IV,Type IV - Medium/Olive,LOW,"SPF 15-20, Standard protection",185.0,163.0,156.0,6.619045997083452,10.609844869481602,6.313192879170192,BRIGHT,Wristwatch detected,2026-09-30T11:06:27.866501
FITZ_IV_HAND_2677,HAND,IV,Type IV - Medium/Olive,LOW,"SPF 15-20, Standard protection",192.0,175.0,163.0,6.37242008457933,8.266371032080531,8.424803604909041,SHADOW,Proper hygienic practice,2026-09-30T11:06:27.871855
FITZ_I_ARM_5532,ARM,I,Type I - Very Fair,EXTREME,"SPF 50+, Complete coverage required",249.0,234.0,216.0,9.561516308111017,10.644870750743909,5.281628029251846,DIM,Gloves properly worn,2026-09-30T11:06:27.836878
FITZ_III_NECK_8535,NECK,III,Type III - Light,MODERATE,"SPF 25-30, Partial coverage needed",201.0,172.0,153.0,3.6985164172371614,4.7063843530554195,3.304764440311403,BRIGHT,Hand washing observed,2026-09-30T11:06:27.856312
FITZ_II_ARM_8601,ARM,II,Type II - Fair,HIGH,"SPF 30+, Coverage recommended",226.0,210.0,187.0,10.25052485001467,6.198611009086053,10.967031402147915,SHADOW,Hand washing observed,2026-09-30T11:06:27.849134
FITZ_III_HAND_3459,HAND,III,Type III - Light,MODERATE,"SPF 25-30, Partial coverage needed",206.0,175.0,158.0,9.725186613051996,6.766951088538958,4.846110620815976,NORMAL,Gloves properly worn,2026-09-30T11:06:27.857311
FITZ_IV_HAND_4138,HAND,IV,Type IV - Medium/Olive,LOW,"SPF 15-20, Standard protection",193.0,173.0,148.0,4.833115363414258,7.3929914965183245,6.690959699361663,DIM,Gloves properly worn,2026-09-30T11:06:27.872851
FITZ_II_FACE_4598,FACE,II,Type II - Fair,HIGH,"SPF 30+, Coverage recommended",222.0,199.0,175.0,3.3540430752103587,9.454588018986538,8.530709092869166,NORMAL,Wristwatch detected,2026-09-30T11:06:27.843024
FITZ_I_ARM_4313,ARM,I,Type I - Very Fair,EXTREME,"SPF 50+, Complete coverage required",253.0,218.0,224.0,7.094917853195569,6.485972734997911,4.2276415312264986,BRIGHT,Proper hygienic practice,2026-09-30T11:06:27.833804
FITZ_I_NECK_4495,NECK,I,Type I - Very Fair,EXTREME,"SPF 50+, Complete coverage required",249.0,225.0,198.0,5.637320116482899,10.296553506052028,4.2676432145911365,SHADOW,Wristwatch detected,2026-09-30T11:06:27.841026
FITZ_IV_NECK_1701,NECK,IV,Type IV - Medium/Olive,LOW,"SPF 15-20, Standard protection",190.0,168.0,168.0,7.260114953082885,4.037652294902694,6.023693046471265,DIM,Gloves properly worn,2026-09-30T11:06:27.864398
FITZ_IV_HAND_3157,HAND,IV,Type IV - Medium/Olive,LOW,"SPF 15-20, Standard protection",194.0,182.0,158.0,9.119317704519524,10.659561635005288,11.65448811329318,DIM,Gloves properly worn,2026-09-30T11:06:27.870852
FITZ_III_NECK_2463,NECK,III,Type III - Light,MODERATE,"SPF 25-30, Partial coverage needed",206.0,181.0,163.0,4.01610021319744,11.73936200293801,10.404286692445655,SHADOW,Clean visible skin,2026-09-30T11:06:27.861390
FITZ_II_HAND_1040,HAND,II,Type II - Fair,HIGH,"SPF 30+, Coverage recommended",234.0,208.0,192.0,11.35282611584055,4.888082704603022,10.643758780060049,SHADOW,Ring present during food prep,2026-09-30T11:06:27.844027
FITZ_III_NECK_8103,NECK,III,Type III - Light,MODERATE,"SPF 25-30, Partial coverage needed",207.0,187.0,156.0,5.6839186915984055,9.011061767437868,7.265302453666346,NORMAL,Proper hygienic practice,2026-09-30T11:06:27.854203
FITZ_I_ARM_6785,ARM,I,Type I - Very Fair,EXTREME,"SPF 50+, Complete coverage required",255.0,219.0,193.0,8.702956178023697,11.94778230028928,9.092216784585899,BRIGHT,Clean visible skin,2026-09-30T11:06:27.833804
FITZ_II_FACE_3864,FACE,II,Type II - Fair,HIGH,"SPF 30+, Coverage recommended",231.0,196.0,197.0,10.499071858284669,7.671929386718672,6.096306208415879,SHADOW,Clean visible skin,2026-09-30T11:06:27.851202
FITZ_I_FACE_8655,FACE,I,Type I - Very Fair,EXTREME,"SPF 50+, Complete coverage required",242.0,222.0,214.0,4.486284561088866,6.877083030589623,11.892406333996277,BRIGHT,Gloves properly worn,2026-09-30T11:06:27.841026
FITZ_II_FACE_1621,FACE,II,Type II - Fair,HIGH,"SPF 30+, Coverage recommended",229.0,205.0,198.0,6.624156385064313,3.095379958930273,9.477326175757732,BRIGHT,Wristwatch detected,2026-09-30T11:06:27.846122
FITZ_IV_FACE_9504,FACE,IV,Type IV - Medium/Olive,LOW,"SPF 15-20, Standard protection",192.0,177.0,162.0,9.34296233546657,7.015156780438098,8.883857863164964,NORMAL,Hand washing observed,2026-09-30T11:06:27.866501
FITZ_III_ARM_2276,ARM,III,Type III - Light,MODERATE,"SPF 25-30, Partial coverage needed",203.0,192.0,156.0,4.22842042621188,4.531346973682056,4.014215730273286,BRIGHT,Hand washing observed,2026-09-30T11:06:27.863397
FITZ_III_ARM_1769,ARM,III,Type III - Light,MODERATE,"SPF 25-30, Partial coverage needed",205.0,190.0,168.0,10.137841570263983,7.914603908773907,3.7930073702515092,NORMAL,Hand washing observed,2026-09-30T11:06:27.861390
FITZ_I_HAND_8201,HAND,I,Type I - Very Fair,EXTREME,"SPF 50+, Complete coverage required",247.0,222.0,199.0,9.616530733952406,8.019308548320685,7.645140147853186,NORMAL,Proper hygienic practice,2026-09-30T11:06:27.833804
FITZ_II_FACE_5244,FACE,II,Type II - Fair,HIGH,"SPF 30+, Coverage recommended",225.0,208.0,199.0,9.98966555615899,11.500468296510261,10.939050401185696,BRIGHT,Proper hygienic practice,2026-09-30T11:06:27.843024
FITZ_II_HAND_4768,HAND,II,Type II - Fair,HIGH,"SPF 30+, Coverage recommended",223.0,192.0,181.0,10.483161492563644,3.5712514808653415,3.7368191040527563,NORMAL,Ring present during food prep,2026-09-30T11:06:27.848124
FITZ_IV_NECK_7081,NECK,IV,Type IV - Medium/Olive,LOW,"SPF 15-20, Standard protection",188.0,164.0,143.0,7.776813298412803,11.633878453467206,9.775528619019767,SHADOW,Ring present during food prep,2026-09-30T11:06:27.867774
FITZ_II_ARM_1323,ARM,II,Type II - Fair,HIGH,"SPF 30+, Coverage recommended",231.0,211.0,182.0,10.546094213352994,10.126229302302388,3.7626673965991135,NORMAL,Wristwatch detected,2026-09-30T11:06:27.847125
FITZ_II_HAND_7200,HAND,II,Type II - Fair,HIGH,"SPF 30+, Coverage recommended",235.0,206.0,186.0,6.405245219497023,6.393334034909746,3.0442086680408558,BRIGHT,Clean visible skin,2026-09-30T11:06:27.850202
FITZ_III_FACE_5022,FACE,III,Type III - Light,MODERATE,"SPF 25-30, Partial coverage needed",209.0,197.0,162.0,9.736660492325436,4.12663776348873,7.6610770476728,SHADOW,Ring present during food prep,2026-09-30T11:06:27.857311
FITZ_I_FACE_9518,FACE,I,Type I - Very Fair,EXTREME,"SPF 50+, Complete coverage required",242.0,217.0,182.0,4.611861194995766,8.441255316978985,5.942602972497268,DIM,Hand washing observed,2026-09-30T11:06:27.834804
FITZ_I_NECK_8795,NECK,I,Type I - Very Fair,EXTREME,"SPF 50+, Complete coverage required",247.0,230.0,212.0,5.506664990509696,9.4214442662429,8.23726761596538,DIM,Proper hygienic practice,2026-09-30T11:06:27.834804
FITZ_I_NECK_8167,NECK,I,Type I - Very Fair,EXTREME,"SPF 50+, Complete coverage required",240.0,212.0,215.0,10.232880829643554,9.993043421233374,8.46266422140016,BRIGHT,Proper hygienic practice,2026-09-30T11:06:27.841026
FITZ_I_NECK_7207,NECK,I,Type I - Very Fair,EXTREME,"SPF 50+, Complete coverage required",243.0,215.0,207.0,4.691923719889195,5.512946932198172,6.4336433147570204,NORMAL,Clean visible skin,2026-09-30T11:06:27.843024
FITZ_II_HAND_9443,HAND,II,Type II - Fair,HIGH,"SPF 30+, Coverage recommended",234.0,216.0,208.0,7.984229899899933,9.8787819017159,10.780790871612243,NORMAL,Clean visible skin,2026-09-30T11:06:27.851202
FITZ_III_ARM_7789,ARM,III,Type III - Light,MODERATE,"SPF 25-30, Partial coverage needed",212.0,199.0,168.0,4.227624322639722,6.439581037215991,4.760222210709989,BRIGHT,Ring present during food prep,2026-09-30T11:06:27.856312
FITZ_III_ARM_9633,ARM,III,Type III - Light,MODERATE,"SPF 25-30, Partial coverage needed",204.0,174.0,181.0,3.881259434031605,9.991744577376508,9.326144967111032,SHADOW,Proper hygienic practice,2026-09-30T11:06:27.856312
FITZ_IV_FACE_1824,FACE,IV,Type IV - Medium/Olive,LOW,"SPF 15-20, Standard protection",182.0,168.0,136.0,9.298873896270848,6.94449590048019,11.71475658040617,BRIGHT,Wristwatch detected,2026-09-30T11:06:27.873855
FITZ_III_ARM_9275,ARM,III,Type III - Light,MODERATE,"SPF 25-30, Partial coverage needed",211.0,184.0,173.0,7.3349389167895875,7.463705010732733,7.721224868742557,BRIGHT,Proper hygienic practice,2026-09-30T11:06:27.854203
FITZ_IV_ARM_3498,ARM,IV,Type IV - Medium/Olive,LOW,"SPF 15-20, Standard protection",195.0,177.0,163.0,6.177351033077076,3.522270616209132,6.2668040339999145,DIM,Gloves properly worn,2026-09-30T11:06:27.872851
FITZ_II_FACE_7994,FACE,II,Type II - Fair,HIGH,"SPF 30+, Coverage recommended",237.0,216.0,211.0,10.26264588976776,11.898265781692851,8.479007448612261,SHADOW,Gloves properly worn,2026-09-30T11:06:27.845024
FITZ_IV_NECK_5755,NECK,IV,Type IV - Medium/Olive,LOW,"SPF 15-20, Standard protection",186.0,163.0,162.0,6.532442519734275,7.066822552314694,10.93455892647268,SHADOW,Proper hygienic practice,2026-09-30T11:06:27.869789
FITZ_II_FACE_1664,FACE,II,Type II - Fair,HIGH,"SPF 30+, Coverage recommended",235.0,215.0,200.0,3.428584262838504,5.512342849073637,4.864865309298762,NORMAL,Clean visible skin,2026-09-30T11:06:27.849134
FITZ_I_NECK_9686,NECK,I,Type I - Very Fair,EXTREME,"SPF 50+, Complete coverage required",247.0,230.0,204.0,6.022896324882101,8.208341450133414,8.901844515014147,DIM,Wristwatch detected,2026-09-30T11:06:27.833804
FITZ_IV_ARM_5251,ARM,IV,Type IV - Medium/Olive,LOW,"SPF 15-20, Standard protection",184.0,160.0,160.0,11.783410131904287,7.125073575908625,11.688739391803237,NORMAL,Proper hygienic practice,2026-09-30T11:06:27.864398
FITZ_II_HAND_5349,HAND,II,Type II - Fair,HIGH,"SPF 30+, Coverage recommended",236.0,210.0,209.0,9.36159688196522,11.904228208120461,11.672951168872695,SHADOW,Hand washing observed,2026-09-30T11:06:27.848124
FITZ_III_NECK_9468,NECK,III,Type III - Light,MODERATE,"SPF 25-30, Partial coverage needed",220.0,199.0,196.0,11.959862757628928,9.99384602908356,11.034843373279005,BRIGHT,Ring present during food prep,2026-09-30T11:06:27.854203
FITZ_II_ARM_7229,ARM,II,Type II - Fair,HIGH,"SPF 30+, Coverage recommended",229.0,206.0,180.0,11.900825300236807,3.2225620435469287,4.828957797733918,NORMAL,Ring present during food prep,2026-09-30T11:06:27.846122
FITZ_III_ARM_6666,ARM,III,Type III - Light,MODERATE,"SPF 25-30, Partial coverage needed",209.0,181.0,179.0,3.925531492937502,9.146028399707074,7.669478813601804,BRIGHT,Clean visible skin,2026-09-30T11:06:27.860392
FITZ_III_ARM_3614,ARM,III,Type III - Light,MODERATE,"SPF 25-30, Partial coverage needed",205.0,191.0,156.0,5.576359233137408,8.358703732591364,11.331713305867854,BRIGHT,Ring present during food prep,2026-09-30T11:06:27.860392
FITZ_III_ARM_4558,ARM,III,Type III - Light,MODERATE,"SPF 25-30, Partial coverage needed",218.0,188.0,166.0,7.773611242247872,5.853573765214822,7.868364830049001,SHADOW,Wristwatch detected,2026-09-30T11:06:27.855202
FITZ_IV_NECK_2948,NECK,IV,Type IV - Medium/Olive,LOW,"SPF 15-20, Standard protection",185.0,160.0,163.0,5.845082836817543,6.349646589958972,5.352093426702605,BRIGHT,Gloves properly worn,2026-09-30T11:06:27.864398
FITZ_III_HAND_9244,HAND,III,Type III - Light,MODERATE,"SPF 25-30, Partial coverage needed",207.0,179.0,157.0,11.147148623910168,3.1120684372073426,7.187804474716198,NORMAL,Clean visible skin,2026-09-30T11:06:27.856312
FITZ_IV_NECK_9891,NECK,IV,Type IV - Medium/Olive,LOW,"SPF 15-20, Standard protection",198.0,173.0,151.0,8.884419413267707,10.966408651283805,11.803200335936546,NORMAL,Hand washing observed,2026-09-30T11:06:27.864398
FITZ_II_FACE_7944,FACE,II,Type II - Fair,HIGH,"SPF 30+, Coverage recommended",228.0,207.0,172.0,4.256886897364335,4.151630261622397,5.410544859905858,SHADOW,Proper hygienic practice,2026-09-30T11:06:27.847125
FITZ_I_FACE_2817,FACE,I,Type I - Very Fair,EXTREME,"SPF 50+, Complete coverage required",240.0,223.0,189.0,10.831249008316128,9.389507002839936,5.513949734653037,SHADOW,Clean visible skin,2026-09-30T11:06:27.843024
FITZ_IV_FACE_4700,FACE,IV,Type IV - Medium/Olive,LOW,"SPF 15-20, Standard protection",184.0,158.0,161.0,10.321554976336785,11.40593460002447,9.077926728701549,DIM,Proper hygienic practice,2026-09-30T11:06:27.869789
FITZ_II_NECK_8005,NECK,II,Type II - Fair,HIGH,"SPF 30+, Coverage recommended",222.0,203.0,179.0,8.634572237162665,9.117773960130275,6.976191336038438,SHADOW,Ring present during food prep,2026-09-30T11:06:27.844027
FITZ_II_NECK_9584,NECK,II,Type II - Fair,HIGH,"SPF 30+, Coverage recommended",237.0,206.0,188.0,4.260942122619221,4.482686137703151,6.265379681638382,NORMAL,Hand washing observed,2026-09-30T11:06:27.851202
FITZ_III_HAND_5618,HAND,III,Type III - Light,MODERATE,"SPF 25-30, Partial coverage needed",206.0,182.0,156.0,9.660370321142146,11.33546075628058,4.680161521302571,SHADOW,Clean visible skin,2026-09-30T11:06:27.863397
FITZ_II_HAND_7858,HAND,II,Type II - Fair,HIGH,"SPF 30+, Coverage recommended",240.0,210.0,213.0,7.786859974822604,10.898259698109598,3.3589487594570793,BRIGHT,Ring present during food prep,2026-09-30T11:06:27.847125
FITZ_II_ARM_3510,ARM,II,Type II - Fair,HIGH,"SPF 30+, Coverage recommended",238.0,223.0,178.0,6.771916750257353,11.6827392270366,8.097948519428781,NORMAL,Proper hygienic practice,2026-09-30T11:06:27.844027
FITZ_I_NECK_1448,NECK,I,Type I - Very Fair,EXTREME,"SPF 50+, Complete coverage required",245.0,225.0,202.0,6.166707119255027,8.419043478094668,10.320852435600381,DIM,Ring present during food prep,2026-09-30T11:06:27.834804
FITZ_II_ARM_8440,ARM,II,Type II - Fair,HIGH,"SPF 30+, Coverage recommended",238.0,215.0,192.0,8.460258446940706,5.078709922843675,5.474108615127218,SHADOW,Wristwatch detected,2026-09-30T11:06:27.844027
FITZ_IV_NECK_8074,NECK,IV,Type IV - Medium/Olive,LOW,"SPF 15-20, Standard protection",196.0,168.0,158.0,10.195385508284204,9.559292878720228,11.5799063998542,SHADOW,Proper hygienic practice,2026-09-30T11:06:27.865397
FITZ_III_HAND_7749,HAND,III,Type III - Light,MODERATE,"SPF 25-30, Partial coverage needed",208.0,186.0,161.0,3.4796654364063,4.239365259265231,5.701412576841185,DIM,Clean visible skin,2026-09-30T11:06:27.854203
FITZ_II_NECK_9289,NECK,II,Type II - Fair,HIGH,"SPF 30+, Coverage recommended",238.0,215.0,180.0,8.724492872782502,4.180210196151708,4.158090379274389,BRIGHT,Proper hygienic practice,2026-09-30T11:06:27.853203
FITZ_II_FACE_4010,FACE,II,Type II - Fair,HIGH,"SPF 30+, Coverage recommended",227.0,202.0,183.0,8.94620505606724,10.376554157706462,4.279053006562303,SHADOW,Gloves properly worn,2026-09-30T11:06:27.847125
FITZ_II_ARM_2550,ARM,II,Type II - Fair,HIGH,"SPF 30+, Coverage recommended",222.0,203.0,167.0,3.240860022366472,7.804338763825941,6.654417490929841,DIM,Clean visible skin,2026-09-30T11:06:27.847125
FITZ_II_FACE_5725,FACE,II,Type II - Fair,HIGH,"SPF 30+, Coverage recommended",221.0,206.0,194.0,10.003673937308612,11.459189721170866,5.715620190165453,DIM,Ring present during food prep,2026-09-30T11:06:27.848124
FITZ_I_ARM_2691,ARM,I,Type I - Very Fair,EXTREME,"SPF 50+, Complete coverage required",248.0,234.0,211.0,4.9711576750232105,4.180804909581396,9.452455676720739,SHADOW,Gloves properly worn,2026-09-30T11:06:27.842027
FITZ_II_ARM_3324,ARM,II,Type II - Fair,HIGH,"SPF 30+, Coverage recommended",220.0,187.0,190.0,7.120513267350089,7.55352695854533,8.184965261372458,NORMAL,Gloves properly worn,2026-09-30T11:06:27.849134
FITZ_I_HAND_5917,HAND,I,Type I - Very Fair,EXTREME,"SPF 50+, Complete coverage required",249.0,232.0,198.0,8.033529510041358,7.171066507851198,3.2415601322127574,NORMAL,Proper hygienic practice,2026-09-30T11:06:27.833804
FITZ_IV_ARM_9050,ARM,IV,Type IV - Medium/Olive,LOW,"SPF 15-20, Standard protection",183.0,165.0,140.0,9.191359404972335,11.646457829557425,8.221900716776567,DIM,Clean visible skin,2026-09-30T11:06:27.872851
FITZ_IV_ARM_9768,ARM,IV,Type IV - Medium/Olive,LOW,"SPF 15-20, Standard protection",196.0,168.0,169.0,4.3804131052105335,8.794551214834822,5.886133746147005,BRIGHT,Clean visible skin,2026-09-30T11:06:27.865397
FITZ_IV_FACE_4926,FACE,IV,Type IV - Medium/Olive,LOW,"SPF 15-20, Standard protection",195.0,171.0,155.0,10.610867857496604,10.907286298620924,7.163426837251952,NORMAL,Clean visible skin,2026-09-30T11:06:27.865397
FITZ_IV_HAND_4340,HAND,IV,Type IV - Medium/Olive,LOW,"SPF 15-20, Standard protection",200.0,177.0,151.0,6.741529705884064,9.164148645175121,9.746911677266889,SHADOW,Gloves properly worn,2026-09-30T11:06:27.871855
FITZ_III_ARM_8496,ARM,III,Type III - Light,MODERATE,"SPF 25-30, Partial coverage needed",220.0,206.0,195.0,5.2969602765006005,3.328515339696236,9.820413023864162,BRIGHT,Proper hygienic practice,2026-09-30T11:06:27.860392
FITZ_II_ARM_9669,ARM,II,Type II - Fair,HIGH,"SPF 30+, Coverage recommended",240.0,224.0,211.0,3.794320456550889,4.00532842344458,6.929876656874284,DIM,Gloves properly worn,2026-09-30T11:06:27.850202
FITZ_III_NECK_3822,NECK,III,Type III - Light,MODERATE,"SPF 25-30, Partial coverage needed",215.0,189.0,180.0,4.809346998188876,6.517554147201835,5.126311924787689,DIM,Hand washing observed,2026-09-30T11:06:27.854203
FITZ_III_FACE_6248,FACE,III,Type III - Light,MODERATE,"SPF 25-30, Partial coverage needed",204.0,181.0,174.0,10.11671350812658,6.433982720989589,3.9979683176579606,SHADOW,Ring present during food prep,2026-09-30T11:06:27.860392
FITZ_III_NECK_4073,NECK,III,Type III - Light,MODERATE,"SPF 25-30, Partial coverage needed",218.0,196.0,184.0,10.504455972368525,10.0089378854819,5.5894269384489945,NORMAL,Proper hygienic practice,2026-09-30T11:06:27.862388
FITZ_II_HAND_9052,HAND,II,Type II - Fair,HIGH,"SPF 30+, Coverage recommended",237.0,203.0,185.0,5.0427825820629675,3.58257164994942,11.179701456248438,DIM,Gloves properly worn,2026-09-30T11:06:27.845024
FITZ_I_FACE_7147,FACE,I,Type I - Very Fair,EXTREME,"SPF 50+, Complete coverage required",252.0,226.0,191.0,9.01483542278406,10.328823763929371,6.013568836540317,NORMAL,Hand washing observed,2026-09-30T11:06:27.839885
FITZ_IV_HAND_3355,HAND,IV,Type IV - Medium/Olive,LOW,"SPF 15-20, Standard protection",190.0,179.0,165.0,4.59729051252835,10.739960910878045,7.09618576628406,NORMAL,Clean visible skin,2026-09-30T11:06:27.865397
FITZ_I_FACE_8138,FACE,I,Type I - Very Fair,EXTREME,"SPF 50+, Complete coverage required",250.0,216.0,223.0,7.140872117044278,9.20649036972171,6.256674221107132,SHADOW,Gloves properly worn,2026-09-30T11:06:27.831024
FITZ_IV_FACE_5824,FACE,IV,Type IV - Medium/Olive,LOW,"SPF 15-20, Standard protection",189.0,164.0,157.0,5.420190036524154,7.64475750183562,10.705051858590487,SHADOW,Wristwatch detected,2026-09-30T11:06:27.870852
FITZ_I_NECK_6244,NECK,I,Type I - Very Fair,EXTREME,"SPF 50+, Complete coverage required",248.0,228.0,221.0,10.266838466668231,9.042104696284365,8.165535576894701,SHADOW,Proper hygienic practice,2026-09-30T11:06:27.835804
FITZ_I_NECK_3090,NECK,I,Type I - Very Fair,EXTREME,"SPF 50+, Complete coverage required",245.0,216.0,211.0,4.626052358050316,10.254764964220481,9.1003069483638,SHADOW,Wristwatch detected,2026-09-30T11:06:27.835804
FITZ_IV_NECK_6250,NECK,IV,Type IV - Medium/Olive,LOW,"SPF 15-20, Standard protection",194.0,167.0,148.0,6.4394908308718986,5.600491296736342,11.034900748266143,NORMAL,Gloves properly worn,2026-09-30T11:06:27.869789
FITZ_III_ARM_8122,ARM,III,Type III - Light,MODERATE,"SPF 25-30, Partial coverage needed",204.0,176.0,158.0,7.179504818905908,6.5113426201279045,6.165008278251047,DIM,Ring present during food prep,2026-09-30T11:06:27.860392
FITZ_I_HAND_2785,HAND,I,Type I - Very Fair,EXTREME,"SPF 50+, Complete coverage required",255.0,226.0,206.0,5.518088793514353,5.615406890338817,8.181384687421808,NORMAL,Ring present during food prep,2026-09-30T11:06:27.838880
FITZ_I_HAND_9664,HAND,I,Type I - Very Fair,EXTREME,"SPF 50+, Complete coverage required",245.0,211.0,199.0,8.254262888169638,9.580152704189107,8.482824392192054,NORMAL,Proper hygienic practice,2026-09-30T11:06:27.843024
FITZ_I_FACE_1682,FACE,I,Type I - Very Fair,EXTREME,"SPF 50+, Complete coverage required",255.0,217.0,195.0,8.051276932335945,8.486969124520405,5.753078240741278,DIM,Wristwatch detected,2026-09-30T11:06:27.837878
FITZ_III_FACE_1609,FACE,III,Type III - Light,MODERATE,"SPF 25-30, Partial coverage needed",201.0,185.0,167.0,5.184787969244656,10.60048909772458,6.476601411958683,SHADOW,Hand washing observed,2026-09-30T11:06:27.855202
FITZ_I_HAND_8668,HAND,I,Type I - Very Fair,EXTREME,"SPF 50+, Complete coverage required",240.0,211.0,201.0,11.356093614153155,6.015379023261777,7.089141703411156,SHADOW,Wristwatch detected,2026-09-30T11:06:27.831024
FITZ_I_FACE_3920,FACE,I,Type I - Very Fair,EXTREME,"SPF 50+, Complete coverage required",244.0,228.0,207.0,10.542129922133455,5.68597391977906,11.283462284425825,NORMAL,Clean visible skin,2026-09-30T11:06:27.833804
FITZ_II_HAND_5857,HAND,II,Type II - Fair,HIGH,"SPF 30+, Coverage recommended",235.0,215.0,178.0,3.8793236343568847,5.862451536670778,11.808301195907877,NORMAL,Clean visible skin,2026-09-30T11:06:27.843024
FITZ_III_FACE_9441,FACE,III,Type III - Light,MODERATE,"SPF 25-30, Partial coverage needed",202.0,183.0,166.0,9.705980728782647,4.869987973600516,4.650802766335971,DIM,Ring present during food prep,2026-09-30T11:06:27.860392
FITZ_III_FACE_9862,FACE,III,Type III - Light,MODERATE,"SPF 25-30, Partial coverage needed",204.0,180.0,157.0,4.69940709003791,8.236845948471915,3.0490025417143984,NORMAL,Hand washing observed,2026-09-30T11:06:27.861390
FITZ_II_FACE_6607,FACE,II,Type II - Fair,HIGH,"SPF 30+, Coverage recommended",220.0,191.0,171.0,8.630549492709852,7.15050874380022,10.987182813478135,SHADOW,Ring present during food prep,2026-09-30T11:06:27.848124
FITZ_II_ARM_4503,ARM,II,Type II - Fair,HIGH,"SPF 30+, Coverage recommended",225.0,199.0,196.0,5.521476317775933,11.320808959660667,3.984378924123549,NORMAL,Hand washing observed,2026-09-30T11:06:27.846122
FITZ_I_HAND_7085,HAND,I,Type I - Very Fair,EXTREME,"SPF 50+, Complete coverage required",255.0,235.0,217.0,8.089890523628668,6.90361364899385,9.955222994153061,SHADOW,Wristwatch detected,2026-09-30T11:06:27.842027
FITZ_II_FACE_3305,FACE,II,Type II - Fair,HIGH,"SPF 30+, Coverage recommended",220.0,205.0,193.0,7.002966228034254,4.811975513061458,10.235864602580456,NORMAL,Wristwatch detected,2026-09-30T11:06:27.844027
FITZ_I_HAND_1756,HAND,I,Type I - Very Fair,EXTREME,"SPF 50+, Complete coverage required",242.0,229.0,199.0,6.2720367662346765,7.8998443524869435,6.807461945667325,NORMAL,Proper hygienic practice,2026-09-30T11:06:27.835804
FITZ_II_HAND_7589,HAND,II,Type II - Fair,HIGH,"SPF 30+, Coverage recommended",233.0,212.0,202.0,4.117781286604362,6.254427339364461,4.860503744338789,NORMAL,Wristwatch detected,2026-09-30T11:06:27.848124
FITZ_III_ARM_9093,ARM,III,Type III - Light,MODERATE,"SPF 25-30, Partial coverage needed",217.0,185.0,194.0,9.705787466489301,3.6779077768965385,10.371339707030067,NORMAL,Ring present during food prep,2026-09-30T11:06:27.862388
FITZ_IV_ARM_3578,ARM,IV,Type IV - Medium/Olive,LOW,"SPF 15-20, Standard protection",193.0,165.0,160.0,10.009098718773222,6.1243000722112315,3.759440867481183,SHADOW,Gloves properly worn,2026-09-30T11:06:27.867774
FITZ_IV_NECK_1838,NECK,IV,Type IV - Medium/Olive,LOW,"SPF 15-20, Standard protection",180.0,165.0,152.0,7.3632389244536895,7.176615444967305,9.53879479894928,NORMAL,Clean visible skin,2026-09-30T11:06:27.867774
FITZ_I_FACE_1136,FACE,I,Type I - Very Fair,EXTREME,"SPF 50+, Complete coverage required",252.0,228.0,214.0,3.3913380674951306,4.532876823402869,5.556121869431916,DIM,Clean visible skin,2026-09-30T11:06:27.833804
FITZ_II_FACE_7361,FACE,II,Type II - Fair,HIGH,"SPF 30+, Coverage recommended",232.0,198.0,192.0,3.1479949144099564,6.3657326651771085,10.3165906742194,SHADOW,Gloves properly worn,2026-09-30T11:06:27.844027
FITZ_II_NECK_1827,NECK,II,Type II - Fair,HIGH,"SPF 30+, Coverage recommended",238.0,207.0,211.0,10.227773888737694,6.4004832729912575,6.164551927215616,NORMAL,Hand washing observed,2026-09-30T11:06:27.853203
FITZ_II_FACE_2053,FACE,II,Type II - Fair,HIGH,"SPF 30+, Coverage recommended",225.0,211.0,176.0,4.870098703158156,7.373733448706738,8.02197435469807,DIM,Clean visible skin,2026-09-30T11:06:27.848124
FITZ_II_HAND_9790,HAND,II,Type II - Fair,HIGH,"SPF 30+, Coverage recommended",238.0,223.0,191.0,8.971795271734518,8.961849948861936,8.971947302446825,BRIGHT,Ring present during food prep,2026-09-30T11:06:27.846122
FITZ_II_NECK_6847,NECK,II,Type II - Fair,HIGH,"SPF 30+, Coverage recommended",236.0,201.0,188.0,5.019162130960213,4.041700929494217,6.4034757240258084,SHADOW,Proper hygienic practice,2026-09-30T11:06:27.850202
FITZ_III_HAND_1478,HAND,III,Type III - Light,MODERATE,"SPF 25-30, Partial coverage needed",201.0,188.0,153.0,3.6604607815367465,7.125783565349192,9.041205805738846,DIM,Hand washing observed,2026-09-30T11:06:27.855202
FITZ_I_HAND_5850,HAND,I,Type I - Very Fair,EXTREME,"SPF 50+, Complete coverage required",255.0,220.0,194.0,7.60534812268193,9.51207255208631,3.9116143073366163,DIM,Clean visible skin,2026-09-30T11:06:27.832797
FITZ_II_HAND_5894,HAND,II,Type II - Fair,HIGH,"SPF 30+, Coverage recommended",226.0,213.0,171.0,8.828393146498026,8.167187887929563,9.966566801439832,NORMAL,Ring present during food prep,2026-09-30T11:06:27.853203
FITZ_IV_ARM_6269,ARM,IV,Type IV - Medium/Olive,LOW,"SPF 15-20, Standard protection",189.0,175.0,158.0,4.460583418880451,5.4282974654665495,9.723596283923637,BRIGHT,Wristwatch detected,2026-09-30T11:06:27.865397
FITZ_III_ARM_6504,ARM,III,Type III - Light,MODERATE,"SPF 25-30, Partial coverage needed",219.0,201.0,186.0,5.516670817725895,10.246156954032646,8.39487175966101,BRIGHT,Gloves properly worn,2026-09-30T11:06:27.861390
FITZ_III_ARM_7044,ARM,III,Type III - Light,MODERATE,"SPF 25-30, Partial coverage needed",215.0,194.0,175.0,5.158889958605746,3.5402588488276217,4.775286655518953,NORMAL,Ring present during food prep,2026-09-30T11:06:27.856312
FITZ_II_FACE_4538,FACE,II,Type II - Fair,HIGH,"SPF 30+, Coverage recommended",236.0,215.0,189.0,10.71829074021301,10.114653392145824,9.105426613219475,DIM,Proper hygienic practice,2026-09-30T11:06:27.850202
FITZ_III_ARM_9117,ARM,III,Type III - Light,MODERATE,"SPF 25-30, Partial coverage needed",220.0,192.0,174.0,6.0782031169290995,6.99253393521495,4.457668395776182,SHADOW,Ring present during food prep,2026-09-30T11:06:27.855202
FITZ_III_HAND_8813,HAND,III,Type III - Light,MODERATE,"SPF 25-30, Partial coverage needed",201.0,181.0,172.0,8.448669801481486,6.241453148223068,6.015086073806249,DIM,Clean visible skin,2026-09-30T11:06:27.860392
FITZ_II_FACE_6206,FACE,II,Type II - Fair,HIGH,"SPF 30+, Coverage recommended",228.0,201.0,176.0,5.418535470855556,4.887704262608341,6.5031653753260965,DIM,Proper hygienic practice,2026-09-30T11:06:27.844027
FITZ_II_HAND_7559,HAND,II,Type II - Fair,HIGH,"SPF 30+, Coverage recommended",234.0,203.0,190.0,3.159683534465656,7.641885250877478,9.544365678130616,NORMAL,Hand washing observed,2026-09-30T11:06:27.847125
FITZ_III_FACE_3345,FACE,III,Type III - Light,MODERATE,"SPF 25-30, Partial coverage needed",214.0,198.0,160.0,4.5916012355039495,4.791662251891581,9.154598454562612,SHADOW,Clean visible skin,2026-09-30T11:06:27.862388
FITZ_I_FACE_1897,FACE,I,Type I - Very Fair,EXTREME,"SPF 50+, Complete coverage required",242.0,229.0,214.0,6.3965561972522345,11.010753628829338,9.240273003170294,BRIGHT,Clean visible skin,2026-09-30T11:06:27.834804
FITZ_I_NECK_9115,NECK,I,Type I - Very Fair,EXTREME,"SPF 50+, Complete coverage required",253.0,235.0,198.0,3.4499876830936413,3.714707609132741,5.883644563176226,BRIGHT,Gloves properly worn,2026-09-30T11:06:27.837878
FITZ_I_NECK_3069,NECK,I,Type I - Very Fair,EXTREME,"SPF 50+, Complete coverage required",248.0,218.0,208.0,10.312369737148344,5.429208489417906,4.53304767104779,BRIGHT,Hand washing observed,2026-09-30T11:06:27.835804
FITZ_II_FACE_7780,FACE,II,Type II - Fair,HIGH,"SPF 30+, Coverage recommended",227.0,194.0,198.0,11.641997561430077,4.5863479172873225,10.964567536281898,SHADOW,Wristwatch detected,2026-09-30T11:06:27.847125
FITZ_IV_NECK_5176,NECK,IV,Type IV - Medium/Olive,LOW,"SPF 15-20, Standard protection",200.0,185.0,176.0,3.34018915445669,5.7977072484132295,10.292242872255446,NORMAL,Hand washing observed,2026-09-30T11:06:27.870852
FITZ_I_NECK_4807,NECK,I,Type I - Very Fair,EXTREME,"SPF 50+, Complete coverage required",253.0,228.0,220.0,5.904116183955125,8.641077911152898,8.622060178697659,SHADOW,Hand washing observed,2026-09-30T11:06:27.834804
FITZ_IV_FACE_7514,FACE,IV,Type IV - Medium/Olive,LOW,"SPF 15-20, Standard protection",191.0,164.0,168.0,10.933791781032017,9.958753908237293,11.30763767371657,DIM,Gloves properly worn,2026-09-30T11:06:27.869789
FITZ_I_ARM_3674,ARM,I,Type I - Very Fair,EXTREME,"SPF 50+, Complete coverage required",242.0,212.0,189.0,10.4672662840524,8.278481454137992,9.81019742003075,BRIGHT,Ring present during food prep,2026-09-30T11:06:27.841026
FITZ_I_ARM_6745,ARM,I,Type I - Very Fair,EXTREME,"SPF 50+, Complete coverage required",248.0,225.0,211.0,6.683263611471011,8.717697394799112,10.579116259073743,NORMAL,Proper hygienic practice,2026-09-30T11:06:27.836878
FITZ_I_NECK_1819,NECK,I,Type I - Very Fair,EXTREME,"SPF 50+, Complete coverage required",254.0,233.0,206.0,10.485590099901291,4.91436203821927,5.9469385337862875,BRIGHT,Wristwatch detected,2026-09-30T11:06:27.843024
FITZ_IV_NECK_5034,NECK,IV,Type IV - Medium/Olive,LOW,"SPF 15-20, Standard protection",188.0,168.0,159.0,9.666592409664165,11.941278951199802,10.993322850704125,DIM,Clean visible skin,2026-09-30T11:06:27.866501
FITZ_II_FACE_5808,FACE,II,Type II - Fair,HIGH,"SPF 30+, Coverage recommended",221.0,189.0,196.0,11.70472468116298,7.458321565768536,7.71992752569683,SHADOW,Clean visible skin,2026-09-30T11:06:27.848124
FITZ_IV_HAND_7889,HAND,IV,Type IV - Medium/Olive,LOW,"SPF 15-20, Standard protection",188.0,178.0,160.0,5.6062435802402035,3.8537667048607345,10.732293870788146,BRIGHT,Clean visible skin,2026-09-30T11:06:27.869789
FITZ_I_FACE_1423,FACE,I,Type I - Very Fair,EXTREME,"SPF 50+, Complete coverage required",242.0,222.0,198.0,10.248359470697832,6.95081152061259,11.048648728812351,DIM,Ring present during food prep,2026-09-30T11:06:27.838880
FITZ_III_ARM_9712,ARM,III,Type III - Light,MODERATE,"SPF 25-30, Partial coverage needed",210.0,195.0,186.0,4.463246292908796,10.661417831060042,3.9414500332072935,SHADOW,Ring present during food prep,2026-09-30T11:06:27.856312
FITZ_III_NECK_8218,NECK,III,Type III - Light,MODERATE,"SPF 25-30, Partial coverage needed",206.0,186.0,173.0,5.110012863709307,8.795520014948682,8.212443401383926,SHADOW,Clean visible skin,2026-09-30T11:06:27.855202
FITZ_I_ARM_4196,ARM,I,Type I - Very Fair,EXTREME,"SPF 50+, Complete coverage required",252.0,222.0,214.0,11.912828699758384,9.819427665488902,6.519567852068014,DIM,Ring present during food prep,2026-09-30T11:06:27.835804
FITZ_II_FACE_2083,FACE,II,Type II - Fair,HIGH,"SPF 30+, Coverage recommended",222.0,207.0,172.0,10.223537778712583,5.404063656084843,10.814717168067418,DIM,Ring present during food prep,2026-09-30T11:06:27.851202
FITZ_II_FACE_3498,FACE,II,Type II - Fair,HIGH,"SPF 30+, Coverage recommended",234.0,204.0,178.0,6.302921469315672,5.037273865097742,3.6630604977785306,NORMAL,Ring present during food prep,2026-09-30T11:06:27.847125
FITZ_I_ARM_3369,ARM,I,Type I - Very Fair,EXTREME,"SPF 50+, Complete coverage required",252.0,222.0,220.0,3.197377854511796,4.490160250982981,11.15786173645656,DIM,Clean visible skin,2026-09-30T11:06:27.841026
FITZ_II_NECK_4786,NECK,II,Type II - Fair,HIGH,"SPF 30+, Coverage recommended",232.0,198.0,193.0,3.6953568526151113,6.489644905099052,5.486948029503791,SHADOW,Gloves properly worn,2026-09-30T11:06:27.851202
FITZ_III_HAND_7795,HAND,III,Type III - Light,MODERATE,"SPF 25-30, Partial coverage needed",213.0,198.0,185.0,10.050009288624683,3.922361019606189,3.1266887649802504,DIM,Wristwatch detected,2026-09-30T11:06:27.858310
FITZ_IV_HAND_2781,HAND,IV,Type IV - Medium/Olive,LOW,"SPF 15-20, Standard protection",187.0,174.0,144.0,7.113608527449327,6.583263578355201,10.12327563995856,DIM,Hand washing observed,2026-09-30T11:06:27.871855
FITZ_IV_FACE_2864,FACE,IV,Type IV - Medium/Olive,LOW,"SPF 15-20, Standard protection",190.0,166.0,157.0,4.017563035015549,3.482084028131608,3.0095874141080494,BRIGHT,Ring present during food prep,2026-09-30T11:06:27.873855
FITZ_IV_ARM_9659,ARM,IV,Type IV - Medium/Olive,LOW,"SPF 15-20, Standard protection",182.0,167.0,161.0,6.654838295848444,9.90645209351818,7.367364858148783,SHADOW,Clean visible skin,2026-09-30T11:06:27.864398
FITZ_III_HAND_3137,HAND,III,Type III - Light,MODERATE,"SPF 25-30, Partial coverage needed",209.0,197.0,174.0,7.448347057724563,6.071490818318033,3.777880552612429,BRIGHT,Proper hygienic practice,2026-09-30T11:06:27.860392
FITZ_IV_HAND_4544,HAND,IV,Type IV - Medium/Olive,LOW,"SPF 15-20, Standard protection",181.0,154.0,137.0,4.9592291255557255,9.752926199593752,3.7913510497258027,BRIGHT,Gloves properly worn,2026-09-30T11:06:27.869789
FITZ_IV_FACE_6549,FACE,IV,Type IV - Medium/Olive,LOW,"SPF 15-20, Standard protection",180.0,163.0,136.0,8.914956132653645,10.162128893159213,3.127539333852181,NORMAL,Clean visible skin,2026-09-30T11:06:27.864398
FITZ_III_NECK_1254,NECK,III,Type III - Light,MODERATE,"SPF 25-30, Partial coverage needed",212.0,201.0,160.0,8.141226289831465,3.272881259196939,6.82200832997822,NORMAL,Hand washing observed,2026-09-30T11:06:27.858310
FITZ_III_NECK_8540,NECK,III,Type III - Light,MODERATE,"SPF 25-30, Partial coverage needed",220.0,207.0,182.0,6.73088812107606,10.626817227113357,6.01694819573289,SHADOW,Clean visible skin,2026-09-30T11:06:27.863397
FITZ_II_NECK_3973,NECK,II,Type II - Fair,HIGH,"SPF 30+, Coverage recommended",238.0,207.0,200.0,4.205391856827581,4.1533385011609685,10.965653083306442,SHADOW,Clean visible skin,2026-09-30T11:06:27.851202
FITZ_IV_HAND_2908,HAND,IV,Type IV - Medium/Olive,LOW,"SPF 15-20, Standard protection",190.0,166.0,154.0,8.479707717918552,7.851210444668241,6.442824191592777,NORMAL,Clean visible skin,2026-09-30T11:06:27.869789
FITZ_I_FACE_6850,FACE,I,Type I - Very Fair,EXTREME,"SPF 50+, Complete coverage required",244.0,219.0,216.0,4.259202930063973,3.9202789567785357,4.470435592987426,BRIGHT,Proper hygienic practice,2026-09-30T11:06:27.837878
FITZ_II_HAND_9457,HAND,II,Type II - Fair,HIGH,"SPF 30+, Coverage recommended",221.0,204.0,180.0,10.202199740192896,4.552156989150421,9.907017541809102,SHADOW,Ring present during food prep,2026-09-30T11:06:27.848124
FITZ_II_ARM_8883,ARM,II,Type II - Fair,HIGH,"SPF 30+, Coverage recommended",220.0,203.0,183.0,4.673422325159731,6.805317649054626,5.571953786151771,NORMAL,Proper hygienic practice,2026-09-30T11:06:27.846122
FITZ_III_FACE_3438,FACE,III,Type III - Light,MODERATE,"SPF 25-30, Partial coverage needed",212.0,181.0,171.0,10.4633606277288,9.820876570888903,5.806829976009045,SHADOW,Hand washing observed,2026-09-30T11:06:27.856312
FITZ_I_ARM_7395,ARM,I,Type I - Very Fair,EXTREME,"SPF 50+, Complete coverage required",244.0,229.0,199.0,6.335022071277999,3.1145282493918365,3.005686833826352,NORMAL,Ring present during food prep,2026-09-30T11:06:27.843024
FITZ_I_ARM_4337,ARM,I,Type I - Very Fair,EXTREME,"SPF 50+, Complete coverage required",242.0,226.0,217.0,7.864023221502385,11.671562123537411,9.394253404987596,BRIGHT,Gloves properly worn,2026-09-30T11:06:27.841026
FITZ_II_NECK_4504,NECK,II,Type II - Fair,HIGH,"SPF 30+, Coverage recommended",238.0,224.0,179.0,3.291351744624409,6.1454097163923365,10.514050168185857,DIM,Proper hygienic practice,2026-09-30T11:06:27.847125
FITZ_II_HAND_3044,HAND,II,Type II - Fair,HIGH,"SPF 30+, Coverage recommended",227.0,193.0,191.0,7.474752093619236,4.825226980760265,7.03078137016747,DIM,Hand washing observed,2026-09-30T11:06:27.845024
FITZ_IV_FACE_6864,FACE,IV,Type IV - Medium/Olive,LOW,"SPF 15-20, Standard protection",192.0,179.0,147.0,3.7794114674719363,9.874312132440291,11.128775895256943,NORMAL,Ring present during food prep,2026-09-30T11:06:27.873855
FITZ_I_NECK_3068,NECK,I,Type I - Very Fair,EXTREME,"SPF 50+, Complete coverage required",250.0,231.0,213.0,10.302680123083892,6.4747087724188415,8.973199465360812,BRIGHT,Hand washing observed,2026-09-30T11:06:27.831024
FITZ_II_NECK_9141,NECK,II,Type II - Fair,HIGH,"SPF 30+, Coverage recommended",227.0,210.0,186.0,5.030942906027469,6.2161390627101785,3.7387805121796944,SHADOW,Proper hygienic practice,2026-09-30T11:06:27.846122
FITZ_IV_HAND_3182,HAND,IV,Type IV - Medium/Olive,LOW,"SPF 15-20, Standard protection",194.0,171.0,161.0,8.352000573752616,3.5469232785535834,11.855612352248743,DIM,Ring present during food prep,2026-09-30T11:06:27.865397
FITZ_III_NECK_4575,NECK,III,Type III - Light,MODERATE,"SPF 25-30, Partial coverage needed",207.0,189.0,179.0,11.0676073977998,9.426603959814932,6.273692524882589,DIM,Clean visible skin,2026-09-30T11:06:27.862388
FITZ_IV_ARM_7662,ARM,IV,Type IV - Medium/Olive,LOW,"SPF 15-20, Standard protection",181.0,168.0,148.0,10.504788633073437,7.764306533843218,5.378118514968221,DIM,Clean visible skin,2026-09-30T11:06:27.871855
FITZ_I_HAND_9162,HAND,I,Type I - Very Fair,EXTREME,"SPF 50+, Complete coverage required",240.0,204.0,193.0,3.2488820269729453,11.1463054128938,8.070282320480974,NORMAL,Gloves properly worn,2026-09-30T11:06:27.837878
FITZ_III_HAND_7897,HAND,III,Type III - Light,MODERATE,"SPF 25-30, Partial coverage needed",209.0,197.0,166.0,10.704067216390253,6.8050077373509135,8.842489985315927,DIM,Hand washing observed,2026-09-30T11:06:27.859309
FITZ_III_ARM_5640,ARM,III,Type III - Light,MODERATE,"SPF 25-30, Partial coverage needed",210.0,193.0,187.0,7.654943931504382,10.314807983336843,4.645326767031559,NORMAL,Proper hygienic practice,2026-09-30T11:06:27.860392
FITZ_I_NECK_8408,NECK,I,Type I - Very Fair,EXTREME,"SPF 50+, Complete coverage required",251.0,223.0,221.0,5.919309983484553,10.166264881330239,11.5069182496554,SHADOW,Clean visible skin,2026-09-30T11:06:27.837878
FITZ_II_NECK_7077,NECK,II,Type II - Fair,HIGH,"SPF 30+, Coverage recommended",239.0,214.0,187.0,6.64289272214139,9.9695732804316,6.011475095117246,BRIGHT,Clean visible skin,2026-09-30T11:06:27.844027
FITZ_III_FACE_2310,FACE,III,Type III - Light,MODERATE,"SPF 25-30, Partial coverage needed",204.0,187.0,154.0,11.521633733472314,7.126787265773393,8.273186193488552,NORMAL,Ring present during food prep,2026-09-30T11:06:27.858310
FITZ_I_HAND_6821,HAND,I,Type I - Very Fair,EXTREME,"SPF 50+, Complete coverage required",250.0,234.0,222.0,8.92350339054514,4.815312845456344,4.469600184400027,DIM,Gloves properly worn,2026-09-30T11:06:27.836878
FITZ_IV_FACE_5386,FACE,IV,Type IV - Medium/Olive,LOW,"SPF 15-20, Standard protection",197.0,174.0,176.0,6.808496319982752,5.409878889326395,11.671044780195052,BRIGHT,Hand washing observed,2026-09-30T11:06:27.873855
FITZ_II_ARM_3251,ARM,II,Type II - Fair,HIGH,"SPF 30+, Coverage recommended",220.0,206.0,179.0,7.037119845135986,9.89807290626405,3.2380473244233814,BRIGHT,Proper hygienic practice,2026-09-30T11:06:27.843024
FITZ_III_NECK_6986,NECK,III,Type III - Light,MODERATE,"SPF 25-30, Partial coverage needed",207.0,181.0,177.0,6.45336757319703,10.772842586820737,7.879257793934487,SHADOW,Clean visible skin,2026-09-30T11:06:27.860392
FITZ_I_ARM_6930,ARM,I,Type I - Very Fair,EXTREME,"SPF 50+, Complete coverage required",255.0,233.0,211.0,5.852454203535947,4.755212355584505,8.177193624061253,BRIGHT,Gloves properly worn,2026-09-30T11:06:27.836878
FITZ_II_FACE_4279,FACE,II,Type II - Fair,HIGH,"SPF 30+, Coverage recommended",228.0,205.0,172.0,11.527744053322092,10.267314719134703,11.056915234566318,BRIGHT,Proper hygienic practice,2026-09-30T11:06:27.844027
FITZ_I_ARM_2102,ARM,I,Type I - Very Fair,EXTREME,"SPF 50+, Complete coverage required",249.0,236.0,201.0,5.032973793306578,9.685992230634909,3.827620517159711,NORMAL,Proper hygienic practice,2026-09-30T11:06:27.834804
FITZ_II_ARM_8778,ARM,II,Type II - Fair,HIGH,"SPF 30+, Coverage recommended",233.0,209.0,185.0,6.962322695457091,6.684293898976052,9.157032397270363,SHADOW,Hand washing observed,2026-09-30T11:06:27.848124
FITZ_II_FACE_4137,FACE,II,Type II - Fair,HIGH,"SPF 30+, Coverage recommended",232.0,209.0,199.0,8.623794304718793,3.5402369633668513,3.958197462762919,DIM,Gloves properly worn,2026-09-30T11:06:27.849134
FITZ_I_NECK_9045,NECK,I,Type I - Very Fair,EXTREME,"SPF 50+, Complete coverage required",244.0,214.0,215.0,3.8349942691358385,7.448205460620019,6.252575861025393,BRIGHT,Hand washing observed,2026-09-30T11:06:27.835804
FITZ_IV_HAND_2394,HAND,IV,Type IV - Medium/Olive,LOW,"SPF 15-20, Standard protection",181.0,155.0,158.0,7.453854596783515,4.331912084776196,11.137649164652736,SHADOW,Ring present during food prep,2026-09-30T11:06:27.872851
FITZ_I_ARM_6050,ARM,I,Type I - Very Fair,EXTREME,"SPF 50+, Complete coverage required",247.0,211.0,185.0,6.26868098357189,11.145866391434222,11.609301622714723,SHADOW,Clean visible skin,2026-09-30T11:06:27.841026
FITZ_I_HAND_9528,HAND,I,Type I - Very Fair,EXTREME,"SPF 50+, Complete coverage required",251.0,229.0,203.0,10.537672050796004,11.726253567908195,10.758061618889357,NORMAL,Hand washing observed,2026-09-30T11:06:27.838880
FITZ_III_ARM_9878,ARM,III,Type III - Light,MODERATE,"SPF 25-30, Partial coverage needed",202.0,180.0,176.0,5.129158451029266,3.8941440648787102,11.147189838842687,NORMAL,Clean visible skin,2026-09-30T11:06:27.857311
FITZ_I_HAND_5805,HAND,I,Type I - Very Fair,EXTREME,"SPF 50+, Complete coverage required",240.0,218.0,203.0,5.71019483553575,4.222980713012966,7.773175677221065,DIM,Hand washing observed,2026-09-30T11:06:27.841026
FITZ_III_ARM_8393,ARM,III,Type III - Light,MODERATE,"SPF 25-30, Partial coverage needed",219.0,202.0,184.0,11.31232684515908,4.612689871589611,7.45825915409406,SHADOW,Clean visible skin,2026-09-30T11:06:27.863397
FITZ_IV_ARM_1553,ARM,IV,Type IV - Medium/Olive,LOW,"SPF 15-20, Standard protection",185.0,174.0,148.0,11.406667613949173,8.341880573360807,9.595069605475885,SHADOW,Ring present during food prep,2026-09-30T11:06:27.871855
FITZ_III_FACE_7930,FACE,III,Type III - Light,MODERATE,"SPF 25-30, Partial coverage needed",218.0,186.0,165.0,11.110802076740674,11.29297211793964,10.998854055087078,SHADOW,Proper hygienic practice,2026-09-30T11:06:27.863397
FITZ_I_NECK_4346,NECK,I,Type I - Very Fair,EXTREME,"SPF 50+, Complete coverage required",252.0,236.0,199.0,11.609642369244439,3.9842842853285063,5.4834846258775976,BRIGHT,Gloves properly worn,2026-09-30T11:06:27.833804
FITZ_IV_ARM_3989,ARM,IV,Type IV - Medium/Olive,LOW,"SPF 15-20, Standard protection",196.0,169.0,172.0,11.607548763691613,5.2883554871670455,3.3869155197652456,BRIGHT,Clean visible skin,2026-09-30T11:06:27.871855
FITZ_IV_FACE_2694,FACE,IV,Type IV - Medium/Olive,LOW,"SPF 15-20, Standard protection",180.0,165.0,143.0,7.409555793684382,11.862300746623673,4.613061906968685,BRIGHT,Clean visible skin,2026-09-30T11:06:27.869789
FITZ_III_NECK_1020,NECK,III,Type III - Light,MODERATE,"SPF 25-30, Partial coverage needed",201.0,177.0,176.0,9.435721639464473,9.022937983179151,4.48653072838637,BRIGHT,Hand washing observed,2026-09-30T11:06:27.858310
FITZ_III_FACE_9691,FACE,III,Type III - Light,MODERATE,"SPF 25-30, Partial coverage needed",214.0,193.0,178.0,3.44391095379299,7.327970319143299,8.588954059032144,DIM,Proper hygienic practice,2026-09-30T11:06:27.857311
FITZ_IV_FACE_6722,FACE,IV,Type IV - Medium/Olive,LOW,"SPF 15-20, Standard protection",186.0,173.0,144.0,10.959159614773405,11.173337090788621,11.623677698066524,SHADOW,Ring present during food prep,2026-09-30T11:06:27.873855
FITZ_I_ARM_9491,ARM,I,Type I - Very Fair,EXTREME,"SPF 50+, Complete coverage required",253.0,231.0,225.0,3.466765177881257,11.448833964072119,6.892933544509663,SHADOW,Hand washing observed,2026-09-30T11:06:27.834804
FITZ_I_ARM_7183,ARM,I,Type I - Very Fair,EXTREME,"SPF 50+, Complete coverage required",255.0,239.0,215.0,4.593263569381542,5.557057187465817,11.043865295323128,BRIGHT,Ring present during food prep,2026-09-30T11:06:27.841026
FITZ_I_FACE_3725,FACE,I,Type I - Very Fair,EXTREME,"SPF 50+, Complete coverage required",242.0,211.0,206.0,5.586411036378393,5.047376526302823,3.813413976920718,NORMAL,Clean visible skin,2026-09-30T11:06:27.831024
FITZ_I_ARM_5934,ARM,I,Type I - Very Fair,EXTREME,"SPF 50+, Complete coverage required",240.0,210.0,210.0,7.939238208994519,9.545113067924387,7.749943552980518,NORMAL,Gloves properly worn,2026-09-30T11:06:27.831024
FITZ_I_FACE_1941,FACE,I,Type I - Very Fair,EXTREME,"SPF 50+, Complete coverage required",255.0,217.0,198.0,11.202107792101435,6.4730470296320215,4.853030667434297,DIM,Clean visible skin,2026-09-30T11:06:27.834804
FITZ_IV_ARM_7767,ARM,IV,Type IV - Medium/Olive,LOW,"SPF 15-20, Standard protection",190.0,167.0,157.0,5.6396155578691385,4.5569406799654,3.2736861589549755,DIM,Hand washing observed,2026-09-30T11:06:27.870852
FITZ_II_FACE_7494,FACE,II,Type II - Fair,HIGH,"SPF 30+, Coverage recommended",234.0,206.0,182.0,4.032552233528334,6.91265112837911,8.15814677829975,NORMAL,Clean visible skin,2026-09-30T11:06:27.847125
FITZ_II_HAND_3947,HAND,II,Type II - Fair,HIGH,"SPF 30+, Coverage recommended",238.0,224.0,209.0,9.255002696011287,5.634361138818315,9.825931632600039,BRIGHT,Hand washing observed,2026-09-30T11:06:27.850202
FITZ_II_NECK_8415,NECK,II,Type II - Fair,HIGH,"SPF 30+, Coverage recommended",230.0,198.0,201.0,6.512504909040636,3.3046183437570105,7.688990010986192,DIM,Hand washing observed,2026-09-30T11:06:27.848124
FITZ_I_ARM_4643,ARM,I,Type I - Very Fair,EXTREME,"SPF 50+, Complete coverage required",255.0,242.0,201.0,6.767091174732075,6.494474289049125,3.317871043437818,BRIGHT,Ring present during food prep,2026-09-30T11:06:27.832797
FITZ_II_FACE_3067,FACE,II,Type II - Fair,HIGH,"SPF 30+, Coverage recommended",231.0,209.0,187.0,7.420521318857059,6.688490791714358,4.5216923539984,DIM,Ring present during food prep,2026-09-30T11:06:27.843024
FITZ_I_FACE_3224,FACE,I,Type I - Very Fair,EXTREME,"SPF 50+, Complete coverage required",245.0,231.0,195.0,6.451408340757931,5.523220620925607,9.472574847330577,SHADOW,Ring present during food prep,2026-09-30T11:06:27.835804
FITZ_IV_NECK_3739,NECK,IV,Type IV - Medium/Olive,LOW,"SPF 15-20, Standard protection",180.0,154.0,139.0,3.969614262362522,7.7510006204434,11.363158498256608,NORMAL,Hand washing observed,2026-09-30T11:06:27.869789
FITZ_IV_FACE_9331,FACE,IV,Type IV - Medium/Olive,LOW,"SPF 15-20, Standard protection",193.0,179.0,170.0,9.516943581266702,7.910784305086679,7.955194538567184,NORMAL,Gloves properly worn,2026-09-30T11:06:27.869789
FITZ_III_FACE_8675,FACE,III,Type III - Light,MODERATE,"SPF 25-30, Partial coverage needed",214.0,182.0,168.0,5.339699271722748,10.790442046370181,6.222458582661633,BRIGHT,Hand washing observed,2026-09-30T11:06:27.855202
FITZ_I_ARM_3100,ARM,I,Type I - Very Fair,EXTREME,"SPF 50+, Complete coverage required",254.0,232.0,193.0,9.045167242037243,5.256188533334594,4.776758332031244,SHADOW,Proper hygienic practice,2026-09-30T11:06:27.833804
FITZ_I_NECK_9334,NECK,I,Type I - Very Fair,EXTREME,"SPF 50+, Complete coverage required",245.0,222.0,186.0,5.572657778765543,11.36630106296878,10.27512226901335,NORMAL,Ring present during food prep,2026-09-30T11:06:27.835804
FITZ_III_FACE_6933,FACE,III,Type III - Light,MODERATE,"SPF 25-30, Partial coverage needed",210.0,191.0,169.0,10.646402105077485,8.566062926424072,7.070557207605478,DIM,Hand washing observed,2026-09-30T11:06:27.856312
FITZ_II_FACE_7846,FACE,II,Type II - Fair,HIGH,"SPF 30+, Coverage recommended",220.0,194.0,190.0,10.863711675010922,4.48423921978884,8.367698840801634,SHADOW,Ring present during food prep,2026-09-30T11:06:27.853203
FITZ_II_NECK_7952,NECK,II,Type II - Fair,HIGH,"SPF 30+, Coverage recommended",221.0,198.0,189.0,4.453923637017992,3.9366698271079645,9.162331994814714,SHADOW,Hand washing observed,2026-09-30T11:06:27.850202
FITZ_IV_NECK_8353,NECK,IV,Type IV - Medium/Olive,LOW,"SPF 15-20, Standard protection",187.0,175.0,152.0,7.833715419397954,5.177428951972216,6.9093154036278035,SHADOW,Hand washing observed,2026-09-30T11:06:27.864398
FITZ_II_NECK_6291,NECK,II,Type II - Fair,HIGH,"SPF 30+, Coverage recommended",236.0,214.0,203.0,5.616315631890352,3.9038427068398924,5.436030262450773,NORMAL,Gloves properly worn,2026-09-30T11:06:27.851202
FITZ_III_ARM_5644,ARM,III,Type III - Light,MODERATE,"SPF 25-30, Partial coverage needed",211.0,182.0,163.0,4.402740504611323,6.94988774764083,10.080380360033658,BRIGHT,Ring present during food prep,2026-09-30T11:06:27.862388
FITZ_III_ARM_8639,ARM,III,Type III - Light,MODERATE,"SPF 25-30, Partial coverage needed",209.0,195.0,178.0,3.202958241183766,6.525871231740272,7.702608052362922,NORMAL,Proper hygienic practice,2026-09-30T11:06:27.861390
FITZ_IV_HAND_1307,HAND,IV,Type IV - Medium/Olive,LOW,"SPF 15-20, Standard protection",190.0,172.0,146.0,8.596462732092848,9.992804246945393,11.344038355445532,SHADOW,Clean visible skin,2026-09-30T11:06:27.864398
FITZ_I_FACE_7211,FACE,I,Type I - Very Fair,EXTREME,"SPF 50+, Complete coverage required",252.0,229.0,214.0,3.755527159458002,6.857514926949854,10.80166220035617,BRIGHT,Proper hygienic practice,2026-09-30T11:06:27.831024
FITZ_I_NECK_2616,NECK,I,Type I - Very Fair,EXTREME,"SPF 50+, Complete coverage required",245.0,217.0,202.0,11.63648008620097,9.880421173207441,10.262332040261882,BRIGHT,Hand washing observed,2026-09-30T11:06:27.842027
FITZ_II_NECK_6252,NECK,II,Type II - Fair,HIGH,"SPF 30+, Coverage recommended",233.0,200.0,182.0,10.797663771484746,6.27667054036773,10.558039064645243,DIM,Proper hygienic practice,2026-09-30T11:06:27.851202
FITZ_IV_ARM_1318,ARM,IV,Type IV - Medium/Olive,LOW,"SPF 15-20, Standard protection",181.0,168.0,155.0,8.646035119033648,3.2203493208963856,11.129178043191326,DIM,Gloves properly worn,2026-09-30T11:06:27.868780
FITZ_II_FACE_1451,FACE,II,Type II - Fair,HIGH,"SPF 30+, Coverage recommended",227.0,194.0,175.0,8.551043356243369,11.361664310604834,5.270080510670742,SHADOW,Clean visible skin,2026-09-30T11:06:27.846122
FITZ_I_ARM_1660,ARM,I,Type I - Very Fair,EXTREME,"SPF 50+, Complete coverage required",251.0,237.0,196.0,5.774769463912541,5.385071342232374,4.079222007198542,BRIGHT,Ring present during food prep,2026-09-30T11:06:27.832797
FITZ_IV_HAND_7664,HAND,IV,Type IV - Medium/Olive,LOW,"SPF 15-20, Standard protection",191.0,164.0,144.0,7.485324581238309,10.51788522829716,11.762914877414236,NORMAL,Proper hygienic practice,2026-09-30T11:06:27.868780
FITZ_II_NECK_2259,NECK,II,Type II - Fair,HIGH,"SPF 30+, Coverage recommended",231.0,217.0,194.0,10.964984818889944,8.604733034599423,5.862357378819938,SHADOW,Clean visible skin,2026-09-30T11:06:27.852202
FITZ_III_ARM_7390,ARM,III,Type III - Light,MODERATE,"SPF 25-30, Partial coverage needed",209.0,190.0,157.0,5.093058645214525,8.168351538142659,6.594615129699908,BRIGHT,Clean visible skin,2026-09-30T11:06:27.855202
FITZ_I_NECK_4893,NECK,I,Type I - Very Fair,EXTREME,"SPF 50+, Complete coverage required",240.0,219.0,212.0,11.434898429687522,8.80311137791345,5.542216056365444,SHADOW,Ring present during food prep,2026-09-30T11:06:27.837878
FITZ_II_FACE_1277,FACE,II,Type II - Fair,HIGH,"SPF 30+, Coverage recommended",227.0,201.0,188.0,3.4800693682150263,11.019832707856136,7.933029822823003,NORMAL,Wristwatch detected,2026-09-30T11:06:27.847125
FITZ_IV_ARM_6726,ARM,IV,Type IV - Medium/Olive,LOW,"SPF 15-20, Standard protection",184.0,159.0,162.0,9.935352460802427,11.419039067108471,11.782309650610886,SHADOW,Clean visible skin,2026-09-30T11:06:27.865397
FITZ_II_ARM_7714,ARM,II,Type II - Fair,HIGH,"SPF 30+, Coverage recommended",238.0,203.0,186.0,11.757760705622998,6.902855967571374,3.2287497734364408,BRIGHT,Wristwatch detected,2026-09-30T11:06:27.850202
FITZ_I_NECK_8075,NECK,I,Type I - Very Fair,EXTREME,"SPF 50+, Complete coverage required",245.0,214.0,211.0,10.557938528288986,6.255502622116184,5.02807844021753,DIM,Hand washing observed,2026-09-30T11:06:27.837878
FITZ_IV_NECK_3319,NECK,IV,Type IV - Medium/Olive,LOW,"SPF 15-20, Standard protection",194.0,182.0,165.0,10.874918291919096,11.004272056113606,10.361645927342071,SHADOW,Clean visible skin,2026-09-30T11:06:27.865397
FITZ_I_HAND_1071,HAND,I,Type I - Very Fair,EXTREME,"SPF 50+, Complete coverage required",253.0,216.0,213.0,9.049275951827317,4.108972712973554,11.025789194215397,SHADOW,Clean visible skin,2026-09-30T11:06:27.832797
FITZ_II_FACE_7314,FACE,II,Type II - Fair,HIGH,"SPF 30+, Coverage recommended",220.0,206.0,165.0,6.922365765690281,3.6584179611053136,3.373819892126739,BRIGHT,Proper hygienic practice,2026-09-30T11:06:27.847125
FITZ_I_NECK_1811,NECK,I,Type I - Very Fair,EXTREME,"SPF 50+, Complete coverage required",254.0,223.0,226.0,7.430814235650282,9.884864717621209,9.337660265873115,BRIGHT,Wristwatch detected,2026-09-30T11:06:27.841026
FITZ_III_HAND_7764,HAND,III,Type III - Light,MODERATE,"SPF 25-30, Partial coverage needed",214.0,185.0,184.0,4.20069599077154,5.410906446224655,10.870431017098202,DIM,Wristwatch detected,2026-09-30T11:06:27.861390
FITZ_III_ARM_6827,ARM,III,Type III - Light,MODERATE,"SPF 25-30, Partial coverage needed",208.0,193.0,180.0,11.518544691342324,4.52435917792865,6.434084707304437,BRIGHT,Clean visible skin,2026-09-30T11:06:27.855202
FITZ_IV_NECK_6187,NECK,IV,Type IV - Medium/Olive,LOW,"SPF 15-20, Standard protection",180.0,158.0,153.0,7.777961780770198,5.11223089823064,6.529557408667582,NORMAL,Ring present during food prep,2026-09-30T11:06:27.865397
FITZ_III_FACE_7661,FACE,III,Type III - Light,MODERATE,"SPF 25-30, Partial coverage needed",203.0,186.0,171.0,5.7419995903159,9.357268483187879,8.62354824486738,SHADOW,Clean visible skin,2026-09-30T11:06:27.863397
FITZ_IV_NECK_3575,NECK,IV,Type IV - Medium/Olive,LOW,"SPF 15-20, Standard protection",191.0,170.0,168.0,9.434660789699848,10.7143094387669,5.776284119094261,BRIGHT,Gloves properly worn,2026-09-30T11:06:27.873855
FITZ_III_FACE_8312,FACE,III,Type III - Light,MODERATE,"SPF 25-30, Partial coverage needed",220.0,187.0,173.0,11.366042867123731,11.197161109957936,3.2523836357191356,DIM,Proper hygienic practice,2026-09-30T11:06:27.858310
FITZ_II_HAND_4106,HAND,II,Type II - Fair,HIGH,"SPF 30+, Coverage recommended",226.0,195.0,171.0,10.828066173010765,9.474754414615244,10.783537680303715,DIM,Proper hygienic practice,2026-09-30T11:06:27.845024
FITZ_I_FACE_2830,FACE,I,Type I - Very Fair,EXTREME,"SPF 50+, Complete coverage required",243.0,211.0,213.0,4.281234027388874,5.0391698760304955,4.12809763020701,BRIGHT,Clean visible skin,2026-09-30T11:06:27.834804
FITZ_IV_HAND_9377,HAND,IV,Type IV - Medium/Olive,LOW,"SPF 15-20, Standard protection",200.0,174.0,165.0,5.991129082032909,11.695762124785782,5.422860331732609,SHADOW,Hand washing observed,2026-09-30T11:06:27.870852
FITZ_I_HAND_8606,HAND,I,Type I - Very Fair,EXTREME,"SPF 50+, Complete coverage required",254.0,225.0,218.0,10.701958304268361,6.570068950503855,3.0966362525183824,NORMAL,Proper hygienic practice,2026-09-30T11:06:27.834804
FITZ_III_NECK_4591,NECK,III,Type III - Light,MODERATE,"SPF 25-30, Partial coverage needed",214.0,192.0,169.0,4.446880197788752,7.209325787396659,5.309273659630849,DIM,Proper hygienic practice,2026-09-30T11:06:27.858310
FITZ_IV_NECK_2401,NECK,IV,Type IV - Medium/Olive,LOW,"SPF 15-20, Standard protection",183.0,159.0,139.0,3.00090351485122,10.944648675149633,11.174468939593039,NORMAL,Clean visible skin,2026-09-30T11:06:27.864398
FITZ_IV_HAND_1257,HAND,IV,Type IV - Medium/Olive,LOW,"SPF 15-20, Standard protection",190.0,174.0,145.0,9.807774681970752,6.899439044043837,8.397920884692828,SHADOW,Proper hygienic practice,2026-09-30T11:06:27.864398
FITZ_I_FACE_2101,FACE,I,Type I - Very Fair,EXTREME,"SPF 50+, Complete coverage required",252.0,223.0,219.0,9.114695470332208,11.57510456651647,4.2850152152629475,SHADOW,Gloves properly worn,2026-09-30T11:06:27.831024
FITZ_III_NECK_7965,NECK,III,Type III - Light,MODERATE,"SPF 25-30, Partial coverage needed",217.0,192.0,183.0,5.178100109660441,6.414748185407134,10.874209086272563,BRIGHT,Wristwatch detected,2026-09-30T11:06:27.861390
FITZ_IV_ARM_2966,ARM,IV,Type IV - Medium/Olive,LOW,"SPF 15-20, Standard protection",193.0,169.0,161.0,8.634764598523628,10.789559021471392,8.150543791383722,NORMAL,Wristwatch detected,2026-09-30T11:06:27.864398
FITZ_III_HAND_1345,HAND,III,Type III - Light,MODERATE,"SPF 25-30, Partial coverage needed",209.0,182.0,177.0,11.158742975933654,4.8564256653379205,11.771940837565365,NORMAL,Wristwatch detected,2026-09-30T11:06:27.861390
FITZ_II_FACE_7339,FACE,II,Type II - Fair,HIGH,"SPF 30+, Coverage recommended",223.0,207.0,194.0,6.067592735590757,6.874273262878832,8.922948607710866,NORMAL,Wristwatch detected,2026-09-30T11:06:27.848124
FITZ_IV_NECK_6042,NECK,IV,Type IV - Medium/Olive,LOW,"SPF 15-20, Standard protection",184.0,167.0,154.0,11.780612465188574,9.612805404917042,9.272066868504051,NORMAL,Proper hygienic practice,2026-09-30T11:06:27.867774
FITZ_III_NECK_5608,NECK,III,Type III - Light,MODERATE,"SPF 25-30, Partial coverage needed",205.0,183.0,181.0,4.206253538483961,4.986670376931412,10.147055002954357,DIM,Hand washing observed,2026-09-30T11:06:27.857311
FITZ_III_FACE_9371,FACE,III,Type III - Light,MODERATE,"SPF 25-30, Partial coverage needed",201.0,171.0,154.0,11.358736776501491,9.362215963688165,10.59141635924274,DIM,Hand washing observed,2026-09-30T11:06:27.857311
FITZ_I_NECK_4199,NECK,I,Type I - Very Fair,EXTREME,"SPF 50+, Complete coverage required",251.0,234.0,193.0,4.016881856181653,4.585328112482708,9.112144834432932,DIM,Gloves properly worn,2026-09-30T11:06:27.842027
FITZ_II_HAND_2334,HAND,II,Type II - Fair,HIGH,"SPF 30+, Coverage recommended",220.0,202.0,175.0,5.8058241237332435,7.85618617748188,11.862408378462305,BRIGHT,Gloves properly worn,2026-09-30T11:06:27.844027
FITZ_III_FACE_6945,FACE,III,Type III - Light,MODERATE,"SPF 25-30, Partial coverage needed",204.0,174.0,172.0,10.569080080209467,7.641246451300212,4.00092711216092,BRIGHT,Proper hygienic practice,2026-09-30T11:06:27.856312
FITZ_IV_FACE_7576,FACE,IV,Type IV - Medium/Olive,LOW,"SPF 15-20, Standard protection",197.0,186.0,161.0,11.346672878444537,6.3666463499411226,4.42703963941275,NORMAL,Hand washing observed,2026-09-30T11:06:27.871855
FITZ_II_NECK_7771,NECK,II,Type II - Fair,HIGH,"SPF 30+, Coverage recommended",225.0,207.0,172.0,7.127099347248711,7.246289316722725,4.4594524447619435,DIM,Hand washing observed,2026-09-30T11:06:27.851202
FITZ_III_NECK_5529,NECK,III,Type III - Light,MODERATE,"SPF 25-30, Partial coverage needed",217.0,201.0,165.0,7.703288284706315,3.0376525897883018,4.086434817464244,DIM,Clean visible skin,2026-09-30T11:06:27.853203
FITZ_I_HAND_5846,HAND,I,Type I - Very Fair,EXTREME,"SPF 50+, Complete coverage required",251.0,221.0,224.0,6.075591106183934,9.895405869010375,4.728047102979477,BRIGHT,Hand washing observed,2026-09-30T11:06:27.831024
FITZ_II_HAND_3073,HAND,II,Type II - Fair,HIGH,"SPF 30+, Coverage recommended",230.0,207.0,196.0,7.228346354998022,3.5480606591229487,4.1324440537657,SHADOW,Ring present during food prep,2026-09-30T11:06:27.847125
FITZ_II_FACE_3981,FACE,II,Type II - Fair,HIGH,"SPF 30+, Coverage recommended",220.0,198.0,195.0,7.039522283146852,5.03847025692803,5.417738541503874,NORMAL,Clean visible skin,2026-09-30T11:06:27.847125
FITZ_III_NECK_5017,NECK,III,Type III - Light,MODERATE,"SPF 25-30, Partial coverage needed",209.0,181.0,175.0,5.51464198819863,11.667530712448032,7.649971398800191,DIM,Ring present during food prep,2026-09-30T11:06:27.862388
FITZ_IV_FACE_3273,FACE,IV,Type IV - Medium/Olive,LOW,"SPF 15-20, Standard protection",188.0,173.0,150.0,10.278961825967725,4.91073127051938,10.581934026479678,DIM,Proper hygienic practice,2026-09-30T11:06:27.872851
FITZ_I_NECK_2600,NECK,I,Type I - Very Fair,EXTREME,"SPF 50+, Complete coverage required",253.0,228.0,203.0,3.3909445500283333,7.768348670457351,5.0653763074114515,SHADOW,Proper hygienic practice,2026-09-30T11:06:27.833804
FITZ_III_ARM_7178,ARM,III,Type III - Light,MODERATE,"SPF 25-30, Partial coverage needed",217.0,200.0,178.0,4.006222108970213,6.958610242532938,9.941592413374778,DIM,Wristwatch detected,2026-09-30T11:06:27.858310
FITZ_IV_ARM_3841,ARM,IV,Type IV - Medium/Olive,LOW,"SPF 15-20, Standard protection",186.0,174.0,143.0,11.121549367647484,4.90159348316561,6.872612318865772,NORMAL,Wristwatch detected,2026-09-30T11:06:27.871855
FITZ_III_ARM_2282,ARM,III,Type III - Light,MODERATE,"SPF 25-30, Partial coverage needed",215.0,201.0,184.0,8.958552106998548,11.000216334288364,3.444234760969774,SHADOW,Wristwatch detected,2026-09-30T11:06:27.860392
FITZ_II_HAND_9627,HAND,II,Type II - Fair,HIGH,"SPF 30+, Coverage recommended",240.0,215.0,187.0,8.008583129203938,8.86307253645502,5.5119828524161445,SHADOW,Clean visible skin,2026-09-30T11:06:27.850202
FITZ_IV_HAND_5611,HAND,IV,Type IV - Medium/Olive,LOW,"SPF 15-20, Standard protection",191.0,179.0,153.0,7.167747947309679,7.4281526354644445,11.702784284368578,BRIGHT,Ring present during food prep,2026-09-30T11:06:27.869789
FITZ_III_ARM_3560,ARM,III,Type III - Light,MODERATE,"SPF 25-30, Partial coverage needed",202.0,188.0,173.0,4.348480087089351,5.843896224577909,6.741689535819342,NORMAL,Wristwatch detected,2026-09-30T11:06:27.855202
FITZ_I_FACE_4018,FACE,I,Type I - Very Fair,EXTREME,"SPF 50+, Complete coverage required",242.0,226.0,186.0,8.907551660200355,11.09907493614519,8.094619238591196,BRIGHT,Ring present during food prep,2026-09-30T11:06:27.833804
FITZ_II_HAND_4494,HAND,II,Type II - Fair,HIGH,"SPF 30+, Coverage recommended",240.0,220.0,202.0,11.005925917653286,5.207010848972299,9.422697098221192,BRIGHT,Ring present during food prep,2026-09-30T11:06:27.848124
FITZ_I_HAND_2415,HAND,I,Type I - Very Fair,EXTREME,"SPF 50+, Complete coverage required",250.0,224.0,218.0,3.7748570970870814,11.372455657773079,3.7934575829383363,NORMAL,Ring present during food prep,2026-09-30T11:06:27.836878
FITZ_II_HAND_5291,HAND,II,Type II - Fair,HIGH,"SPF 30+, Coverage recommended",240.0,220.0,193.0,5.65969431848994,5.040877960728494,8.408689391397232,SHADOW,Clean visible skin,2026-09-30T11:06:27.845024
FITZ_II_NECK_2346,NECK,II,Type II - Fair,HIGH,"SPF 30+, Coverage recommended",223.0,197.0,192.0,4.226377133765757,4.155551305841923,8.910002990764067,NORMAL,Proper hygienic practice,2026-09-30T11:06:27.848124
FITZ_I_HAND_6599,HAND,I,Type I - Very Fair,EXTREME,"SPF 50+, Complete coverage required",248.0,232.0,219.0,10.333727739105033,3.2651930860968696,7.99445416437125,DIM,Gloves properly worn,2026-09-30T11:06:27.833804
FITZ_I_HAND_3595,HAND,I,Type I - Very Fair,EXTREME,"SPF 50+, Complete coverage required",255.0,225.0,228.0,5.820726645816048,3.5221222940267727,7.0684790571164395,BRIGHT,Wristwatch detected,2026-09-30T11:06:27.832797
FITZ_II_ARM_1855,ARM,II,Type II - Fair,HIGH,"SPF 30+, Coverage recommended",224.0,207.0,193.0,7.408972979973205,11.092017430954495,6.046052607028448,NORMAL,Ring present during food prep,2026-09-30T11:06:27.850202
FITZ_III_NECK_5446,NECK,III,Type III - Light,MODERATE,"SPF 25-30, Partial coverage needed",212.0,193.0,190.0,4.751718978943301,10.504210460291564,3.040452662837372,NORMAL,Proper hygienic practice,2026-09-30T11:06:27.854203
FITZ_IV_FACE_5714,FACE,IV,Type IV - Medium/Olive,LOW,"SPF 15-20, Standard protection",200.0,180.0,154.0,6.575418309836229,11.688459221701756,5.222204693344297,SHADOW,Hand washing observed,2026-09-30T11:06:27.868780
FITZ_III_HAND_3858,HAND,III,Type III - Light,MODERATE,"SPF 25-30, Partial coverage needed",205.0,174.0,161.0,10.526764151534238,10.340005225738114,10.10765269280714,DIM,Wristwatch detected,2026-09-30T11:06:27.858310
FITZ_II_HAND_3760,HAND,II,Type II - Fair,HIGH,"SPF 30+, Coverage recommended",230.0,198.0,197.0,5.3071585350598465,11.953002368580538,8.281770841619,DIM,Wristwatch detected,2026-09-30T11:06:27.846122
FITZ_IV_HAND_2973,HAND,IV,Type IV - Medium/Olive,LOW,"SPF 15-20, Standard protection",180.0,153.0,155.0,3.8018292433826826,6.9162746690538235,11.237433080187245,SHADOW,Ring present during food prep,2026-09-30T11:06:27.869789
FITZ_IV_NECK_7776,NECK,IV,Type IV - Medium/Olive,LOW,"SPF 15-20, Standard protection",187.0,167.0,166.0,3.1686939406073873,7.51989232424892,9.467854937348008,DIM,Proper hygienic practice,2026-09-30T11:06:27.870852
FITZ_II_NECK_5426,NECK,II,Type II - Fair,HIGH,"SPF 30+, Coverage recommended",223.0,196.0,189.0,5.2598625934664565,8.47836774147227,10.282910861425009,NORMAL,Ring present during food prep,2026-09-30T11:06:27.853203
FITZ_I_HAND_4746,HAND,I,Type I - Very Fair,EXTREME,"SPF 50+, Complete coverage required",244.0,211.0,210.0,4.462622188113424,3.4857690527937586,7.960798561005018,DIM,Ring present during food prep,2026-09-30T11:06:27.842027
FITZ_III_FACE_5403,FACE,III,Type III - Light,MODERATE,"SPF 25-30, Partial coverage needed",216.0,202.0,171.0,4.679589863525237,5.101088604722193,3.326003674779696,BRIGHT,Ring present during food prep,2026-09-30T11:06:27.863397
FITZ_III_ARM_9117,ARM,III,Type III - Light,MODERATE,"SPF 25-30, Partial coverage needed",207.0,179.0,179.0,11.687086216274137,9.705169436001045,11.343598364102684,NORMAL,Wristwatch detected,2026-09-30T11:06:27.855202
FITZ_II_HAND_7372,HAND,II,Type II - Fair,HIGH,"SPF 30+, Coverage recommended",224.0,191.0,182.0,4.615961086562404,8.503107346037467,11.79026924097473,NORMAL,Gloves properly worn,2026-09-30T11:06:27.848124
FITZ_III_FACE_5999,FACE,III,Type III - Light,MODERATE,"SPF 25-30, Partial coverage needed",213.0,195.0,165.0,9.512758065439371,4.602382855869285,11.420902667937114,DIM,Proper hygienic practice,2026-09-30T11:06:27.863397
FITZ_I_NECK_1877,NECK,I,Type I - Very Fair,EXTREME,"SPF 50+, Complete coverage required",250.0,227.0,210.0,7.344631078396303,3.2789388364695746,11.481980322917675,BRIGHT,Gloves properly worn,2026-09-30T11:06:27.832797
FITZ_I_FACE_7397,FACE,I,Type I - Very Fair,EXTREME,"SPF 50+, Complete coverage required",241.0,206.0,201.0,5.255367152356613,7.012938470906637,11.068611536020878,BRIGHT,Hand washing observed,2026-09-30T11:06:27.833804
FITZ_IV_ARM_9638,ARM,IV,Type IV - Medium/Olive,LOW,"SPF 15-20, Standard protection",197.0,186.0,164.0,7.656722972779977,3.2149640889991615,11.929573062939703,BRIGHT,Proper hygienic practice,2026-09-30T11:06:27.867774
FITZ_II_ARM_4012,ARM,II,Type II - Fair,HIGH,"SPF 30+, Coverage recommended",222.0,192.0,181.0,9.446421912616733,11.834308841662683,9.862470248914462,DIM,Gloves properly worn,2026-09-30T11:06:27.847125
FITZ_III_ARM_5038,ARM,III,Type III - Light,MODERATE,"SPF 25-30, Partial coverage needed",219.0,194.0,189.0,6.376694044092446,9.094249686027386,9.48378860597882,NORMAL,Hand washing observed,2026-09-30T11:06:27.863397
FITZ_IV_ARM_3274,ARM,IV,Type IV - Medium/Olive,LOW,"SPF 15-20, Standard protection",180.0,165.0,142.0,4.410886939627585,10.30862278516313,7.953481044575499,BRIGHT,Gloves properly worn,2026-09-30T11:06:27.865397
FITZ_II_HAND_8286,HAND,II,Type II - Fair,HIGH,"SPF 30+, Coverage recommended",227.0,207.0,188.0,3.8424651073921057,7.0750519633256275,9.125708666204535,BRIGHT,Gloves properly worn,2026-09-30T11:06:27.845024
FITZ_I_NECK_4365,NECK,I,Type I - Very Fair,EXTREME,"SPF 50+, Complete coverage required",243.0,208.0,202.0,7.549383504833362,8.154315068050781,4.348671432441728,DIM,Hand washing observed,2026-09-30T11:06:27.831024
FITZ_I_ARM_4997,ARM,I,Type I - Very Fair,EXTREME,"SPF 50+, Complete coverage required",249.0,216.0,201.0,3.836464267960749,3.5554064233260045,9.520553463079676,DIM,Ring present during food prep,2026-09-30T11:06:27.841026
FITZ_III_FACE_7941,FACE,III,Type III - Light,MODERATE,"SPF 25-30, Partial coverage needed",214.0,192.0,173.0,5.806817151010373,8.146003493462283,11.663387167193747,BRIGHT,Proper hygienic practice,2026-09-30T11:06:27.859309
FITZ_II_HAND_4915,HAND,II,Type II - Fair,HIGH,"SPF 30+, Coverage recommended",232.0,215.0,177.0,3.80142035422754,6.782058273698982,8.267413163011998,BRIGHT,Proper hygienic practice,2026-09-30T11:06:27.849134
FITZ_III_NECK_2615,NECK,III,Type III - Light,MODERATE,"SPF 25-30, Partial coverage needed",210.0,192.0,172.0,5.514602274378776,8.208863062378533,6.6679594016953665,NORMAL,Proper hygienic practice,2026-09-30T11:06:27.863397
FITZ_II_NECK_9356,NECK,II,Type II - Fair,HIGH,"SPF 30+, Coverage recommended",233.0,215.0,183.0,10.311670670436595,4.147557702822056,9.076330603046626,DIM,Hand washing observed,2026-09-30T11:06:27.851202
FITZ_II_ARM_2414,ARM,II,Type II - Fair,HIGH,"SPF 30+, Coverage recommended",240.0,222.0,210.0,8.116326756863824,6.433126819069916,4.314095402317442,BRIGHT,Clean visible skin,2026-09-30T11:06:27.846122
FITZ_II_ARM_2657,ARM,II,Type II - Fair,HIGH,"SPF 30+, Coverage recommended",220.0,192.0,185.0,5.6465174214359415,8.424643687734282,9.114273292017712,NORMAL,Hand washing observed,2026-09-30T11:06:27.851202
FITZ_II_HAND_6344,HAND,II,Type II - Fair,HIGH,"SPF 30+, Coverage recommended",231.0,201.0,203.0,7.620890814018176,4.692067796998922,4.298640633258692,NORMAL,Gloves properly worn,2026-09-30T11:06:27.852202
FITZ_I_HAND_2469,HAND,I,Type I - Very Fair,EXTREME,"SPF 50+, Complete coverage required",250.0,230.0,221.0,8.12172779249548,5.525218005723222,9.779369154893608,NORMAL,Ring present during food prep,2026-09-30T11:06:27.842027
FITZ_II_ARM_7771,ARM,II,Type II - Fair,HIGH,"SPF 30+, Coverage recommended",220.0,197.0,197.0,5.501817255893419,6.93914613816371,8.113249779474302,SHADOW,Proper hygienic practice,2026-09-30T11:06:27.847125
FITZ_III_FACE_1782,FACE,III,Type III - Light,MODERATE,"SPF 25-30, Partial coverage needed",207.0,196.0,157.0,10.83128750222198,11.210263590922276,3.28697420416945,DIM,Proper hygienic practice,2026-09-30T11:06:27.857311
FITZ_III_ARM_7949,ARM,III,Type III - Light,MODERATE,"SPF 25-30, Partial coverage needed",211.0,199.0,183.0,9.495492683246919,10.153757982629484,4.773048087777763,NORMAL,Ring present during food prep,2026-09-30T11:06:27.861390
FITZ_IV_FACE_3423,FACE,IV,Type IV - Medium/Olive,LOW,"SPF 15-20, Standard protection",184.0,162.0,159.0,11.881237138707805,5.218248741710996,8.621601054291757,NORMAL,Wristwatch detected,2026-09-30T11:06:27.864398
FITZ_IV_NECK_9971,NECK,IV,Type IV - Medium/Olive,LOW,"SPF 15-20, Standard protection",198.0,172.0,174.0,8.178900751874792,6.760774551221133,7.1469339124722575,DIM,Proper hygienic practice,2026-09-30T11:06:27.870852
FITZ_IV_ARM_5130,ARM,IV,Type IV - Medium/Olive,LOW,"SPF 15-20, Standard protection",189.0,177.0,163.0,11.827222963162663,6.050592525588495,11.95186345084733,SHADOW,Ring present during food prep,2026-09-30T11:06:27.864398
FITZ_III_NECK_1692,NECK,III,Type III - Light,MODERATE,"SPF 25-30, Partial coverage needed",212.0,189.0,183.0,8.361874964990395,5.630105400189117,8.29886569095202,DIM,Clean visible skin,2026-09-30T11:06:27.855202
FITZ_IV_ARM_6833,ARM,IV,Type IV - Medium/Olive,LOW,"SPF 15-20, Standard protection",198.0,181.0,175.0,5.092102395490105,11.843879588454463,3.719914821842602,NORMAL,Gloves properly worn,2026-09-30T11:06:27.864398
FITZ_III_ARM_2557,ARM,III,Type III - Light,MODERATE,"SPF 25-30, Partial coverage needed",215.0,198.0,184.0,8.04823736013535,8.182735370155818,4.424083447635204,NORMAL,Hand washing observed,2026-09-30T11:06:27.858310
FITZ_IV_NECK_5141,NECK,IV,Type IV - Medium/Olive,LOW,"SPF 15-20, Standard protection",180.0,168.0,135.0,10.152924811665505,3.718308025742574,9.782585056387497,DIM,Gloves properly worn,2026-09-30T11:06:27.865397
FITZ_IV_NECK_3047,NECK,IV,Type IV - Medium/Olive,LOW,"SPF 15-20, Standard protection",181.0,169.0,143.0,10.41101100988557,10.79224962891427,4.314997076220079,SHADOW,Clean visible skin,2026-09-30T11:06:27.870852
FITZ_I_ARM_8259,ARM,I,Type I - Very Fair,EXTREME,"SPF 50+, Complete coverage required",252.0,223.0,225.0,11.782404498505137,5.813885828051707,7.969121377797572,NORMAL,Gloves properly worn,2026-09-30T11:06:27.832797
FITZ_III_FACE_7951,FACE,III,Type III - Light,MODERATE,"SPF 25-30, Partial coverage needed",208.0,194.0,161.0,5.522694696085089,4.4025366569877855,11.072991214387956,DIM,Proper hygienic practice,2026-09-30T11:06:27.855202
FITZ_III_ARM_6725,ARM,III,Type III - Light,MODERATE,"SPF 25-30, Partial coverage needed",208.0,189.0,169.0,9.88975238439712,7.0405592931072505,8.086390286293021,SHADOW,Gloves properly worn,2026-09-30T11:06:27.856312
FITZ_I_FACE_3317,FACE,I,Type I - Very Fair,EXTREME,"SPF 50+, Complete coverage required",241.0,212.0,201.0,10.63430911108464,6.433513055444535,3.576794641728962,BRIGHT,Hand washing observed,2026-09-30T11:06:27.842027
FITZ_IV_HAND_3377,HAND,IV,Type IV - Medium/Olive,LOW,"SPF 15-20, Standard protection",185.0,163.0,145.0,9.411781984158285,7.092135843784919,3.0685849674189036,SHADOW,Ring present during food prep,2026-09-30T11:06:27.872851
FITZ_II_HAND_4404,HAND,II,Type II - Fair,HIGH,"SPF 30+, Coverage recommended",229.0,198.0,183.0,6.4684863893450775,8.012879280575465,4.290405380392791,SHADOW,Hand washing observed,2026-09-30T11:06:27.851202
FITZ_III_FACE_9402,FACE,III,Type III - Light,MODERATE,"SPF 25-30, Partial coverage needed",204.0,178.0,164.0,7.557822898757231,7.193105277149162,5.09668585945012,DIM,Wristwatch detected,2026-09-30T11:06:27.862388
FITZ_I_FACE_7117,FACE,I,Type I - Very Fair,EXTREME,"SPF 50+, Complete coverage required",250.0,234.0,221.0,3.207067126756874,4.1567324642541985,9.858570195462155,BRIGHT,Gloves properly worn,2026-09-30T11:06:27.837878
FITZ_IV_FACE_4031,FACE,IV,Type IV - Medium/Olive,LOW,"SPF 15-20, Standard protection",189.0,173.0,145.0,11.005565427189467,3.7261760395074175,3.729701779179469,BRIGHT,Hand washing observed,2026-09-30T11:06:27.872851
FITZ_I_HAND_9549,HAND,I,Type I - Very Fair,EXTREME,"SPF 50+, Complete coverage required",248.0,212.0,209.0,3.6584652045408736,9.63957314113181,3.4889118155705336,SHADOW,Ring present during food prep,2026-09-30T11:06:27.839885
FITZ_IV_NECK_6213,NECK,IV,Type IV - Medium/Olive,LOW,"SPF 15-20, Standard protection",189.0,161.0,142.0,7.051634695202196,5.749456293536372,6.354730514606576,SHADOW,Wristwatch detected,2026-09-30T11:06:27.864398
FITZ_I_HAND_6633,HAND,I,Type I - Very Fair,EXTREME,"SPF 50+, Complete coverage required",244.0,210.0,183.0,8.369893987079973,7.8343684369901485,11.522814503059847,DIM,Ring present during food prep,2026-09-30T11:06:27.833804
FITZ_IV_FACE_2768,FACE,IV,Type IV - Medium/Olive,LOW,"SPF 15-20, Standard protection",195.0,177.0,159.0,11.414488848110011,3.860852339542169,8.49223971094137,BRIGHT,Ring present during food prep,2026-09-30T11:06:27.871855
FITZ_III_FACE_2293,FACE,III,Type III - Light,MODERATE,"SPF 25-30, Partial coverage needed",207.0,195.0,159.0,6.217401613895412,9.814211920242176,7.5834085049782765,DIM,Proper hygienic practice,2026-09-30T11:06:27.861390
FITZ_II_FACE_5710,FACE,II,Type II - Fair,HIGH,"SPF 30+, Coverage recommended",221.0,197.0,173.0,7.3303346063802834,4.007399978686446,8.845346320969346,SHADOW,Wristwatch detected,2026-09-30T11:06:27.851202
FITZ_IV_FACE_8953,FACE,IV,Type IV - Medium/Olive,LOW,"SPF 15-20, Standard protection",193.0,174.0,167.0,7.621574057780457,11.649974249606496,11.472345363353693,DIM,Clean visible skin,2026-09-30T11:06:27.871855
FITZ_I_HAND_1381,HAND,I,Type I - Very Fair,EXTREME,"SPF 50+, Complete coverage required",245.0,218.0,192.0,9.08175815881363,6.059376455032996,9.148650561888498,DIM,Ring present during food prep,2026-09-30T11:06:27.838880
FITZ_III_ARM_1928,ARM,III,Type III - Light,MODERATE,"SPF 25-30, Partial coverage needed",206.0,183.0,157.0,11.585414089634455,8.491801904315071,8.089435247230309,BRIGHT,Proper hygienic practice,2026-09-30T11:06:27.853203
FITZ_III_HAND_8352,HAND,III,Type III - Light,MODERATE,"SPF 25-30, Partial coverage needed",202.0,176.0,177.0,4.529073859787804,4.754715188510474,8.871085168138471,NORMAL,Ring present during food prep,2026-09-30T11:06:27.853203
FITZ_I_HAND_1086,HAND,I,Type I - Very Fair,EXTREME,"SPF 50+, Complete coverage required",246.0,221.0,213.0,10.207683600151434,8.52622830326495,9.161080020376364,NORMAL,Clean visible skin,2026-09-30T11:06:27.833804
FITZ_III_FACE_2791,FACE,III,Type III - Light,MODERATE,"SPF 25-30, Partial coverage needed",206.0,184.0,179.0,5.44198263292561,7.627403574481667,11.857950363975245,SHADOW,Wristwatch detected,2026-09-30T11:06:27.863397
FITZ_I_NECK_7639,NECK,I,Type I - Very Fair,EXTREME,"SPF 50+, Complete coverage required",251.0,232.0,216.0,6.86906856132458,7.934112860416761,5.647809855533017,BRIGHT,Wristwatch detected,2026-09-30T11:06:27.841026
FITZ_III_FACE_7024,FACE,III,Type III - Light,MODERATE,"SPF 25-30, Partial coverage needed",214.0,194.0,186.0,3.5938876705540626,10.751723148185794,11.531192371839708,DIM,Ring present during food prep,2026-09-30T11:06:27.862388
FITZ_III_FACE_2627,FACE,III,Type III - Light,MODERATE,"SPF 25-30, Partial coverage needed",209.0,182.0,177.0,10.177900551781011,4.65237700157013,11.215376380834098,DIM,Ring present during food prep,2026-09-30T11:06:27.860392
FITZ_II_ARM_7885,ARM,II,Type II - Fair,HIGH,"SPF 30+, Coverage recommended",226.0,192.0,187.0,9.515179046707063,10.551891553829346,5.880000055435081,SHADOW,Hand washing observed,2026-09-30T11:06:27.844027
FITZ_II_HAND_2709,HAND,II,Type II - Fair,HIGH,"SPF 30+, Coverage recommended",230.0,217.0,202.0,10.473923132658516,10.711988365692202,11.05458723773626,SHADOW,Hand washing observed,2026-09-30T11:06:27.850202
FITZ_II_HAND_2290,HAND,II,Type II - Fair,HIGH,"SPF 30+, Coverage recommended",220.0,187.0,182.0,7.377792165772637,8.430162521338515,8.76626814194423,SHADOW,Ring present during food prep,2026-09-30T11:06:27.845024
FITZ_II_NECK_1756,NECK,II,Type II - Fair,HIGH,"SPF 30+, Coverage recommended",232.0,211.0,190.0,7.592526460681845,9.357877558144247,8.832144419661368,SHADOW,Gloves properly worn,2026-09-30T11:06:27.845024
FITZ_I_HAND_1333,HAND,I,Type I - Very Fair,EXTREME,"SPF 50+, Complete coverage required",241.0,228.0,193.0,8.851296839248874,10.031097446498055,8.865791897195006,NORMAL,Gloves properly worn,2026-09-30T11:06:27.831024
FITZ_IV_ARM_1110,ARM,IV,Type IV - Medium/Olive,LOW,"SPF 15-20, Standard protection",183.0,159.0,153.0,9.774205239733668,3.462304459119196,9.03842612950208,SHADOW,Hand washing observed,2026-09-30T11:06:27.867774
FITZ_II_ARM_6600,ARM,II,Type II - Fair,HIGH,"SPF 30+, Coverage recommended",228.0,195.0,174.0,9.800566484241521,7.641018084681044,3.9977790005118687,NORMAL,Hand washing observed,2026-09-30T11:06:27.847125
FITZ_II_HAND_8071,HAND,II,Type II - Fair,HIGH,"SPF 30+, Coverage recommended",221.0,198.0,192.0,6.520383921583047,10.453129242604314,7.038892930477619,DIM,Proper hygienic practice,2026-09-30T11:06:27.851202
FITZ_II_HAND_4333,HAND,II,Type II - Fair,HIGH,"SPF 30+, Coverage recommended",237.0,202.0,191.0,9.670814295973821,5.41069653794351,6.787452304888911,NORMAL,Ring present during food prep,2026-09-30T11:06:27.850202
FITZ_III_FACE_5496,FACE,III,Type III - Light,MODERATE,"SPF 25-30, Partial coverage needed",200.0,184.0,164.0,8.106883613738967,5.123494153630712,5.024210715993802,DIM,Ring present during food prep,2026-09-30T11:06:27.857311
FITZ_II_ARM_6667,ARM,II,Type II - Fair,HIGH,"SPF 30+, Coverage recommended",223.0,206.0,170.0,10.429458026004475,10.760327814722253,5.193453030289845,NORMAL,Ring present during food prep,2026-09-30T11:06:27.850202
FITZ_III_HAND_3291,HAND,III,Type III - Light,MODERATE,"SPF 25-30, Partial coverage needed",203.0,181.0,157.0,9.386012876801864,3.3646318689613883,5.809523240745397,DIM,Clean visible skin,2026-09-30T11:06:27.854203
FITZ_III_FACE_4017,FACE,III,Type III - Light,MODERATE,"SPF 25-30, Partial coverage needed",215.0,203.0,182.0,8.18897533328508,9.263930092579237,7.049197415608703,DIM,Gloves properly worn,2026-09-30T11:06:27.861390
FITZ_I_ARM_1461,ARM,I,Type I - Very Fair,EXTREME,"SPF 50+, Complete coverage required",252.0,220.0,211.0,6.400179345551558,9.088390053621485,9.898236906528819,DIM,Hand washing observed,2026-09-30T11:06:27.834804
FITZ_IV_ARM_1944,ARM,IV,Type IV - Medium/Olive,LOW,"SPF 15-20, Standard protection",199.0,174.0,152.0,9.001814374522512,9.583474810161324,11.590039448134888,DIM,Ring present during food prep,2026-09-30T11:06:27.869789
FITZ_III_ARM_1110,ARM,III,Type III - Light,MODERATE,"SPF 25-30, Partial coverage needed",200.0,180.0,150.0,6.852251565595797,8.155307002796373,7.685237732489174,DIM,Proper hygienic practice,2026-09-30T11:06:27.862388
FITZ_III_ARM_2012,ARM,III,Type III - Light,MODERATE,"SPF 25-30, Partial coverage needed",211.0,188.0,184.0,8.690300796305735,8.236846891406577,3.801112415805369,BRIGHT,Ring present during food prep,2026-09-30T11:06:27.856312
FITZ_III_FACE_9643,FACE,III,Type III - Light,MODERATE,"SPF 25-30, Partial coverage needed",213.0,183.0,187.0,4.411738005167241,9.66498989909214,4.9046489849893184,SHADOW,Gloves properly worn,2026-09-30T11:06:27.855202
FITZ_IV_ARM_9861,ARM,IV,Type IV - Medium/Olive,LOW,"SPF 15-20, Standard protection",189.0,169.0,149.0,7.715488033814381,3.5390666994717477,10.512384528404313,NORMAL,Ring present during food prep,2026-09-30T11:06:27.865397
FITZ_III_FACE_8763,FACE,III,Type III - Light,MODERATE,"SPF 25-30, Partial coverage needed",201.0,180.0,175.0,8.636787155940596,4.69120454221345,11.457700786112563,NORMAL,Clean visible skin,2026-09-30T11:06:27.858310
FITZ_IV_HAND_5938,HAND,IV,Type IV - Medium/Olive,LOW,"SPF 15-20, Standard protection",200.0,182.0,177.0,6.375629221435773,10.695115491076203,9.266809984249253,NORMAL,Ring present during food prep,2026-09-30T11:06:27.864398
FITZ_I_ARM_3053,ARM,I,Type I - Very Fair,EXTREME,"SPF 50+, Complete coverage required",252.0,232.0,207.0,3.396799482439795,9.259066626868751,5.174723200239563,SHADOW,Ring present during food prep,2026-09-30T11:06:27.842027
FITZ_III_HAND_7798,HAND,III,Type III - Light,MODERATE,"SPF 25-30, Partial coverage needed",217.0,204.0,190.0,5.139773237766895,5.589201108101086,4.356033086753018,DIM,Ring present during food prep,2026-09-30T11:06:27.859309
FITZ_II_ARM_1293,ARM,II,Type II - Fair,HIGH,"SPF 30+, Coverage recommended",237.0,218.0,181.0,4.045758271065113,6.768056068155266,3.6249896783759894,BRIGHT,Proper hygienic practice,2026-09-30T11:06:27.843024
FITZ_II_NECK_1099,NECK,II,Type II - Fair,HIGH,"SPF 30+, Coverage recommended",233.0,214.0,208.0,9.925179510091706,9.95353512643684,5.100423762000017,NORMAL,Ring present during food prep,2026-09-30T11:06:27.843024
FITZ_I_NECK_6153,NECK,I,Type I - Very Fair,EXTREME,"SPF 50+, Complete coverage required",245.0,216.0,209.0,5.593960158253102,11.506741856068896,10.322094312641752,NORMAL,Hand washing observed,2026-09-30T11:06:27.831024
FITZ_III_NECK_8278,NECK,III,Type III - Light,MODERATE,"SPF 25-30, Partial coverage needed",207.0,190.0,184.0,9.726961634217938,4.677016060589219,11.9225714226891,BRIGHT,Proper hygienic practice,2026-09-30T11:06:27.855202
FITZ_IV_FACE_6468,FACE,IV,Type IV - Medium/Olive,LOW,"SPF 15-20, Standard protection",191.0,166.0,160.0,7.460267470087282,5.251244898738984,7.063212337073291,NORMAL,Ring present during food prep,2026-09-30T11:06:27.864398
FITZ_IV_NECK_9980,NECK,IV,Type IV - Medium/Olive,LOW,"SPF 15-20, Standard protection",195.0,174.0,171.0,11.536293821824511,3.596700893155485,6.621666896809737,NORMAL,Proper hygienic practice,2026-09-30T11:06:27.867774
FITZ_II_ARM_7284,ARM,II,Type II - Fair,HIGH,"SPF 30+, Coverage recommended",239.0,213.0,200.0,9.736239931656993,7.061744933824947,5.783088790548177,BRIGHT,Gloves properly worn,2026-09-30T11:06:27.847125
FITZ_IV_NECK_7214,NECK,IV,Type IV - Medium/Olive,LOW,"SPF 15-20, Standard protection",191.0,172.0,171.0,5.679499017618982,3.566832028211582,5.525683564032917,NORMAL,Wristwatch detected,2026-09-30T11:06:27.871855
FITZ_III_FACE_7579,FACE,III,Type III - Light,MODERATE,"SPF 25-30, Partial coverage needed",214.0,191.0,187.0,6.4545159773755,4.04671119295765,5.843040947162672,BRIGHT,Wristwatch detected,2026-09-30T11:06:27.863397
FITZ_I_ARM_8869,ARM,I,Type I - Very Fair,EXTREME,"SPF 50+, Complete coverage required",241.0,214.0,200.0,7.418534482883732,3.4905436653454625,3.0343401495252076,NORMAL,Ring present during food prep,2026-09-30T11:06:27.832797
FITZ_II_FACE_1390,FACE,II,Type II - Fair,HIGH,"SPF 30+, Coverage recommended",228.0,209.0,176.0,8.696936051914832,4.227176687453605,9.423813961216991,BRIGHT,Proper hygienic practice,2026-09-30T11:06:27.849134
FITZ_III_FACE_6666,FACE,III,Type III - Light,MODERATE,"SPF 25-30, Partial coverage needed",202.0,176.0,164.0,5.260211460814356,5.424474553444899,11.960644972127422,SHADOW,Hand washing observed,2026-09-30T11:06:27.855202
FITZ_IV_NECK_1261,NECK,IV,Type IV - Medium/Olive,LOW,"SPF 15-20, Standard protection",183.0,171.0,152.0,6.006806908986074,5.819425066565598,6.877678593974723,SHADOW,Hand washing observed,2026-09-30T11:06:27.873855
FITZ_II_FACE_9866,FACE,II,Type II - Fair,HIGH,"SPF 30+, Coverage recommended",225.0,200.0,188.0,8.270003404793332,8.530542483045876,8.992597979700538,SHADOW,Gloves properly worn,2026-09-30T11:06:27.848124
FITZ_III_ARM_6230,ARM,III,Type III - Light,MODERATE,"SPF 25-30, Partial coverage needed",210.0,190.0,162.0,4.587969581024049,6.32802363661921,7.646987807021666,BRIGHT,Proper hygienic practice,2026-09-30T11:06:27.854203
FITZ_II_HAND_3528,HAND,II,Type II - Fair,HIGH,"SPF 30+, Coverage recommended",235.0,222.0,210.0,9.986830036840198,4.060288364208118,6.2778528295794835,SHADOW,Hand washing observed,2026-09-30T11:06:27.849134
FITZ_I_HAND_2476,HAND,I,Type I - Very Fair,EXTREME,"SPF 50+, Complete coverage required",245.0,219.0,215.0,10.301332978257435,9.989838806457328,3.9326661105952105,DIM,Hand washing observed,2026-09-30T11:06:27.841026
FITZ_III_NECK_5165,NECK,III,Type III - Light,MODERATE,"SPF 25-30, Partial coverage needed",211.0,196.0,166.0,4.1810397385731095,7.30268604495364,9.429763424854253,DIM,Proper hygienic practice,2026-09-30T11:06:27.859309
FITZ_III_NECK_9230,NECK,III,Type III - Light,MODERATE,"SPF 25-30, Partial coverage needed",220.0,190.0,195.0,6.500728771804611,5.150392110226982,3.4132319064208594,DIM,Clean visible skin,2026-09-30T11:06:27.862388
FITZ_III_FACE_8689,FACE,III,Type III - Light,MODERATE,"SPF 25-30, Partial coverage needed",205.0,175.0,161.0,3.5513262122397684,5.151705937175487,3.5766651195837866,NORMAL,Clean visible skin,2026-09-30T11:06:27.854203
FITZ_IV_ARM_6511,ARM,IV,Type IV - Medium/Olive,LOW,"SPF 15-20, Standard protection",191.0,177.0,161.0,9.06192399050054,8.825378801191086,8.065805461046399,NORMAL,Wristwatch detected,2026-09-30T11:06:27.870852
FITZ_III_HAND_7817,HAND,III,Type III - Light,MODERATE,"SPF 25-30, Partial coverage needed",211.0,179.0,178.0,8.837449061365886,6.05783098551113,11.293122190520231,NORMAL,Hand washing observed,2026-09-30T11:06:27.855202
FITZ_I_FACE_7358,FACE,I,Type I - Very Fair,EXTREME,"SPF 50+, Complete coverage required",250.0,230.0,210.0,10.791680625438262,10.04351411434289,11.357098285993414,NORMAL,Wristwatch detected,2026-09-30T11:06:27.836878
FITZ_IV_HAND_3797,HAND,IV,Type IV - Medium/Olive,LOW,"SPF 15-20, Standard protection",182.0,170.0,159.0,4.686079906818129,5.733975652679819,10.202799050768313,SHADOW,Gloves properly worn,2026-09-30T11:06:27.864398
FITZ_I_FACE_9938,FACE,I,Type I - Very Fair,EXTREME,"SPF 50+, Complete coverage required",240.0,205.0,214.0,9.939201319150188,5.38190317049749,4.897275417317681,SHADOW,Clean visible skin,2026-09-30T11:06:27.831024
FITZ_II_NECK_7001,NECK,II,Type II - Fair,HIGH,"SPF 30+, Coverage recommended",230.0,216.0,189.0,4.743665124496259,5.809001255628367,10.80612073880547,SHADOW,Ring present during food prep,2026-09-30T11:06:27.849134
FITZ_II_HAND_1042,HAND,II,Type II - Fair,HIGH,"SPF 30+, Coverage recommended",229.0,203.0,183.0,10.72480292618829,8.330201753338988,4.498015879813666,SHADOW,Proper hygienic practice,2026-09-30T11:06:27.845024
FITZ_II_ARM_3808,ARM,II,Type II - Fair,HIGH,"SPF 30+, Coverage recommended",226.0,199.0,182.0,5.069908830741749,6.130316254500931,3.5036712232454112,BRIGHT,Ring present during food prep,2026-09-30T11:06:27.849134
FITZ_III_ARM_4223,ARM,III,Type III - Light,MODERATE,"SPF 25-30, Partial coverage needed",207.0,187.0,162.0,6.400670375656995,9.856524376228565,10.635853223204386,DIM,Wristwatch detected,2026-09-30T11:06:27.861390
FITZ_III_NECK_9724,NECK,III,Type III - Light,MODERATE,"SPF 25-30, Partial coverage needed",218.0,186.0,166.0,3.940871194095496,8.93619025349561,5.285149237626175,NORMAL,Ring present during food prep,2026-09-30T11:06:27.861390
FITZ_III_ARM_4550,ARM,III,Type III - Light,MODERATE,"SPF 25-30, Partial coverage needed",218.0,202.0,193.0,3.63097723922348,9.250539317390462,4.000891803952868,SHADOW,Proper hygienic practice,2026-09-30T11:06:27.862388
FITZ_IV_NECK_1086,NECK,IV,Type IV - Medium/Olive,LOW,"SPF 15-20, Standard protection",195.0,174.0,164.0,6.048820489128705,9.591425695239131,5.480315663611483,BRIGHT,Wristwatch detected,2026-09-30T11:06:27.865397
FITZ_IV_ARM_2191,ARM,IV,Type IV - Medium/Olive,LOW,"SPF 15-20, Standard protection",189.0,163.0,160.0,9.688961425987376,7.371420415298279,11.953547239550433,SHADOW,Ring present during food prep,2026-09-30T11:06:27.871855
FITZ_I_FACE_4624,FACE,I,Type I - Very Fair,EXTREME,"SPF 50+, Complete coverage required",250.0,225.0,223.0,7.685456585985334,10.076324154036218,4.4343344326569225,SHADOW,Proper hygienic practice,2026-09-30T11:06:27.833804
FITZ_I_NECK_8306,NECK,I,Type I - Very Fair,EXTREME,"SPF 50+, Complete coverage required",248.0,217.0,191.0,3.5545761552829056,7.44530743433542,11.124241170259026,NORMAL,Hand washing observed,2026-09-30T11:06:27.837878
FITZ_III_HAND_6287,HAND,III,Type III - Light,MODERATE,"SPF 25-30, Partial coverage needed",201.0,183.0,175.0,8.10457025366235,9.427317443402075,5.1000163929228135,BRIGHT,Wristwatch detected,2026-09-30T11:06:27.854203
FITZ_I_HAND_5557,HAND,I,Type I - Very Fair,EXTREME,"SPF 50+, Complete coverage required",246.0,214.0,206.0,8.051205566447518,9.444176516301631,9.311924762312124,SHADOW,Clean visible skin,2026-09-30T11:06:27.831024
FITZ_IV_HAND_8916,HAND,IV,Type IV - Medium/Olive,LOW,"SPF 15-20, Standard protection",200.0,182.0,170.0,4.19634626766752,3.3035207898047547,5.541156932696082,BRIGHT,Gloves properly worn,2026-09-30T11:06:27.866501
FITZ_IV_ARM_5419,ARM,IV,Type IV - Medium/Olive,LOW,"SPF 15-20, Standard protection",198.0,177.0,156.0,8.709415880849603,11.266608985071903,10.099687489501111,SHADOW,Clean visible skin,2026-09-30T11:06:27.867774
FITZ_I_HAND_4188,HAND,I,Type I - Very Fair,EXTREME,"SPF 50+, Complete coverage required",241.0,222.0,193.0,4.077150448945076,11.796184641414289,8.524654139374633,SHADOW,Ring present during food prep,2026-09-30T11:06:27.837878
FITZ_I_ARM_6950,ARM,I,Type I - Very Fair,EXTREME,"SPF 50+, Complete coverage required",242.0,209.0,189.0,5.851904175260051,5.622207175149779,5.407251517835741,SHADOW,Clean visible skin,2026-09-30T11:06:27.833804
FITZ_III_NECK_2722,NECK,III,Type III - Light,MODERATE,"SPF 25-30, Partial coverage needed",217.0,205.0,185.0,9.06780535646877,4.212017529667692,7.273432870666485,BRIGHT,Clean visible skin,2026-09-30T11:06:27.854203
FITZ_II_NECK_8573,NECK,II,Type II - Fair,HIGH,"SPF 30+, Coverage recommended",221.0,200.0,178.0,6.034428299135053,3.2102740153945954,3.937650882610708,NORMAL,Ring present during food prep,2026-09-30T11:06:27.847125
FITZ_III_HAND_7669,HAND,III,Type III - Light,MODERATE,"SPF 25-30, Partial coverage needed",208.0,178.0,169.0,6.4887639604375575,3.8490446001785927,7.831026333696811,DIM,Hand washing observed,2026-09-30T11:06:27.854203
FITZ_IV_ARM_4811,ARM,IV,Type IV - Medium/Olive,LOW,"SPF 15-20, Standard protection",194.0,168.0,156.0,4.239222179062812,4.322001781670664,7.111052827047972,NORMAL,Proper hygienic practice,2026-09-30T11:06:27.871855
FITZ_I_FACE_3402,FACE,I,Type I - Very Fair,EXTREME,"SPF 50+, Complete coverage required",253.0,219.0,210.0,7.226109089693154,11.849727180086907,9.209673409402015,BRIGHT,Ring present during food prep,2026-09-30T11:06:27.837878
FITZ_II_NECK_3904,NECK,II,Type II - Fair,HIGH,"SPF 30+, Coverage recommended",220.0,207.0,176.0,10.114256640154,8.984659914079074,4.593741398902506,NORMAL,Hand washing observed,2026-09-30T11:06:27.851202
FITZ_III_ARM_5401,ARM,III,Type III - Light,MODERATE,"SPF 25-30, Partial coverage needed",201.0,178.0,160.0,9.800950461239651,4.952343475739219,8.211239905808178,BRIGHT,Proper hygienic practice,2026-09-30T11:06:27.858310
FITZ_IV_FACE_1294,FACE,IV,Type IV - Medium/Olive,LOW,"SPF 15-20, Standard protection",190.0,179.0,158.0,3.887527176629775,4.521488402969191,8.123715570949248,DIM,Hand washing observed,2026-09-30T11:06:27.864398
FITZ_I_ARM_2574,ARM,I,Type I - Very Fair,EXTREME,"SPF 50+, Complete coverage required",249.0,223.0,202.0,10.257178763265149,5.790911764901939,9.164657476779986,BRIGHT,Ring present during food prep,2026-09-30T11:06:27.834804
FITZ_I_FACE_5201,FACE,I,Type I - Very Fair,EXTREME,"SPF 50+, Complete coverage required",244.0,212.0,184.0,3.637921558968409,6.871691706350713,5.825190917584068,NORMAL,Clean visible skin,2026-09-30T11:06:27.841026
FITZ_I_FACE_4140,FACE,I,Type I - Very Fair,EXTREME,"SPF 50+, Complete coverage required",242.0,228.0,203.0,5.713287752331464,7.267786680957686,9.84889212115103,BRIGHT,Gloves properly worn,2026-09-30T11:06:27.835804
FITZ_III_NECK_3740,NECK,III,Type III - Light,MODERATE,"SPF 25-30, Partial coverage needed",212.0,187.0,176.0,9.149459327216498,10.906056757595396,8.34756370555387,DIM,Hand washing observed,2026-09-30T11:06:27.861390
FITZ_II_NECK_8960,NECK,II,Type II - Fair,HIGH,"SPF 30+, Coverage recommended",234.0,204.0,189.0,5.927364577527972,4.483030198604803,11.090588730294803,SHADOW,Hand washing observed,2026-09-30T11:06:27.851202
FITZ_III_ARM_5799,ARM,III,Type III - Light,MODERATE,"SPF 25-30, Partial coverage needed",211.0,186.0,165.0,7.536163633243012,9.248023216145484,3.2512299289710076,SHADOW,Clean visible skin,2026-09-30T11:06:27.856312
FITZ_IV_FACE_7804,FACE,IV,Type IV - Medium/Olive,LOW,"SPF 15-20, Standard protection",183.0,168.0,145.0,10.019436429372291,4.796334875043298,3.117882505995359,NORMAL,Gloves properly worn,2026-09-30T11:06:27.870852
FITZ_I_NECK_7790,NECK,I,Type I - Very Fair,EXTREME,"SPF 50+, Complete coverage required",252.0,228.0,209.0,10.709617625816222,7.677193597878624,11.254457197049232,NORMAL,Hand washing observed,2026-09-30T11:06:27.832797
FITZ_III_ARM_2330,ARM,III,Type III - Light,MODERATE,"SPF 25-30, Partial coverage needed",216.0,200.0,191.0,9.066970301855466,6.068467342602407,4.086987454828033,NORMAL,Wristwatch detected,2026-09-30T11:06:27.858310
FITZ_II_ARM_3907,ARM,II,Type II - Fair,HIGH,"SPF 30+, Coverage recommended",222.0,209.0,174.0,10.433731180092705,8.734437598576715,9.171599544224575,NORMAL,Hand washing observed,2026-09-30T11:06:27.850202
FITZ_IV_ARM_7816,ARM,IV,Type IV - Medium/Olive,LOW,"SPF 15-20, Standard protection",190.0,169.0,145.0,6.2589998772409565,11.03399278950008,6.471611836882467,BRIGHT,Clean visible skin,2026-09-30T11:06:27.864398
FITZ_I_ARM_7713,ARM,I,Type I - Very Fair,EXTREME,"SPF 50+, Complete coverage required",249.0,214.0,190.0,4.7878199553565395,4.797744475317227,5.366945240523586,BRIGHT,Ring present during food prep,2026-09-30T11:06:27.832797
FITZ_IV_NECK_2555,NECK,IV,Type IV - Medium/Olive,LOW,"SPF 15-20, Standard protection",197.0,168.0,148.0,10.22354150379797,11.085855822706174,10.304467053511235,BRIGHT,Gloves properly worn,2026-09-30T11:06:27.871855
FITZ_II_FACE_4416,FACE,II,Type II - Fair,HIGH,"SPF 30+, Coverage recommended",226.0,193.0,192.0,3.190213044844363,3.569809770361253,4.941830059796046,DIM,Gloves properly worn,2026-09-30T11:06:27.852202
FITZ_IV_NECK_5037,NECK,IV,Type IV - Medium/Olive,LOW,"SPF 15-20, Standard protection",199.0,182.0,152.0,11.007629853748972,6.728168119830381,11.590532795544469,NORMAL,Hand washing observed,2026-09-30T11:06:27.872851
FITZ_IV_ARM_3227,ARM,IV,Type IV - Medium/Olive,LOW,"SPF 15-20, Standard protection",187.0,161.0,152.0,6.311756975725117,7.288824906672709,11.245833552103587,NORMAL,Hand washing observed,2026-09-30T11:06:27.870852
FITZ_I_ARM_6166,ARM,I,Type I - Very Fair,EXTREME,"SPF 50+, Complete coverage required",242.0,220.0,201.0,6.107692731528192,4.867960816115871,11.86381744419281,DIM,Proper hygienic practice,2026-09-30T11:06:27.836878
FITZ_IV_NECK_3796,NECK,IV,Type IV - Medium/Olive,LOW,"SPF 15-20, Standard protection",192.0,168.0,152.0,6.284518092194668,8.779525613140255,6.659944998436932,SHADOW,Wristwatch detected,2026-09-30T11:06:27.868780
FITZ_III_HAND_5109,HAND,III,Type III - Light,MODERATE,"SPF 25-30, Partial coverage needed",216.0,201.0,171.0,8.914526767897634,9.513606717087164,9.938636673163188,BRIGHT,Ring present during food prep,2026-09-30T11:06:27.855202
FITZ_IV_ARM_5091,ARM,IV,Type IV - Medium/Olive,LOW,"SPF 15-20, Standard protection",185.0,173.0,154.0,3.732759891654207,7.286972364322699,8.26364812112151,SHADOW,Wristwatch detected,2026-09-30T11:06:27.868780
FITZ_II_NECK_7435,NECK,II,Type II - Fair,HIGH,"SPF 30+, Coverage recommended",223.0,192.0,199.0,5.425192086204344,5.432005523250943,4.455230682472395,NORMAL,Proper hygienic practice,2026-09-30T11:06:27.843024
FITZ_III_FACE_4029,FACE,III,Type III - Light,MODERATE,"SPF 25-30, Partial coverage needed",212.0,187.0,186.0,8.568070698455404,11.499216501075711,4.873714103922157,NORMAL,Gloves properly worn,2026-09-30T11:06:27.859309
FITZ_II_ARM_7099,ARM,II,Type II - Fair,HIGH,"SPF 30+, Coverage recommended",230.0,214.0,202.0,6.548829941382343,9.824009439565328,5.866258807953778,DIM,Clean visible skin,2026-09-30T11:06:27.846122
FITZ_IV_NECK_9244,NECK,IV,Type IV - Medium/Olive,LOW,"SPF 15-20, Standard protection",195.0,175.0,174.0,11.534576318203353,4.192898536409364,4.058570469898834,NORMAL,Proper hygienic practice,2026-09-30T11:06:27.871855
FITZ_III_FACE_2086,FACE,III,Type III - Light,MODERATE,"SPF 25-30, Partial coverage needed",211.0,179.0,158.0,8.030013840506303,4.028171631575139,4.7617377756619845,BRIGHT,Hand washing observed,2026-09-30T11:06:27.861390
FITZ_I_ARM_1519,ARM,I,Type I - Very Fair,EXTREME,"SPF 50+, Complete coverage required",247.0,212.0,185.0,4.9546927666456675,6.782187244327293,10.07152804877729,SHADOW,Clean visible skin,2026-09-30T11:06:27.833804
FITZ_IV_ARM_8116,ARM,IV,Type IV - Medium/Olive,LOW,"SPF 15-20, Standard protection",189.0,174.0,153.0,3.194956053860393,5.419663050777589,10.693353267970402,BRIGHT,Clean visible skin,2026-09-30T11:06:27.869789
FITZ_I_FACE_5658,FACE,I,Type I - Very Fair,EXTREME,"SPF 50+, Complete coverage required",244.0,214.0,218.0,7.980230701187475,9.276756536191751,4.136515436625681,SHADOW,Hand washing observed,2026-09-30T11:06:27.831024
FITZ_I_ARM_1746,ARM,I,Type I - Very Fair,EXTREME,"SPF 50+, Complete coverage required",246.0,219.0,214.0,11.83973477513608,9.105580535665732,5.918114469105168,BRIGHT,Gloves properly worn,2026-09-30T11:06:27.833804
FITZ_II_NECK_6913,NECK,II,Type II - Fair,HIGH,"SPF 30+, Coverage recommended",228.0,209.0,189.0,4.249491223314179,9.624247027838054,6.152728838340343,SHADOW,Gloves properly worn,2026-09-30T11:06:27.850202
FITZ_II_FACE_5826,FACE,II,Type II - Fair,HIGH,"SPF 30+, Coverage recommended",236.0,223.0,192.0,7.557829129608991,7.321142340555775,7.4807708270555295,SHADOW,Hand washing observed,2026-09-30T11:06:27.852202
FITZ_IV_ARM_5927,ARM,IV,Type IV - Medium/Olive,LOW,"SPF 15-20, Standard protection",198.0,180.0,167.0,7.589063751943778,3.1443187412443625,9.961687884341083,NORMAL,Wristwatch detected,2026-09-30T11:06:27.866501
FITZ_III_NECK_4967,NECK,III,Type III - Light,MODERATE,"SPF 25-30, Partial coverage needed",205.0,177.0,168.0,6.018829467878666,5.427834030827221,10.160917876053691,NORMAL,Ring present during food prep,2026-09-30T11:06:27.856312
FITZ_IV_NECK_6567,NECK,IV,Type IV - Medium/Olive,LOW,"SPF 15-20, Standard protection",198.0,177.0,169.0,7.658562475423974,7.555240324934867,7.935868774925166,SHADOW,Gloves properly worn,2026-09-30T11:06:27.872851
FITZ_IV_NECK_7187,NECK,IV,Type IV - Medium/Olive,LOW,"SPF 15-20, Standard protection",184.0,170.0,151.0,11.327318573236822,8.432105334416903,9.251698960221987,DIM,Wristwatch detected,2026-09-30T11:06:27.870852
FITZ_III_ARM_7989,ARM,III,Type III - Light,MODERATE,"SPF 25-30, Partial coverage needed",200.0,187.0,151.0,10.426862333384811,8.293545226721154,5.946634350053005,BRIGHT,Wristwatch detected,2026-09-30T11:06:27.855202
FITZ_II_ARM_1315,ARM,II,Type II - Fair,HIGH,"SPF 30+, Coverage recommended",236.0,204.0,210.0,7.95241008374601,8.861537902288653,9.933547941325916,DIM,Hand washing observed,2026-09-30T11:06:27.843024
FITZ_III_HAND_1898,HAND,III,Type III - Light,MODERATE,"SPF 25-30, Partial coverage needed",201.0,172.0,172.0,5.734653405627959,5.3104334482989435,9.069973904346796,SHADOW,Wristwatch detected,2026-09-30T11:06:27.856312
FITZ_I_HAND_5652,HAND,I,Type I - Very Fair,EXTREME,"SPF 50+, Complete coverage required",255.0,221.0,209.0,8.867096168746919,6.232298095943072,7.607723563924448,BRIGHT,Clean visible skin,2026-09-30T11:06:27.843024
FITZ_II_ARM_4974,ARM,II,Type II - Fair,HIGH,"SPF 30+, Coverage recommended",235.0,208.0,204.0,5.561651718198344,7.207306548596915,8.495410008711715,NORMAL,Ring present during food prep,2026-09-30T11:06:27.852202
FITZ_I_FACE_4419,FACE,I,Type I - Very Fair,EXTREME,"SPF 50+, Complete coverage required",254.0,240.0,223.0,10.010220110214862,9.482574632586111,7.7202666850866,NORMAL,Gloves properly worn,2026-09-30T11:06:27.838880
FITZ_I_HAND_9908,HAND,I,Type I - Very Fair,EXTREME,"SPF 50+, Complete coverage required",250.0,231.0,196.0,11.039362603599495,6.726941209234113,4.219877583017244,DIM,Clean visible skin,2026-09-30T11:06:27.843024
FITZ_III_HAND_9995,HAND,III,Type III - Light,MODERATE,"SPF 25-30, Partial coverage needed",203.0,178.0,178.0,8.863562868776022,5.942025786563365,9.973222901708027,SHADOW,Clean visible skin,2026-09-30T11:06:27.857311
FITZ_IV_FACE_9914,FACE,IV,Type IV - Medium/Olive,LOW,"SPF 15-20, Standard protection",186.0,158.0,139.0,4.501756492774485,10.49829063398272,3.912336131918173,SHADOW,Clean visible skin,2026-09-30T11:06:27.864398
FITZ_II_FACE_9937,FACE,II,Type II - Fair,HIGH,"SPF 30+, Coverage recommended",234.0,202.0,177.0,9.753083019123588,3.9011582076039857,5.201104689593281,SHADOW,Hand washing observed,2026-09-30T11:06:27.845024
FITZ_IV_ARM_2617,ARM,IV,Type IV - Medium/Olive,LOW,"SPF 15-20, Standard protection",188.0,175.0,151.0,5.802219005778898,10.537775150623961,4.361225999849231,BRIGHT,Proper hygienic practice,2026-09-30T11:06:27.872851
FITZ_I_ARM_2915,ARM,I,Type I - Very Fair,EXTREME,"SPF 50+, Complete coverage required",241.0,217.0,201.0,5.292454469282532,7.954037077588829,11.480608742552377,BRIGHT,Clean visible skin,2026-09-30T11:06:27.837878
FITZ_II_FACE_6180,FACE,II,Type II - Fair,HIGH,"SPF 30+, Coverage recommended",237.0,213.0,199.0,10.98348919985758,9.702984895267997,5.787107301813071,DIM,Gloves properly worn,2026-09-30T11:06:27.845024
FITZ_II_FACE_9848,FACE,II,Type II - Fair,HIGH,"SPF 30+, Coverage recommended",230.0,198.0,197.0,10.083418787076068,10.551474926757965,3.7277722957985318,BRIGHT,Gloves properly worn,2026-09-30T11:06:27.850202
FITZ_II_ARM_2908,ARM,II,Type II - Fair,HIGH,"SPF 30+, Coverage recommended",239.0,213.0,198.0,6.150672746567087,7.053605305076763,5.694949608696151,DIM,Clean visible skin,2026-09-30T11:06:27.851202
FITZ_I_ARM_1578,ARM,I,Type I - Very Fair,EXTREME,"SPF 50+, Complete coverage required",255.0,228.0,225.0,8.165687714549383,5.983625902154631,6.176230874994633,DIM,Gloves properly worn,2026-09-30T11:06:27.833804
FITZ_IV_HAND_2323,HAND,IV,Type IV - Medium/Olive,LOW,"SPF 15-20, Standard protection",198.0,173.0,149.0,5.687496643522186,7.631889572834292,11.245871888028272,NORMAL,Wristwatch detected,2026-09-30T11:06:27.870852
FITZ_IV_NECK_2583,NECK,IV,Type IV - Medium/Olive,LOW,"SPF 15-20, Standard protection",193.0,165.0,162.0,9.112271830229997,5.792642588486787,7.814561124518078,SHADOW,Hand washing observed,2026-09-30T11:06:27.864398
FITZ_II_FACE_7298,FACE,II,Type II - Fair,HIGH,"SPF 30+, Coverage recommended",224.0,190.0,175.0,3.734500979903515,9.54511530590388,6.578717249613453,DIM,Clean visible skin,2026-09-30T11:06:27.847125
FITZ_III_FACE_2306,FACE,III,Type III - Light,MODERATE,"SPF 25-30, Partial coverage needed",216.0,187.0,185.0,4.020181277957418,10.944935548086882,4.78287591179713,BRIGHT,Gloves properly worn,2026-09-30T11:06:27.857311
FITZ_II_HAND_2485,HAND,II,Type II - Fair,HIGH,"SPF 30+, Coverage recommended",236.0,209.0,178.0,3.182302230632571,10.453253956574148,8.445907793311402,SHADOW,Ring present during food prep,2026-09-30T11:06:27.844027
FITZ_II_ARM_2661,ARM,II,Type II - Fair,HIGH,"SPF 30+, Coverage recommended",224.0,208.0,194.0,6.928667438547237,4.948304199785223,4.186092657653347,BRIGHT,Clean visible skin,2026-09-30T11:06:27.844027
FITZ_II_HAND_8434,HAND,II,Type II - Fair,HIGH,"SPF 30+, Coverage recommended",222.0,201.0,178.0,11.563612213083161,8.246160219302798,7.339719273867848,NORMAL,Proper hygienic practice,2026-09-30T11:06:27.846122
FITZ_III_FACE_9526,FACE,III,Type III - Light,MODERATE,"SPF 25-30, Partial coverage needed",217.0,186.0,165.0,11.747110072396774,11.636761935211892,10.883969682900211,BRIGHT,Wristwatch detected,2026-09-30T11:06:27.859309
FITZ_IV_HAND_2841,HAND,IV,Type IV - Medium/Olive,LOW,"SPF 15-20, Standard protection",194.0,183.0,150.0,3.750742850509004,8.440931952477403,7.783785808101699,DIM,Clean visible skin,2026-09-30T11:06:27.869789
FITZ_III_ARM_6701,ARM,III,Type III - Light,MODERATE,"SPF 25-30, Partial coverage needed",220.0,201.0,165.0,4.270484697799793,8.919413852707287,9.03714064675039,NORMAL,Ring present during food prep,2026-09-30T11:06:27.860392
FITZ_I_FACE_9296,FACE,I,Type I - Very Fair,EXTREME,"SPF 50+, Complete coverage required",248.0,232.0,198.0,6.228018207916447,7.198996566660096,9.783329835928276,BRIGHT,Proper hygienic practice,2026-09-30T11:06:27.837878
FITZ_III_NECK_2794,NECK,III,Type III - Light,MODERATE,"SPF 25-30, Partial coverage needed",209.0,178.0,177.0,5.516096669155395,4.0990731655952555,3.0848155469811482,DIM,Hand washing observed,2026-09-30T11:06:27.857311
FITZ_III_FACE_2109,FACE,III,Type III - Light,MODERATE,"SPF 25-30, Partial coverage needed",215.0,194.0,164.0,8.292375362131395,10.30065987606961,10.975064845123356,BRIGHT,Gloves properly worn,2026-09-30T11:06:27.859309
FITZ_IV_HAND_1741,HAND,IV,Type IV - Medium/Olive,LOW,"SPF 15-20, Standard protection",194.0,168.0,163.0,3.213248837723866,5.043218092735321,10.70432902001501,NORMAL,Wristwatch detected,2026-09-30T11:06:27.871855
FITZ_IV_ARM_8894,ARM,IV,Type IV - Medium/Olive,LOW,"SPF 15-20, Standard protection",190.0,175.0,149.0,7.255585854615125,5.326886787997004,10.766922632860819,BRIGHT,Hand washing observed,2026-09-30T11:06:27.864398
FITZ_III_FACE_5917,FACE,III,Type III - Light,MODERATE,"SPF 25-30, Partial coverage needed",212.0,181.0,169.0,11.246363544041008,8.669406290335637,8.817906500346142,NORMAL,Proper hygienic practice,2026-09-30T11:06:27.863397
FITZ_III_HAND_2461,HAND,III,Type III - Light,MODERATE,"SPF 25-30, Partial coverage needed",200.0,172.0,179.0,10.395836180414872,4.859395882131099,10.339066943278356,DIM,Ring present during food prep,2026-09-30T11:06:27.863397
FITZ_II_HAND_7532,HAND,II,Type II - Fair,HIGH,"SPF 30+, Coverage recommended",230.0,204.0,191.0,10.349766256404765,4.862074195197982,6.980417956649578,BRIGHT,Clean visible skin,2026-09-30T11:06:27.848124
FITZ_II_FACE_7365,FACE,II,Type II - Fair,HIGH,"SPF 30+, Coverage recommended",239.0,215.0,185.0,4.4000944689196935,5.280391577580246,6.19097994718771,BRIGHT,Wristwatch detected,2026-09-30T11:06:27.846122
FITZ_IV_NECK_3029,NECK,IV,Type IV - Medium/Olive,LOW,"SPF 15-20, Standard protection",181.0,162.0,159.0,7.696796524705549,6.540093684792942,8.357232030345664,BRIGHT,Ring present during food prep,2026-09-30T11:06:27.869789
FITZ_II_ARM_5325,ARM,II,Type II - Fair,HIGH,"SPF 30+, Coverage recommended",221.0,192.0,171.0,8.22129708618824,6.781789837298927,10.458454865985072,SHADOW,Clean visible skin,2026-09-30T11:06:27.846122
FITZ_II_FACE_9455,FACE,II,Type II - Fair,HIGH,"SPF 30+, Coverage recommended",239.0,226.0,204.0,8.13211294056282,9.95183160409498,4.182643973165712,BRIGHT,Proper hygienic practice,2026-09-30T11:06:27.849134
FITZ_IV_FACE_7063,FACE,IV,Type IV - Medium/Olive,LOW,"SPF 15-20, Standard protection",183.0,170.0,152.0,8.314555664767553,3.9985645484440813,5.511081248468151,BRIGHT,Wristwatch detected,2026-09-30T11:06:27.864398
FITZ_III_NECK_1996,NECK,III,Type III - Light,MODERATE,"SPF 25-30, Partial coverage needed",208.0,193.0,163.0,3.840493955654078,3.206228055725446,9.671964498981994,BRIGHT,Wristwatch detected,2026-09-30T11:06:27.856312
FITZ_IV_FACE_3862,FACE,IV,Type IV - Medium/Olive,LOW,"SPF 15-20, Standard protection",198.0,183.0,165.0,11.090168513465594,6.700444658449362,6.845076818308613,NORMAL,Clean visible skin,2026-09-30T11:06:27.870852
FITZ_IV_NECK_8407,NECK,IV,Type IV - Medium/Olive,LOW,"SPF 15-20, Standard protection",199.0,171.0,154.0,11.298968271643798,3.3581305326388162,8.517517692281821,SHADOW,Gloves properly worn,2026-09-30T11:06:27.865397
FITZ_IV_FACE_3978,FACE,IV,Type IV - Medium/Olive,LOW,"SPF 15-20, Standard protection",180.0,153.0,156.0,7.80515183816005,7.959446132923238,10.011576984310729,DIM,Clean visible skin,2026-09-30T11:06:27.870852
FITZ_IV_FACE_1904,FACE,IV,Type IV - Medium/Olive,LOW,"SPF 15-20, Standard protection",188.0,176.0,155.0,5.592206676625668,9.362444118732855,6.16214768357003,DIM,Hand washing observed,2026-09-30T11:06:27.871855
FITZ_I_NECK_6866,NECK,I,Type I - Very Fair,EXTREME,"SPF 50+, Complete coverage required",250.0,224.0,222.0,3.359465303892869,11.357654146132395,8.371922988129398,DIM,Wristwatch detected,2026-09-30T11:06:27.833804
FITZ_IV_NECK_6228,NECK,IV,Type IV - Medium/Olive,LOW,"SPF 15-20, Standard protection",199.0,186.0,166.0,3.743659784663562,3.482090496721552,10.914125016705448,NORMAL,Proper hygienic practice,2026-09-30T11:06:27.865397
FITZ_IV_FACE_1467,FACE,IV,Type IV - Medium/Olive,LOW,"SPF 15-20, Standard protection",181.0,164.0,142.0,4.400636749195378,6.3043810853527384,4.875554938423546,DIM,Clean visible skin,2026-09-30T11:06:27.864398
FITZ_IV_ARM_4460,ARM,IV,Type IV - Medium/Olive,LOW,"SPF 15-20, Standard protection",180.0,163.0,137.0,5.42492249457104,4.438769481898741,8.851786574943652,DIM,Wristwatch detected,2026-09-30T11:06:27.871855
FITZ_II_ARM_7685,ARM,II,Type II - Fair,HIGH,"SPF 30+, Coverage recommended",229.0,213.0,196.0,6.753651851398137,4.645849863846147,3.3208617407430285,SHADOW,Clean visible skin,2026-09-30T11:06:27.849134
FITZ_II_ARM_8260,ARM,II,Type II - Fair,HIGH,"SPF 30+, Coverage recommended",240.0,223.0,184.0,7.643590388608014,6.972134832800583,10.981586881965898,BRIGHT,Proper hygienic practice,2026-09-30T11:06:27.849134
FITZ_II_HAND_4671,HAND,II,Type II - Fair,HIGH,"SPF 30+, Coverage recommended",239.0,212.0,188.0,10.860823223465731,11.551879111082341,8.073656354464926,NORMAL,Hand washing observed,2026-09-30T11:06:27.850202
FITZ_II_ARM_1327,ARM,II,Type II - Fair,HIGH,"SPF 30+, Coverage recommended",234.0,213.0,191.0,7.388337228627179,6.329295618099011,3.254333592918041,NORMAL,Ring present during food prep,2026-09-30T11:06:27.853203
FITZ_I_ARM_4891,ARM,I,Type I - Very Fair,EXTREME,"SPF 50+, Complete coverage required",250.0,217.0,194.0,9.274770334266215,9.49834294118108,9.569766051032609,DIM,Proper hygienic practice,2026-09-30T11:06:27.832797
FITZ_IV_ARM_4613,ARM,IV,Type IV - Medium/Olive,LOW,"SPF 15-20, Standard protection",186.0,172.0,148.0,9.146832852061038,4.574185998537034,9.243711581725833,NORMAL,Clean visible skin,2026-09-30T11:06:27.869789
FITZ_III_NECK_3686,NECK,III,Type III - Light,MODERATE,"SPF 25-30, Partial coverage needed",214.0,194.0,162.0,4.622616604316982,5.240525954388664,6.890452738613643,NORMAL,Ring present during food prep,2026-09-30T11:06:27.855202
FITZ_IV_NECK_1304,NECK,IV,Type IV - Medium/Olive,LOW,"SPF 15-20, Standard protection",198.0,171.0,165.0,4.407117718507296,10.738746904245875,9.297909571336415,DIM,Ring present during food prep,2026-09-30T11:06:27.869789
FITZ_II_ARM_1023,ARM,II,Type II - Fair,HIGH,"SPF 30+, Coverage recommended",237.0,215.0,180.0,6.165077272443026,4.733271023216879,5.3021389941376045,NORMAL,Wristwatch detected,2026-09-30T11:06:27.844027
FITZ_II_NECK_5342,NECK,II,Type II - Fair,HIGH,"SPF 30+, Coverage recommended",222.0,205.0,192.0,3.8464293211365472,6.8187171021953645,11.04425639286418,BRIGHT,Hand washing observed,2026-09-30T11:06:27.851202
FITZ_IV_HAND_4584,HAND,IV,Type IV - Medium/Olive,LOW,"SPF 15-20, Standard protection",182.0,156.0,163.0,11.274001886588449,8.70156418922224,8.47799414607832,NORMAL,Hand washing observed,2026-09-30T11:06:27.873855
FITZ_II_ARM_7667,ARM,II,Type II - Fair,HIGH,"SPF 30+, Coverage recommended",227.0,200.0,196.0,9.955129598610718,10.840601651261755,9.010945749698578,DIM,Ring present during food prep,2026-09-30T11:06:27.851202
FITZ_I_HAND_5501,HAND,I,Type I - Very Fair,EXTREME,"SPF 50+, Complete coverage required",240.0,220.0,201.0,9.077184215393022,3.254121731369522,7.556650832294447,NORMAL,Clean visible skin,2026-09-30T11:06:27.837878
FITZ_IV_ARM_9573,ARM,IV,Type IV - Medium/Olive,LOW,"SPF 15-20, Standard protection",182.0,162.0,148.0,10.045261371250033,6.241298263746074,7.5701034100043465,DIM,Hand washing observed,2026-09-30T11:06:27.867774
FITZ_III_HAND_9268,HAND,III,Type III - Light,MODERATE,"SPF 25-30, Partial coverage needed",202.0,175.0,167.0,7.424111833899464,6.710008359949663,11.273962294404173,NORMAL,Ring present during food prep,2026-09-30T11:06:27.861390
FITZ_IV_NECK_4867,NECK,IV,Type IV - Medium/Olive,LOW,"SPF 15-20, Standard protection",188.0,177.0,166.0,7.607493708594808,10.10883647192263,9.662628185507348,BRIGHT,Clean visible skin,2026-09-30T11:06:27.868780
FITZ_III_HAND_7298,HAND,III,Type III - Light,MODERATE,"SPF 25-30, Partial coverage needed",214.0,184.0,165.0,6.627477732832824,10.575134245017734,11.737000676588133,SHADOW,Wristwatch detected,2026-09-30T11:06:27.862388
FITZ_I_HAND_6715,HAND,I,Type I - Very Fair,EXTREME,"SPF 50+, Complete coverage required",246.0,231.0,198.0,3.9713849253138713,5.46531499098462,8.64202536723922,SHADOW,Proper hygienic practice,2026-09-30T11:06:27.835804
FITZ_IV_ARM_8474,ARM,IV,Type IV - Medium/Olive,LOW,"SPF 15-20, Standard protection",194.0,179.0,158.0,10.979374326931632,8.519004307767927,9.768272490976917,BRIGHT,Ring present during food prep,2026-09-30T11:06:27.866501
FITZ_II_HAND_1638,HAND,II,Type II - Fair,HIGH,"SPF 30+, Coverage recommended",234.0,217.0,197.0,3.501181148272739,4.4934022884559095,5.248305315794012,BRIGHT,Proper hygienic practice,2026-09-30T11:06:27.847125
