image_id,category,skin_type,rgb_mean_r,rgb_mean_g,rgb_mean_b,rgb_std_r,rgb_std_g,rgb_std_b,lighting_condition,description,hygiene_note
SKIN_FACE_0022,FACE,FAIR_2,241.0,223.0,209.0,3.4921616093340533,1.6427985268217424,2.5320150961811865,NORMAL,"Terang, terbakar",Hand washing required
SKIN_FACE_0238,FACE,FAIR_2,236.0,227.0,194.0,2.1352286591623946,3.0231926429428064,2.5872911253772726,BRIGHT,"Terang, terbakar",Proper hygenic practice observed
SKIN_FACE_0241,FACE,FAIR_2,238.0,219.0,194.0,2.82902208847571,1.599744698989245,1.791170617722341,NORMAL,"Terang, terbakar",Clean visible skin detected
SKIN_FACE_0161,FACE,FAIR_1,244.0,224.0,215.0,3.6897449815665855,2.8138061042845575,2.3798318998617387,NORMAL,"Sangat terang, mudah terbakar",Hand washing required
SKIN_HAND_0412,HAND,FAIR_2,235.0,212.0,200.0,6.136999702428275,6.919598384403792,6.300915808233945,NORMAL,"Terang, terbakar",Hand washing required
SKIN_FACE_0179,FACE,FAIR_3,234.0,203.0,182.0,3.1373827459316663,2.7850386383124364,1.995355222555213,BRIGHT,"Terang, sedikit tan",Proper hygenic practice observed
SKIN_FACE_0127,FACE,FAIR_2,252.0,218.0,192.0,2.985695929101104,2.2213923297933156,2.2752456020255587,NORMAL,"Terang, terbakar",Clean visible skin detected
SKIN_FACE_0014,FACE,FAIR_1,245.0,236.0,211.0,2.7520002137433655,2.6012891058485565,3.036064520450939,NORMAL,"Sangat terang, mudah terbakar",Hand washing required
SKIN_FACE_0360,FACE,FAIR_3,227.0,215.0,199.0,2.3195130115742204,3.2154226476772356,2.0126619039212432,BRIGHT,"Terang, sedikit tan",Proper hygenic practice observed
SKIN_HAND_0137,HAND,FAIR_1,248.0,223.0,207.0,6.5599922663789885,6.154456526243315,5.253123754371197,BRIGHT,"Sangat terang, mudah terbakar",Hand washing required
SKIN_FACE_0312,FACE,FAIR_2,248.0,223.0,202.0,1.8786836134231657,2.1097650014391784,2.2839272258724086,NORMAL,"Terang, terbakar",Proper hygenic practice observed
SKIN_HAND_0077,HAND,FAIR_3,228.0,214.0,194.0,10.125113909391272,4.46283758234542,5.419993426080555,DIM,"Terang, sedikit tan",Clean visible skin detected
SKIN_FACE_0137,FACE,FAIR_2,247.0,224.0,205.0,2.450298178068432,2.8687750037751063,2.4746795018037218,BRIGHT,"Terang, terbakar",Hand washing required
SKIN_FACE_0474,FACE,FAIR_1,247.0,232.0,210.0,2.792930480882499,3.6273809326367923,1.635646320090856,BRIGHT,"Sangat terang, mudah terbakar",Gloves must be worn
SKIN_FACE_0439,FACE,FAIR_1,251.0,228.0,213.0,2.46650128135872,2.2581773917935233,2.5481353149395582,BRIGHT,"Sangat terang, mudah terbakar",Gloves must be worn
SKIN_FACE_0400,FACE,FAIR_1,255.0,237.0,200.0,3.4655322077751216,2.1033968289198417,2.2613433235977984,DIM,"Sangat terang, mudah terbakar",Clean visible skin detected
SKIN_HAND_0281,HAND,FAIR_1,246.0,235.0,204.0,6.663759233554061,5.76069298634456,5.575586284953758,NORMAL,"Sangat terang, mudah terbakar",Proper hygenic practice observed
SKIN_FACE_0384,FACE,FAIR_3,231.0,215.0,195.0,2.988533070409418,2.4938145502022344,2.1205720428520074,NORMAL,"Terang, sedikit tan",Hand washing required
SKIN_FACE_0262,FACE,FAIR_2,244.0,223.0,200.0,3.97948474447281,3.714400395861194,1.981165944841184,DIM,"Terang, terbakar",Gloves must be worn
SKIN_HAND_0320,HAND,FAIR_2,232.0,215.0,198.0,7.828686276144942,6.265035436269648,5.9510139601655165,DIM,"Terang, terbakar",Hand washing required
SKIN_FACE_0050,FACE,FAIR_2,246.0,214.0,192.0,2.4111679234773726,2.369138641316157,2.48699160237574,NORMAL,"Terang, terbakar",Proper hygenic practice observed
SKIN_HAND_0175,HAND,FAIR_1,237.0,234.0,205.0,9.988442011053976,6.768627736517231,8.100331932982364,DIM,"Sangat terang, mudah terbakar",Gloves must be worn
SKIN_HAND_0372,HAND,FAIR_3,228.0,213.0,192.0,7.474980381153466,7.760018821554083,5.6299885965439405,NORMAL,"Terang, sedikit tan",Hand washing required
SKIN_FACE_0028,FACE,FAIR_1,249.0,236.0,200.0,2.807629511975599,3.0766035587502705,2.0399213449461158,BRIGHT,"Sangat terang, mudah terbakar",Proper hygenic practice observed
SKIN_HAND_0211,HAND,FAIR_3,218.0,205.0,184.0,7.395743905463567,7.475777292475019,5.760298654190361,BRIGHT,"Terang, sedikit tan",Gloves must be worn
SKIN_HAND_0236,HAND,FAIR_2,242.0,225.0,204.0,7.417363479538439,6.699332691250507,5.058913635671561,NORMAL,"Terang, terbakar",Proper hygenic practice observed
SKIN_HAND_0102,HAND,FAIR_1,249.0,231.0,209.0,7.003365907460376,6.395302974733405,4.977551913588192,BRIGHT,"Sangat terang, mudah terbakar",Hand washing required
SKIN_FACE_0487,FACE,FAIR_1,246.0,236.0,200.0,2.5093762419072254,2.0516229700190856,2.425754397452492,NORMAL,"Sangat terang, mudah terbakar",Gloves must be worn
SKIN_FACE_0403,FACE,FAIR_1,255.0,238.0,212.0,3.735101740893284,2.614147666505142,1.8744446996117379,NORMAL,"Sangat terang, mudah terbakar",Gloves must be worn
SKIN_FACE_0448,FACE,FAIR_3,226.0,216.0,199.0,3.07350932264942,2.8665420400722277,2.376033586293846,NORMAL,"Terang, sedikit tan",Clean visible skin detected
SKIN_HAND_0347,HAND,FAIR_3,230.0,206.0,200.0,8.267304549920915,6.133023617767937,7.301638934419179,NORMAL,"Terang, sedikit tan",Clean visible skin detected
SKIN_HAND_0140,HAND,FAIR_3,229.0,214.0,198.0,9.459315809306798,4.644889640504848,6.373330911676461,DIM,"Terang, sedikit tan",Gloves must be worn
SKIN_FACE_0122,FACE,FAIR_1,255.0,233.0,204.0,2.986767990399387,1.7801716113008785,1.3961696663646028,NORMAL,"Sangat terang, mudah terbakar",Gloves must be worn
SKIN_HAND_0500,HAND,FAIR_3,222.0,200.0,192.0,7.181212123407326,6.678316703890122,5.200045428066,NORMAL,"Terang, sedikit tan",Proper hygenic practice observed
SKIN_HAND_0371,HAND,FAIR_2,227.0,210.0,204.0,8.32210530795849,8.46766081793486,5.383058926648256,NORMAL,"Terang, terbakar",Hand washing required
SKIN_HAND_0199,HAND,FAIR_3,220.0,206.0,197.0,9.168955575030031,6.78654440722454,4.366403727589427,BRIGHT,"Terang, sedikit tan",Gloves must be worn
SKIN_FACE_0188,FACE,FAIR_1,246.0,226.0,206.0,3.973780621817503,2.8256075232132245,1.8700094933358997,BRIGHT,"Sangat terang, mudah terbakar",Proper hygenic practice observed
SKIN_FACE_0085,FACE,FAIR_3,228.0,203.0,187.0,2.899390997947241,2.130229386767203,1.716363777742576,BRIGHT,"Terang, sedikit tan",Clean visible skin detected
SKIN_FACE_0402,FACE,FAIR_3,238.0,207.0,196.0,2.860555124168026,3.5517063017863406,2.547833001683616,DIM,"Terang, sedikit tan",Gloves must be worn
SKIN_HAND_0060,HAND,FAIR_1,251.0,220.0,201.0,7.13501908439302,6.860804170290089,6.097698045246747,DIM,"Sangat terang, mudah terbakar",Clean visible skin detected
SKIN_HAND_0329,HAND,FAIR_3,226.0,202.0,191.0,6.867868623627253,6.3338929691378585,4.838228825337236,DIM,"Terang, sedikit tan",Proper hygenic practice observed
SKIN_HAND_0097,HAND,FAIR_2,238.0,222.0,210.0,9.20058400476064,5.230459595517755,6.296125469364777,BRIGHT,"Terang, terbakar",Proper hygenic practice observed
SKIN_HAND_0313,HAND,FAIR_1,238.0,225.0,214.0,7.561635503561587,7.266781701716312,4.93672475105951,BRIGHT,"Sangat terang, mudah terbakar",Gloves must be worn
SKIN_FACE_0475,FACE,FAIR_1,255.0,230.0,200.0,2.6308031273025243,2.166770931922252,2.1039002024319156,DIM,"Sangat terang, mudah terbakar",Hand washing required
SKIN_HAND_0300,HAND,FAIR_1,239.0,220.0,205.0,6.2807906383005285,7.96412309756974,5.516798333052318,DIM,"Sangat terang, mudah terbakar",Gloves must be worn
SKIN_HAND_0278,HAND,FAIR_1,241.0,226.0,211.0,8.14509933739582,6.39527197005572,5.442949959153105,NORMAL,"Sangat terang, mudah terbakar",Hand washing required
SKIN_FACE_0425,FACE,FAIR_3,227.0,217.0,196.0,3.0605900616237425,3.0330911318450964,2.0685351100407923,NORMAL,"Terang, sedikit tan",Hand washing required
SKIN_FACE_0102,FACE,FAIR_3,225.0,203.0,192.0,3.8519708470514216,2.3654010558628853,1.3751950137395474,DIM,"Terang, sedikit tan",Clean visible skin detected
SKIN_HAND_0440,HAND,FAIR_1,238.0,224.0,205.0,8.490046518704087,6.605836045007922,5.635543347572184,DIM,"Sangat terang, mudah terbakar",Hand washing required
SKIN_FACE_0338,FACE,FAIR_3,227.0,208.0,180.0,2.85637464241521,2.404292167691429,2.810362150436645,NORMAL,"Terang, sedikit tan",Clean visible skin detected
SKIN_FACE_0071,FACE,FAIR_1,247.0,239.0,203.0,2.8436120415553576,2.773789167104469,2.261282966752742,NORMAL,"Sangat terang, mudah terbakar",Clean visible skin detected
SKIN_FACE_0380,FACE,FAIR_1,247.0,232.0,215.0,4.376606315879593,3.1455541453736844,2.5237120073677843,BRIGHT,"Sangat terang, mudah terbakar",Proper hygenic practice observed
SKIN_HAND_0262,HAND,FAIR_2,241.0,213.0,190.0,7.131851188683428,6.734388739564504,6.755039520874328,DIM,"Terang, terbakar",Hand washing required
SKIN_FACE_0079,FACE,FAIR_1,255.0,224.0,207.0,2.5316907485787725,2.141573794315772,1.8448239457219362,NORMAL,"Sangat terang, mudah terbakar",Hand washing required
SKIN_HAND_0024,HAND,FAIR_1,237.0,222.0,207.0,7.197934491698229,5.846564092138965,6.308515911355481,BRIGHT,"Sangat terang, mudah terbakar",Clean visible skin detected
SKIN_HAND_0031,HAND,FAIR_1,246.0,229.0,205.0,8.739819858050456,5.451552930186621,3.9955507303825577,DIM,"Sangat terang, mudah terbakar",Clean visible skin detected
SKIN_FACE_0118,FACE,FAIR_3,239.0,216.0,185.0,3.391319557378651,3.1486915316220765,2.3267591711715423,NORMAL,"Terang, sedikit tan",Proper hygenic practice observed
SKIN_HAND_0011,HAND,FAIR_3,229.0,211.0,187.0,7.277016171472052,6.773882600767223,6.168790539532136,DIM,"Terang, sedikit tan",Hand washing required
SKIN_HAND_0222,HAND,FAIR_2,240.0,222.0,197.0,7.496479266769416,6.237054112941138,5.913747864281103,NORMAL,"Terang, terbakar",Clean visible skin detected
SKIN_FACE_0321,FACE,FAIR_2,250.0,228.0,195.0,2.5954847404140997,2.391328843096928,2.0721744130661626,NORMAL,"Terang, terbakar",Hand washing required
SKIN_HAND_0297,HAND,FAIR_3,231.0,213.0,192.0,6.853765683646795,5.840254185911089,5.9919023649607555,NORMAL,"Terang, sedikit tan",Hand washing required
SKIN_HAND_0055,HAND,FAIR_3,231.0,213.0,181.0,8.393179924161785,5.9382987141346995,6.039840465285431,NORMAL,"Terang, sedikit tan",Proper hygenic practice observed
SKIN_FACE_0043,FACE,FAIR_1,251.0,231.0,205.0,3.6939512811927457,3.0590764361093337,1.8825170353325933,BRIGHT,"Sangat terang, mudah terbakar",Hand washing required
SKIN_HAND_0210,HAND,FAIR_2,231.0,215.0,209.0,6.266193628018216,7.359733138697677,4.947682958118151,NORMAL,"Terang, terbakar",Proper hygenic practice observed
SKIN_FACE_0105,FACE,FAIR_3,235.0,204.0,194.0,3.2756216811107843,2.8268522735505597,2.0055512558312025,DIM,"Terang, sedikit tan",Proper hygenic practice observed
SKIN_FACE_0193,FACE,FAIR_2,240.0,216.0,193.0,3.8341032173267706,2.598935276783213,2.185560767892719,BRIGHT,"Terang, terbakar",Gloves must be worn
SKIN_FACE_0163,FACE,FAIR_2,242.0,218.0,206.0,3.840337118341399,3.0831307999859647,2.478703516340602,NORMAL,"Terang, terbakar",Gloves must be worn
SKIN_FACE_0367,FACE,FAIR_3,231.0,208.0,186.0,4.697997178710864,3.6742187609800183,3.1045576670214485,BRIGHT,"Terang, sedikit tan",Proper hygenic practice observed
SKIN_HAND_0071,HAND,FAIR_2,237.0,223.0,207.0,7.012240623634382,7.682265220246053,5.598265381652903,DIM,"Terang, terbakar",Hand washing required
SKIN_FACE_0044,FACE,FAIR_2,247.0,213.0,195.0,3.754451919603321,2.846579318668019,2.3903459674027006,DIM,"Terang, terbakar",Clean visible skin detected
SKIN_HAND_0108,HAND,FAIR_1,245.0,232.0,211.0,6.22387961706029,6.842332689231327,5.670407903470686,DIM,"Sangat terang, mudah terbakar",Clean visible skin detected
SKIN_HAND_0494,HAND,FAIR_3,219.0,206.0,194.0,9.861036279369918,3.9881427126193554,5.499451574227836,BRIGHT,"Terang, sedikit tan",Proper hygenic practice observed
SKIN_FACE_0091,FACE,FAIR_2,249.0,224.0,197.0,3.437861941721787,3.4896317102324286,1.877398783754786,NORMAL,"Terang, terbakar",Clean visible skin detected
SKIN_FACE_0242,FACE,FAIR_3,226.0,203.0,196.0,3.4525404389171794,2.0071254723655345,1.6102797040456882,BRIGHT,"Terang, sedikit tan",Hand washing required
SKIN_HAND_0293,HAND,FAIR_3,214.0,209.0,186.0,7.192697084346853,6.397532443282145,4.903420725985844,NORMAL,"Terang, sedikit tan",Proper hygenic practice observed
SKIN_HAND_0290,HAND,FAIR_1,238.0,222.0,200.0,10.082352507382705,6.167048733040119,5.102867684342582,DIM,"Sangat terang, mudah terbakar",Hand washing required
SKIN_FACE_0153,FACE,FAIR_3,230.0,212.0,196.0,3.401600976511898,2.453727629853445,2.527627618404476,DIM,"Terang, sedikit tan",Hand washing required
SKIN_HAND_0040,HAND,FAIR_1,236.0,226.0,212.0,6.582195911165801,6.732192693874799,6.098581450229182,BRIGHT,"Sangat terang, mudah terbakar",Gloves must be worn
SKIN_FACE_0090,FACE,FAIR_3,234.0,216.0,185.0,2.714856422024628,2.584336599695896,2.340195574690041,NORMAL,"Terang, sedikit tan",Hand washing required
SKIN_HAND_0308,HAND,FAIR_1,242.0,224.0,200.0,6.907386366869467,8.034846986724357,5.949538100802354,DIM,"Sangat terang, mudah terbakar",Clean visible skin detected
SKIN_FACE_0180,FACE,FAIR_2,233.0,228.0,208.0,3.7921475463162535,2.342296301434376,2.47648402224447,DIM,"Terang, terbakar",Clean visible skin detected
SKIN_HAND_0067,HAND,FAIR_1,243.0,234.0,207.0,6.186461089469386,6.168822712783268,5.317414115497366,BRIGHT,"Sangat terang, mudah terbakar",Hand washing required
SKIN_HAND_0276,HAND,FAIR_3,217.0,203.0,188.0,9.829143183481513,7.224845154440134,5.114777879119689,NORMAL,"Terang, sedikit tan",Proper hygenic practice observed
SKIN_HAND_0068,HAND,FAIR_2,232.0,221.0,198.0,8.999855864337196,6.5505031988201425,6.858663205827483,BRIGHT,"Terang, terbakar",Clean visible skin detected
SKIN_HAND_0319,HAND,FAIR_1,248.0,221.0,205.0,6.040766371323189,7.454671810696633,5.014399910431835,BRIGHT,"Sangat terang, mudah terbakar",Hand washing required
SKIN_FACE_0049,FACE,FAIR_2,238.0,213.0,193.0,3.459515358776169,3.0471797402087395,1.8705311841064856,DIM,"Terang, terbakar",Hand washing required
SKIN_FACE_0499,FACE,FAIR_1,255.0,230.0,202.0,2.4764435771969264,3.3264156671471063,2.451899938656983,NORMAL,"Sangat terang, mudah terbakar",Gloves must be worn
SKIN_FACE_0215,FACE,FAIR_1,255.0,224.0,206.0,3.70826887513637,1.983327388583091,2.4267169932744883,DIM,"Sangat terang, mudah terbakar",Hand washing required
SKIN_FACE_0254,FACE,FAIR_1,247.0,234.0,213.0,3.899917643684808,3.6683794234356593,2.519147191576703,BRIGHT,"Sangat terang, mudah terbakar",Hand washing required
SKIN_HAND_0328,HAND,FAIR_1,248.0,225.0,210.0,7.792659612796698,8.11660311310601,5.945942224106483,NORMAL,"Sangat terang, mudah terbakar",Clean visible skin detected
SKIN_HAND_0383,HAND,FAIR_2,233.0,224.0,199.0,7.263506445600671,6.902067326195725,5.903417274299614,BRIGHT,"Terang, terbakar",Gloves must be worn
SKIN_HAND_0452,HAND,FAIR_3,225.0,214.0,185.0,5.451158062578853,7.024054059092207,6.589256496183777,BRIGHT,"Terang, sedikit tan",Clean visible skin detected
SKIN_FACE_0023,FACE,FAIR_3,234.0,205.0,182.0,3.23649511733041,3.3958360678130757,2.653294523594756,BRIGHT,"Terang, sedikit tan",Clean visible skin detected
SKIN_HAND_0219,HAND,FAIR_1,250.0,221.0,209.0,8.075710253547342,7.288113101638523,4.985215877807759,BRIGHT,"Sangat terang, mudah terbakar",Gloves must be worn
SKIN_FACE_0288,FACE,FAIR_3,234.0,206.0,199.0,3.4504334353372768,2.7619832593924167,1.6416951780249975,DIM,"Terang, sedikit tan",Clean visible skin detected
SKIN_HAND_0437,HAND,FAIR_2,233.0,222.0,201.0,6.42809112371176,6.894592282165107,5.050896895436519,NORMAL,"Terang, terbakar",Proper hygenic practice observed
SKIN_FACE_0265,FACE,FAIR_1,254.0,237.0,202.0,3.051525592973704,2.787775973683442,2.2561461629927297,BRIGHT,"Sangat terang, mudah terbakar",Hand washing required
SKIN_HAND_0089,HAND,FAIR_3,223.0,209.0,197.0,7.297513696128376,6.6573640617284235,7.565543479322314,BRIGHT,"Terang, sedikit tan",Clean visible skin detected
SKIN_HAND_0064,HAND,FAIR_1,245.0,223.0,201.0,8.949699976416971,5.359110721601182,5.559431933140855,NORMAL,"Sangat terang, mudah terbakar",Gloves must be worn
SKIN_FACE_0327,FACE,FAIR_3,240.0,214.0,190.0,3.1297730127953947,2.744416547205066,2.870828311357478,BRIGHT,"Terang, sedikit tan",Proper hygenic practice observed
SKIN_FACE_0217,FACE,FAIR_2,240.0,223.0,201.0,3.3801916777984258,2.4531451223748917,2.8581949104690993,DIM,"Terang, terbakar",Proper hygenic practice observed
SKIN_HAND_0352,HAND,FAIR_1,253.0,228.0,211.0,8.407790022834313,5.868236092323674,7.010143536922719,BRIGHT,"Sangat terang, mudah terbakar",Gloves must be worn
SKIN_FACE_0437,FACE,FAIR_2,239.0,223.0,210.0,4.00316531060344,2.3412534100533957,1.954814662843996,NORMAL,"Terang, terbakar",Proper hygenic practice observed
SKIN_HAND_0257,HAND,FAIR_1,247.0,230.0,209.0,9.851616134081578,6.44888859247345,5.502209142506062,BRIGHT,"Sangat terang, mudah terbakar",Gloves must be worn
SKIN_FACE_0136,FACE,FAIR_2,244.0,226.0,204.0,3.161896012066498,2.7394353621582113,2.278328041119608,NORMAL,"Terang, terbakar",Gloves must be worn
SKIN_FACE_0145,FACE,FAIR_3,237.0,207.0,195.0,3.6765129837107864,2.4425268814226655,2.6692159578918835,BRIGHT,"Terang, sedikit tan",Proper hygenic practice observed
SKIN_FACE_0055,FACE,FAIR_3,238.0,216.0,181.0,2.4060892169058024,2.4360570266306336,2.46743143971115,BRIGHT,"Terang, sedikit tan",Gloves must be worn
SKIN_FACE_0460,FACE,FAIR_2,239.0,224.0,199.0,3.160139207217894,3.464933568432733,2.3571741293353994,DIM,"Terang, terbakar",Proper hygenic practice observed
SKIN_HAND_0169,HAND,FAIR_1,238.0,230.0,209.0,6.000680985081921,7.33010308861321,6.233442734519201,BRIGHT,"Sangat terang, mudah terbakar",Clean visible skin detected
SKIN_FACE_0418,FACE,FAIR_3,228.0,217.0,185.0,2.7860695391830492,2.42115381470298,2.4576247521022063,NORMAL,"Terang, sedikit tan",Clean visible skin detected
SKIN_FACE_0029,FACE,FAIR_3,230.0,203.0,191.0,2.8889976750592017,2.440078076184435,2.667413410202017,NORMAL,"Terang, sedikit tan",Gloves must be worn
SKIN_FACE_0324,FACE,FAIR_1,251.0,235.0,214.0,3.9903111611869866,2.6287840401887124,2.030042520133212,DIM,"Sangat terang, mudah terbakar",Clean visible skin detected
SKIN_FACE_0486,FACE,FAIR_3,232.0,206.0,190.0,2.5256343087494404,3.1468177807419764,2.4372721785444162,DIM,"Terang, sedikit tan",Hand washing required
SKIN_FACE_0317,FACE,FAIR_2,243.0,226.0,192.0,3.308717084546308,2.9220238826133826,1.8027487830505624,BRIGHT,"Terang, terbakar",Clean visible skin detected
SKIN_HAND_0087,HAND,FAIR_3,231.0,213.0,181.0,6.135918428430427,6.638612778793133,4.935838968393854,NORMAL,"Terang, sedikit tan",Hand washing required
SKIN_HAND_0433,HAND,FAIR_3,224.0,205.0,196.0,7.0886244802676535,7.008304758597081,6.913726461923567,NORMAL,"Terang, sedikit tan",Proper hygenic practice observed
SKIN_HAND_0185,HAND,FAIR_2,240.0,225.0,204.0,7.4412015292453395,7.269888956507972,6.252296187104659,BRIGHT,"Terang, terbakar",Proper hygenic practice observed
SKIN_FACE_0479,FACE,FAIR_2,244.0,224.0,210.0,4.286048204359352,2.673625332271108,2.6603821454773597,DIM,"Terang, terbakar",Proper hygenic practice observed
SKIN_FACE_0035,FACE,FAIR_3,230.0,210.0,187.0,4.1163771261421065,3.116547080700747,2.7151221929726703,BRIGHT,"Terang, sedikit tan",Gloves must be worn
SKIN_HAND_0295,HAND,FAIR_2,229.0,222.0,208.0,6.593649124384605,7.934340610239355,5.958825943950215,NORMAL,"Terang, terbakar",Clean visible skin detected
SKIN_FACE_0393,FACE,FAIR_1,250.0,223.0,208.0,2.952876405858915,2.2323609607415014,2.1174216199565357,BRIGHT,"Sangat terang, mudah terbakar",Gloves must be worn
SKIN_HAND_0426,HAND,FAIR_1,241.0,223.0,209.0,9.29637125276248,7.393738103946517,6.022817275273541,BRIGHT,"Sangat terang, mudah terbakar",Proper hygenic practice observed
SKIN_FACE_0214,FACE,FAIR_2,238.0,228.0,201.0,4.136847660634952,2.4642818852895174,2.2512575511482327,DIM,"Terang, terbakar",Hand washing required
SKIN_HAND_0261,HAND,FAIR_2,228.0,213.0,197.0,8.629338789122102,7.99136745990606,4.738247508643434,DIM,"Terang, terbakar",Proper hygenic practice observed
SKIN_HAND_0238,HAND,FAIR_1,244.0,234.0,211.0,7.072407289823284,5.7056141754970975,4.9999709238918655,DIM,"Sangat terang, mudah terbakar",Proper hygenic practice observed
SKIN_FACE_0060,FACE,FAIR_3,226.0,212.0,190.0,2.54733248898489,2.197560631401624,2.4415832417896564,NORMAL,"Terang, sedikit tan",Gloves must be worn
SKIN_FACE_0084,FACE,FAIR_3,237.0,204.0,198.0,4.431526526953308,3.2084577003350594,2.7050389061872164,BRIGHT,"Terang, sedikit tan",Proper hygenic practice observed
SKIN_HAND_0446,HAND,FAIR_3,227.0,211.0,181.0,7.821323823647253,4.670233204108564,6.615443943767554,BRIGHT,"Terang, sedikit tan",Proper hygenic practice observed
SKIN_FACE_0368,FACE,FAIR_2,240.0,220.0,205.0,3.451960823174516,3.3266216953574625,1.9355284472703378,BRIGHT,"Terang, terbakar",Clean visible skin detected
SKIN_FACE_0301,FACE,FAIR_2,238.0,224.0,196.0,3.267578006739477,3.608761830409245,1.6944224716245748,DIM,"Terang, terbakar",Proper hygenic practice observed
SKIN_FACE_0100,FACE,FAIR_2,239.0,229.0,196.0,3.3833321342024703,2.952934658746138,2.6193079017417125,NORMAL,"Terang, terbakar",Proper hygenic practice observed
SKIN_FACE_0350,FACE,FAIR_1,255.0,232.0,211.0,2.9203025714870856,2.383092841873587,1.9125052777283065,NORMAL,"Sangat terang, mudah terbakar",Proper hygenic practice observed
SKIN_HAND_0266,HAND,FAIR_3,222.0,207.0,196.0,7.248528784536609,5.950659055064786,5.570173669601301,BRIGHT,"Terang, sedikit tan",Proper hygenic practice observed
SKIN_FACE_0496,FACE,FAIR_3,235.0,209.0,186.0,2.4145774980463637,3.089078061061968,1.9180478290539262,DIM,"Terang, sedikit tan",Gloves must be worn
SKIN_FACE_0030,FACE,FAIR_2,234.0,221.0,197.0,3.1035587378281653,3.283974238398806,1.8477391530683127,NORMAL,"Terang, terbakar",Proper hygenic practice observed
SKIN_HAND_0056,HAND,FAIR_2,225.0,221.0,199.0,4.922510860226568,8.298778302324417,4.222705997124038,BRIGHT,"Terang, terbakar",Hand washing required
SKIN_HAND_0121,HAND,FAIR_1,240.0,230.0,204.0,8.978416979018208,7.796829972849801,4.714751076866525,BRIGHT,"Sangat terang, mudah terbakar",Gloves must be worn
SKIN_HAND_0216,HAND,FAIR_1,247.0,234.0,203.0,5.519505939693119,6.560926004121716,4.893157814577036,DIM,"Sangat terang, mudah terbakar",Proper hygenic practice observed
SKIN_HAND_0026,HAND,FAIR_1,244.0,229.0,206.0,9.608079578788258,5.701485810689007,5.322746956800407,DIM,"Sangat terang, mudah terbakar",Gloves must be worn
SKIN_HAND_0073,HAND,FAIR_1,242.0,229.0,207.0,7.886896636901889,6.95249607035272,5.174044450287173,NORMAL,"Sangat terang, mudah terbakar",Gloves must be worn
SKIN_HAND_0045,HAND,FAIR_3,224.0,213.0,190.0,7.303121267436111,5.597804984356162,6.222757819499334,BRIGHT,"Terang, sedikit tan",Hand washing required
SKIN_HAND_0248,HAND,FAIR_2,225.0,218.0,204.0,6.7839760660135315,6.973773758621599,6.805700503617089,BRIGHT,"Terang, terbakar",Proper hygenic practice observed
SKIN_FACE_0222,FACE,FAIR_2,244.0,226.0,192.0,3.496431330335386,2.29727929436834,1.9200111847675063,BRIGHT,"Terang, terbakar",Clean visible skin detected
SKIN_HAND_0282,HAND,FAIR_3,223.0,211.0,194.0,8.13589239690213,6.767152954933967,5.84978911152997,DIM,"Terang, sedikit tan",Clean visible skin detected
SKIN_FACE_0394,FACE,FAIR_1,250.0,232.0,200.0,3.4274847607893313,3.0515438893125504,2.163547190248389,NORMAL,"Sangat terang, mudah terbakar",Clean visible skin detected
SKIN_FACE_0415,FACE,FAIR_1,255.0,221.0,206.0,2.6652213911441347,3.1166377495770083,1.8550409666489038,NORMAL,"Sangat terang, mudah terbakar",Gloves must be worn
SKIN_FACE_0311,FACE,FAIR_2,246.0,220.0,196.0,4.202460977935978,2.6916282802030267,2.143585205772675,NORMAL,"Terang, terbakar",Gloves must be worn
SKIN_HAND_0245,HAND,FAIR_1,244.0,220.0,206.0,9.172501662131719,8.259150195988905,6.592608411207973,BRIGHT,"Sangat terang, mudah terbakar",Hand washing required
SKIN_FACE_0323,FACE,FAIR_3,227.0,205.0,189.0,2.909385778619548,1.94957604519343,2.0380981411290557,NORMAL,"Terang, sedikit tan",Proper hygenic practice observed
SKIN_HAND_0322,HAND,FAIR_3,215.0,212.0,191.0,8.638942947180992,5.693261849769239,5.54567662299315,DIM,"Terang, sedikit tan",Gloves must be worn
SKIN_FACE_0144,FACE,FAIR_1,250.0,228.0,208.0,2.6513761316715345,3.5418609304222435,2.590285883449831,DIM,"Sangat terang, mudah terbakar",Clean visible skin detected
SKIN_HAND_0159,HAND,FAIR_1,240.0,233.0,203.0,7.847458575973721,7.308239940059358,5.882872765033153,DIM,"Sangat terang, mudah terbakar",Proper hygenic practice observed
SKIN_FACE_0478,FACE,FAIR_3,236.0,207.0,185.0,3.3683496509833653,2.256814720955972,2.563018086766247,NORMAL,"Terang, sedikit tan",Proper hygenic practice observed
SKIN_HAND_0430,HAND,FAIR_2,226.0,212.0,190.0,8.279746118130282,5.560871125900417,4.722511955589863,DIM,"Terang, terbakar",Proper hygenic practice observed
SKIN_FACE_0442,FACE,FAIR_3,233.0,206.0,182.0,3.230262118139291,2.9046603234806727,2.5588379486811084,BRIGHT,"Terang, sedikit tan",Proper hygenic practice observed
SKIN_HAND_0463,HAND,FAIR_1,246.0,230.0,202.0,9.040495594773319,6.324587658053766,4.772840350175784,BRIGHT,"Sangat terang, mudah terbakar",Hand washing required
SKIN_HAND_0310,HAND,FAIR_1,237.0,227.0,213.0,9.276745414483313,5.196153057184009,6.1427223757016876,DIM,"Sangat terang, mudah terbakar",Clean visible skin detected
SKIN_FACE_0198,FACE,FAIR_1,254.0,226.0,215.0,3.745059455482681,3.102632595232006,2.039677488420254,BRIGHT,"Sangat terang, mudah terbakar",Clean visible skin detected
SKIN_HAND_0061,HAND,FAIR_1,241.0,226.0,200.0,8.158818783982953,7.224788386123806,5.300361743754333,NORMAL,"Sangat terang, mudah terbakar",Proper hygenic practice observed
SKIN_FACE_0385,FACE,FAIR_2,237.0,226.0,207.0,4.252125984137466,3.072445612726859,1.482703535287175,DIM,"Terang, terbakar",Clean visible skin detected
SKIN_FACE_0096,FACE,FAIR_3,227.0,217.0,191.0,3.2119822087889394,2.6984322635717866,2.3052688178565863,DIM,"Terang, sedikit tan",Clean visible skin detected
SKIN_FACE_0268,FACE,FAIR_3,224.0,212.0,192.0,3.753177136683545,3.361164549341031,2.859879341134827,BRIGHT,"Terang, sedikit tan",Proper hygenic practice observed
SKIN_FACE_0150,FACE,FAIR_3,242.0,204.0,189.0,3.491808002088558,1.8800394067984638,2.224326413630302,NORMAL,"Terang, sedikit tan",Clean visible skin detected
SKIN_FACE_0151,FACE,FAIR_1,250.0,229.0,209.0,2.4796518716710025,1.8307173544415458,1.796182138174315,DIM,"Sangat terang, mudah terbakar",Hand washing required
SKIN_FACE_0366,FACE,FAIR_1,255.0,226.0,209.0,2.462060932138564,2.967713562379201,2.5785306889956465,NORMAL,"Sangat terang, mudah terbakar",Proper hygenic practice observed
SKIN_FACE_0169,FACE,FAIR_2,245.0,216.0,195.0,3.7389940772570487,2.6294599198865773,1.188372224074681,NORMAL,"Terang, terbakar",Hand washing required
SKIN_HAND_0299,HAND,FAIR_1,237.0,233.0,203.0,7.492655536576997,6.581817456154296,5.210264028598704,NORMAL,"Sangat terang, mudah terbakar",Clean visible skin detected
SKIN_FACE_0190,FACE,FAIR_3,238.0,203.0,181.0,3.9474577913133975,1.8931865552777514,1.7210669546741693,BRIGHT,"Terang, sedikit tan",Gloves must be worn
SKIN_HAND_0315,HAND,FAIR_1,247.0,224.0,202.0,8.981807320808459,6.6018508282891,6.442477349898179,NORMAL,"Sangat terang, mudah terbakar",Clean visible skin detected
SKIN_HAND_0311,HAND,FAIR_3,218.0,212.0,182.0,6.632410075148766,6.358314786593074,6.373292962343189,BRIGHT,"Terang, sedikit tan",Gloves must be worn
SKIN_HAND_0362,HAND,FAIR_1,249.0,229.0,209.0,7.583081022263337,5.900525132806601,5.882929498816964,BRIGHT,"Sangat terang, mudah terbakar",Gloves must be worn
SKIN_HAND_0480,HAND,FAIR_1,250.0,223.0,203.0,7.118615676821943,7.844057908921533,5.449678749802386,NORMAL,"Sangat terang, mudah terbakar",Clean visible skin detected
SKIN_HAND_0111,HAND,FAIR_1,236.0,221.0,209.0,8.45443237682058,7.287666172184234,5.0283447934296515,BRIGHT,"Sangat terang, mudah terbakar",Proper hygenic practice observed
SKIN_FACE_0490,FACE,FAIR_1,255.0,224.0,213.0,3.7410209287039016,2.8927205185468057,2.1596048642509396,DIM,"Sangat terang, mudah terbakar",Proper hygenic practice observed
SKIN_HAND_0487,HAND,FAIR_1,245.0,226.0,213.0,6.9601205679537514,7.091938002541139,5.548062826799148,BRIGHT,"Sangat terang, mudah terbakar",Hand washing required
SKIN_HAND_0364,HAND,FAIR_3,225.0,204.0,180.0,8.626945055320817,7.574924700564224,5.790140814734546,BRIGHT,"Terang, sedikit tan",Proper hygenic practice observed
SKIN_HAND_0255,HAND,FAIR_2,231.0,214.0,199.0,8.823117030361974,6.515989222484348,4.748235138479312,BRIGHT,"Terang, terbakar",Proper hygenic practice observed
SKIN_HAND_0260,HAND,FAIR_3,229.0,212.0,197.0,5.733221550361371,8.589859081507374,5.053287079173005,BRIGHT,"Terang, sedikit tan",Clean visible skin detected
SKIN_FACE_0303,FACE,FAIR_3,240.0,209.0,181.0,3.5055666058005484,2.369305997737999,2.379358512081581,DIM,"Terang, sedikit tan",Gloves must be worn
SKIN_FACE_0178,FACE,FAIR_2,238.0,227.0,201.0,2.4603559250236344,2.262842724734006,2.6733710383979226,NORMAL,"Terang, terbakar",Hand washing required
SKIN_HAND_0495,HAND,FAIR_3,227.0,210.0,185.0,7.7497727488130375,5.537701532078639,6.459630642280867,BRIGHT,"Terang, sedikit tan",Hand washing required
SKIN_FACE_0171,FACE,FAIR_2,247.0,227.0,206.0,3.232378914972831,2.462435112099265,2.197966626244519,DIM,"Terang, terbakar",Hand washing required
SKIN_HAND_0378,HAND,FAIR_2,230.0,218.0,205.0,8.027148865617574,7.219949177493286,6.969946895326602,NORMAL,"Terang, terbakar",Gloves must be worn
SKIN_FACE_0027,FACE,FAIR_1,244.0,233.0,212.0,2.257696635199987,2.657822459750197,2.579096502496341,DIM,"Sangat terang, mudah terbakar",Clean visible skin detected
SKIN_FACE_0346,FACE,FAIR_1,255.0,221.0,212.0,3.6703415106344597,2.7627540887851496,1.2989438038933914,DIM,"Sangat terang, mudah terbakar",Hand washing required
SKIN_HAND_0138,HAND,FAIR_2,233.0,212.0,206.0,8.429995210001485,6.155516915498901,5.699614507025999,BRIGHT,"Terang, terbakar",Gloves must be worn
SKIN_HAND_0356,HAND,FAIR_1,251.0,221.0,211.0,9.924866706858559,6.520463813513668,7.2731299186938045,DIM,"Sangat terang, mudah terbakar",Proper hygenic practice observed
SKIN_HAND_0366,HAND,FAIR_1,240.0,229.0,203.0,8.233159599707536,7.3368563710028605,6.245676180462815,DIM,"Sangat terang, mudah terbakar",Hand washing required
SKIN_FACE_0443,FACE,FAIR_2,250.0,225.0,209.0,3.481270085644811,2.010324267058578,2.210710188577425,BRIGHT,"Terang, terbakar",Proper hygenic practice observed
SKIN_FACE_0250,FACE,FAIR_3,236.0,209.0,182.0,3.0609778777836896,1.8664506351071741,2.1100659774499357,NORMAL,"Terang, sedikit tan",Clean visible skin detected
SKIN_FACE_0449,FACE,FAIR_1,255.0,226.0,205.0,3.1889489564285647,1.9257172055813871,2.073925395948696,BRIGHT,"Sangat terang, mudah terbakar",Proper hygenic practice observed
SKIN_FACE_0330,FACE,FAIR_1,255.0,232.0,205.0,3.980192133776617,3.181520293132493,1.892128819836929,BRIGHT,"Sangat terang, mudah terbakar",Clean visible skin detected
SKIN_FACE_0157,FACE,FAIR_2,249.0,224.0,200.0,3.342314515790254,3.2795714824037137,2.5492779768734777,DIM,"Terang, terbakar",Clean visible skin detected
SKIN_HAND_0200,HAND,FAIR_3,226.0,208.0,199.0,9.901640956597559,7.066996513835532,6.362745370553388,DIM,"Terang, sedikit tan",Gloves must be worn
SKIN_HAND_0214,HAND,FAIR_1,249.0,224.0,214.0,7.381412960889201,5.709336784796367,6.687740347326662,BRIGHT,"Sangat terang, mudah terbakar",Hand washing required
SKIN_HAND_0409,HAND,FAIR_3,227.0,206.0,186.0,4.53927943825302,7.70531726586082,7.629533334597479,DIM,"Terang, sedikit tan",Clean visible skin detected
SKIN_HAND_0333,HAND,FAIR_2,231.0,212.0,210.0,6.910380417779466,7.058357129485285,5.800864772900273,BRIGHT,"Terang, terbakar",Clean visible skin detected
SKIN_HAND_0209,HAND,FAIR_1,252.0,228.0,206.0,6.855694359059473,8.216943631009089,5.040118036570765,NORMAL,"Sangat terang, mudah terbakar",Gloves must be worn
SKIN_FACE_0114,FACE,FAIR_2,236.0,211.0,190.0,2.7696641463080223,2.5198320100868496,1.682833073057311,BRIGHT,"Terang, terbakar",Proper hygenic practice observed
SKIN_HAND_0079,HAND,FAIR_2,242.0,225.0,199.0,8.018334890232103,8.35620037499693,5.543781356169843,DIM,"Terang, terbakar",Hand washing required
SKIN_HAND_0030,HAND,FAIR_2,230.0,212.0,207.0,8.795014052618964,6.267279548219136,5.784235104788991,BRIGHT,"Terang, terbakar",Clean visible skin detected
SKIN_FACE_0036,FACE,FAIR_1,255.0,237.0,215.0,4.066363116462701,2.7446674179842416,2.2959499955315614,NORMAL,"Sangat terang, mudah terbakar",Gloves must be worn
SKIN_FACE_0196,FACE,FAIR_2,247.0,220.0,210.0,2.8661976758811316,2.341587976154827,2.1360772481400065,BRIGHT,"Terang, terbakar",Proper hygenic practice observed
SKIN_FACE_0058,FACE,FAIR_2,248.0,214.0,206.0,3.297777690715093,2.6085827247783433,2.1735781835173307,DIM,"Terang, terbakar",Gloves must be worn
SKIN_FACE_0337,FACE,FAIR_3,229.0,214.0,185.0,3.3031925216853937,2.738836445873667,2.571747107805849,DIM,"Terang, sedikit tan",Hand washing required
SKIN_FACE_0097,FACE,FAIR_1,249.0,225.0,203.0,2.4748424544391696,3.2970632018996313,1.768427327767831,NORMAL,"Sangat terang, mudah terbakar",Clean visible skin detected
SKIN_HAND_0166,HAND,FAIR_1,244.0,229.0,211.0,9.116434072414242,7.397341993948567,5.263408519789866,NORMAL,"Sangat terang, mudah terbakar",Gloves must be worn
SKIN_FACE_0419,FACE,FAIR_3,229.0,213.0,191.0,3.2355578251684567,3.1007084706610977,2.0525316634096438,NORMAL,"Terang, sedikit tan",Hand washing required
SKIN_HAND_0496,HAND,FAIR_2,228.0,216.0,193.0,8.754527647688343,6.205530038828188,5.274643196236493,NORMAL,"Terang, terbakar",Gloves must be worn
SKIN_FACE_0325,FACE,FAIR_1,248.0,230.0,209.0,3.718831860547304,2.4207766808146127,2.2151409493204928,BRIGHT,"Sangat terang, mudah terbakar",Clean visible skin detected
SKIN_HAND_0066,HAND,FAIR_3,223.0,215.0,194.0,6.144288314142715,7.413801005098134,4.847176002448418,BRIGHT,"Terang, sedikit tan",Hand washing required
SKIN_HAND_0142,HAND,FAIR_2,242.0,224.0,191.0,6.261995956785701,6.241627186103156,6.28331098708022,DIM,"Terang, terbakar",Clean visible skin detected
SKIN_FACE_0426,FACE,FAIR_1,251.0,232.0,201.0,2.4655012069679767,3.056289980263702,2.0598041202443773,NORMAL,"Sangat terang, mudah terbakar",Hand washing required
SKIN_FACE_0328,FACE,FAIR_2,251.0,214.0,192.0,4.083563164033124,2.578294198242279,1.7819522614127137,BRIGHT,"Terang, terbakar",Gloves must be worn
SKIN_FACE_0156,FACE,FAIR_2,248.0,216.0,207.0,3.6696396684193635,2.735813806201356,2.1422659796922403,DIM,"Terang, terbakar",Gloves must be worn
SKIN_HAND_0332,HAND,FAIR_1,245.0,227.0,203.0,6.875074209510059,7.849131649273991,6.822937209082761,NORMAL,"Sangat terang, mudah terbakar",Gloves must be worn
SKIN_FACE_0165,FACE,FAIR_1,255.0,234.0,213.0,2.3507487742583124,3.1643820085313297,2.023942328666392,DIM,"Sangat terang, mudah terbakar",Hand washing required
SKIN_HAND_0250,HAND,FAIR_3,230.0,210.0,191.0,9.36007366443894,8.808409572608433,6.8413234550727084,BRIGHT,"Terang, sedikit tan",Gloves must be worn
SKIN_FACE_0408,FACE,FAIR_1,255.0,237.0,205.0,3.8043527638423296,2.699013493635589,2.156825128252627,DIM,"Sangat terang, mudah terbakar",Hand washing required
SKIN_FACE_0209,FACE,FAIR_3,228.0,204.0,188.0,3.0052299414279484,3.1739925059256686,1.4770587621861804,DIM,"Terang, sedikit tan",Clean visible skin detected
SKIN_HAND_0306,HAND,FAIR_1,236.0,232.0,202.0,8.815712829871305,7.9480952673561935,4.771715032631508,BRIGHT,"Sangat terang, mudah terbakar",Gloves must be worn
SKIN_FACE_0235,FACE,FAIR_3,236.0,206.0,188.0,3.8215870215647874,3.1680172474789448,1.9351673445652626,BRIGHT,"Terang, sedikit tan",Clean visible skin detected
SKIN_FACE_0476,FACE,FAIR_2,240.0,224.0,196.0,3.1226566635956243,3.976040569743629,1.8850862916518722,DIM,"Terang, terbakar",Clean visible skin detected
SKIN_HAND_0050,HAND,FAIR_1,237.0,223.0,213.0,6.642064554292263,7.930473400858816,7.59965949319548,DIM,"Sangat terang, mudah terbakar",Proper hygenic practice observed
SKIN_FACE_0397,FACE,FAIR_3,231.0,207.0,192.0,4.111951184818816,2.962138927699189,2.8191634284551546,NORMAL,"Terang, sedikit tan",Proper hygenic practice observed
SKIN_HAND_0003,HAND,FAIR_1,251.0,228.0,200.0,7.449657540779918,5.935966335217512,6.923917363174763,BRIGHT,"Sangat terang, mudah terbakar",Clean visible skin detected
SKIN_FACE_0045,FACE,FAIR_2,244.0,221.0,204.0,3.435648063248009,2.878807815725093,2.36300698998463,BRIGHT,"Terang, terbakar",Clean visible skin detected
SKIN_HAND_0351,HAND,FAIR_1,242.0,232.0,204.0,6.367844836260925,5.8295493405371746,7.429780722018599,BRIGHT,"Sangat terang, mudah terbakar",Hand washing required
SKIN_FACE_0405,FACE,FAIR_3,227.0,215.0,199.0,2.688471526975497,3.2442754730452092,2.022879161442224,NORMAL,"Terang, sedikit tan",Gloves must be worn
SKIN_FACE_0037,FACE,FAIR_2,240.0,218.0,196.0,4.767588584050673,2.0559951526037836,2.5115770902914436,BRIGHT,"Terang, terbakar",Proper hygenic practice observed
SKIN_HAND_0345,HAND,FAIR_2,237.0,212.0,202.0,5.222516270629468,6.771637594991718,6.1751703547843215,DIM,"Terang, terbakar",Hand washing required
SKIN_FACE_0495,FACE,FAIR_2,251.0,225.0,206.0,3.199766805263698,3.0320335428287915,2.5608521199041987,BRIGHT,"Terang, terbakar",Clean visible skin detected
SKIN_HAND_0482,HAND,FAIR_2,231.0,214.0,206.0,7.119497943025344,8.252290402673616,6.0108404589443,BRIGHT,"Terang, terbakar",Proper hygenic practice observed
SKIN_FACE_0076,FACE,FAIR_1,250.0,226.0,200.0,2.716284988782224,2.3028918261010833,2.296697480272638,DIM,"Sangat terang, mudah terbakar",Proper hygenic practice observed
SKIN_HAND_0034,HAND,FAIR_3,231.0,208.0,181.0,7.768990346043241,6.534588675530063,6.166576489518779,BRIGHT,"Terang, sedikit tan",Hand washing required
SKIN_HAND_0032,HAND,FAIR_3,225.0,203.0,184.0,5.512359637485861,7.1560794912205745,6.052507895725527,DIM,"Terang, sedikit tan",Hand washing required
SKIN_HAND_0232,HAND,FAIR_3,232.0,207.0,199.0,8.556752755836007,6.210926827387883,6.157866235486447,BRIGHT,"Terang, sedikit tan",Gloves must be worn
SKIN_FACE_0464,FACE,FAIR_1,255.0,231.0,212.0,2.5475071026164144,2.1416057561421495,2.374185341486539,DIM,"Sangat terang, mudah terbakar",Gloves must be worn
SKIN_HAND_0193,HAND,FAIR_3,230.0,201.0,181.0,8.503816040655703,7.482681913462405,4.9279216120090625,DIM,"Terang, sedikit tan",Hand washing required
SKIN_HAND_0334,HAND,FAIR_3,215.0,201.0,192.0,8.249645336165203,6.512014985135508,3.7029649952866137,BRIGHT,"Terang, sedikit tan",Proper hygenic practice observed
SKIN_HAND_0004,HAND,FAIR_1,248.0,223.0,211.0,10.296839440012006,5.357615924451287,4.919640779712644,DIM,"Sangat terang, mudah terbakar",Proper hygenic practice observed
SKIN_HAND_0205,HAND,FAIR_2,243.0,213.0,194.0,11.031674335051193,6.189473728444592,6.4362463949954725,BRIGHT,"Terang, terbakar",Proper hygenic practice observed
SKIN_FACE_0015,FACE,FAIR_2,245.0,214.0,208.0,3.1050332366330893,1.9020934317150417,2.265639795904541,DIM,"Terang, terbakar",Clean visible skin detected
SKIN_FACE_0300,FACE,FAIR_2,240.0,217.0,196.0,3.551398432018528,3.3055230749394853,1.4663808291366522,NORMAL,"Terang, terbakar",Hand washing required
SKIN_HAND_0307,HAND,FAIR_1,251.0,220.0,211.0,7.256758754532443,8.492547633621298,5.760969087538905,BRIGHT,"Sangat terang, mudah terbakar",Proper hygenic practice observed
SKIN_HAND_0110,HAND,FAIR_3,222.0,202.0,200.0,8.351226115884195,7.514491404009849,5.434163426237106,BRIGHT,"Terang, sedikit tan",Clean visible skin detected
SKIN_HAND_0431,HAND,FAIR_3,222.0,201.0,197.0,3.58044029150651,5.8149919587628,4.438990297015466,BRIGHT,"Terang, sedikit tan",Proper hygenic practice observed
SKIN_HAND_0078,HAND,FAIR_1,243.0,228.0,202.0,9.371472974673292,6.880641812906532,6.81173478690451,NORMAL,"Sangat terang, mudah terbakar",Clean visible skin detected
SKIN_HAND_0085,HAND,FAIR_3,231.0,202.0,195.0,6.914287726650463,7.27922624993496,6.1750570503194835,BRIGHT,"Terang, sedikit tan",Proper hygenic practice observed
SKIN_HAND_0287,HAND,FAIR_1,247.0,229.0,207.0,6.752687638092739,5.5073121516037595,6.710577221347721,NORMAL,"Sangat terang, mudah terbakar",Hand washing required
SKIN_HAND_0083,HAND,FAIR_3,228.0,208.0,180.0,8.037322178980283,8.284733893391548,6.480937825221787,NORMAL,"Terang, sedikit tan",Gloves must be worn
SKIN_FACE_0492,FACE,FAIR_2,248.0,226.0,209.0,2.8636744801096476,3.1478281997540454,2.7520930673952746,NORMAL,"Terang, terbakar",Hand washing required
SKIN_FACE_0290,FACE,FAIR_1,248.0,225.0,201.0,3.00939380880657,2.135071833685639,2.5211087713682705,BRIGHT,"Sangat terang, mudah terbakar",Hand washing required
SKIN_FACE_0395,FACE,FAIR_1,255.0,238.0,203.0,2.831948547734533,1.746770197901923,1.6814049245290192,NORMAL,"Sangat terang, mudah terbakar",Hand washing required
SKIN_HAND_0399,HAND,FAIR_1,248.0,221.0,203.0,6.256101188140754,7.152943506553348,3.7391959878743273,NORMAL,"Sangat terang, mudah terbakar",Clean visible skin detected
SKIN_HAND_0324,HAND,FAIR_3,224.0,205.0,183.0,6.895412029957109,6.365099206993463,5.274923068839171,DIM,"Terang, sedikit tan",Clean visible skin detected
SKIN_FACE_0020,FACE,FAIR_3,239.0,206.0,184.0,3.3846643567328885,1.9753848310401123,2.2442996093826055,NORMAL,"Terang, sedikit tan",Hand washing required
SKIN_FACE_0417,FACE,FAIR_3,236.0,209.0,190.0,3.3898919030134844,2.741573639839945,2.190902056058724,BRIGHT,"Terang, sedikit tan",Gloves must be worn
SKIN_FACE_0423,FACE,FAIR_1,251.0,225.0,209.0,3.4541433279001668,1.9604660336485233,2.1765232286071488,DIM,"Sangat terang, mudah terbakar",Clean visible skin detected
SKIN_HAND_0006,HAND,FAIR_1,244.0,229.0,202.0,7.050539823859135,7.453571845266439,5.217963484878424,BRIGHT,"Sangat terang, mudah terbakar",Gloves must be worn
SKIN_FACE_0232,FACE,FAIR_1,255.0,239.0,215.0,3.7038743365938798,2.4116580792099898,2.063137031048217,DIM,"Sangat terang, mudah terbakar",Proper hygenic practice observed
SKIN_HAND_0466,HAND,FAIR_2,235.0,220.0,205.0,7.416560014420955,7.58875229557758,5.117548109549134,DIM,"Terang, terbakar",Gloves must be worn
SKIN_HAND_0098,HAND,FAIR_3,217.0,202.0,187.0,6.892822687115585,8.457156318715978,5.7785566445949295,BRIGHT,"Terang, sedikit tan",Clean visible skin detected
SKIN_HAND_0267,HAND,FAIR_1,247.0,225.0,205.0,6.245054695874213,7.797543059216368,6.448796487816484,BRIGHT,"Sangat terang, mudah terbakar",Proper hygenic practice observed
SKIN_HAND_0358,HAND,FAIR_2,231.0,218.0,192.0,7.46574252054862,7.114407525620414,5.843817693964359,DIM,"Terang, terbakar",Hand washing required
SKIN_FACE_0369,FACE,FAIR_3,237.0,208.0,198.0,2.8393077736073526,2.31755233211823,2.0673852990037096,BRIGHT,"Terang, sedikit tan",Proper hygenic practice observed
SKIN_FACE_0299,FACE,FAIR_2,251.0,219.0,210.0,3.3417306554125954,2.733434218304855,2.2796729764583548,BRIGHT,"Terang, terbakar",Hand washing required
SKIN_HAND_0381,HAND,FAIR_2,241.0,219.0,195.0,5.28405508331873,6.14577267894136,5.453289906212632,NORMAL,"Terang, terbakar",Clean visible skin detected
SKIN_FACE_0132,FACE,FAIR_3,240.0,209.0,187.0,3.6140640973712705,3.1741677154400603,1.9167985118585482,BRIGHT,"Terang, sedikit tan",Gloves must be worn
SKIN_HAND_0382,HAND,FAIR_1,239.0,223.0,215.0,6.528575583584447,8.45196087989153,5.36550477639398,NORMAL,"Sangat terang, mudah terbakar",Clean visible skin detected
SKIN_HAND_0491,HAND,FAIR_2,231.0,224.0,190.0,7.97438126788208,6.892473922902244,5.9709984168667605,BRIGHT,"Terang, terbakar",Gloves must be worn
SKIN_HAND_0119,HAND,FAIR_3,220.0,214.0,196.0,8.136513902704342,6.699866122310592,6.133041023627992,DIM,"Terang, sedikit tan",Gloves must be worn
SKIN_FACE_0401,FACE,FAIR_2,236.0,219.0,190.0,3.2356676580962325,3.5189637971036376,2.9096205246334588,DIM,"Terang, terbakar",Clean visible skin detected
SKIN_HAND_0251,HAND,FAIR_2,230.0,214.0,192.0,6.410488269832851,7.336199402983776,5.427572354397993,NORMAL,"Terang, terbakar",Gloves must be worn
SKIN_FACE_0024,FACE,FAIR_2,239.0,220.0,204.0,4.10769902959985,2.296167989327341,2.7715839062413856,NORMAL,"Terang, terbakar",Hand washing required
SKIN_HAND_0010,HAND,FAIR_2,241.0,214.0,198.0,7.068715849628325,6.827202067704016,6.826824115566915,BRIGHT,"Terang, terbakar",Proper hygenic practice observed
SKIN_HAND_0197,HAND,FAIR_1,250.0,224.0,207.0,6.126932434974467,6.1162137208065115,6.113685924312552,BRIGHT,"Sangat terang, mudah terbakar",Hand washing required
SKIN_FACE_0104,FACE,FAIR_3,237.0,211.0,189.0,2.885371009093222,1.8487097644486656,1.453701006033401,NORMAL,"Terang, sedikit tan",Gloves must be worn
SKIN_HAND_0082,HAND,FAIR_3,226.0,208.0,196.0,8.400311376179975,6.390769987585221,5.81276979338496,NORMAL,"Terang, sedikit tan",Proper hygenic practice observed
SKIN_FACE_0284,FACE,FAIR_2,244.0,217.0,206.0,3.1314448976598634,2.156333280921353,2.715953935612201,DIM,"Terang, terbakar",Hand washing required
SKIN_FACE_0088,FACE,FAIR_2,252.0,213.0,194.0,2.785498560083942,2.940087593938258,1.9406243595337074,NORMAL,"Terang, terbakar",Gloves must be worn
SKIN_FACE_0298,FACE,FAIR_1,255.0,226.0,200.0,3.8685796661782295,2.8104336027418513,2.2441313642494,NORMAL,"Sangat terang, mudah terbakar",Hand washing required
SKIN_HAND_0240,HAND,FAIR_3,231.0,205.0,183.0,7.6232279046954545,6.066119393835581,5.7093344344480865,DIM,"Terang, sedikit tan",Gloves must be worn
SKIN_HAND_0291,HAND,FAIR_3,219.0,213.0,199.0,8.125650241507882,6.471806420175265,6.879194815234269,DIM,"Terang, sedikit tan",Proper hygenic practice observed
SKIN_HAND_0212,HAND,FAIR_2,226.0,218.0,210.0,8.67744480821362,6.673966421893667,5.531801489041579,NORMAL,"Terang, terbakar",Proper hygenic practice observed
SKIN_FACE_0218,FACE,FAIR_2,241.0,214.0,200.0,3.7513893758754815,2.3322491736610473,2.7781602396213456,DIM,"Terang, terbakar",Hand washing required
SKIN_HAND_0360,HAND,FAIR_3,221.0,200.0,187.0,7.427496445075779,4.9398808478873955,4.594800839652106,DIM,"Terang, sedikit tan",Gloves must be worn
SKIN_HAND_0450,HAND,FAIR_3,223.0,212.0,186.0,10.157538363782784,5.590757794970994,5.4714675381081594,NORMAL,"Terang, sedikit tan",Gloves must be worn
SKIN_HAND_0228,HAND,FAIR_3,231.0,207.0,187.0,8.142371811021922,7.149237909496949,5.451448987035331,BRIGHT,"Terang, sedikit tan",Clean visible skin detected
SKIN_FACE_0451,FACE,FAIR_1,255.0,236.0,214.0,3.8189056721309402,2.41286483256039,2.0939137040011877,NORMAL,"Sangat terang, mudah terbakar",Gloves must be worn
SKIN_FACE_0447,FACE,FAIR_1,250.0,223.0,204.0,3.1004547704322483,2.7804280108487105,2.576293651697688,DIM,"Sangat terang, mudah terbakar",Clean visible skin detected
SKIN_FACE_0297,FACE,FAIR_2,234.0,227.0,197.0,2.965095454138156,2.174773373559151,2.30511842873825,BRIGHT,"Terang, terbakar",Proper hygenic practice observed
SKIN_FACE_0002,FACE,FAIR_1,249.0,237.0,209.0,3.803491060887717,1.8709523743024732,2.3968576158253283,DIM,"Sangat terang, mudah terbakar",Proper hygenic practice observed
SKIN_HAND_0465,HAND,FAIR_1,245.0,231.0,204.0,8.153941025739549,7.076553837729061,6.696237613397072,NORMAL,"Sangat terang, mudah terbakar",Clean visible skin detected
SKIN_HAND_0363,HAND,FAIR_2,235.0,219.0,196.0,6.9155711014590375,6.7195991724769195,7.27931859152528,DIM,"Terang, terbakar",Proper hygenic practice observed
SKIN_HAND_0469,HAND,FAIR_2,235.0,218.0,195.0,7.723322015202709,7.589758103543465,6.508642606564073,NORMAL,"Terang, terbakar",Proper hygenic practice observed
SKIN_FACE_0436,FACE,FAIR_3,235.0,205.0,196.0,3.1663810386433746,3.0563643996399894,2.202168247588102,NORMAL,"Terang, sedikit tan",Proper hygenic practice observed
SKIN_HAND_0429,HAND,FAIR_2,235.0,219.0,205.0,9.139743535504918,7.709899908389482,6.3650566099495105,NORMAL,"Terang, terbakar",Hand washing required
SKIN_HAND_0008,HAND,FAIR_1,248.0,232.0,208.0,8.538939281509132,6.968012837985572,6.495463130632039,NORMAL,"Sangat terang, mudah terbakar",Hand washing required
SKIN_HAND_0156,HAND,FAIR_1,249.0,231.0,200.0,7.420234682011499,7.915326144486702,6.110237657142991,NORMAL,"Sangat terang, mudah terbakar",Proper hygenic practice observed
SKIN_FACE_0042,FACE,FAIR_2,246.0,222.0,204.0,1.8086910752086645,1.6795897201671632,2.4445209971880573,NORMAL,"Terang, terbakar",Proper hygenic practice observed
SKIN_HAND_0441,HAND,FAIR_1,239.0,228.0,205.0,9.367496051310848,6.449156460891339,5.657114821678419,DIM,"Sangat terang, mudah terbakar",Gloves must be worn
SKIN_HAND_0483,HAND,FAIR_2,232.0,224.0,194.0,8.516548059249256,8.009951425946205,5.027059057779646,DIM,"Terang, terbakar",Proper hygenic practice observed
SKIN_HAND_0423,HAND,FAIR_1,242.0,223.0,201.0,6.722005760045799,6.358382416443197,5.477470880489383,NORMAL,"Sangat terang, mudah terbakar",Gloves must be worn
SKIN_FACE_0279,FACE,FAIR_2,241.0,213.0,193.0,3.799168487675415,2.4885628114614082,2.21423181205849,BRIGHT,"Terang, terbakar",Gloves must be worn
SKIN_FACE_0450,FACE,FAIR_3,224.0,210.0,183.0,3.788211363598575,2.7937678783622406,2.1305762831090704,NORMAL,"Terang, sedikit tan",Hand washing required
SKIN_HAND_0335,HAND,FAIR_2,236.0,222.0,193.0,8.179843129182927,5.52502237844996,5.829615751723351,BRIGHT,"Terang, terbakar",Clean visible skin detected
SKIN_FACE_0077,FACE,FAIR_1,253.0,233.0,209.0,4.428752794368309,2.1244534642980772,2.0214332915776163,NORMAL,"Sangat terang, mudah terbakar",Clean visible skin detected
SKIN_FACE_0435,FACE,FAIR_2,244.0,226.0,194.0,2.7442139614163077,2.5934549386214294,2.1202679418302597,NORMAL,"Terang, terbakar",Clean visible skin detected
SKIN_FACE_0068,FACE,FAIR_1,255.0,236.0,205.0,3.0897703286642506,2.3777389830206306,1.968896351260585,NORMAL,"Sangat terang, mudah terbakar",Clean visible skin detected
SKIN_FACE_0095,FACE,FAIR_2,242.0,218.0,206.0,3.1661235342926837,2.767232522506402,2.349849532837625,BRIGHT,"Terang, terbakar",Clean visible skin detected
SKIN_FACE_0031,FACE,FAIR_3,234.0,215.0,187.0,2.735163602316844,2.892901169015879,1.8554541160811147,NORMAL,"Terang, sedikit tan",Hand washing required
SKIN_FACE_0082,FACE,FAIR_3,240.0,209.0,194.0,3.445576037941599,2.1822079309961917,2.05948328034891,BRIGHT,"Terang, sedikit tan",Hand washing required
SKIN_FACE_0208,FACE,FAIR_3,236.0,209.0,182.0,2.343647758315463,3.794974628373814,2.4975347667741263,BRIGHT,"Terang, sedikit tan",Gloves must be worn
SKIN_HAND_0449,HAND,FAIR_3,228.0,213.0,191.0,8.781463184839609,7.999888510389234,5.76411974859525,BRIGHT,"Terang, sedikit tan",Gloves must be worn
SKIN_HAND_0454,HAND,FAIR_3,215.0,212.0,192.0,8.293150321247799,6.343211487035634,5.2536499581382,DIM,"Terang, sedikit tan",Clean visible skin detected
SKIN_HAND_0229,HAND,FAIR_3,227.0,213.0,197.0,8.395767972810537,7.356708663657372,6.133527295355261,BRIGHT,"Terang, sedikit tan",Gloves must be worn
SKIN_HAND_0353,HAND,FAIR_2,229.0,217.0,194.0,9.081432111931697,6.625494658887054,6.090696739854013,BRIGHT,"Terang, terbakar",Clean visible skin detected
SKIN_FACE_0229,FACE,FAIR_2,249.0,228.0,199.0,2.6384741826117626,1.5036012925049413,1.872240487255837,NORMAL,"Terang, terbakar",Hand washing required
SKIN_HAND_0213,HAND,FAIR_2,231.0,222.0,206.0,7.172556090641345,5.472309141359392,6.5131279992252855,NORMAL,"Terang, terbakar",Hand washing required
SKIN_HAND_0080,HAND,FAIR_2,230.0,223.0,193.0,6.536968008718404,6.889531570949283,6.2487461567950024,BRIGHT,"Terang, terbakar",Hand washing required
SKIN_HAND_0149,HAND,FAIR_3,229.0,211.0,180.0,6.734008679060141,9.091215709325349,5.0567453392276445,NORMAL,"Terang, sedikit tan",Hand washing required
SKIN_HAND_0303,HAND,FAIR_2,229.0,218.0,193.0,7.527373063300304,6.360142724412208,5.7966780425585345,NORMAL,"Terang, terbakar",Hand washing required
SKIN_FACE_0129,FACE,FAIR_1,254.0,238.0,200.0,3.623315727613264,2.4207681048788725,2.612538221712237,BRIGHT,"Sangat terang, mudah terbakar",Hand washing required
SKIN_FACE_0278,FACE,FAIR_3,225.0,203.0,194.0,2.2261535763811238,3.1784260988076407,2.13205811444219,DIM,"Terang, sedikit tan",Gloves must be worn
SKIN_FACE_0007,FACE,FAIR_3,227.0,214.0,197.0,3.257078058910842,2.53335114066326,1.835772477485054,DIM,"Terang, sedikit tan",Clean visible skin detected
SKIN_HAND_0343,HAND,FAIR_1,246.0,221.0,204.0,8.74559603237639,7.270759254138939,3.745922753523419,DIM,"Sangat terang, mudah terbakar",Hand washing required
SKIN_HAND_0486,HAND,FAIR_3,233.0,215.0,189.0,6.900445891630043,6.978031519811216,4.376330100830538,DIM,"Terang, sedikit tan",Hand washing required
SKIN_FACE_0212,FACE,FAIR_2,244.0,221.0,209.0,2.378255444269101,2.4238634147914855,2.2943208960944785,DIM,"Terang, terbakar",Proper hygenic practice observed
SKIN_HAND_0134,HAND,FAIR_1,237.0,235.0,213.0,5.772385769995138,7.648850544174494,6.5157728960654,NORMAL,"Sangat terang, mudah terbakar",Gloves must be worn
SKIN_FACE_0204,FACE,FAIR_1,249.0,232.0,205.0,3.45614572688499,3.3084208434711178,2.2432805396959408,BRIGHT,"Sangat terang, mudah terbakar",Proper hygenic practice observed
SKIN_HAND_0312,HAND,FAIR_2,236.0,220.0,204.0,7.603341027172353,7.0464639496200485,7.707999417911436,NORMAL,"Terang, terbakar",Clean visible skin detected
SKIN_FACE_0223,FACE,FAIR_1,254.0,238.0,207.0,2.346557912072361,2.576894154346441,2.5884120218507674,NORMAL,"Sangat terang, mudah terbakar",Proper hygenic practice observed
SKIN_FACE_0130,FACE,FAIR_3,229.0,213.0,181.0,3.3290175247239118,2.884876741647511,2.0744463889892684,BRIGHT,"Terang, sedikit tan",Proper hygenic practice observed
SKIN_HAND_0001,HAND,FAIR_3,220.0,200.0,188.0,8.128318807870059,8.410071094463357,5.049559022853413,NORMAL,"Terang, sedikit tan",Proper hygenic practice observed
SKIN_HAND_0317,HAND,FAIR_1,242.0,224.0,206.0,6.623908924015986,7.8146747268851575,5.150431911958252,BRIGHT,"Sangat terang, mudah terbakar",Clean visible skin detected
SKIN_FACE_0207,FACE,FAIR_1,254.0,238.0,202.0,3.5550971774125144,3.028113430672805,1.9864178451110879,DIM,"Sangat terang, mudah terbakar",Proper hygenic practice observed
SKIN_FACE_0048,FACE,FAIR_1,247.0,223.0,211.0,2.6763022821526254,3.1501399425841132,1.7286273756974457,DIM,"Sangat terang, mudah terbakar",Gloves must be worn
SKIN_FACE_0373,FACE,FAIR_1,255.0,229.0,215.0,2.9292499066523554,2.532878280285582,1.8353170452685963,DIM,"Sangat terang, mudah terbakar",Clean visible skin detected
SKIN_FACE_0033,FACE,FAIR_2,237.0,215.0,195.0,3.0533592356306194,1.8573385596116658,2.501715084130599,BRIGHT,"Terang, terbakar",Gloves must be worn
SKIN_HAND_0478,HAND,FAIR_2,234.0,218.0,209.0,8.1092101467673,6.655577207018806,6.660269818219236,BRIGHT,"Terang, terbakar",Proper hygenic practice observed
SKIN_HAND_0405,HAND,FAIR_3,223.0,213.0,180.0,8.721793486377146,7.407296755013431,6.058063618586237,BRIGHT,"Terang, sedikit tan",Hand washing required
SKIN_HAND_0173,HAND,FAIR_2,238.0,218.0,197.0,8.559790209236679,6.90401053430582,4.040802151091905,NORMAL,"Terang, terbakar",Gloves must be worn
SKIN_HAND_0126,HAND,FAIR_3,223.0,211.0,183.0,9.042832433253983,6.220802260658871,5.778403749765523,BRIGHT,"Terang, sedikit tan",Hand washing required
SKIN_HAND_0395,HAND,FAIR_3,222.0,214.0,190.0,8.807211094876173,5.160624477795545,6.201360288624347,DIM,"Terang, sedikit tan",Proper hygenic practice observed
SKIN_HAND_0421,HAND,FAIR_2,234.0,212.0,199.0,6.160925820521355,8.060019569775152,6.257738939940842,NORMAL,"Terang, terbakar",Hand washing required
SKIN_FACE_0053,FACE,FAIR_2,247.0,221.0,206.0,3.9428443695327324,2.394831287895629,1.5536195523063192,BRIGHT,"Terang, terbakar",Proper hygenic practice observed
SKIN_FACE_0404,FACE,FAIR_2,249.0,220.0,198.0,2.177899675496486,2.6512499773415805,1.6826135189118654,NORMAL,"Terang, terbakar",Gloves must be worn
SKIN_HAND_0091,HAND,FAIR_1,251.0,224.0,212.0,9.060879993294247,6.238313189699331,6.960336526016103,BRIGHT,"Sangat terang, mudah terbakar",Proper hygenic practice observed
SKIN_FACE_0440,FACE,FAIR_2,238.0,221.0,205.0,3.9208443723338524,2.993450303979539,1.614805556646343,NORMAL,"Terang, terbakar",Clean visible skin detected
SKIN_HAND_0182,HAND,FAIR_3,219.0,204.0,185.0,8.521488653246601,6.549878979387821,4.727915836780365,DIM,"Terang, sedikit tan",Clean visible skin detected
SKIN_HAND_0275,HAND,FAIR_1,238.0,220.0,207.0,8.638442573559775,6.9455876611408645,5.464691183301035,DIM,"Sangat terang, mudah terbakar",Proper hygenic practice observed
SKIN_FACE_0396,FACE,FAIR_2,249.0,219.0,201.0,2.9388871092197695,2.441532258387603,2.230274666460908,NORMAL,"Terang, terbakar",Hand washing required
SKIN_HAND_0070,HAND,FAIR_1,237.0,229.0,207.0,6.189848886004915,6.4941714448388455,5.161186416313466,DIM,"Sangat terang, mudah terbakar",Gloves must be worn
SKIN_HAND_0292,HAND,FAIR_2,240.0,220.0,194.0,8.983364719528664,6.729250217293666,6.130832084182606,DIM,"Terang, terbakar",Gloves must be worn
SKIN_HAND_0132,HAND,FAIR_3,221.0,211.0,193.0,7.9166265181892275,6.487593059840259,6.978970905626795,BRIGHT,"Terang, sedikit tan",Gloves must be worn
SKIN_HAND_0301,HAND,FAIR_1,249.0,224.0,208.0,7.8393249634792435,6.558095860876223,6.0238428956164025,NORMAL,"Sangat terang, mudah terbakar",Gloves must be worn
SKIN_HAND_0425,HAND,FAIR_1,237.0,234.0,202.0,7.369277281397044,6.130400222990576,6.142125440610866,BRIGHT,"Sangat terang, mudah terbakar",Gloves must be worn
SKIN_HAND_0327,HAND,FAIR_1,253.0,221.0,202.0,7.891890492671109,7.498575163302747,5.770824200829743,DIM,"Sangat terang, mudah terbakar",Hand washing required
SKIN_HAND_0145,HAND,FAIR_3,220.0,201.0,187.0,9.2599639592337,6.731020200346052,5.2130740091775305,BRIGHT,"Terang, sedikit tan",Proper hygenic practice observed
SKIN_HAND_0424,HAND,FAIR_1,250.0,224.0,205.0,7.65108094186213,7.146326838215463,7.292515633395216,NORMAL,"Sangat terang, mudah terbakar",Clean visible skin detected
SKIN_FACE_0081,FACE,FAIR_1,244.0,226.0,200.0,2.309021245264568,1.5630476885670554,2.3429241071602998,BRIGHT,"Sangat terang, mudah terbakar",Proper hygenic practice observed
SKIN_HAND_0136,HAND,FAIR_2,229.0,222.0,190.0,8.972474930381848,7.944872735383841,7.513477871872066,BRIGHT,"Terang, terbakar",Gloves must be worn
SKIN_HAND_0451,HAND,FAIR_3,229.0,208.0,189.0,6.751621575414795,8.09678599057699,5.659742802226393,DIM,"Terang, sedikit tan",Clean visible skin detected
SKIN_HAND_0165,HAND,FAIR_2,234.0,211.0,196.0,7.385833466025464,7.589446989432507,4.619973560258791,BRIGHT,"Terang, terbakar",Gloves must be worn
SKIN_HAND_0029,HAND,FAIR_2,232.0,220.0,197.0,6.379417070650415,7.708937659162374,5.58448034683135,NORMAL,"Terang, terbakar",Clean visible skin detected
SKIN_FACE_0274,FACE,FAIR_3,236.0,202.0,185.0,3.5818126598748696,2.5431121092935496,2.581073555656216,NORMAL,"Terang, sedikit tan",Hand washing required
SKIN_HAND_0194,HAND,FAIR_2,234.0,215.0,202.0,8.017779875905614,6.743449581619842,5.126874494531139,BRIGHT,"Terang, terbakar",Proper hygenic practice observed
SKIN_HAND_0389,HAND,FAIR_1,240.0,228.0,210.0,7.29133276602785,5.355602603043716,5.915290404546957,DIM,"Sangat terang, mudah terbakar",Hand washing required
SKIN_FACE_0353,FACE,FAIR_2,236.0,220.0,203.0,3.1908176765088836,3.1241071125702473,2.7742964771286296,BRIGHT,"Terang, terbakar",Gloves must be worn
SKIN_HAND_0170,HAND,FAIR_3,229.0,213.0,188.0,8.925759576094094,8.06917483653135,6.317672340796553,BRIGHT,"Terang, sedikit tan",Hand washing required
SKIN_FACE_0206,FACE,FAIR_3,232.0,215.0,185.0,3.3707635831085407,4.0443035318623135,2.396572150616788,NORMAL,"Terang, sedikit tan",Proper hygenic practice observed
SKIN_HAND_0141,HAND,FAIR_3,228.0,204.0,194.0,6.136860502059688,7.0741340703907145,6.107199811793838,BRIGHT,"Terang, sedikit tan",Clean visible skin detected
SKIN_HAND_0174,HAND,FAIR_2,240.0,216.0,209.0,7.5045571958846855,5.54818503201753,3.0732834960630164,NORMAL,"Terang, terbakar",Clean visible skin detected
SKIN_HAND_0007,HAND,FAIR_1,247.0,231.0,206.0,7.257317961146315,5.352019068843711,6.823377469936567,DIM,"Sangat terang, mudah terbakar",Hand washing required
SKIN_FACE_0246,FACE,FAIR_1,255.0,225.0,200.0,2.568360372877454,3.0745334892249963,2.3766356845311085,NORMAL,"Sangat terang, mudah terbakar",Proper hygenic practice observed
SKIN_HAND_0479,HAND,FAIR_2,232.0,215.0,190.0,7.5539486882893785,5.341401475009282,6.956595651396755,NORMAL,"Terang, terbakar",Hand washing required
SKIN_HAND_0074,HAND,FAIR_3,222.0,215.0,183.0,7.595474566365478,5.7938946590477105,5.3958343294382285,BRIGHT,"Terang, sedikit tan",Gloves must be worn
SKIN_FACE_0411,FACE,FAIR_1,247.0,225.0,200.0,3.144543199241195,2.768816752710122,2.1476398695718344,BRIGHT,"Sangat terang, mudah terbakar",Proper hygenic practice observed
SKIN_FACE_0314,FACE,FAIR_3,239.0,207.0,194.0,2.6979462200245914,2.2367669198153393,2.5719854001217506,NORMAL,"Terang, sedikit tan",Gloves must be worn
SKIN_HAND_0239,HAND,FAIR_3,229.0,200.0,180.0,7.624373638777543,6.750769652330709,5.169697515727064,BRIGHT,"Terang, sedikit tan",Clean visible skin detected
SKIN_HAND_0146,HAND,FAIR_2,236.0,211.0,210.0,7.0734901640837275,7.207920338341509,5.9434436750224195,DIM,"Terang, terbakar",Proper hygenic practice observed
SKIN_FACE_0293,FACE,FAIR_3,234.0,215.0,193.0,3.32795473783964,2.9503806339293583,2.401109576060009,DIM,"Terang, sedikit tan",Proper hygenic practice observed
SKIN_HAND_0235,HAND,FAIR_1,245.0,233.0,209.0,8.087781627088972,7.48210352889561,5.256037818222056,DIM,"Sangat terang, mudah terbakar",Gloves must be worn
SKIN_HAND_0221,HAND,FAIR_3,225.0,203.0,185.0,7.30981100620249,7.124915385388847,7.304655796424034,NORMAL,"Terang, sedikit tan",Gloves must be worn
SKIN_FACE_0424,FACE,FAIR_1,255.0,235.0,212.0,2.597046271305742,2.7113541543870987,2.232737551988778,DIM,"Sangat terang, mudah terbakar",Hand washing required
SKIN_FACE_0001,FACE,FAIR_3,240.0,211.0,197.0,2.5135149582386274,2.4451465917085646,1.9991867254537234,DIM,"Terang, sedikit tan",Hand washing required
SKIN_HAND_0133,HAND,FAIR_1,245.0,232.0,201.0,8.61722403098675,9.112763662912608,5.947940352226633,BRIGHT,"Sangat terang, mudah terbakar",Gloves must be worn
SKIN_FACE_0491,FACE,FAIR_2,244.0,227.0,195.0,3.575698658282172,2.719974546391549,1.7016944341766607,NORMAL,"Terang, terbakar",Clean visible skin detected
SKIN_FACE_0275,FACE,FAIR_3,235.0,216.0,186.0,4.278927090386627,1.8965407310241449,1.4626663303234193,DIM,"Terang, sedikit tan",Proper hygenic practice observed
SKIN_HAND_0186,HAND,FAIR_1,248.0,223.0,210.0,6.995309078636806,6.028451139030258,5.931985195385987,NORMAL,"Sangat terang, mudah terbakar",Hand washing required
SKIN_HAND_0042,HAND,FAIR_3,228.0,211.0,190.0,6.131898016288337,5.8598800094561945,5.2074105438873834,BRIGHT,"Terang, sedikit tan",Hand washing required
SKIN_FACE_0197,FACE,FAIR_1,255.0,230.0,209.0,2.8510740575608136,3.6467996304445793,2.429876414754508,BRIGHT,"Sangat terang, mudah terbakar",Proper hygenic practice observed
SKIN_HAND_0109,HAND,FAIR_2,236.0,218.0,208.0,9.052046840572222,4.667407913613788,6.253730605893646,NORMAL,"Terang, terbakar",Gloves must be worn
SKIN_FACE_0089,FACE,FAIR_2,245.0,212.0,193.0,4.030731310605381,2.2614700911377907,1.992330595072382,NORMAL,"Terang, terbakar",Gloves must be worn
SKIN_HAND_0057,HAND,FAIR_2,232.0,218.0,203.0,8.86819385874898,6.964161218620577,5.449316545619426,NORMAL,"Terang, terbakar",Proper hygenic practice observed
SKIN_HAND_0406,HAND,FAIR_2,234.0,214.0,191.0,7.934069534507449,7.155772162744128,6.757191318963966,BRIGHT,"Terang, terbakar",Proper hygenic practice observed
SKIN_HAND_0443,HAND,FAIR_3,221.0,208.0,185.0,9.228174099336009,6.1684323972416015,6.50804363894062,NORMAL,"Terang, sedikit tan",Clean visible skin detected
SKIN_FACE_0258,FACE,FAIR_1,255.0,231.0,201.0,2.9573342357158863,3.01498534149134,2.42999367526553,BRIGHT,"Sangat terang, mudah terbakar",Gloves must be worn
SKIN_FACE_0498,FACE,FAIR_3,240.0,212.0,199.0,3.3426304513160274,2.501928582564149,2.317721849534537,BRIGHT,"Terang, sedikit tan",Proper hygenic practice observed
SKIN_HAND_0025,HAND,FAIR_1,248.0,220.0,212.0,9.684089409539055,6.018780298282552,5.528581637185723,DIM,"Sangat terang, mudah terbakar",Proper hygenic practice observed
SKIN_HAND_0468,HAND,FAIR_2,231.0,224.0,200.0,7.44074973526814,7.486108105047917,5.840839328297359,DIM,"Terang, terbakar",Clean visible skin detected
SKIN_FACE_0040,FACE,FAIR_1,254.0,237.0,212.0,2.4369345758473266,2.1914566144461114,2.300794609085543,DIM,"Sangat terang, mudah terbakar",Clean visible skin detected
SKIN_FACE_0032,FACE,FAIR_3,229.0,208.0,184.0,2.7971921668358743,1.709259860834175,2.5725745030809235,NORMAL,"Terang, sedikit tan",Hand washing required
SKIN_FACE_0119,FACE,FAIR_2,243.0,225.0,191.0,3.5323813678836316,2.5585652734486812,2.30192209967537,NORMAL,"Terang, terbakar",Clean visible skin detected
SKIN_FACE_0195,FACE,FAIR_2,248.0,220.0,190.0,3.6805615871403963,2.0816872030087,2.7709308422088395,DIM,"Terang, terbakar",Hand washing required
SKIN_FACE_0427,FACE,FAIR_1,250.0,223.0,211.0,2.5445348396039926,3.7793541641834896,2.4336233229155786,NORMAL,"Sangat terang, mudah terbakar",Proper hygenic practice observed
SKIN_HAND_0339,HAND,FAIR_3,227.0,209.0,187.0,9.287464579004805,7.199618730025655,6.047193942188934,BRIGHT,"Terang, sedikit tan",Clean visible skin detected
SKIN_HAND_0052,HAND,FAIR_3,229.0,205.0,195.0,7.677302942042258,6.756498147144783,6.401929986924844,DIM,"Terang, sedikit tan",Gloves must be worn
SKIN_FACE_0008,FACE,FAIR_2,235.0,217.0,206.0,2.7064120954294557,2.6043156977154047,1.71329613943296,NORMAL,"Terang, terbakar",Hand washing required
SKIN_FACE_0017,FACE,FAIR_2,250.0,214.0,197.0,2.6343651814001623,2.1728218072624643,2.659721872758936,BRIGHT,"Terang, terbakar",Hand washing required
SKIN_FACE_0421,FACE,FAIR_2,249.0,217.0,207.0,3.633654473971564,3.074473597089711,1.998542967812042,DIM,"Terang, terbakar",Gloves must be worn
SKIN_FACE_0282,FACE,FAIR_1,249.0,224.0,204.0,2.306109678068712,3.2923755669975625,1.76056555763952,BRIGHT,"Sangat terang, mudah terbakar",Hand washing required
SKIN_HAND_0265,HAND,FAIR_2,240.0,213.0,204.0,7.374532835042966,7.567068847749957,5.94605900755754,BRIGHT,"Terang, terbakar",Clean visible skin detected
SKIN_FACE_0318,FACE,FAIR_1,250.0,229.0,201.0,2.921816352025147,3.028361446824707,2.2447223361056765,BRIGHT,"Sangat terang, mudah terbakar",Gloves must be worn
SKIN_FACE_0211,FACE,FAIR_2,246.0,217.0,198.0,3.501856428312273,2.7716473563691166,2.7254349920502614,DIM,"Terang, terbakar",Gloves must be worn
SKIN_FACE_0183,FACE,FAIR_3,226.0,214.0,188.0,2.702870106092304,2.9042247888480195,2.8604869060254736,DIM,"Terang, sedikit tan",Gloves must be worn
SKIN_FACE_0333,FACE,FAIR_1,246.0,229.0,205.0,2.1000601948883135,2.627860133407442,1.9523617213191078,DIM,"Sangat terang, mudah terbakar",Hand washing required
SKIN_FACE_0019,FACE,FAIR_2,243.0,225.0,194.0,3.878354692075289,3.022651303395472,2.5845480679849393,NORMAL,"Terang, terbakar",Proper hygenic practice observed
SKIN_HAND_0448,HAND,FAIR_2,230.0,210.0,190.0,7.041673346609108,5.600951126947381,5.663230211617519,BRIGHT,"Terang, terbakar",Hand washing required
SKIN_HAND_0019,HAND,FAIR_1,236.0,230.0,200.0,6.291876697078263,6.3571319540265225,7.053703290609853,NORMAL,"Sangat terang, mudah terbakar",Hand washing required
SKIN_FACE_0216,FACE,FAIR_3,223.0,207.0,193.0,2.506611021957096,2.786012456562787,1.6026663301385193,BRIGHT,"Terang, sedikit tan",Clean visible skin detected
SKIN_HAND_0484,HAND,FAIR_3,223.0,211.0,195.0,6.548952575476559,6.862036044548516,6.142968647463805,BRIGHT,"Terang, sedikit tan",Gloves must be worn
SKIN_FACE_0069,FACE,FAIR_2,237.0,216.0,204.0,2.8803966104684835,3.3678814313322327,2.246664576573016,NORMAL,"Terang, terbakar",Hand washing required
SKIN_HAND_0434,HAND,FAIR_2,228.0,217.0,205.0,7.2422038451641715,7.686414597207252,6.09561902214014,NORMAL,"Terang, terbakar",Hand washing required
SKIN_HAND_0368,HAND,FAIR_3,224.0,214.0,183.0,9.000312642130066,8.138677653251868,6.175536059177678,DIM,"Terang, sedikit tan",Clean visible skin detected
SKIN_HAND_0084,HAND,FAIR_3,215.0,205.0,195.0,6.57346349951718,5.508659136388692,4.34936162324765,NORMAL,"Terang, sedikit tan",Proper hygenic practice observed
SKIN_HAND_0062,HAND,FAIR_3,222.0,211.0,185.0,6.447654536759673,5.502731646902566,4.971253582360218,NORMAL,"Terang, sedikit tan",Hand washing required
SKIN_FACE_0139,FACE,FAIR_3,233.0,207.0,185.0,3.2132056986263615,2.8445336280319338,2.1154422660130545,BRIGHT,"Terang, sedikit tan",Gloves must be worn
SKIN_HAND_0273,HAND,FAIR_3,222.0,215.0,189.0,8.68751767999165,8.572886921840192,4.627739397079396,NORMAL,"Terang, sedikit tan",Proper hygenic practice observed
SKIN_HAND_0286,HAND,FAIR_1,244.0,222.0,211.0,7.728858874811518,8.084154414743395,6.385295337128914,DIM,"Sangat terang, mudah terbakar",Hand washing required
SKIN_HAND_0361,HAND,FAIR_2,238.0,221.0,204.0,8.001968906448447,7.631360777070256,4.6910367060856375,DIM,"Terang, terbakar",Clean visible skin detected
SKIN_HAND_0355,HAND,FAIR_1,243.0,232.0,204.0,8.011193101723771,6.633336057367137,6.332602171919792,NORMAL,"Sangat terang, mudah terbakar",Hand washing required
SKIN_HAND_0457,HAND,FAIR_2,235.0,222.0,202.0,7.8648679588253865,6.967479857690072,5.28447967971101,DIM,"Terang, terbakar",Gloves must be worn
SKIN_HAND_0279,HAND,FAIR_1,235.0,231.0,208.0,6.770092517382222,6.586701857998312,5.611759214039685,BRIGHT,"Sangat terang, mudah terbakar",Clean visible skin detected
SKIN_HAND_0013,HAND,FAIR_3,219.0,208.0,200.0,8.779649395937673,7.488883864266003,3.8993019415270416,DIM,"Terang, sedikit tan",Gloves must be worn
SKIN_HAND_0183,HAND,FAIR_1,239.0,221.0,208.0,7.932492718896285,5.767755535134995,5.196715775897384,DIM,"Sangat terang, mudah terbakar",Gloves must be worn
SKIN_HAND_0369,HAND,FAIR_2,230.0,213.0,202.0,7.680305505983874,7.118130937128792,6.064908664106969,NORMAL,"Terang, terbakar",Gloves must be worn
SKIN_FACE_0382,FACE,FAIR_3,228.0,217.0,200.0,2.9902602268858227,2.334350785739656,1.8792001939689065,NORMAL,"Terang, sedikit tan",Clean visible skin detected
SKIN_FACE_0116,FACE,FAIR_3,240.0,205.0,200.0,2.8874967721119753,2.1426954985525084,2.44955243201465,NORMAL,"Terang, sedikit tan",Clean visible skin detected
SKIN_HAND_0224,HAND,FAIR_3,218.0,212.0,194.0,8.391671964165695,5.17631370791584,5.468575327003972,NORMAL,"Terang, sedikit tan",Hand washing required
SKIN_FACE_0073,FACE,FAIR_3,233.0,206.0,195.0,2.6062523841545735,3.4719850561412615,1.6107526089440265,BRIGHT,"Terang, sedikit tan",Gloves must be worn
SKIN_FACE_0471,FACE,FAIR_2,242.0,216.0,192.0,3.162929293993432,2.9041230066391024,2.5075550363672194,BRIGHT,"Terang, terbakar",Hand washing required
SKIN_FACE_0154,FACE,FAIR_2,240.0,215.0,198.0,3.389274250346024,1.8834147461464148,1.4472024388936906,NORMAL,"Terang, terbakar",Gloves must be worn
SKIN_FACE_0046,FACE,FAIR_2,248.0,229.0,207.0,4.001088438309848,2.750724195803135,2.731768750384366,BRIGHT,"Terang, terbakar",Proper hygenic practice observed
SKIN_FACE_0083,FACE,FAIR_1,255.0,223.0,215.0,2.5610894213672846,3.0339689896458624,1.4579138604362816,DIM,"Sangat terang, mudah terbakar",Proper hygenic practice observed
SKIN_FACE_0134,FACE,FAIR_2,247.0,213.0,196.0,3.3377801792096045,3.635549889202334,2.612502462754315,BRIGHT,"Terang, terbakar",Clean visible skin detected
SKIN_HAND_0177,HAND,FAIR_2,234.0,213.0,196.0,7.916600073004351,7.963220769076804,5.130887334987184,BRIGHT,"Terang, terbakar",Hand washing required
SKIN_FACE_0166,FACE,FAIR_2,244.0,220.0,207.0,3.8179195587891424,2.5831179715563786,2.374962080822109,BRIGHT,"Terang, terbakar",Proper hygenic practice observed
SKIN_FACE_0174,FACE,FAIR_3,223.0,205.0,193.0,2.6070380004935516,1.768796936207782,2.441455314714348,BRIGHT,"Terang, sedikit tan",Proper hygenic practice observed
SKIN_FACE_0086,FACE,FAIR_2,249.0,229.0,208.0,2.80338077968971,1.8688666374139453,3.0807852161733136,BRIGHT,"Terang, terbakar",Gloves must be worn
SKIN_FACE_0374,FACE,FAIR_3,233.0,212.0,196.0,2.2703629910148115,3.482774844288823,2.187598723283444,BRIGHT,"Terang, sedikit tan",Hand washing required
SKIN_HAND_0394,HAND,FAIR_1,246.0,233.0,201.0,8.755160186632573,5.018420462917757,5.345810024799988,DIM,"Sangat terang, mudah terbakar",Gloves must be worn
SKIN_HAND_0164,HAND,FAIR_3,231.0,215.0,200.0,8.21469222654226,6.936065187942088,5.5324542798452025,BRIGHT,"Terang, sedikit tan",Clean visible skin detected
SKIN_HAND_0249,HAND,FAIR_1,249.0,222.0,209.0,7.68593797334776,6.397304377196894,6.514283646792123,DIM,"Sangat terang, mudah terbakar",Hand washing required
SKIN_FACE_0135,FACE,FAIR_1,249.0,232.0,203.0,3.4373724208494316,2.974062111906581,2.2818488502131666,BRIGHT,"Sangat terang, mudah terbakar",Hand washing required
SKIN_FACE_0386,FACE,FAIR_1,246.0,229.0,205.0,2.9310697040036446,2.779962107038231,2.005259501609267,NORMAL,"Sangat terang, mudah terbakar",Hand washing required
SKIN_FACE_0170,FACE,FAIR_2,252.0,221.0,208.0,2.169293565766781,2.7355710329283305,1.481815484601667,BRIGHT,"Terang, terbakar",Gloves must be worn
SKIN_HAND_0376,HAND,FAIR_1,245.0,224.0,206.0,8.39979593618139,6.2856384372580925,5.539973627087515,BRIGHT,"Sangat terang, mudah terbakar",Clean visible skin detected
SKIN_HAND_0413,HAND,FAIR_2,239.0,212.0,201.0,9.116353785244886,5.813082475143034,5.474775754440708,DIM,"Terang, terbakar",Proper hygenic practice observed
SKIN_HAND_0075,HAND,FAIR_1,239.0,228.0,215.0,8.331592311472738,5.890182734650808,6.807335223759102,NORMAL,"Sangat terang, mudah terbakar",Hand washing required
SKIN_HAND_0114,HAND,FAIR_1,250.0,228.0,206.0,8.867116871135307,8.569719891388425,5.33023809327305,NORMAL,"Sangat terang, mudah terbakar",Hand washing required
SKIN_FACE_0099,FACE,FAIR_3,233.0,211.0,185.0,3.299904510047255,2.2159038495989574,2.1301285549093425,BRIGHT,"Terang, sedikit tan",Hand washing required
SKIN_FACE_0462,FACE,FAIR_1,255.0,232.0,205.0,2.6862929034224545,3.296252399222999,2.4177671167097765,BRIGHT,"Sangat terang, mudah terbakar",Clean visible skin detected
SKIN_HAND_0391,HAND,FAIR_1,235.0,220.0,205.0,9.164662701085557,5.210635754529166,6.015197925064217,BRIGHT,"Sangat terang, mudah terbakar",Gloves must be worn
SKIN_HAND_0105,HAND,FAIR_1,244.0,228.0,204.0,9.221174688298236,5.977657905931038,5.487846246703869,DIM,"Sangat terang, mudah terbakar",Gloves must be worn
SKIN_HAND_0115,HAND,FAIR_3,217.0,201.0,190.0,9.905132167021929,6.676575968539695,6.218172155666246,DIM,"Terang, sedikit tan",Hand washing required
SKIN_HAND_0418,HAND,FAIR_3,217.0,204.0,180.0,8.70573602538521,6.74255945046929,5.5824560337030675,NORMAL,"Terang, sedikit tan",Clean visible skin detected
SKIN_FACE_0026,FACE,FAIR_1,251.0,222.0,214.0,3.1227655526393483,2.3956509583647247,2.4049395769697886,DIM,"Sangat terang, mudah terbakar",Gloves must be worn
SKIN_HAND_0458,HAND,FAIR_3,228.0,211.0,188.0,5.2218855414069605,6.2837411349833605,5.473934003573014,BRIGHT,"Terang, sedikit tan",Clean visible skin detected
SKIN_HAND_0410,HAND,FAIR_2,225.0,223.0,198.0,9.186777042096903,6.747070020422264,6.27201217762475,BRIGHT,"Terang, terbakar",Clean visible skin detected
SKIN_HAND_0093,HAND,FAIR_1,250.0,235.0,211.0,6.376592199827352,6.398727032728211,5.122587081047854,NORMAL,"Sangat terang, mudah terbakar",Hand washing required
SKIN_FACE_0431,FACE,FAIR_1,255.0,228.0,209.0,3.3952845040577815,2.9671375526429173,1.769248704185249,NORMAL,"Sangat terang, mudah terbakar",Hand washing required
SKIN_HAND_0090,HAND,FAIR_3,218.0,215.0,189.0,7.671058177335336,6.5134501184697795,5.003265417159353,BRIGHT,"Terang, sedikit tan",Proper hygenic practice observed
SKIN_HAND_0337,HAND,FAIR_1,236.0,222.0,210.0,10.327389698118905,6.604595230214861,5.560320314740022,DIM,"Sangat terang, mudah terbakar",Hand washing required
SKIN_FACE_0489,FACE,FAIR_1,255.0,226.0,203.0,3.171484154345137,3.01471203988193,2.8824360980282995,NORMAL,"Sangat terang, mudah terbakar",Proper hygenic practice observed
SKIN_FACE_0422,FACE,FAIR_2,247.0,217.0,203.0,1.9718376227851964,1.6893982035856585,2.6510768494463997,DIM,"Terang, terbakar",Clean visible skin detected
SKIN_FACE_0434,FACE,FAIR_1,247.0,232.0,202.0,4.608689146597071,2.061631909886821,2.2631292776748073,BRIGHT,"Sangat terang, mudah terbakar",Hand washing required
SKIN_FACE_0106,FACE,FAIR_1,255.0,237.0,202.0,3.4598811017007924,2.908863349768572,2.4018305926305947,DIM,"Sangat terang, mudah terbakar",Hand washing required
SKIN_FACE_0094,FACE,FAIR_1,255.0,236.0,208.0,3.4856787535673566,2.67562879137014,2.3808953334095326,DIM,"Sangat terang, mudah terbakar",Proper hygenic practice observed
SKIN_FACE_0112,FACE,FAIR_2,240.0,214.0,208.0,2.5933014585403122,3.068887358142063,2.3238096839939177,BRIGHT,"Terang, terbakar",Hand washing required
SKIN_HAND_0095,HAND,FAIR_3,221.0,215.0,181.0,6.197334127366054,6.7807723963248865,6.912843170072355,BRIGHT,"Terang, sedikit tan",Clean visible skin detected
SKIN_HAND_0012,HAND,FAIR_3,228.0,202.0,192.0,7.968723669177736,5.87425631330129,5.290625630687821,BRIGHT,"Terang, sedikit tan",Clean visible skin detected
SKIN_HAND_0397,HAND,FAIR_3,227.0,211.0,183.0,8.914248763137321,6.097132574223993,6.374842395889786,BRIGHT,"Terang, sedikit tan",Clean visible skin detected
SKIN_FACE_0034,FACE,FAIR_2,241.0,216.0,196.0,2.775711289571181,3.037921700547974,2.8219927735719867,DIM,"Terang, terbakar",Gloves must be worn
SKIN_HAND_0044,HAND,FAIR_2,237.0,212.0,200.0,5.86116412360337,6.041243240437191,7.229346984287529,DIM,"Terang, terbakar",Gloves must be worn
SKIN_HAND_0043,HAND,FAIR_2,225.0,223.0,190.0,9.13201933610355,6.239462169954708,5.54863057149501,DIM,"Terang, terbakar",Hand washing required
SKIN_HAND_0330,HAND,FAIR_3,229.0,210.0,185.0,10.740001794077036,6.0016781562001755,4.075173752796485,BRIGHT,"Terang, sedikit tan",Hand washing required
SKIN_HAND_0168,HAND,FAIR_1,247.0,222.0,213.0,7.842424768423845,7.430585549151843,5.784457891945202,BRIGHT,"Sangat terang, mudah terbakar",Gloves must be worn
SKIN_HAND_0498,HAND,FAIR_1,245.0,225.0,215.0,6.092971682365849,6.443956002393338,5.1309169300747115,DIM,"Sangat terang, mudah terbakar",Clean visible skin detected
SKIN_FACE_0377,FACE,FAIR_2,249.0,225.0,192.0,2.9255664902881513,3.8090933598064494,2.0475698644675457,NORMAL,"Terang, terbakar",Hand washing required
SKIN_FACE_0098,FACE,FAIR_3,231.0,209.0,189.0,2.3332041721669436,1.9721785725504337,1.507051831592683,BRIGHT,"Terang, sedikit tan",Proper hygenic practice observed
SKIN_FACE_0257,FACE,FAIR_3,229.0,216.0,195.0,3.7409005631931356,2.5347368352668407,2.717999920838614,BRIGHT,"Terang, sedikit tan",Clean visible skin detected
SKIN_HAND_0101,HAND,FAIR_2,230.0,217.0,204.0,6.077909431350912,7.172595676245951,6.520538297928044,BRIGHT,"Terang, terbakar",Hand washing required
SKIN_HAND_0427,HAND,FAIR_2,233.0,214.0,208.0,7.110421104356174,7.456008800100207,5.729115557478065,NORMAL,"Terang, terbakar",Hand washing required
SKIN_HAND_0179,HAND,FAIR_2,230.0,214.0,200.0,6.076983240067334,7.266789465618376,4.881851826480838,DIM,"Terang, terbakar",Hand washing required
SKIN_HAND_0445,HAND,FAIR_3,220.0,202.0,195.0,9.01950087477034,6.080840744728668,7.685080918053064,DIM,"Terang, sedikit tan",Proper hygenic practice observed
SKIN_HAND_0417,HAND,FAIR_3,217.0,202.0,186.0,8.633536059144118,6.011625164530062,6.5893791666232255,DIM,"Terang, sedikit tan",Proper hygenic practice observed
SKIN_FACE_0371,FACE,FAIR_3,228.0,215.0,184.0,3.169204723249286,2.68653244225926,2.658441398953787,BRIGHT,"Terang, sedikit tan",Proper hygenic practice observed
SKIN_FACE_0383,FACE,FAIR_1,249.0,225.0,215.0,3.9745535651107953,2.7940433622430403,1.9128247450117837,DIM,"Sangat terang, mudah terbakar",Clean visible skin detected
SKIN_FACE_0181,FACE,FAIR_2,239.0,219.0,200.0,3.453245654283038,3.065319471812199,2.4635942634153722,DIM,"Terang, terbakar",Clean visible skin detected
SKIN_HAND_0178,HAND,FAIR_3,217.0,202.0,189.0,8.999406608919426,8.393065383624757,5.796757258708178,DIM,"Terang, sedikit tan",Proper hygenic practice observed
SKIN_HAND_0396,HAND,FAIR_3,229.0,214.0,183.0,6.905900138882483,6.841441997301226,5.234489926428529,BRIGHT,"Terang, sedikit tan",Gloves must be worn
SKIN_FACE_0412,FACE,FAIR_3,225.0,216.0,195.0,3.020249468862109,1.8574686592134615,2.259745738290638,NORMAL,"Terang, sedikit tan",Hand washing required
SKIN_FACE_0294,FACE,FAIR_3,238.0,211.0,198.0,3.285734912724902,2.9581479923010705,2.474729606195042,BRIGHT,"Terang, sedikit tan",Gloves must be worn
SKIN_FACE_0461,FACE,FAIR_1,253.0,226.0,204.0,3.285214276030943,2.749845394092035,2.2352353239832548,NORMAL,"Sangat terang, mudah terbakar",Proper hygenic practice observed
SKIN_FACE_0185,FACE,FAIR_1,251.0,238.0,206.0,3.8831906403111525,2.4627637466814574,1.6846164258021927,BRIGHT,"Sangat terang, mudah terbakar",Clean visible skin detected
SKIN_HAND_0384,HAND,FAIR_3,228.0,213.0,183.0,8.10304675820322,8.04900554030498,4.447112398550291,NORMAL,"Terang, sedikit tan",Hand washing required
SKIN_FACE_0457,FACE,FAIR_2,245.0,224.0,194.0,2.375889494942351,3.152435739327291,2.784737508924006,NORMAL,"Terang, terbakar",Clean visible skin detected
SKIN_FACE_0252,FACE,FAIR_3,230.0,215.0,189.0,3.912764304241746,1.3345594849404618,2.5311953947095898,DIM,"Terang, sedikit tan",Hand washing required
SKIN_HAND_0258,HAND,FAIR_1,241.0,225.0,200.0,8.66473343333907,7.442407143103232,5.607554197943143,BRIGHT,"Sangat terang, mudah terbakar",Clean visible skin detected
SKIN_FACE_0039,FACE,FAIR_3,226.0,216.0,194.0,2.602033781602729,2.6411720085679242,2.1524611579631867,DIM,"Terang, sedikit tan",Clean visible skin detected
SKIN_HAND_0336,HAND,FAIR_1,245.0,220.0,210.0,6.9430971318763355,7.174704570156164,5.706050383517191,NORMAL,"Sangat terang, mudah terbakar",Proper hygenic practice observed
SKIN_HAND_0016,HAND,FAIR_1,242.0,222.0,202.0,10.444503962731684,7.913442937877891,3.777366262526543,DIM,"Sangat terang, mudah terbakar",Hand washing required
SKIN_HAND_0325,HAND,FAIR_1,249.0,231.0,205.0,7.888611940847638,7.6717862249202495,5.743685249366987,DIM,"Sangat terang, mudah terbakar",Clean visible skin detected
SKIN_FACE_0259,FACE,FAIR_2,249.0,214.0,194.0,4.412898380248645,3.0189666794749037,2.413722131447454,DIM,"Terang, terbakar",Proper hygenic practice observed
SKIN_HAND_0223,HAND,FAIR_1,250.0,220.0,207.0,9.269231225454632,7.350884101287342,4.672448503489025,NORMAL,"Sangat terang, mudah terbakar",Hand washing required
SKIN_HAND_0180,HAND,FAIR_1,247.0,221.0,203.0,9.839870807593137,7.143328420127019,6.193508531873703,BRIGHT,"Sangat terang, mudah terbakar",Hand washing required
SKIN_FACE_0484,FACE,FAIR_1,255.0,231.0,212.0,3.082726728655471,3.125863472792413,1.5666851617492408,DIM,"Sangat terang, mudah terbakar",Proper hygenic practice observed
SKIN_HAND_0023,HAND,FAIR_3,231.0,204.0,193.0,7.637692345316262,7.546025324286595,6.566968213230524,DIM,"Terang, sedikit tan",Clean visible skin detected
SKIN_HAND_0357,HAND,FAIR_3,219.0,200.0,187.0,6.498844037380447,6.876520771394397,6.679830694034445,DIM,"Terang, sedikit tan",Gloves must be worn
SKIN_FACE_0167,FACE,FAIR_3,236.0,218.0,187.0,2.902342224887593,3.6514438494822397,2.25701265047411,BRIGHT,"Terang, sedikit tan",Gloves must be worn
SKIN_FACE_0362,FACE,FAIR_1,255.0,233.0,204.0,3.398120942367022,2.9752712372534016,1.9625358699802757,DIM,"Sangat terang, mudah terbakar",Hand washing required
SKIN_HAND_0341,HAND,FAIR_3,227.0,202.0,195.0,7.36698157888247,7.73968881580071,4.625985975342879,NORMAL,"Terang, sedikit tan",Proper hygenic practice observed
SKIN_HAND_0432,HAND,FAIR_1,243.0,224.0,214.0,8.161538564089868,5.796683938316313,5.7474150225985525,DIM,"Sangat terang, mudah terbakar",Clean visible skin detected
SKIN_FACE_0052,FACE,FAIR_3,228.0,204.0,198.0,3.0762168131193266,1.9401974993749436,2.262614142368304,DIM,"Terang, sedikit tan",Gloves must be worn
SKIN_FACE_0334,FACE,FAIR_3,236.0,215.0,183.0,3.9560784344473268,3.0476914500234678,2.418246675350693,NORMAL,"Terang, sedikit tan",Proper hygenic practice observed
SKIN_HAND_0204,HAND,FAIR_3,221.0,207.0,181.0,7.043324205302562,6.9108621544962725,6.375677911560099,NORMAL,"Terang, sedikit tan",Proper hygenic practice observed
SKIN_FACE_0131,FACE,FAIR_3,225.0,212.0,191.0,2.2403045706801525,2.3789425123787264,2.4330588092809595,DIM,"Terang, sedikit tan",Clean visible skin detected
SKIN_HAND_0094,HAND,FAIR_3,230.0,207.0,193.0,8.092825561216484,6.329859982826645,6.623645630693096,BRIGHT,"Terang, sedikit tan",Proper hygenic practice observed
SKIN_FACE_0059,FACE,FAIR_2,235.0,217.0,198.0,4.037626478525296,2.627900380369733,2.485446338929015,BRIGHT,"Terang, terbakar",Hand washing required
SKIN_HAND_0069,HAND,FAIR_3,221.0,202.0,187.0,5.78328620995233,6.9208195986525185,5.37974419226347,BRIGHT,"Terang, sedikit tan",Proper hygenic practice observed
SKIN_FACE_0123,FACE,FAIR_1,245.0,222.0,208.0,3.5962305159166585,2.2553066594054596,2.3743804547464014,BRIGHT,"Sangat terang, mudah terbakar",Hand washing required
SKIN_HAND_0285,HAND,FAIR_1,243.0,234.0,214.0,9.066325403136107,6.745836245030309,7.552574658226974,DIM,"Sangat terang, mudah terbakar",Gloves must be worn
SKIN_FACE_0345,FACE,FAIR_3,240.0,207.0,188.0,3.739821755050199,2.5569940329276597,1.875544124133151,BRIGHT,"Terang, sedikit tan",Proper hygenic practice observed
SKIN_HAND_0435,HAND,FAIR_3,226.0,212.0,195.0,8.051919503458427,6.606677410606478,5.577707355250226,DIM,"Terang, sedikit tan",Gloves must be worn
SKIN_HAND_0154,HAND,FAIR_3,227.0,205.0,186.0,7.669638112211921,7.289363734806304,6.263652175987596,DIM,"Terang, sedikit tan",Proper hygenic practice observed
SKIN_HAND_0076,HAND,FAIR_1,247.0,222.0,207.0,8.558950399704017,5.830849255120702,5.50383628467748,DIM,"Sangat terang, mudah terbakar",Hand washing required
SKIN_FACE_0231,FACE,FAIR_3,234.0,215.0,200.0,4.081439144694891,3.1412414056311486,2.4500229653879293,NORMAL,"Terang, sedikit tan",Hand washing required
SKIN_HAND_0447,HAND,FAIR_2,229.0,223.0,194.0,6.9359798910015655,6.904130012214693,6.213187503111043,DIM,"Terang, terbakar",Proper hygenic practice observed
SKIN_HAND_0189,HAND,FAIR_3,228.0,207.0,186.0,7.567185702554925,7.0570680521878915,4.145817382776333,DIM,"Terang, sedikit tan",Proper hygenic practice observed
SKIN_HAND_0272,HAND,FAIR_3,221.0,212.0,193.0,8.273426608700731,5.562702038252014,5.883096822016763,DIM,"Terang, sedikit tan",Hand washing required
SKIN_HAND_0237,HAND,FAIR_1,239.0,221.0,202.0,7.911335610492535,5.7729736473713995,6.118821178584293,DIM,"Sangat terang, mudah terbakar",Hand washing required
SKIN_HAND_0488,HAND,FAIR_2,229.0,223.0,210.0,6.112435933631517,5.015752664381287,5.6504876937718995,DIM,"Terang, terbakar",Gloves must be worn
SKIN_HAND_0118,HAND,FAIR_2,225.0,214.0,203.0,6.246494879361453,7.073866122487149,5.989876274519429,BRIGHT,"Terang, terbakar",Gloves must be worn
SKIN_FACE_0444,FACE,FAIR_3,234.0,216.0,182.0,3.8247267298488588,1.846710590010285,2.0833090299423302,DIM,"Terang, sedikit tan",Hand washing required
SKIN_FACE_0013,FACE,FAIR_2,234.0,222.0,197.0,4.304309423889358,2.826264085133498,2.0811395502048735,DIM,"Terang, terbakar",Hand washing required
SKIN_FACE_0326,FACE,FAIR_1,254.0,236.0,214.0,2.895809602308494,2.7399881420486394,2.3165694745333734,NORMAL,"Sangat terang, mudah terbakar",Clean visible skin detected
SKIN_FACE_0092,FACE,FAIR_1,255.0,236.0,215.0,3.9113117309108754,2.679794354985237,1.5318115953096596,DIM,"Sangat terang, mudah terbakar",Hand washing required
SKIN_HAND_0127,HAND,FAIR_1,247.0,231.0,203.0,5.854359021743324,5.985387830282923,7.020154196721584,DIM,"Sangat terang, mudah terbakar",Clean visible skin detected
SKIN_HAND_0117,HAND,FAIR_1,246.0,225.0,203.0,8.564307823561359,7.493842713951642,6.055062651146471,NORMAL,"Sangat terang, mudah terbakar",Hand washing required
SKIN_HAND_0474,HAND,FAIR_3,219.0,214.0,190.0,8.51510016661484,5.9768593960266285,6.586279278944471,BRIGHT,"Terang, sedikit tan",Gloves must be worn
SKIN_FACE_0194,FACE,FAIR_3,229.0,214.0,197.0,4.000356548291908,2.17272420325488,1.2620265142597846,NORMAL,"Terang, sedikit tan",Gloves must be worn
SKIN_HAND_0058,HAND,FAIR_1,238.0,232.0,200.0,6.697607052535327,6.462990273100142,5.46239056518583,BRIGHT,"Sangat terang, mudah terbakar",Hand washing required
SKIN_FACE_0364,FACE,FAIR_1,255.0,238.0,207.0,3.0112135176919805,2.142509367746706,2.523325796943691,NORMAL,"Sangat terang, mudah terbakar",Gloves must be worn
SKIN_FACE_0413,FACE,FAIR_3,228.0,210.0,188.0,3.6520281834219706,2.6864016276271263,2.31419060138587,DIM,"Terang, sedikit tan",Clean visible skin detected
SKIN_HAND_0370,HAND,FAIR_2,241.0,214.0,200.0,7.2826386738005215,7.009123170125961,4.89014562707388,DIM,"Terang, terbakar",Hand washing required
SKIN_HAND_0269,HAND,FAIR_2,238.0,216.0,204.0,7.614595525573418,8.78654938354224,4.675105848201859,DIM,"Terang, terbakar",Proper hygenic practice observed
SKIN_HAND_0047,HAND,FAIR_2,238.0,224.0,196.0,5.254761473482187,7.160763153211989,5.939127695767954,NORMAL,"Terang, terbakar",Gloves must be worn
SKIN_HAND_0350,HAND,FAIR_2,236.0,223.0,198.0,6.789147855427061,6.066262546386174,4.938744315370925,BRIGHT,"Terang, terbakar",Clean visible skin detected
SKIN_HAND_0196,HAND,FAIR_3,229.0,208.0,200.0,8.31524311764565,5.387724170690588,5.200568683704348,DIM,"Terang, sedikit tan",Proper hygenic practice observed
SKIN_FACE_0500,FACE,FAIR_1,255.0,231.0,207.0,3.565258990620702,2.1893647821190427,2.5574617339845735,DIM,"Sangat terang, mudah terbakar",Hand washing required
SKIN_FACE_0335,FACE,FAIR_3,234.0,204.0,192.0,3.3641648691001786,3.419514373286896,2.1005076476597946,NORMAL,"Terang, sedikit tan",Clean visible skin detected
SKIN_FACE_0237,FACE,FAIR_3,240.0,208.0,189.0,3.647388782756618,2.0518766211173323,2.1310300469747685,NORMAL,"Terang, sedikit tan",Hand washing required
SKIN_HAND_0264,HAND,FAIR_1,239.0,224.0,211.0,7.7801113407960845,5.833227073273133,6.968330197609876,DIM,"Sangat terang, mudah terbakar",Proper hygenic practice observed
SKIN_HAND_0444,HAND,FAIR_1,240.0,233.0,204.0,8.290370750168726,7.734876856645356,6.317243909980707,DIM,"Sangat terang, mudah terbakar",Clean visible skin detected
SKIN_FACE_0176,FACE,FAIR_3,239.0,216.0,197.0,3.8544689978131306,2.246641072441425,2.494763242978902,BRIGHT,"Terang, sedikit tan",Gloves must be worn
SKIN_HAND_0305,HAND,FAIR_1,246.0,227.0,213.0,7.735644935518945,7.199122869599719,5.141256679610754,NORMAL,"Sangat terang, mudah terbakar",Hand washing required
SKIN_HAND_0342,HAND,FAIR_1,248.0,232.0,211.0,7.920830913757378,6.063182226538611,6.008978727554913,BRIGHT,"Sangat terang, mudah terbakar",Gloves must be worn
SKIN_FACE_0467,FACE,FAIR_2,250.0,216.0,201.0,2.394631028016727,1.8624466957345693,2.034663730304549,DIM,"Terang, terbakar",Clean visible skin detected
SKIN_HAND_0150,HAND,FAIR_1,242.0,222.0,209.0,9.515217693160604,5.5556363985798285,5.751864510018535,DIM,"Sangat terang, mudah terbakar",Clean visible skin detected
SKIN_HAND_0125,HAND,FAIR_3,226.0,203.0,193.0,9.801827253194595,5.102358383922072,4.224691142157718,NORMAL,"Terang, sedikit tan",Gloves must be worn
SKIN_FACE_0287,FACE,FAIR_1,255.0,236.0,200.0,3.4434689852904063,2.3825376869143797,1.2036426788623629,NORMAL,"Sangat terang, mudah terbakar",Gloves must be worn
SKIN_HAND_0051,HAND,FAIR_1,244.0,223.0,214.0,8.365406970847818,5.392628352210801,6.873168551853411,BRIGHT,"Sangat terang, mudah terbakar",Proper hygenic practice observed
SKIN_HAND_0354,HAND,FAIR_1,249.0,226.0,213.0,6.955047799062668,6.9197854178431175,4.19534528309114,NORMAL,"Sangat terang, mudah terbakar",Hand washing required
SKIN_FACE_0428,FACE,FAIR_3,232.0,213.0,181.0,2.887061046229375,2.9485947795990604,3.2174994734637963,NORMAL,"Terang, sedikit tan",Gloves must be worn
SKIN_HAND_0143,HAND,FAIR_3,226.0,214.0,198.0,9.685873821950553,6.335178299166997,7.493909133389925,DIM,"Terang, sedikit tan",Hand washing required
SKIN_HAND_0471,HAND,FAIR_3,224.0,203.0,188.0,5.577681010459976,6.128790160930724,6.2771853945463825,DIM,"Terang, sedikit tan",Hand washing required
SKIN_HAND_0400,HAND,FAIR_3,230.0,215.0,196.0,7.718453163679637,6.579206341230998,5.338541756979079,NORMAL,"Terang, sedikit tan",Clean visible skin detected
SKIN_FACE_0126,FACE,FAIR_2,238.0,212.0,205.0,2.5615597259351253,2.2528796811608944,2.380284738485206,DIM,"Terang, terbakar",Clean visible skin detected
SKIN_HAND_0321,HAND,FAIR_3,223.0,215.0,193.0,7.290245669122195,6.85629397026921,5.181330462578924,DIM,"Terang, sedikit tan",Hand washing required
SKIN_HAND_0020,HAND,FAIR_1,235.0,230.0,202.0,7.88502391820461,6.91196703758303,6.986214934749708,NORMAL,"Sangat terang, mudah terbakar",Hand washing required
SKIN_FACE_0310,FACE,FAIR_1,248.0,224.0,202.0,3.1916309437826715,2.268099761667939,2.0971969782110347,DIM,"Sangat terang, mudah terbakar",Gloves must be worn
SKIN_FACE_0291,FACE,FAIR_3,226.0,218.0,192.0,3.8075842216967786,2.2241633907775955,1.6970844967228875,NORMAL,"Terang, sedikit tan",Proper hygenic practice observed
SKIN_FACE_0309,FACE,FAIR_1,255.0,230.0,208.0,3.608183643556472,2.457651498397994,1.6968904011528134,NORMAL,"Sangat terang, mudah terbakar",Gloves must be worn
SKIN_HAND_0408,HAND,FAIR_2,236.0,211.0,190.0,9.524133015516686,7.385568806132583,7.342970792460049,BRIGHT,"Terang, terbakar",Hand washing required
SKIN_FACE_0038,FACE,FAIR_1,255.0,236.0,201.0,2.6839604358114717,2.6068248711953568,1.8065492930233908,DIM,"Sangat terang, mudah terbakar",Clean visible skin detected
SKIN_FACE_0121,FACE,FAIR_1,255.0,227.0,212.0,2.520820678347916,2.8043215833096515,2.3729141081871283,DIM,"Sangat terang, mudah terbakar",Proper hygenic practice observed
SKIN_HAND_0039,HAND,FAIR_2,233.0,213.0,202.0,8.336767250351183,6.249463824566262,6.160978293364472,BRIGHT,"Terang, terbakar",Hand washing required
SKIN_HAND_0176,HAND,FAIR_3,219.0,209.0,189.0,7.086820674344716,6.255779999276963,4.020593302458867,DIM,"Terang, sedikit tan",Hand washing required
SKIN_HAND_0246,HAND,FAIR_3,223.0,212.0,197.0,5.310173587668948,5.577124581341954,6.67517358010593,DIM,"Terang, sedikit tan",Clean visible skin detected
SKIN_FACE_0329,FACE,FAIR_1,249.0,223.0,203.0,3.901532419207319,3.2784090492884044,2.4925604819842673,NORMAL,"Sangat terang, mudah terbakar",Gloves must be worn
SKIN_FACE_0168,FACE,FAIR_1,246.0,239.0,203.0,3.4112696831948743,1.9563989849236774,2.1147166179639085,NORMAL,"Sangat terang, mudah terbakar",Hand washing required
SKIN_FACE_0255,FACE,FAIR_2,238.0,225.0,206.0,3.751503837276114,2.2228412417482537,1.3194337270132555,DIM,"Terang, terbakar",Proper hygenic practice observed
SKIN_FACE_0359,FACE,FAIR_2,248.0,216.0,190.0,3.200816677359519,2.639783844350006,1.17007455984915,NORMAL,"Terang, terbakar",Hand washing required
SKIN_HAND_0155,HAND,FAIR_2,231.0,213.0,199.0,7.878849047682676,6.004534059128766,6.174084615737558,BRIGHT,"Terang, terbakar",Clean visible skin detected
SKIN_HAND_0288,HAND,FAIR_3,230.0,200.0,180.0,7.80932279015828,8.019038429022066,3.6258789134546365,BRIGHT,"Terang, sedikit tan",Hand washing required
SKIN_FACE_0103,FACE,FAIR_3,241.0,216.0,193.0,3.1527052241926143,2.6898466547197857,2.9079281990203865,BRIGHT,"Terang, sedikit tan",Clean visible skin detected
SKIN_FACE_0070,FACE,FAIR_3,232.0,214.0,192.0,2.5269808747568177,2.9495801606447665,1.3968225479141494,BRIGHT,"Terang, sedikit tan",Proper hygenic practice observed
SKIN_FACE_0244,FACE,FAIR_2,235.0,220.0,205.0,2.9211839973930767,2.4890519779265636,2.1946724295004105,BRIGHT,"Terang, terbakar",Proper hygenic practice observed
SKIN_HAND_0018,HAND,FAIR_3,225.0,212.0,200.0,9.251156683890812,5.682755120939113,6.166280319593231,NORMAL,"Terang, sedikit tan",Hand washing required
SKIN_HAND_0128,HAND,FAIR_3,224.0,200.0,185.0,5.112535994299248,6.548222508536763,5.142346138587647,BRIGHT,"Terang, sedikit tan",Gloves must be worn
SKIN_HAND_0323,HAND,FAIR_2,234.0,215.0,190.0,7.560147921677497,6.660242858668428,6.0417945840247596,BRIGHT,"Terang, terbakar",Gloves must be worn
SKIN_HAND_0256,HAND,FAIR_2,239.0,214.0,199.0,6.3149014349582915,5.5712841575100445,5.0550706904411955,BRIGHT,"Terang, terbakar",Gloves must be worn
SKIN_FACE_0158,FACE,FAIR_2,248.0,213.0,193.0,2.2689239495095364,2.2715156837242603,2.244358727215788,BRIGHT,"Terang, terbakar",Hand washing required
SKIN_FACE_0465,FACE,FAIR_2,238.0,226.0,206.0,4.525700144148819,1.6281920399975878,3.2620878218005567,NORMAL,"Terang, terbakar",Hand washing required
SKIN_HAND_0191,HAND,FAIR_1,248.0,221.0,206.0,7.356980142995229,6.671723895389428,4.440186365239984,BRIGHT,"Sangat terang, mudah terbakar",Clean visible skin detected
SKIN_HAND_0116,HAND,FAIR_3,223.0,207.0,190.0,9.969492662735425,7.123692961958743,4.754533518698245,BRIGHT,"Terang, sedikit tan",Hand washing required
SKIN_FACE_0117,FACE,FAIR_3,230.0,213.0,197.0,2.3791639436887912,2.8564406271616973,2.23436896340681,NORMAL,"Terang, sedikit tan",Hand washing required
SKIN_FACE_0107,FACE,FAIR_2,247.0,216.0,207.0,2.088209708788013,2.49937360956616,0.9422886664763848,NORMAL,"Terang, terbakar",Gloves must be worn
SKIN_HAND_0181,HAND,FAIR_2,236.0,212.0,198.0,6.796369847340341,5.850651253314228,6.279964215487091,DIM,"Terang, terbakar",Clean visible skin detected
SKIN_HAND_0302,HAND,FAIR_3,216.0,215.0,194.0,6.904760521189244,6.04920722801049,6.524892358689299,DIM,"Terang, sedikit tan",Hand washing required
SKIN_FACE_0260,FACE,FAIR_1,246.0,235.0,202.0,2.931575997620393,2.272524063406368,2.240636388208968,BRIGHT,"Sangat terang, mudah terbakar",Gloves must be worn
SKIN_FACE_0213,FACE,FAIR_1,255.0,222.0,206.0,3.2204647339057684,2.8340511551899046,2.159823245566417,BRIGHT,"Sangat terang, mudah terbakar",Clean visible skin detected
SKIN_FACE_0224,FACE,FAIR_2,238.0,218.0,199.0,3.5394899128902866,2.655919175904372,2.320024825109612,NORMAL,"Terang, terbakar",Clean visible skin detected
SKIN_FACE_0186,FACE,FAIR_3,230.0,213.0,194.0,2.5234136753471654,3.145073008266369,2.6931455278388654,BRIGHT,"Terang, sedikit tan",Proper hygenic practice observed
SKIN_FACE_0480,FACE,FAIR_1,255.0,224.0,214.0,3.7274549213378965,2.217121614164071,1.520656692888767,NORMAL,"Sangat terang, mudah terbakar",Hand washing required
SKIN_FACE_0018,FACE,FAIR_2,243.0,218.0,191.0,3.4440053036656977,2.7116760390496624,1.6766283809711016,NORMAL,"Terang, terbakar",Hand washing required
SKIN_FACE_0485,FACE,FAIR_1,255.0,227.0,212.0,2.9461713002495706,2.7877693503511383,2.3497453793369028,DIM,"Sangat terang, mudah terbakar",Proper hygenic practice observed
SKIN_HAND_0046,HAND,FAIR_3,227.0,212.0,197.0,9.457378438736585,6.571876991376657,6.318377225941619,DIM,"Terang, sedikit tan",Gloves must be worn
SKIN_FACE_0410,FACE,FAIR_1,255.0,238.0,215.0,3.375352959715624,2.705961451460532,1.5035881888005718,BRIGHT,"Sangat terang, mudah terbakar",Proper hygenic practice observed
SKIN_HAND_0158,HAND,FAIR_2,240.0,214.0,205.0,6.081521039300995,5.172474610587312,4.647041440561428,NORMAL,"Terang, terbakar",Gloves must be worn
SKIN_FACE_0352,FACE,FAIR_3,231.0,210.0,187.0,2.382720235374502,3.555883383363204,2.2531837279712223,DIM,"Terang, sedikit tan",Proper hygenic practice observed
SKIN_HAND_0172,HAND,FAIR_3,220.0,214.0,191.0,8.677839575563162,6.424554558416644,5.910401642124853,NORMAL,"Terang, sedikit tan",Gloves must be worn
SKIN_HAND_0017,HAND,FAIR_1,249.0,225.0,208.0,8.675596123413074,6.04641159711654,6.036777875040256,DIM,"Sangat terang, mudah terbakar",Hand washing required
SKIN_FACE_0012,FACE,FAIR_2,247.0,225.0,202.0,3.9523520437029833,3.3691061898981034,2.142457462711145,DIM,"Terang, terbakar",Hand washing required
SKIN_HAND_0049,HAND,FAIR_1,250.0,222.0,214.0,8.986014533124505,5.941125637151577,5.644409680542311,BRIGHT,"Sangat terang, mudah terbakar",Hand washing required
SKIN_FACE_0472,FACE,FAIR_3,231.0,209.0,181.0,2.731515794434738,2.2429196558910625,2.7603527660466036,NORMAL,"Terang, sedikit tan",Hand washing required
SKIN_FACE_0441,FACE,FAIR_1,250.0,234.0,204.0,3.0114471313164386,1.836784377913566,2.052038542010614,DIM,"Sangat terang, mudah terbakar",Proper hygenic practice observed
SKIN_FACE_0016,FACE,FAIR_3,235.0,202.0,198.0,2.843650142342592,2.9124078345800863,1.312907463495241,BRIGHT,"Terang, sedikit tan",Gloves must be worn
SKIN_FACE_0453,FACE,FAIR_3,240.0,219.0,190.0,3.7518560140720396,3.475659693260493,2.040808438854505,NORMAL,"Terang, sedikit tan",Clean visible skin detected
SKIN_HAND_0481,HAND,FAIR_2,226.0,213.0,198.0,8.781314452540867,8.007773655096425,6.317667723861858,NORMAL,"Terang, terbakar",Gloves must be worn
SKIN_HAND_0284,HAND,FAIR_2,232.0,225.0,200.0,6.550080051369772,8.144795710851103,6.119483284039536,BRIGHT,"Terang, terbakar",Clean visible skin detected
SKIN_FACE_0219,FACE,FAIR_1,244.0,230.0,210.0,2.4207235909501152,2.501753845160894,2.456566243852173,NORMAL,"Sangat terang, mudah terbakar",Proper hygenic practice observed
SKIN_FACE_0378,FACE,FAIR_2,235.0,221.0,204.0,2.4792573396252817,2.1639745083828696,2.363938020249445,NORMAL,"Terang, terbakar",Hand washing required
SKIN_HAND_0226,HAND,FAIR_2,233.0,218.0,191.0,6.997782885203549,8.751369182530718,5.276673668142241,NORMAL,"Terang, terbakar",Proper hygenic practice observed
SKIN_HAND_0027,HAND,FAIR_1,239.0,235.0,205.0,8.275580227204854,6.700307984542427,6.222076643296419,DIM,"Sangat terang, mudah terbakar",Hand washing required
SKIN_FACE_0455,FACE,FAIR_2,239.0,218.0,210.0,3.0023780920196734,4.060786396338363,1.726899627812124,BRIGHT,"Terang, terbakar",Clean visible skin detected
SKIN_HAND_0438,HAND,FAIR_1,244.0,222.0,208.0,6.937292281452002,7.143239154949521,6.179145579265508,DIM,"Sangat terang, mudah terbakar",Clean visible skin detected
SKIN_FACE_0452,FACE,FAIR_1,255.0,225.0,206.0,2.590531337856341,2.7618416133668493,2.4500028451696676,DIM,"Sangat terang, mudah terbakar",Clean visible skin detected
SKIN_HAND_0365,HAND,FAIR_2,228.0,216.0,200.0,7.133351577119849,5.4864816930144436,3.9206103534072847,BRIGHT,"Terang, terbakar",Gloves must be worn
SKIN_HAND_0230,HAND,FAIR_1,241.0,221.0,208.0,9.457171481696278,6.172882411584985,4.835354956064052,NORMAL,"Sangat terang, mudah terbakar",Hand washing required
SKIN_HAND_0038,HAND,FAIR_1,249.0,220.0,205.0,7.321891456195694,7.0081693452373495,4.992932498573521,DIM,"Sangat terang, mudah terbakar",Hand washing required
SKIN_FACE_0466,FACE,FAIR_3,225.0,208.0,183.0,3.637721113427057,2.9752677903476066,2.5385060496349547,NORMAL,"Terang, sedikit tan",Hand washing required
SKIN_HAND_0375,HAND,FAIR_2,241.0,220.0,203.0,6.378750508466077,8.597302378731623,5.472361641472917,BRIGHT,"Terang, terbakar",Clean visible skin detected
SKIN_HAND_0470,HAND,FAIR_2,232.0,223.0,201.0,7.516564245998329,7.293694788708755,5.286349674679695,NORMAL,"Terang, terbakar",Hand washing required
SKIN_FACE_0468,FACE,FAIR_2,248.0,217.0,202.0,3.2556761158001923,2.011172195064475,3.4248795226512856,BRIGHT,"Terang, terbakar",Hand washing required
SKIN_FACE_0351,FACE,FAIR_2,240.0,220.0,205.0,2.586941628172875,2.149397868114362,2.01334575479925,BRIGHT,"Terang, terbakar",Proper hygenic practice observed
SKIN_FACE_0205,FACE,FAIR_1,252.0,229.0,206.0,3.1868436062537233,2.209517899724102,1.9528174799393,NORMAL,"Sangat terang, mudah terbakar",Gloves must be worn
SKIN_FACE_0342,FACE,FAIR_3,238.0,211.0,185.0,2.809763277922892,3.2343414163241935,2.383763697004029,NORMAL,"Terang, sedikit tan",Clean visible skin detected
SKIN_HAND_0195,HAND,FAIR_3,225.0,215.0,180.0,7.517502507627539,7.220427453724602,5.206138180924569,DIM,"Terang, sedikit tan",Clean visible skin detected
SKIN_FACE_0355,FACE,FAIR_3,235.0,201.0,185.0,4.048638966085391,3.192861704692861,1.8387131830390206,BRIGHT,"Terang, sedikit tan",Proper hygenic practice observed
SKIN_FACE_0365,FACE,FAIR_2,250.0,215.0,202.0,2.9130088431682473,1.7189953273294716,2.6996479527432244,DIM,"Terang, terbakar",Clean visible skin detected
SKIN_FACE_0004,FACE,FAIR_3,230.0,212.0,190.0,2.972720266591642,3.167760437064452,2.5114146514854965,NORMAL,"Terang, sedikit tan",Clean visible skin detected
SKIN_FACE_0470,FACE,FAIR_3,238.0,205.0,191.0,3.529367526384438,2.7785243469193235,2.4684960819945796,NORMAL,"Terang, sedikit tan",Proper hygenic practice observed
SKIN_FACE_0331,FACE,FAIR_3,229.0,213.0,189.0,3.0454243763384556,2.6086131606910006,2.0072928658612827,NORMAL,"Terang, sedikit tan",Gloves must be worn
SKIN_FACE_0080,FACE,FAIR_2,240.0,219.0,207.0,3.5570349202983285,2.8550328199657287,2.0044645788017563,DIM,"Terang, terbakar",Hand washing required
SKIN_FACE_0469,FACE,FAIR_3,241.0,204.0,188.0,1.7966951388379422,2.359604614123398,2.3691898859316867,DIM,"Terang, sedikit tan",Clean visible skin detected
SKIN_HAND_0163,HAND,FAIR_1,245.0,227.0,203.0,7.69972006411073,5.9047323557919995,6.766628235085218,DIM,"Sangat terang, mudah terbakar",Hand washing required
SKIN_FACE_0409,FACE,FAIR_1,250.0,233.0,201.0,2.7266704605159013,2.913450893225154,2.7809017078945004,BRIGHT,"Sangat terang, mudah terbakar",Gloves must be worn
SKIN_HAND_0153,HAND,FAIR_3,224.0,209.0,195.0,5.8370573644151245,8.58998618948787,6.686088962467734,BRIGHT,"Terang, sedikit tan",Proper hygenic practice observed
SKIN_FACE_0302,FACE,FAIR_3,226.0,205.0,184.0,1.9897875864186336,2.874628941734485,2.5640391438343775,BRIGHT,"Terang, sedikit tan",Gloves must be worn
SKIN_FACE_0494,FACE,FAIR_1,250.0,230.0,208.0,3.1126359253222935,3.1430593150595727,2.0927332954289413,DIM,"Sangat terang, mudah terbakar",Gloves must be worn
SKIN_FACE_0256,FACE,FAIR_3,240.0,207.0,184.0,1.673770074711205,2.1493782045618217,2.2422972561521424,DIM,"Terang, sedikit tan",Clean visible skin detected
SKIN_HAND_0112,HAND,FAIR_3,222.0,213.0,200.0,7.521754452202125,7.4941557667890395,4.843150951472504,BRIGHT,"Terang, sedikit tan",Clean visible skin detected
SKIN_HAND_0227,HAND,FAIR_3,230.0,201.0,191.0,8.03453067706073,5.945945803230308,5.406617884109172,BRIGHT,"Terang, sedikit tan",Hand washing required
SKIN_FACE_0189,FACE,FAIR_2,236.0,218.0,195.0,4.241786345608822,2.860763155761796,2.112154027906023,DIM,"Terang, terbakar",Clean visible skin detected
SKIN_HAND_0104,HAND,FAIR_2,225.0,211.0,209.0,7.753923232906692,7.874085330525,4.300968234404223,NORMAL,"Terang, terbakar",Gloves must be worn
SKIN_HAND_0422,HAND,FAIR_3,229.0,209.0,200.0,7.934643678258826,6.17902640485338,7.394939894006477,DIM,"Terang, sedikit tan",Gloves must be worn
SKIN_HAND_0420,HAND,FAIR_3,218.0,202.0,198.0,8.391314851205998,6.682080248550082,5.504094303236659,DIM,"Terang, sedikit tan",Clean visible skin detected
SKIN_FACE_0251,FACE,FAIR_1,254.0,228.0,209.0,3.069913693584309,1.7463166492150008,2.1708343796300746,NORMAL,"Sangat terang, mudah terbakar",Clean visible skin detected
SKIN_FACE_0087,FACE,FAIR_1,244.0,233.0,208.0,2.5098454200713345,2.392512497322224,2.0155347919020454,DIM,"Sangat terang, mudah terbakar",Clean visible skin detected
SKIN_FACE_0281,FACE,FAIR_1,251.0,236.0,203.0,3.388679194746864,2.988047145509774,2.1580500586747777,DIM,"Sangat terang, mudah terbakar",Hand washing required
SKIN_FACE_0173,FACE,FAIR_1,255.0,227.0,202.0,3.30690429714109,2.376203607294305,1.9563630368783702,BRIGHT,"Sangat terang, mudah terbakar",Gloves must be worn
SKIN_HAND_0120,HAND,FAIR_2,225.0,211.0,205.0,5.442001995290216,6.372367807917494,5.970877114678249,DIM,"Terang, terbakar",Proper hygenic practice observed
SKIN_HAND_0054,HAND,FAIR_1,241.0,227.0,212.0,8.843528664004062,6.701466819676408,5.519360872948212,BRIGHT,"Sangat terang, mudah terbakar",Gloves must be worn
SKIN_HAND_0152,HAND,FAIR_1,248.0,231.0,207.0,6.2270577965381975,5.516565239793831,4.94411016420789,BRIGHT,"Sangat terang, mudah terbakar",Hand washing required
SKIN_HAND_0404,HAND,FAIR_3,218.0,211.0,197.0,7.432200985434647,4.7251843840801895,4.848998846032639,DIM,"Terang, sedikit tan",Proper hygenic practice observed
SKIN_FACE_0446,FACE,FAIR_2,247.0,216.0,199.0,2.6589984477371047,3.023181276992322,1.764401952111969,BRIGHT,"Terang, terbakar",Hand washing required
SKIN_HAND_0208,HAND,FAIR_1,236.0,229.0,203.0,5.989017236019447,6.152277329027851,8.148561172045799,DIM,"Sangat terang, mudah terbakar",Proper hygenic practice observed
SKIN_FACE_0159,FACE,FAIR_2,243.0,216.0,199.0,3.40442685634683,3.6709729917056846,2.379475905487833,NORMAL,"Terang, terbakar",Hand washing required
SKIN_FACE_0344,FACE,FAIR_3,238.0,211.0,185.0,3.01696423644262,2.0940043788343905,2.450800624374513,BRIGHT,"Terang, sedikit tan",Gloves must be worn
SKIN_FACE_0263,FACE,FAIR_3,229.0,208.0,180.0,2.9139626954712217,2.60381080324864,1.956458652887058,DIM,"Terang, sedikit tan",Clean visible skin detected
SKIN_HAND_0009,HAND,FAIR_1,248.0,232.0,208.0,8.49693568983188,9.12140851690073,6.295974214218508,DIM,"Sangat terang, mudah terbakar",Proper hygenic practice observed
SKIN_FACE_0308,FACE,FAIR_2,250.0,227.0,203.0,2.8620371193772525,2.846623101903882,1.8709802886117006,BRIGHT,"Terang, terbakar",Clean visible skin detected
SKIN_HAND_0037,HAND,FAIR_1,241.0,223.0,211.0,8.714872667352425,6.1204570998006655,5.463392091328526,NORMAL,"Sangat terang, mudah terbakar",Hand washing required
SKIN_HAND_0453,HAND,FAIR_1,249.0,220.0,202.0,6.200660353886833,7.039788285143629,6.3316825956381635,BRIGHT,"Sangat terang, mudah terbakar",Clean visible skin detected
SKIN_FACE_0152,FACE,FAIR_1,246.0,231.0,215.0,3.5472338803628527,2.1363070761761334,1.9481387099011345,BRIGHT,"Sangat terang, mudah terbakar",Proper hygenic practice observed
SKIN_HAND_0254,HAND,FAIR_2,241.0,212.0,201.0,8.376190336736958,8.300500718760842,5.36119147046498,BRIGHT,"Terang, terbakar",Hand washing required
SKIN_HAND_0304,HAND,FAIR_1,252.0,231.0,212.0,7.714081526893761,7.896743921782642,7.633394277127864,NORMAL,"Sangat terang, mudah terbakar",Proper hygenic practice observed
SKIN_FACE_0247,FACE,FAIR_1,255.0,222.0,204.0,4.86239142425397,2.504907416880966,2.4479299168323654,BRIGHT,"Sangat terang, mudah terbakar",Proper hygenic practice observed
SKIN_FACE_0072,FACE,FAIR_2,236.0,223.0,207.0,2.3880170381953536,2.204616386831201,2.117290883891402,BRIGHT,"Terang, terbakar",Hand washing required
SKIN_FACE_0124,FACE,FAIR_3,231.0,211.0,182.0,3.6844208961052987,2.926298525100024,1.9872173545238812,BRIGHT,"Terang, sedikit tan",Proper hygenic practice observed
SKIN_FACE_0233,FACE,FAIR_1,255.0,224.0,203.0,3.7695433791135526,2.0346535661404195,1.780922062965391,BRIGHT,"Sangat terang, mudah terbakar",Clean visible skin detected
SKIN_FACE_0392,FACE,FAIR_3,235.0,208.0,191.0,3.0775687258079887,2.4473305637964993,2.3116440655638724,BRIGHT,"Terang, sedikit tan",Proper hygenic practice observed
SKIN_HAND_0263,HAND,FAIR_2,235.0,222.0,204.0,7.549224408754431,6.267910804675779,6.71852569109579,BRIGHT,"Terang, terbakar",Proper hygenic practice observed
SKIN_FACE_0111,FACE,FAIR_1,255.0,231.0,202.0,2.6049388095072685,3.5110031012358514,2.1692630882489077,NORMAL,"Sangat terang, mudah terbakar",Hand washing required
SKIN_HAND_0298,HAND,FAIR_1,246.0,232.0,202.0,8.210562838925949,6.287183014256354,4.572220974268596,NORMAL,"Sangat terang, mudah terbakar",Clean visible skin detected
SKIN_HAND_0415,HAND,FAIR_1,245.0,232.0,203.0,7.720290838526615,8.403159348163355,6.753361006847502,BRIGHT,"Sangat terang, mudah terbakar",Proper hygenic practice observed
SKIN_HAND_0151,HAND,FAIR_3,225.0,204.0,199.0,8.228978318059536,7.3207426865274625,5.406356817724917,NORMAL,"Terang, sedikit tan",Proper hygenic practice observed
SKIN_FACE_0289,FACE,FAIR_1,246.0,222.0,212.0,3.2437265934556425,2.5248541538939118,2.2434053739832702,DIM,"Sangat terang, mudah terbakar",Proper hygenic practice observed
SKIN_FACE_0141,FACE,FAIR_1,244.0,236.0,215.0,3.5141726000942946,2.5723747212165615,2.6939684179605803,DIM,"Sangat terang, mudah terbakar",Gloves must be worn
SKIN_FACE_0390,FACE,FAIR_1,249.0,228.0,211.0,3.2455354513577954,2.631460067603905,1.7847653432323742,DIM,"Sangat terang, mudah terbakar",Gloves must be worn
SKIN_FACE_0051,FACE,FAIR_3,226.0,210.0,195.0,3.0361265213336344,2.323513615600742,1.7191956776245778,DIM,"Terang, sedikit tan",Hand washing required
SKIN_FACE_0387,FACE,FAIR_3,230.0,203.0,197.0,3.4669511220912366,2.83082794308938,1.8870315877972135,NORMAL,"Terang, sedikit tan",Proper hygenic practice observed
SKIN_HAND_0489,HAND,FAIR_2,236.0,223.0,196.0,8.208887955441496,7.553483389584451,5.076255252390037,BRIGHT,"Terang, terbakar",Proper hygenic practice observed
SKIN_HAND_0148,HAND,FAIR_1,238.0,229.0,212.0,10.345769600813883,7.375847388165508,4.7012208626529715,DIM,"Sangat terang, mudah terbakar",Clean visible skin detected
SKIN_HAND_0147,HAND,FAIR_2,236.0,214.0,200.0,7.224861823528396,6.525665715804028,4.569844210692029,DIM,"Terang, terbakar",Proper hygenic practice observed
SKIN_FACE_0221,FACE,FAIR_1,254.0,237.0,213.0,3.0293173583414497,2.874050810816432,2.0202767965273636,BRIGHT,"Sangat terang, mudah terbakar",Proper hygenic practice observed
SKIN_FACE_0432,FACE,FAIR_1,255.0,228.0,214.0,3.7064272162902028,2.656323164797599,1.9854397233442702,NORMAL,"Sangat terang, mudah terbakar",Clean visible skin detected
SKIN_FACE_0240,FACE,FAIR_1,255.0,235.0,203.0,2.8666749932736977,2.9585863621280795,2.395952809695195,BRIGHT,"Sangat terang, mudah terbakar",Gloves must be worn
SKIN_FACE_0160,FACE,FAIR_1,245.0,234.0,203.0,3.535425853082424,2.8300244885671,1.5349269698753343,NORMAL,"Sangat terang, mudah terbakar",Hand washing required
SKIN_HAND_0349,HAND,FAIR_1,247.0,224.0,204.0,6.078385711071607,5.915435792612108,7.491204738505559,DIM,"Sangat terang, mudah terbakar",Clean visible skin detected
SKIN_HAND_0464,HAND,FAIR_3,223.0,215.0,186.0,9.82444013439868,6.614359989790795,4.182372476202859,NORMAL,"Terang, sedikit tan",Hand washing required
SKIN_HAND_0326,HAND,FAIR_3,228.0,204.0,198.0,6.671859666607021,7.744994301524769,4.552237094938675,BRIGHT,"Terang, sedikit tan",Gloves must be worn
SKIN_HAND_0187,HAND,FAIR_1,235.0,229.0,212.0,5.120792302078419,8.06171960677563,6.998467905692606,DIM,"Sangat terang, mudah terbakar",Gloves must be worn
SKIN_HAND_0124,HAND,FAIR_1,237.0,222.0,202.0,8.6504002134605,8.146109750341253,6.547431083747483,NORMAL,"Sangat terang, mudah terbakar",Clean visible skin detected
SKIN_FACE_0354,FACE,FAIR_3,240.0,205.0,183.0,3.0226385499906807,2.8554411905419284,1.908769736649986,NORMAL,"Terang, sedikit tan",Proper hygenic practice observed
SKIN_FACE_0109,FACE,FAIR_3,231.0,206.0,181.0,2.8151834891837555,2.235505515062695,2.3065925006671946,DIM,"Terang, sedikit tan",Hand washing required
SKIN_HAND_0144,HAND,FAIR_2,240.0,214.0,191.0,8.469815616147923,8.504723831594628,6.837442801990357,BRIGHT,"Terang, terbakar",Clean visible skin detected
SKIN_FACE_0459,FACE,FAIR_3,231.0,208.0,200.0,3.9074920592206546,2.6755985133190876,2.7473349110943706,DIM,"Terang, sedikit tan",Gloves must be worn
SKIN_HAND_0198,HAND,FAIR_2,230.0,223.0,206.0,9.00574706710246,8.58282214840061,5.021976697633754,DIM,"Terang, terbakar",Clean visible skin detected
SKIN_FACE_0110,FACE,FAIR_1,248.0,225.0,209.0,3.1094909119903247,1.9729106556438745,1.7112044054711872,NORMAL,"Sangat terang, mudah terbakar",Clean visible skin detected
SKIN_HAND_0280,HAND,FAIR_1,250.0,221.0,208.0,6.849241916341195,6.639666376518755,5.392853656754101,NORMAL,"Sangat terang, mudah terbakar",Gloves must be worn
SKIN_HAND_0294,HAND,FAIR_2,227.0,217.0,205.0,8.887873730974142,8.690433726734128,6.523437647272396,NORMAL,"Terang, terbakar",Gloves must be worn
SKIN_HAND_0401,HAND,FAIR_2,234.0,222.0,203.0,9.556976982611927,5.945370136310895,5.495813322629291,BRIGHT,"Terang, terbakar",Proper hygenic practice observed
SKIN_HAND_0123,HAND,FAIR_2,235.0,224.0,202.0,7.667281843411939,5.94134084866811,5.565070089565571,NORMAL,"Terang, terbakar",Proper hygenic practice observed
SKIN_HAND_0184,HAND,FAIR_3,224.0,215.0,187.0,6.720141886106604,6.685688206316385,6.097701105518562,NORMAL,"Terang, sedikit tan",Hand washing required
SKIN_HAND_0203,HAND,FAIR_2,241.0,218.0,205.0,8.242721280346458,7.9877590599194805,6.927112430706807,NORMAL,"Terang, terbakar",Clean visible skin detected
SKIN_HAND_0439,HAND,FAIR_3,225.0,213.0,190.0,6.439282483213782,6.932283579064164,5.915949454158608,BRIGHT,"Terang, sedikit tan",Clean visible skin detected
SKIN_HAND_0247,HAND,FAIR_3,226.0,201.0,183.0,7.8534238560576854,7.195150465117198,4.928675692558423,DIM,"Terang, sedikit tan",Proper hygenic practice observed
SKIN_HAND_0416,HAND,FAIR_2,228.0,219.0,210.0,8.023786704204156,6.622747753790404,6.0998134563549105,NORMAL,"Terang, terbakar",Hand washing required
SKIN_FACE_0433,FACE,FAIR_2,245.0,211.0,193.0,3.8939629787868806,3.3329770916439525,2.095384837396606,DIM,"Terang, terbakar",Clean visible skin detected
SKIN_FACE_0266,FACE,FAIR_2,235.0,221.0,202.0,3.1007298774604233,2.8718983626785053,2.320694374639562,NORMAL,"Terang, terbakar",Gloves must be worn
SKIN_FACE_0407,FACE,FAIR_2,237.0,228.0,190.0,3.29006008000339,3.195910814947994,2.0710876017456092,NORMAL,"Terang, terbakar",Gloves must be worn
SKIN_FACE_0336,FACE,FAIR_1,255.0,231.0,215.0,4.025732401986454,2.6972805261728516,2.3784585897095973,BRIGHT,"Sangat terang, mudah terbakar",Proper hygenic practice observed
SKIN_FACE_0388,FACE,FAIR_3,223.0,210.0,189.0,4.6899968294837535,2.406885826516502,1.8347880781048218,DIM,"Terang, sedikit tan",Proper hygenic practice observed
SKIN_HAND_0130,HAND,FAIR_2,240.0,220.0,195.0,8.18037754884486,6.465541497763603,6.455997587263798,DIM,"Terang, terbakar",Clean visible skin detected
SKIN_FACE_0138,FACE,FAIR_2,245.0,222.0,191.0,2.893800951237492,2.4319122578061805,3.1772935316789277,DIM,"Terang, terbakar",Hand washing required
SKIN_HAND_0403,HAND,FAIR_1,243.0,229.0,211.0,9.5270777713637,6.6304396489797135,6.714938187299415,DIM,"Sangat terang, mudah terbakar",Gloves must be worn
SKIN_FACE_0285,FACE,FAIR_1,253.0,234.0,214.0,2.7786231243399344,2.983652044951899,2.7297708444501283,DIM,"Sangat terang, mudah terbakar",Hand washing required
SKIN_FACE_0271,FACE,FAIR_3,227.0,210.0,197.0,2.6069601337501944,2.474066930711172,2.4680070609358347,NORMAL,"Terang, sedikit tan",Gloves must be worn
SKIN_FACE_0236,FACE,FAIR_1,254.0,230.0,215.0,2.679954805656216,2.739520500124106,2.479974903624219,DIM,"Sangat terang, mudah terbakar",Gloves must be worn
SKIN_FACE_0414,FACE,FAIR_3,229.0,208.0,198.0,2.839587561649624,3.068174009609815,2.4782012574306824,BRIGHT,"Terang, sedikit tan",Hand washing required
SKIN_HAND_0220,HAND,FAIR_2,242.0,222.0,202.0,6.293481955569979,6.195997165180536,4.725682465098051,DIM,"Terang, terbakar",Hand washing required
SKIN_FACE_0142,FACE,FAIR_3,236.0,217.0,189.0,3.0593801281536934,2.9474702379548403,1.5851253408512411,BRIGHT,"Terang, sedikit tan",Gloves must be worn
SKIN_FACE_0416,FACE,FAIR_2,251.0,212.0,206.0,1.6020625274636393,2.567513452570629,2.498568934874897,BRIGHT,"Terang, terbakar",Gloves must be worn
SKIN_FACE_0253,FACE,FAIR_2,243.0,223.0,208.0,2.7508336190516047,2.6535105325510187,1.9516378814323527,BRIGHT,"Terang, terbakar",Proper hygenic practice observed
SKIN_FACE_0307,FACE,FAIR_2,241.0,215.0,194.0,2.6751186408316405,2.8590115674393033,1.8132910652524452,DIM,"Terang, terbakar",Gloves must be worn
SKIN_FACE_0420,FACE,FAIR_3,227.0,203.0,198.0,3.0704401795589176,2.379750366905313,1.3251340522760624,NORMAL,"Terang, sedikit tan",Gloves must be worn
SKIN_FACE_0125,FACE,FAIR_2,234.0,226.0,197.0,2.810225505261492,2.8423828521566823,3.06853181824745,DIM,"Terang, terbakar",Clean visible skin detected
SKIN_FACE_0375,FACE,FAIR_2,244.0,224.0,191.0,3.393971608311499,2.3964857752377764,2.120671424639437,DIM,"Terang, terbakar",Clean visible skin detected
SKIN_FACE_0261,FACE,FAIR_2,252.0,218.0,194.0,3.2652536201758524,1.960283172809847,2.582651770473242,NORMAL,"Terang, terbakar",Proper hygenic practice observed
SKIN_HAND_0387,HAND,FAIR_3,223.0,203.0,184.0,10.099063454486895,6.577134959728127,7.199832307481311,BRIGHT,"Terang, sedikit tan",Proper hygenic practice observed
SKIN_FACE_0473,FACE,FAIR_2,250.0,227.0,205.0,3.8279519705675527,2.5850646525417775,2.643462950501248,NORMAL,"Terang, terbakar",Hand washing required
SKIN_FACE_0010,FACE,FAIR_1,252.0,228.0,212.0,2.7840369384934034,2.3609166072772556,1.7868555683030556,DIM,"Sangat terang, mudah terbakar",Proper hygenic practice observed
SKIN_HAND_0268,HAND,FAIR_1,244.0,226.0,208.0,6.921115456570758,5.2148398096048645,5.130111533826696,DIM,"Sangat terang, mudah terbakar",Hand washing required
SKIN_FACE_0320,FACE,FAIR_1,247.0,237.0,215.0,4.365963042864816,3.6623043553749626,1.976847272008075,NORMAL,"Sangat terang, mudah terbakar",Hand washing required
SKIN_HAND_0442,HAND,FAIR_1,241.0,234.0,215.0,7.709474576656871,7.701578644726763,7.12311186191585,DIM,"Sangat terang, mudah terbakar",Hand washing required
SKIN_HAND_0497,HAND,FAIR_3,221.0,212.0,187.0,9.352718993321506,6.543338545916626,5.355630054285741,NORMAL,"Terang, sedikit tan",Gloves must be worn
SKIN_HAND_0113,HAND,FAIR_3,226.0,206.0,194.0,10.04716435679196,6.198757040193575,6.787570280502378,DIM,"Terang, sedikit tan",Gloves must be worn
SKIN_FACE_0192,FACE,FAIR_2,235.0,220.0,209.0,3.809395970567919,2.383438619059087,2.665594602936781,BRIGHT,"Terang, terbakar",Hand washing required
SKIN_HAND_0233,HAND,FAIR_2,240.0,221.0,199.0,6.220354441685715,8.398473454123286,4.391154164201077,DIM,"Terang, terbakar",Proper hygenic practice observed
SKIN_FACE_0370,FACE,FAIR_1,252.0,229.0,203.0,2.2411792403276642,3.0488175409238782,2.4349662375878385,DIM,"Sangat terang, mudah terbakar",Hand washing required
SKIN_FACE_0108,FACE,FAIR_1,253.0,223.0,212.0,3.8220738692285883,2.9604824211228005,1.6443421880473328,BRIGHT,"Sangat terang, mudah terbakar",Hand washing required
SKIN_FACE_0172,FACE,FAIR_1,249.0,222.0,202.0,3.9036629712505295,3.183525177229093,2.1314180283789486,DIM,"Sangat terang, mudah terbakar",Gloves must be worn
SKIN_HAND_0374,HAND,FAIR_2,228.0,213.0,202.0,7.151357108593621,6.28686603933325,5.544268539021312,NORMAL,"Terang, terbakar",Gloves must be worn
SKIN_FACE_0482,FACE,FAIR_1,255.0,230.0,209.0,3.4943683924773223,2.3191580360057955,3.0078808410926547,BRIGHT,"Sangat terang, mudah terbakar",Hand washing required
SKIN_FACE_0343,FACE,FAIR_3,227.0,208.0,184.0,2.254533635443148,2.181527539801459,2.467170547823457,NORMAL,"Terang, sedikit tan",Proper hygenic practice observed
SKIN_HAND_0234,HAND,FAIR_2,231.0,221.0,200.0,8.258392874773698,8.716008381219375,6.2528033410402095,DIM,"Terang, terbakar",Hand washing required
SKIN_FACE_0286,FACE,FAIR_3,237.0,204.0,187.0,2.454692674706921,2.6139837764973404,2.326627735835242,DIM,"Terang, sedikit tan",Clean visible skin detected
SKIN_FACE_0177,FACE,FAIR_2,247.0,212.0,190.0,3.5970977298333535,3.044488166371677,2.3936318440317743,DIM,"Terang, terbakar",Gloves must be worn
SKIN_HAND_0318,HAND,FAIR_1,239.0,226.0,214.0,6.548993029057963,8.423788800100098,6.647225437027451,BRIGHT,"Sangat terang, mudah terbakar",Clean visible skin detected
SKIN_FACE_0149,FACE,FAIR_1,255.0,232.0,213.0,2.9511636722719503,1.887136812844878,2.367366668974362,BRIGHT,"Sangat terang, mudah terbakar",Gloves must be worn
SKIN_HAND_0411,HAND,FAIR_2,241.0,214.0,191.0,9.257633459638239,6.215567978823463,5.966046318814135,DIM,"Terang, terbakar",Gloves must be worn
SKIN_FACE_0399,FACE,FAIR_2,237.0,220.0,203.0,3.0411249879804516,2.5504399783184772,2.211096220911328,DIM,"Terang, terbakar",Clean visible skin detected
SKIN_FACE_0210,FACE,FAIR_3,232.0,212.0,185.0,4.341756010493886,3.628704120087292,1.85225038363863,NORMAL,"Terang, sedikit tan",Clean visible skin detected
SKIN_HAND_0359,HAND,FAIR_1,242.0,226.0,208.0,5.408505197856755,6.633307440069121,6.985594605684923,BRIGHT,"Sangat terang, mudah terbakar",Hand washing required
SKIN_HAND_0259,HAND,FAIR_2,241.0,214.0,210.0,7.888168713934795,8.26436724810625,5.494161572658152,NORMAL,"Terang, terbakar",Proper hygenic practice observed
SKIN_FACE_0245,FACE,FAIR_2,243.0,216.0,206.0,3.6109055332824314,3.1034545862866225,2.943892329549758,DIM,"Terang, terbakar",Gloves must be worn
SKIN_FACE_0128,FACE,FAIR_1,255.0,230.0,205.0,3.753891740063086,3.2520852532072912,2.1340827149391144,NORMAL,"Sangat terang, mudah terbakar",Proper hygenic practice observed
SKIN_FACE_0133,FACE,FAIR_1,248.0,235.0,211.0,2.071354210805934,2.691430313830919,1.7157795224101435,DIM,"Sangat terang, mudah terbakar",Gloves must be worn
SKIN_HAND_0283,HAND,FAIR_3,228.0,211.0,182.0,5.278162108819753,8.373421822327254,6.223573088108088,BRIGHT,"Terang, sedikit tan",Gloves must be worn
SKIN_HAND_0377,HAND,FAIR_2,236.0,211.0,209.0,6.882090716555454,5.561038374087259,7.014557331190252,BRIGHT,"Terang, terbakar",Proper hygenic practice observed
SKIN_HAND_0385,HAND,FAIR_3,220.0,210.0,191.0,8.711013305706102,6.579899575775826,5.717971639793319,BRIGHT,"Terang, sedikit tan",Hand washing required
SKIN_HAND_0225,HAND,FAIR_3,225.0,207.0,198.0,5.974785210602528,5.994973570599935,6.045055611858872,NORMAL,"Terang, sedikit tan",Hand washing required
SKIN_FACE_0454,FACE,FAIR_1,255.0,233.0,200.0,2.8854892000591272,2.8236284217126064,2.361988926554015,NORMAL,"Sangat terang, mudah terbakar",Clean visible skin detected
SKIN_FACE_0315,FACE,FAIR_3,225.0,217.0,191.0,2.4023438925781107,3.070080608738556,1.6294916617311461,DIM,"Terang, sedikit tan",Gloves must be worn
SKIN_HAND_0473,HAND,FAIR_2,233.0,218.0,207.0,8.323436242290573,6.934819864862787,6.088685046022059,BRIGHT,"Terang, terbakar",Proper hygenic practice observed
SKIN_HAND_0348,HAND,FAIR_2,236.0,220.0,198.0,6.386466519256424,4.836523088121611,6.222753553392365,DIM,"Terang, terbakar",Proper hygenic practice observed
SKIN_FACE_0006,FACE,FAIR_1,254.0,229.0,202.0,2.737256875166852,2.0590960750355256,1.4378563974140581,NORMAL,"Sangat terang, mudah terbakar",Proper hygenic practice observed
SKIN_FACE_0140,FACE,FAIR_1,251.0,223.0,210.0,3.4850764657730053,2.2652867657930074,2.5570042605735765,NORMAL,"Sangat terang, mudah terbakar",Gloves must be worn
SKIN_FACE_0488,FACE,FAIR_1,250.0,235.0,208.0,4.0039956215365535,2.941582098999743,2.310983785368441,NORMAL,"Sangat terang, mudah terbakar",Clean visible skin detected
SKIN_FACE_0429,FACE,FAIR_1,250.0,234.0,208.0,3.3727538976138125,2.37764065070317,2.1377873031564874,BRIGHT,"Sangat terang, mudah terbakar",Hand washing required
SKIN_FACE_0406,FACE,FAIR_3,228.0,213.0,191.0,3.6938644504717866,2.399139573241984,2.311778068638037,DIM,"Terang, sedikit tan",Hand washing required
SKIN_FACE_0120,FACE,FAIR_1,255.0,233.0,213.0,2.525836655312931,2.730177771329117,2.391717894055548,NORMAL,"Sangat terang, mudah terbakar",Clean visible skin detected
SKIN_FACE_0356,FACE,FAIR_1,249.0,233.0,205.0,3.507580810850854,2.1112070576398434,2.240136324565444,NORMAL,"Sangat terang, mudah terbakar",Proper hygenic practice observed
SKIN_FACE_0304,FACE,FAIR_1,255.0,227.0,202.0,3.5633726196272413,2.9457224492225147,2.54430370662437,DIM,"Sangat terang, mudah terbakar",Gloves must be worn
SKIN_FACE_0146,FACE,FAIR_2,235.0,222.0,201.0,4.1428962385163866,3.7081626704094264,2.085335923994059,NORMAL,"Terang, terbakar",Hand washing required
SKIN_FACE_0347,FACE,FAIR_3,231.0,211.0,192.0,2.6426809375068636,2.8393619063846436,2.0784815639362977,NORMAL,"Terang, sedikit tan",Proper hygenic practice observed
SKIN_FACE_0057,FACE,FAIR_1,252.0,234.0,210.0,3.4528585571978683,2.0112785734434073,1.6418785610573567,DIM,"Sangat terang, mudah terbakar",Gloves must be worn
SKIN_FACE_0458,FACE,FAIR_3,235.0,218.0,198.0,3.8457383200046773,3.100834241599047,2.71397881753231,NORMAL,"Terang, sedikit tan",Clean visible skin detected
SKIN_FACE_0078,FACE,FAIR_3,235.0,207.0,189.0,1.8945764138605463,3.766028805700527,1.5891515772311453,NORMAL,"Terang, sedikit tan",Gloves must be worn
SKIN_FACE_0296,FACE,FAIR_1,255.0,237.0,210.0,4.448903298261408,2.3117333692953883,1.9223076545940416,NORMAL,"Sangat terang, mudah terbakar",Clean visible skin detected
SKIN_HAND_0086,HAND,FAIR_2,240.0,211.0,204.0,8.234125190403306,6.451491036624301,6.449685955034683,BRIGHT,"Terang, terbakar",Clean visible skin detected
SKIN_HAND_0243,HAND,FAIR_3,220.0,202.0,195.0,7.139712749388507,6.091488708327328,7.937687426234433,DIM,"Terang, sedikit tan",Clean visible skin detected
SKIN_FACE_0199,FACE,FAIR_1,254.0,225.0,211.0,3.064744827042474,2.7340852746627484,2.7425879954949828,DIM,"Sangat terang, mudah terbakar",Proper hygenic practice observed
SKIN_HAND_0160,HAND,FAIR_1,237.0,235.0,200.0,9.508370238582934,5.3814263911939815,5.221334199987101,BRIGHT,"Sangat terang, mudah terbakar",Proper hygenic practice observed
SKIN_FACE_0025,FACE,FAIR_3,232.0,216.0,199.0,2.268040827462303,3.4611086112643976,1.8971078887411312,NORMAL,"Terang, sedikit tan",Gloves must be worn
SKIN_HAND_0036,HAND,FAIR_3,222.0,213.0,184.0,7.1644829494032285,6.033590583937763,7.399503844129192,NORMAL,"Terang, sedikit tan",Gloves must be worn
SKIN_FACE_0041,FACE,FAIR_3,230.0,215.0,200.0,3.1497087327610123,2.4585554233913367,2.369285185309557,DIM,"Terang, sedikit tan",Hand washing required
SKIN_HAND_0171,HAND,FAIR_1,241.0,234.0,201.0,9.700418159389239,7.51186807378564,5.275307261017809,DIM,"Sangat terang, mudah terbakar",Clean visible skin detected
SKIN_FACE_0155,FACE,FAIR_2,236.0,217.0,210.0,2.9047797289125503,2.5241645693039607,2.0463565107079047,DIM,"Terang, terbakar",Gloves must be worn
SKIN_FACE_0391,FACE,FAIR_2,248.0,216.0,202.0,4.047660786736079,2.444384232842205,2.4069074554465053,NORMAL,"Terang, terbakar",Clean visible skin detected
SKIN_FACE_0358,FACE,FAIR_3,228.0,206.0,189.0,3.0699896542061604,2.829118159498385,2.3028820301832265,NORMAL,"Terang, sedikit tan",Hand washing required
SKIN_FACE_0348,FACE,FAIR_1,247.0,229.0,200.0,3.0567205943716336,1.5615721946183132,2.2489519830728604,BRIGHT,"Sangat terang, mudah terbakar",Gloves must be worn
SKIN_FACE_0445,FACE,FAIR_3,225.0,209.0,191.0,3.3115359019547173,2.6964389577157726,1.261153860323633,NORMAL,"Terang, sedikit tan",Clean visible skin detected
SKIN_FACE_0234,FACE,FAIR_2,249.0,229.0,206.0,2.767927413916898,2.7200744520143143,2.340649214212423,NORMAL,"Terang, terbakar",Proper hygenic practice observed
SKIN_HAND_0096,HAND,FAIR_3,229.0,200.0,184.0,6.015692519111971,8.62374829404871,4.264462646859009,NORMAL,"Terang, sedikit tan",Proper hygenic practice observed
SKIN_FACE_0064,FACE,FAIR_2,236.0,214.0,206.0,2.4562902044380914,2.3178159835382424,2.0379679844445504,NORMAL,"Terang, terbakar",Gloves must be worn
SKIN_HAND_0241,HAND,FAIR_2,234.0,222.0,192.0,9.08688037063925,6.519605200732434,5.8527600938223,BRIGHT,"Terang, terbakar",Clean visible skin detected
SKIN_FACE_0243,FACE,FAIR_3,235.0,215.0,196.0,3.52278947256326,3.092065411258335,2.28627303402751,NORMAL,"Terang, sedikit tan",Proper hygenic practice observed
SKIN_FACE_0075,FACE,FAIR_2,238.0,220.0,202.0,2.881372816763582,2.0809927911528385,2.3514138364053516,DIM,"Terang, terbakar",Clean visible skin detected
SKIN_FACE_0191,FACE,FAIR_3,226.0,213.0,184.0,2.562411546351756,2.4459974521458028,2.629141653676765,DIM,"Terang, sedikit tan",Gloves must be worn
SKIN_HAND_0461,HAND,FAIR_3,232.0,200.0,195.0,7.742113237355403,7.781013059014597,5.935762881919766,DIM,"Terang, sedikit tan",Hand washing required
SKIN_FACE_0054,FACE,FAIR_1,250.0,230.0,206.0,3.2219536527140957,3.392791460215367,2.2841686689341767,NORMAL,"Sangat terang, mudah terbakar",Hand washing required
SKIN_FACE_0389,FACE,FAIR_3,237.0,213.0,199.0,2.863734437221798,2.0182784553567417,2.3051411283321217,NORMAL,"Terang, sedikit tan",Gloves must be worn
SKIN_HAND_0207,HAND,FAIR_3,218.0,205.0,193.0,8.098769978243503,6.6902519575836585,6.526383238674646,NORMAL,"Terang, sedikit tan",Gloves must be worn
SKIN_HAND_0393,HAND,FAIR_1,252.0,234.0,214.0,8.610916440374002,5.946545633086112,6.48923241817306,DIM,"Sangat terang, mudah terbakar",Clean visible skin detected
SKIN_FACE_0295,FACE,FAIR_2,234.0,215.0,191.0,2.8508469796617844,2.8550845701904244,2.4683795082275974,NORMAL,"Terang, terbakar",Gloves must be worn
SKIN_HAND_0398,HAND,FAIR_2,231.0,216.0,193.0,6.021230281926309,7.200243761277443,7.25781305165644,NORMAL,"Terang, terbakar",Gloves must be worn
SKIN_FACE_0267,FACE,FAIR_1,249.0,231.0,202.0,4.063502880259131,2.4769661148236226,3.1503438042929153,NORMAL,"Sangat terang, mudah terbakar",Clean visible skin detected
SKIN_FACE_0349,FACE,FAIR_2,252.0,220.0,210.0,3.058123044589727,2.7763011029564217,2.5474231818693456,DIM,"Terang, terbakar",Hand washing required
SKIN_HAND_0218,HAND,FAIR_2,228.0,216.0,208.0,6.888854682683836,7.682167426216948,6.0064289290727455,NORMAL,"Terang, terbakar",Clean visible skin detected
SKIN_HAND_0005,HAND,FAIR_3,217.0,212.0,182.0,7.34736699052575,8.156056837947524,6.3699837549713045,NORMAL,"Terang, sedikit tan",Clean visible skin detected
SKIN_FACE_0269,FACE,FAIR_1,248.0,228.0,207.0,2.198454287639551,2.7368402791610134,2.0515913913012596,NORMAL,"Sangat terang, mudah terbakar",Gloves must be worn
SKIN_FACE_0143,FACE,FAIR_3,227.0,216.0,181.0,2.9829820825441935,3.1733569832637736,2.434948303296702,NORMAL,"Terang, sedikit tan",Gloves must be worn
SKIN_FACE_0430,FACE,FAIR_2,241.0,227.0,201.0,3.986606545025506,2.963194963205527,2.3405762451370222,NORMAL,"Terang, terbakar",Hand washing required
SKIN_FACE_0113,FACE,FAIR_3,235.0,206.0,194.0,3.910253903054661,3.3576593133736714,1.9379416323645617,NORMAL,"Terang, sedikit tan",Clean visible skin detected
SKIN_FACE_0239,FACE,FAIR_2,240.0,217.0,207.0,2.9054174511952886,3.0013895928159813,2.0901448642841824,DIM,"Terang, terbakar",Clean visible skin detected
SKIN_FACE_0047,FACE,FAIR_2,251.0,213.0,209.0,3.225089575387705,3.329183302308122,1.8271154318363165,NORMAL,"Terang, terbakar",Clean visible skin detected
SKIN_FACE_0226,FACE,FAIR_1,255.0,226.0,205.0,3.6601266527217726,3.5861927073989603,2.6090609038948918,BRIGHT,"Sangat terang, mudah terbakar",Gloves must be worn
SKIN_FACE_0184,FACE,FAIR_2,246.0,219.0,203.0,3.717901089529961,2.3114132821979125,1.8892717122351401,DIM,"Terang, terbakar",Hand washing required
SKIN_HAND_0099,HAND,FAIR_3,219.0,214.0,185.0,8.102495131261303,6.6250133715047586,5.990595018641917,BRIGHT,"Terang, sedikit tan",Proper hygenic practice observed
SKIN_FACE_0305,FACE,FAIR_2,249.0,219.0,200.0,3.0498450924329927,2.1292677837506973,2.1534530059249324,DIM,"Terang, terbakar",Clean visible skin detected
SKIN_FACE_0228,FACE,FAIR_3,226.0,214.0,197.0,3.554375731384542,2.6353586047916546,2.2401472453584867,DIM,"Terang, sedikit tan",Proper hygenic practice observed
SKIN_FACE_0074,FACE,FAIR_3,234.0,209.0,182.0,2.6314908973854063,3.206900892088328,2.554459703749801,BRIGHT,"Terang, sedikit tan",Clean visible skin detected
SKIN_HAND_0407,HAND,FAIR_1,241.0,232.0,207.0,8.259658912118047,5.050599727691171,5.522988884439459,BRIGHT,"Sangat terang, mudah terbakar",Proper hygenic practice observed
SKIN_FACE_0003,FACE,FAIR_3,230.0,202.0,199.0,3.106725239660827,2.863329748618456,2.9239422089793443,NORMAL,"Terang, sedikit tan",Proper hygenic practice observed
SKIN_HAND_0048,HAND,FAIR_3,226.0,202.0,187.0,7.098568317075593,6.905736585111768,6.326381088411653,NORMAL,"Terang, sedikit tan",Clean visible skin detected
SKIN_HAND_0033,HAND,FAIR_2,236.0,216.0,200.0,6.900843550882333,4.991129220940923,5.1919533644968,NORMAL,"Terang, terbakar",Clean visible skin detected
SKIN_FACE_0280,FACE,FAIR_1,246.0,233.0,207.0,3.3180247266710086,2.8340322897529533,2.177651582362678,BRIGHT,"Sangat terang, mudah terbakar",Hand washing required
SKIN_FACE_0340,FACE,FAIR_3,235.0,205.0,188.0,3.520888336139916,1.3339278231209526,2.055846423444058,DIM,"Terang, sedikit tan",Gloves must be worn
SKIN_HAND_0201,HAND,FAIR_1,244.0,229.0,206.0,7.345540733884533,7.64525784645825,7.103258205719486,BRIGHT,"Sangat terang, mudah terbakar",Gloves must be worn
SKIN_HAND_0135,HAND,FAIR_1,250.0,221.0,213.0,7.33219317294922,6.900735532931155,5.472999454492796,BRIGHT,"Sangat terang, mudah terbakar",Proper hygenic practice observed
SKIN_HAND_0028,HAND,FAIR_2,227.0,217.0,208.0,9.284100922461928,7.200789601731095,5.881769700357449,DIM,"Terang, terbakar",Gloves must be worn
SKIN_FACE_0381,FACE,FAIR_1,255.0,229.0,201.0,2.7942201140488745,2.9567429916241523,1.9974307660246653,DIM,"Sangat terang, mudah terbakar",Proper hygenic practice observed
SKIN_HAND_0231,HAND,FAIR_3,222.0,215.0,186.0,6.938223710784758,8.868315312500547,5.9234433674862625,DIM,"Terang, sedikit tan",Clean visible skin detected
SKIN_HAND_0490,HAND,FAIR_1,248.0,220.0,204.0,6.538683220714787,7.007744604443704,5.767989253039055,NORMAL,"Sangat terang, mudah terbakar",Gloves must be worn
SKIN_FACE_0273,FACE,FAIR_3,231.0,203.0,181.0,2.2625576635331344,2.14826098815965,1.9284160638459018,DIM,"Terang, sedikit tan",Hand washing required
SKIN_HAND_0379,HAND,FAIR_2,227.0,218.0,209.0,7.419098622793095,5.807702038929786,6.5699113589320755,DIM,"Terang, terbakar",Clean visible skin detected
SKIN_HAND_0289,HAND,FAIR_2,230.0,217.0,202.0,7.732736197136686,6.3385023599192385,5.160187441444282,NORMAL,"Terang, terbakar",Proper hygenic practice observed
SKIN_HAND_0419,HAND,FAIR_1,244.0,222.0,207.0,6.700805630185094,7.400603125331217,5.224243207707621,BRIGHT,"Sangat terang, mudah terbakar",Clean visible skin detected
SKIN_FACE_0175,FACE,FAIR_1,245.0,229.0,209.0,2.729125011941032,2.8826004281132,1.6787497025640161,DIM,"Sangat terang, mudah terbakar",Proper hygenic practice observed
SKIN_HAND_0392,HAND,FAIR_1,244.0,228.0,201.0,7.453717066575317,7.045037789511778,6.931872484887447,BRIGHT,"Sangat terang, mudah terbakar",Hand washing required
SKIN_FACE_0093,FACE,FAIR_2,246.0,229.0,198.0,4.56974032223227,2.7852389712256853,1.6282974936895482,DIM,"Terang, terbakar",Clean visible skin detected
SKIN_HAND_0499,HAND,FAIR_1,248.0,224.0,203.0,6.755708780669581,6.8666034459642775,4.725680181596589,BRIGHT,"Sangat terang, mudah terbakar",Proper hygenic practice observed
SKIN_HAND_0139,HAND,FAIR_3,221.0,207.0,183.0,7.772226633139914,7.416905739400468,6.573624263978335,NORMAL,"Terang, sedikit tan",Hand washing required
SKIN_HAND_0063,HAND,FAIR_2,227.0,210.0,199.0,6.467226802443646,4.538388215685686,4.790378524011211,NORMAL,"Terang, terbakar",Hand washing required
SKIN_HAND_0472,HAND,FAIR_2,225.0,215.0,203.0,9.830611326713884,8.204198192723766,7.065705458256698,DIM,"Terang, terbakar",Gloves must be worn
SKIN_FACE_0148,FACE,FAIR_1,253.0,232.0,215.0,3.7884157003544106,3.86116596429164,2.609740729610347,BRIGHT,"Sangat terang, mudah terbakar",Clean visible skin detected
SKIN_HAND_0129,HAND,FAIR_1,243.0,224.0,212.0,8.867792555450919,7.901785895626183,7.1001526297422215,NORMAL,"Sangat terang, mudah terbakar",Proper hygenic practice observed
SKIN_FACE_0477,FACE,FAIR_2,246.0,211.0,199.0,2.92819551474732,2.0129375686536917,1.8044547142308422,BRIGHT,"Terang, terbakar",Proper hygenic practice observed
SKIN_FACE_0021,FACE,FAIR_1,247.0,229.0,213.0,3.6713026675069083,3.0355695943893797,2.027700268815277,BRIGHT,"Sangat terang, mudah terbakar",Clean visible skin detected
SKIN_FACE_0339,FACE,FAIR_1,249.0,233.0,215.0,3.4350265896115615,2.9756098205804546,3.0811382773296723,DIM,"Sangat terang, mudah terbakar",Proper hygenic practice observed
SKIN_FACE_0463,FACE,FAIR_1,251.0,237.0,208.0,3.2534773775796553,2.1617130530926576,3.0427113050681034,DIM,"Sangat terang, mudah terbakar",Proper hygenic practice observed
SKIN_HAND_0065,HAND,FAIR_1,248.0,235.0,203.0,9.453576623106587,6.453453938649515,6.395200160281048,BRIGHT,"Sangat terang, mudah terbakar",Hand washing required
SKIN_FACE_0313,FACE,FAIR_1,251.0,230.0,215.0,3.085284163765629,2.152046162089658,2.290242992634751,NORMAL,"Sangat terang, mudah terbakar",Proper hygenic practice observed
SKIN_HAND_0015,HAND,FAIR_2,231.0,210.0,209.0,7.2169739315691075,6.834843102399036,4.2850192830004294,BRIGHT,"Terang, terbakar",Hand washing required
SKIN_HAND_0157,HAND,FAIR_1,247.0,227.0,200.0,9.880834441408478,5.9949922984715025,4.9672021588118165,NORMAL,"Sangat terang, mudah terbakar",Clean visible skin detected
SKIN_HAND_0041,HAND,FAIR_3,230.0,210.0,180.0,8.468673325459845,6.256866120779172,3.7947919031952035,NORMAL,"Terang, sedikit tan",Clean visible skin detected
SKIN_HAND_0493,HAND,FAIR_1,244.0,228.0,212.0,9.278213614506571,7.98568574237289,5.808958326604789,BRIGHT,"Sangat terang, mudah terbakar",Hand washing required
SKIN_HAND_0380,HAND,FAIR_2,230.0,213.0,205.0,6.9455647715676765,5.456347720287617,4.922044462560338,DIM,"Terang, terbakar",Hand washing required
SKIN_HAND_0188,HAND,FAIR_1,240.0,235.0,214.0,6.5333590959593195,7.650363380026611,5.153688550389433,NORMAL,"Sangat terang, mudah terbakar",Proper hygenic practice observed
SKIN_FACE_0264,FACE,FAIR_3,229.0,216.0,196.0,3.057078328564659,2.364229703447437,1.786815955907206,NORMAL,"Terang, sedikit tan",Gloves must be worn
SKIN_HAND_0217,HAND,FAIR_1,249.0,224.0,213.0,6.387008095016772,6.2999890776435805,5.479689283823424,NORMAL,"Sangat terang, mudah terbakar",Proper hygenic practice observed
SKIN_FACE_0292,FACE,FAIR_3,233.0,207.0,183.0,4.39505775354482,2.5454562899451014,2.115778761261723,NORMAL,"Terang, sedikit tan",Hand washing required
SKIN_HAND_0053,HAND,FAIR_3,230.0,207.0,188.0,8.67005066535749,7.183793008812209,5.70448718159029,DIM,"Terang, sedikit tan",Clean visible skin detected
SKIN_FACE_0379,FACE,FAIR_1,253.0,221.0,211.0,2.4195635189154796,1.3549928911603597,2.7881349761740255,BRIGHT,"Sangat terang, mudah terbakar",Hand washing required
SKIN_HAND_0338,HAND,FAIR_3,231.0,205.0,181.0,6.576749295161889,5.479397341414068,7.690813343263119,BRIGHT,"Terang, sedikit tan",Gloves must be worn
SKIN_FACE_0249,FACE,FAIR_2,242.0,226.0,201.0,3.384591353920533,2.5573103180353027,1.8132422089796534,DIM,"Terang, terbakar",Hand washing required
SKIN_FACE_0220,FACE,FAIR_1,246.0,230.0,205.0,3.452975391171244,2.5180397634845044,2.8524691075858297,DIM,"Sangat terang, mudah terbakar",Hand washing required
SKIN_FACE_0225,FACE,FAIR_3,226.0,217.0,193.0,2.7867204458141828,2.1508119337994325,2.1934838578876925,NORMAL,"Terang, sedikit tan",Clean visible skin detected
SKIN_HAND_0296,HAND,FAIR_3,219.0,200.0,188.0,4.826854948272891,7.1421967162658895,5.869971593211971,BRIGHT,"Terang, sedikit tan",Gloves must be worn
SKIN_FACE_0202,FACE,FAIR_1,246.0,237.0,211.0,3.913321526322276,3.5582831413316427,1.5252635370777368,DIM,"Sangat terang, mudah terbakar",Hand washing required
SKIN_HAND_0252,HAND,FAIR_3,220.0,210.0,192.0,7.756242867763528,6.5425142622097265,6.565283596189456,NORMAL,"Terang, sedikit tan",Hand washing required
SKIN_FACE_0227,FACE,FAIR_3,239.0,217.0,199.0,4.388622295516577,2.4898032467891897,2.2983946896600336,DIM,"Terang, sedikit tan",Gloves must be worn
SKIN_HAND_0462,HAND,FAIR_2,237.0,221.0,206.0,6.9781060259586996,8.685837948730605,5.892283456545329,NORMAL,"Terang, terbakar",Gloves must be worn
SKIN_HAND_0456,HAND,FAIR_3,222.0,201.0,191.0,7.7101089319025045,5.268131127656411,3.996272665002322,NORMAL,"Terang, sedikit tan",Gloves must be worn
SKIN_FACE_0497,FACE,FAIR_2,237.0,225.0,203.0,2.6034632709861927,3.203650480745746,2.422542313437941,NORMAL,"Terang, terbakar",Gloves must be worn
SKIN_FACE_0316,FACE,FAIR_2,234.0,214.0,194.0,3.794488321392383,1.8851067035635962,1.9022356763770545,DIM,"Terang, terbakar",Proper hygenic practice observed
SKIN_FACE_0363,FACE,FAIR_2,250.0,227.0,206.0,4.055256027275528,2.714014303201555,2.5295467511144603,DIM,"Terang, terbakar",Gloves must be worn
SKIN_HAND_0270,HAND,FAIR_3,228.0,203.0,191.0,7.503162209123378,7.582842110887814,4.884884761559259,DIM,"Terang, sedikit tan",Gloves must be worn
SKIN_HAND_0202,HAND,FAIR_1,249.0,232.0,211.0,6.935024584459779,6.592911082453942,6.437711317045757,DIM,"Sangat terang, mudah terbakar",Clean visible skin detected
SKIN_HAND_0162,HAND,FAIR_2,240.0,211.0,210.0,7.728758648970999,7.559510851526168,5.727269458149672,NORMAL,"Terang, terbakar",Gloves must be worn
SKIN_FACE_0056,FACE,FAIR_1,252.0,230.0,210.0,3.2285224800914296,2.5207336243734755,1.8637583174167833,DIM,"Sangat terang, mudah terbakar",Clean visible skin detected
SKIN_FACE_0230,FACE,FAIR_1,243.0,228.0,203.0,2.2335685998613197,2.9167376463228045,1.9877382349331407,DIM,"Sangat terang, mudah terbakar",Hand washing required
SKIN_HAND_0402,HAND,FAIR_1,238.0,233.0,209.0,10.85504082139151,7.810972860789726,4.831157015759535,DIM,"Sangat terang, mudah terbakar",Hand washing required
SKIN_FACE_0203,FACE,FAIR_1,246.0,229.0,202.0,3.113271899927289,3.674411104662989,2.728005876237629,DIM,"Sangat terang, mudah terbakar",Gloves must be worn
SKIN_HAND_0477,HAND,FAIR_3,224.0,213.0,200.0,5.6994115777539225,5.954174624981354,6.228636288634991,NORMAL,"Terang, sedikit tan",Gloves must be worn
SKIN_FACE_0322,FACE,FAIR_2,236.0,225.0,209.0,2.7581689549211057,3.5690921437266345,1.7606175874625403,BRIGHT,"Terang, terbakar",Proper hygenic practice observed
SKIN_FACE_0272,FACE,FAIR_3,231.0,211.0,197.0,2.6185566736488264,3.5837126100499597,2.3900292757362336,DIM,"Terang, sedikit tan",Gloves must be worn
SKIN_HAND_0106,HAND,FAIR_3,220.0,202.0,189.0,9.006181581518153,6.790162758494475,5.302840515154254,NORMAL,"Terang, sedikit tan",Gloves must be worn
SKIN_FACE_0066,FACE,FAIR_3,228.0,209.0,197.0,3.547718541754108,2.5420196558117505,3.1498925181480444,BRIGHT,"Terang, sedikit tan",Hand washing required
SKIN_HAND_0390,HAND,FAIR_3,227.0,203.0,193.0,6.236156061911402,5.333170072641648,5.9338096219567245,DIM,"Terang, sedikit tan",Proper hygenic practice observed
SKIN_HAND_0002,HAND,FAIR_1,237.0,222.0,206.0,5.5311950301312045,6.568207139161979,5.7937581015635935,NORMAL,"Sangat terang, mudah terbakar",Proper hygenic practice observed
SKIN_FACE_0438,FACE,FAIR_1,248.0,230.0,203.0,2.323555415320326,3.0998024491566847,2.3662465342030683,BRIGHT,"Sangat terang, mudah terbakar",Clean visible skin detected
SKIN_FACE_0483,FACE,FAIR_1,255.0,223.0,200.0,3.489609212762131,1.7723922547312945,1.5469397924107056,BRIGHT,"Sangat terang, mudah terbakar",Gloves must be worn
SKIN_FACE_0062,FACE,FAIR_2,240.0,219.0,200.0,1.8931281716920998,2.744421897134497,1.9803893701950241,NORMAL,"Terang, terbakar",Hand washing required
SKIN_HAND_0081,HAND,FAIR_1,235.0,225.0,209.0,7.789801283360263,5.502239173618172,5.700960031018348,DIM,"Sangat terang, mudah terbakar",Gloves must be worn
SKIN_HAND_0206,HAND,FAIR_3,222.0,209.0,190.0,9.261700690077152,5.471069730917317,4.413318724242023,NORMAL,"Terang, sedikit tan",Hand washing required
SKIN_HAND_0035,HAND,FAIR_3,232.0,213.0,197.0,10.005439462598636,8.35722353451716,5.635385874406705,NORMAL,"Terang, sedikit tan",Gloves must be worn
SKIN_FACE_0276,FACE,FAIR_2,241.0,224.0,200.0,1.9427860126322403,3.13146471901114,2.10904245393349,DIM,"Terang, terbakar",Hand washing required
SKIN_FACE_0009,FACE,FAIR_3,234.0,209.0,197.0,3.174987158900912,1.8477156733700484,1.6687201569080266,DIM,"Terang, sedikit tan",Proper hygenic practice observed
SKIN_HAND_0428,HAND,FAIR_3,230.0,208.0,191.0,7.8514216991623496,6.415693712205696,5.151094566452703,BRIGHT,"Terang, sedikit tan",Proper hygenic practice observed
SKIN_HAND_0455,HAND,FAIR_1,252.0,234.0,200.0,9.43797428973799,4.935290286009659,5.276880199844953,DIM,"Sangat terang, mudah terbakar",Hand washing required
SKIN_HAND_0367,HAND,FAIR_3,226.0,202.0,187.0,8.205426980515412,8.797110843661931,4.334133066756646,BRIGHT,"Terang, sedikit tan",Gloves must be worn
SKIN_HAND_0092,HAND,FAIR_2,234.0,210.0,199.0,6.151636373685802,7.487989939959748,4.901536895343276,DIM,"Terang, terbakar",Proper hygenic practice observed
SKIN_HAND_0340,HAND,FAIR_2,226.0,219.0,210.0,7.214544692536135,6.351742039071155,5.844550963753246,NORMAL,"Terang, terbakar",Hand washing required
SKIN_FACE_0398,FACE,FAIR_3,239.0,209.0,194.0,3.0499078718080854,2.2983433705409615,2.1954989780991343,BRIGHT,"Terang, sedikit tan",Hand washing required
SKIN_FACE_0065,FACE,FAIR_1,253.0,232.0,208.0,3.3276783588055396,1.9619507846330038,2.1667790291732314,NORMAL,"Sangat terang, mudah terbakar",Clean visible skin detected
SKIN_HAND_0346,HAND,FAIR_1,251.0,225.0,205.0,6.084547891874555,6.986524064887997,5.41219860642491,BRIGHT,"Sangat terang, mudah terbakar",Clean visible skin detected
SKIN_FACE_0277,FACE,FAIR_3,223.0,217.0,180.0,2.1104704269634493,3.2511975221233933,2.003835794706755,DIM,"Terang, sedikit tan",Clean visible skin detected
SKIN_HAND_0242,HAND,FAIR_3,216.0,202.0,192.0,9.653312874535782,5.9852050051542065,6.434302525648283,DIM,"Terang, sedikit tan",Clean visible skin detected
SKIN_HAND_0014,HAND,FAIR_3,221.0,203.0,200.0,8.653157045484047,7.4483851040776266,5.00128905749982,NORMAL,"Terang, sedikit tan",Hand washing required
SKIN_HAND_0316,HAND,FAIR_2,239.0,217.0,193.0,8.106120173971675,8.225044078972456,6.649342819205964,NORMAL,"Terang, terbakar",Clean visible skin detected
SKIN_FACE_0101,FACE,FAIR_1,246.0,235.0,208.0,3.90042408491513,2.9878553783306883,2.198371378241476,BRIGHT,"Sangat terang, mudah terbakar",Hand washing required
SKIN_HAND_0388,HAND,FAIR_1,249.0,231.0,200.0,9.401707250102406,5.649235087365832,5.898244035336007,BRIGHT,"Sangat terang, mudah terbakar",Proper hygenic practice observed
SKIN_HAND_0274,HAND,FAIR_1,241.0,232.0,215.0,6.160985723590426,6.386522611570734,5.0395875606571385,BRIGHT,"Sangat terang, mudah terbakar",Proper hygenic practice observed
SKIN_HAND_0167,HAND,FAIR_2,238.0,224.0,202.0,9.186053485630984,6.6075508453039555,3.9825766138879173,DIM,"Terang, terbakar",Gloves must be worn
SKIN_FACE_0341,FACE,FAIR_1,251.0,232.0,210.0,1.9330315637340443,2.433776172344133,2.0461563770783067,DIM,"Sangat terang, mudah terbakar",Hand washing required
SKIN_FACE_0493,FACE,FAIR_3,227.0,202.0,196.0,3.320129829124955,3.1657868503329656,2.2786704592205806,NORMAL,"Terang, sedikit tan",Hand washing required
SKIN_FACE_0147,FACE,FAIR_3,239.0,215.0,194.0,3.745486554993683,1.4539298675014762,1.4438800054509167,NORMAL,"Terang, sedikit tan",Clean visible skin detected
SKIN_FACE_0319,FACE,FAIR_1,253.0,230.0,202.0,3.139333522533944,2.754757942850897,1.7929771230617106,BRIGHT,"Sangat terang, mudah terbakar",Hand washing required
SKIN_HAND_0485,HAND,FAIR_2,236.0,214.0,199.0,10.005816687694358,6.8010665667361785,6.2239965096266925,BRIGHT,"Terang, terbakar",Clean visible skin detected
SKIN_FACE_0481,FACE,FAIR_2,248.0,214.0,196.0,2.570020422313138,3.416748872274628,1.3485455726380182,DIM,"Terang, terbakar",Proper hygenic practice observed
SKIN_FACE_0005,FACE,FAIR_1,248.0,225.0,206.0,3.254724612414732,2.8186905507947495,1.9504580228561752,BRIGHT,"Sangat terang, mudah terbakar",Gloves must be worn
SKIN_FACE_0332,FACE,FAIR_1,252.0,223.0,200.0,3.480487461444,3.1523811485563877,2.175610963567312,NORMAL,"Sangat terang, mudah terbakar",Clean visible skin detected
SKIN_HAND_0244,HAND,FAIR_1,244.0,235.0,208.0,7.3401321319982795,8.149595981298695,5.2426736816230415,BRIGHT,"Sangat terang, mudah terbakar",Clean visible skin detected
SKIN_FACE_0067,FACE,FAIR_1,249.0,233.0,210.0,3.3382147804533133,2.7380058015942943,2.305675146915465,BRIGHT,"Sangat terang, mudah terbakar",Clean visible skin detected
SKIN_FACE_0376,FACE,FAIR_1,255.0,233.0,209.0,2.1122705348721214,2.2667760957665406,2.0923216616192097,DIM,"Sangat terang, mudah terbakar",Proper hygenic practice observed
SKIN_FACE_0063,FACE,FAIR_1,248.0,235.0,212.0,4.592058275786385,2.7299626755430046,1.9929944261287276,NORMAL,"Sangat terang, mudah terbakar",Gloves must be worn
SKIN_FACE_0187,FACE,FAIR_2,244.0,216.0,210.0,3.147582092319607,3.1089744774243457,2.5247202979662453,NORMAL,"Terang, terbakar",Proper hygenic practice observed
SKIN_HAND_0190,HAND,FAIR_2,227.0,213.0,203.0,7.879628237408809,7.992384478378411,4.931525745422499,BRIGHT,"Terang, terbakar",Gloves must be worn
SKIN_FACE_0283,FACE,FAIR_3,226.0,209.0,197.0,3.994224251719377,2.4277512535603547,2.3222830238574743,BRIGHT,"Terang, sedikit tan",Proper hygenic practice observed
SKIN_FACE_0200,FACE,FAIR_3,228.0,203.0,192.0,3.476364049167233,2.6192657073123793,2.3526036933891286,NORMAL,"Terang, sedikit tan",Hand washing required
SKIN_HAND_0476,HAND,FAIR_2,240.0,224.0,192.0,7.201091987300059,5.956417779542656,5.215021961358345,NORMAL,"Terang, terbakar",Hand washing required
SKIN_FACE_0182,FACE,FAIR_3,229.0,212.0,188.0,3.123100663280004,3.206912932180876,2.1903862781584604,NORMAL,"Terang, sedikit tan",Clean visible skin detected
SKIN_FACE_0011,FACE,FAIR_2,246.0,224.0,201.0,3.4442267024446216,2.307630486634842,2.229270513593838,BRIGHT,"Terang, terbakar",Gloves must be worn
SKIN_HAND_0059,HAND,FAIR_1,245.0,232.0,210.0,6.7548700561612645,7.054817172876349,6.269953655614177,BRIGHT,"Sangat terang, mudah terbakar",Gloves must be worn
SKIN_HAND_0475,HAND,FAIR_1,247.0,223.0,211.0,8.295471464791511,8.04300656914608,5.506567584621725,BRIGHT,"Sangat terang, mudah terbakar",Gloves must be worn
SKIN_FACE_0061,FACE,FAIR_2,244.0,218.0,206.0,4.001039030224314,3.268180163919524,2.3536957069214393,BRIGHT,"Terang, terbakar",Clean visible skin detected
SKIN_FACE_0357,FACE,FAIR_3,229.0,207.0,186.0,3.342297908212154,2.395921466099353,3.0058287697651864,BRIGHT,"Terang, sedikit tan",Clean visible skin detected
SKIN_FACE_0248,FACE,FAIR_2,242.0,223.0,201.0,2.0322704896291572,3.255939875580114,1.8777582787600455,NORMAL,"Terang, terbakar",Proper hygenic practice observed
SKIN_HAND_0253,HAND,FAIR_3,222.0,212.0,185.0,7.687488610651998,7.585028957708744,6.094361956335982,BRIGHT,"Terang, sedikit tan",Proper hygenic practice observed
SKIN_HAND_0022,HAND,FAIR_3,219.0,201.0,192.0,8.32878016837276,6.950360205066057,5.434427579806276,NORMAL,"Terang, sedikit tan",Hand washing required
SKIN_HAND_0314,HAND,FAIR_2,235.0,213.0,192.0,9.400027253991173,7.101547092081707,5.162756711631294,DIM,"Terang, terbakar",Clean visible skin detected
SKIN_HAND_0460,HAND,FAIR_3,222.0,214.0,192.0,8.305529977258564,6.0572828296342225,5.861331006691583,BRIGHT,"Terang, sedikit tan",Proper hygenic practice observed
SKIN_HAND_0161,HAND,FAIR_1,248.0,227.0,213.0,7.539831562445627,6.436682553217997,6.095710522125383,DIM,"Sangat terang, mudah terbakar",Clean visible skin detected
SKIN_HAND_0277,HAND,FAIR_3,223.0,213.0,183.0,6.447621908748409,10.446272359110587,5.09595989695467,NORMAL,"Terang, sedikit tan",Proper hygenic practice observed
SKIN_FACE_0456,FACE,FAIR_1,253.0,225.0,209.0,2.8939818272823055,2.713321920943347,1.1900521767373995,DIM,"Sangat terang, mudah terbakar",Hand washing required
SKIN_HAND_0192,HAND,FAIR_1,239.0,232.0,211.0,7.745448386468627,5.908264332555378,5.5287317974521635,NORMAL,"Sangat terang, mudah terbakar",Hand washing required
SKIN_HAND_0386,HAND,FAIR_1,248.0,232.0,214.0,6.647813097387737,7.584827073437758,4.749047502380497,BRIGHT,"Sangat terang, mudah terbakar",Proper hygenic practice observed
SKIN_FACE_0306,FACE,FAIR_1,251.0,230.0,214.0,3.8033703081599732,2.8031308140149336,2.612660851143385,BRIGHT,"Sangat terang, mudah terbakar",Hand washing required
SKIN_HAND_0414,HAND,FAIR_3,215.0,203.0,191.0,8.673454742421729,6.886904007666267,6.944970126371116,DIM,"Terang, sedikit tan",Hand washing required
SKIN_HAND_0492,HAND,FAIR_2,228.0,220.0,192.0,9.026470644520968,8.422840592761949,6.27699744350419,NORMAL,"Terang, terbakar",Proper hygenic practice observed
SKIN_HAND_0344,HAND,FAIR_3,216.0,212.0,196.0,6.978932113400921,8.288905100087543,5.5386803952841595,BRIGHT,"Terang, sedikit tan",Hand washing required
SKIN_FACE_0270,FACE,FAIR_2,246.0,216.0,205.0,3.396138704246324,1.9604333326626522,1.5411732236999183,NORMAL,"Terang, terbakar",Gloves must be worn
SKIN_HAND_0309,HAND,FAIR_2,228.0,222.0,199.0,8.752489001869519,9.544580590082084,4.014104743043932,NORMAL,"Terang, terbakar",Gloves must be worn
SKIN_FACE_0162,FACE,FAIR_3,229.0,206.0,191.0,3.217434652682745,3.205200393500885,2.724822566439586,BRIGHT,"Terang, sedikit tan",Gloves must be worn
SKIN_HAND_0131,HAND,FAIR_1,242.0,225.0,201.0,7.555348580782244,8.258591970902366,4.939300616043666,BRIGHT,"Sangat terang, mudah terbakar",Hand washing required
SKIN_FACE_0164,FACE,FAIR_1,247.0,227.0,206.0,3.2368276776480935,2.254246732531399,2.597067855710444,BRIGHT,"Sangat terang, mudah terbakar",Clean visible skin detected
SKIN_FACE_0372,FACE,FAIR_2,248.0,216.0,206.0,3.481730461897011,2.753263544493304,2.2337377483544323,BRIGHT,"Terang, terbakar",Gloves must be worn
SKIN_HAND_0100,HAND,FAIR_1,244.0,233.0,205.0,6.8417041731272255,7.422049292842992,6.777725436315718,BRIGHT,"Sangat terang, mudah terbakar",Hand washing required
SKIN_HAND_0373,HAND,FAIR_3,225.0,200.0,190.0,8.457815852083561,8.199337646063546,5.376642466870459,DIM,"Terang, sedikit tan",Gloves must be worn
SKIN_HAND_0088,HAND,FAIR_2,229.0,219.0,204.0,7.8122733333452175,8.744164754041078,7.287002925408317,DIM,"Terang, terbakar",Hand washing required
SKIN_HAND_0459,HAND,FAIR_2,233.0,223.0,206.0,6.475868126890777,6.374060550490506,5.586221906992528,DIM,"Terang, terbakar",Gloves must be worn
SKIN_HAND_0331,HAND,FAIR_3,221.0,212.0,189.0,9.150470309173151,7.9591025684429075,7.649708062787424,BRIGHT,"Terang, sedikit tan",Clean visible skin detected
SKIN_HAND_0215,HAND,FAIR_1,240.0,234.0,211.0,8.308090780219521,6.557590818737324,6.62062191481854,NORMAL,"Sangat terang, mudah terbakar",Hand washing required
SKIN_HAND_0467,HAND,FAIR_2,231.0,214.0,191.0,8.217051466197944,5.71343842965,4.885549161597995,BRIGHT,"Terang, terbakar",Hand washing required
SKIN_HAND_0122,HAND,FAIR_2,237.0,213.0,193.0,6.832236788365211,6.673220409006423,5.252640475718561,BRIGHT,"Terang, terbakar",Hand washing required
SKIN_FACE_0115,FACE,FAIR_3,239.0,207.0,186.0,2.5881266707628754,2.625512002733118,2.7082841623052345,NORMAL,"Terang, sedikit tan",Hand washing required
SKIN_HAND_0021,HAND,FAIR_3,230.0,207.0,195.0,7.998180917905792,7.220282579311262,5.037830418526605,BRIGHT,"Terang, sedikit tan",Clean visible skin detected
SKIN_FACE_0201,FACE,FAIR_3,230.0,217.0,190.0,3.4249911498150833,2.508953522580115,2.4480562877176486,BRIGHT,"Terang, sedikit tan",Gloves must be worn
SKIN_HAND_0072,HAND,FAIR_2,230.0,215.0,196.0,8.61435601047402,6.742443826933902,5.158005247833002,DIM,"Terang, terbakar",Gloves must be worn
SKIN_HAND_0107,HAND,FAIR_3,223.0,205.0,188.0,8.782643641756087,6.629798123177754,6.791660435989363,BRIGHT,"Terang, sedikit tan",Clean visible skin detected
SKIN_HAND_0271,HAND,FAIR_3,220.0,204.0,190.0,7.8429345790343215,7.297457841072672,5.491030166087541,BRIGHT,"Terang, sedikit tan",Proper hygenic practice observed
SKIN_FACE_0361,FACE,FAIR_2,245.0,223.0,200.0,2.902394826748214,2.2801764450544626,2.5512653285553553,BRIGHT,"Terang, terbakar",Clean visible skin detected
SKIN_HAND_0436,HAND,FAIR_3,223.0,205.0,192.0,7.34989410578828,5.835353212883335,6.672058076983058,NORMAL,"Terang, sedikit tan",Gloves must be worn
SKIN_HAND_0103,HAND,FAIR_2,240.0,213.0,197.0,6.388132356015496,6.228893626660881,6.468512535033762,DIM,"Terang, terbakar",Proper hygenic practice observed
