text,category
Grilled chicken breast excess production batch end of dinner service - direject oleh kitchen manager,SURPLUS
Kentang goreng mengalami kekuatan tekstur berubah keras saat setelah oven baking. Harus direject oleh kitchen manager,OVERCOOKED
"laporan staff shift: Batang seledri bagian tak terpakai dari prep di sink area, noted dalam daily waste report",PREP_WASTE
Telur ayam mengalami berlendir keputihan saat di rak pantry. Harus direject oleh kitchen manager,SPOILED
Soup tomato tersentuh oleh hands bare di plating area - harus dibuatkan waste log entry,CONTAMINATED
Daging sapi cincang berjamur hijau kebiruan di rak pantry - wajib segera dibuang sesuai SOP,SPOILED
"inspeksi menemukan Telur ayam berjamur hijau kebiruan di dry storage, wajib segera dibuang sesuai SOP",SPOILED
"kondisi aktual: Minyak zaitun sudah melewati MHD 2 minggu di refrigerated section, harus dibuatkan waste log entry",EXPIRED
Portion rice kondisi leftover setelah shift prepped but unserved noted dalam daily waste report.,SURPLUS
Sayuran brokoli kondisi keras sekali terlalu overdone dari kompor main stove direject oleh kitchen manager.,OVERCOOKED
Steamed broccoli kondisi over-prepared untuk service end of dinner service noted dalam daily waste report.,SURPLUS
Laporan: Sayuran brokoli ditemukan kekuatan tekstur berubah keras di grilled on BBQ. direject oleh kitchen manager,OVERCOOKED
"catatan chef: Noodle dish tersentuh paper towel kotor di plating area, noted dalam daily waste report",CONTAMINATED
"inspeksi menemukan Rice pilaf keras sekali terlalu overdone dari deep fryer, harus dibuatkan waste log entry",OVERCOOKED
Laporan: Susu cream ditemukan expired date terlampaui di di refrigerated section. disposal required immediately,EXPIRED
Rice bowl mengalami terkontaminasi hair saat di plating area. Harus disposal required immediately,CONTAMINATED
Laporan: Susu cream ditemukan expired date hari ini di in cooler cabinet. disposal required immediately,EXPIRED
Ikan cod fillet mengalami terlalu gosong kecoklatan saat setelah oven baking. Harus noted dalam daily waste report,OVERCOOKED
Saus tiram expired date hari ini pada cold storage rack - direject oleh kitchen manager,EXPIRED
Portion rice mengalami excess production batch saat after lunch rush. Harus direject oleh kitchen manager,SURPLUS
Laporan: Potongan wortel ditemukan over-trimmed during prep di pada cutting board. harus dibuatkan waste log entry,PREP_WASTE
Mayonaise telah lewat expired date 3 hari in cooler cabinet - harus dibuatkan waste log entry,EXPIRED
Minyak zaitun sudah melewati MHD 2 minggu in cooler cabinet - wajib segera dibuang sesuai SOP,EXPIRED
Noodle dish tersentuh oleh hands bare di service counter - disposal required immediately,CONTAMINATED
Ketchup kondisi expired date hari ini di refrigerated section noted dalam daily waste report.,EXPIRED
Laporan: Ujung daun bawang ditemukan sisa trimming yang banyak di during vegetable prep. disposal required immediately,PREP_WASTE
Laporan: Batang asparagus ditemukan bagian tak terpakai dari prep di di sink area. harus dibuatkan waste log entry,PREP_WASTE
Laporan: Keju cheddar ditemukan expired date terlampaui di pada cold storage rack. harus dibuatkan waste log entry,EXPIRED
Grilled chicken breast mengalami tidak tersentuh customer saat prepped but unserved. Harus direject oleh kitchen manager,SURPLUS
Portion rice mengalami over-prepared untuk service saat after lunch rush. Harus direject oleh kitchen manager,SURPLUS
" Portion rice over-prepared untuk service end of dinner service, direject oleh kitchen manager",SURPLUS
Rice bowl tersentuh paper towel kotor at garnish station - disposal required immediately,CONTAMINATED
"catatan chef: Keju cheddar expired date terlampaui di dry goods shelf, harus dibuatkan waste log entry",EXPIRED
Rice bowl mengalami terkontaminasi hair saat di service counter. Harus disposal required immediately,CONTAMINATED
Tahu segar mengalami berjamur hijau kebiruan saat di chiller utama. Harus direject oleh kitchen manager,SPOILED
Steamed broccoli excess production batch in holding warmer - harus dibuatkan waste log entry,SURPLUS
Portion rice mengalami tidak terjual hari ini saat end of dinner service. Harus disposal required immediately,SURPLUS
Potongan wortel terbuang saat pemotongan during vegetable prep - harus dibuatkan waste log entry,PREP_WASTE
Laporan: Noodle dish ditemukan tersentuh paper towel kotor di di plating area. disposal required immediately,CONTAMINATED
Ujung daun bawang mengalami bagian tak terpakai dari prep saat pada cutting board. Harus wajib segera dibuang sesuai SOP,PREP_WASTE
Rice bowl kondisi tercampur cleaning chemical spray di plating area direject oleh kitchen manager.,CONTAMINATED
Salad Caesar kondisi jatuh ke lantai langsung at garnish station noted dalam daily waste report.,CONTAMINATED
"kondisi aktual: Steamed broccoli tidak tersentuh customer in holding warmer, harus dibuatkan waste log entry",SURPLUS
Saus tiram kondisi telah lewat expired date 3 hari pada cold storage rack direject oleh kitchen manager.,EXPIRED
"inspeksi menemukan Keju cheddar sudah melewati MHD 2 minggu in cooler cabinet, disposal required immediately",EXPIRED
Laporan: Daging sapi cincang ditemukan berlendir keputihan di di counter prep station. disposal required immediately,SPOILED
Salad Caesar mengalami tersentuh oleh hands bare saat di plating area. Harus wajib segera dibuang sesuai SOP,CONTAMINATED
"laporan staff shift: Keju cheddar terlewat 1 minggu dari expiry di refrigerated section, wajib segera dibuang sesuai SOP",EXPIRED
Kentang goreng keras sekali terlalu overdone grilled on BBQ - noted dalam daily waste report,OVERCOOKED
" Fresh fruit salad leftover setelah shift after lunch rush, harus dibuatkan waste log entry",SURPLUS
Tahu segar berlendir keputihan di chiller utama - harus dibuatkan waste log entry,SPOILED
Rice bowl kondisi tersentuh oleh hands bare di plating area direject oleh kitchen manager.,CONTAMINATED
"inspeksi menemukan Potongan wortel sisa trimming yang banyak di sink area, harus dibuatkan waste log entry",PREP_WASTE
Soup tomato tercampur cleaning chemical spray di plating area - disposal required immediately,CONTAMINATED
" Potongan wortel sisa trimming yang banyak di prep station, harus dibuatkan waste log entry",PREP_WASTE
Laporan: Noodle dish ditemukan jatuh ke lantai langsung di at garnish station. harus dibuatkan waste log entry,CONTAMINATED
Sandwich club mengalami terkontaminasi hair saat di plating area. Harus harus dibuatkan waste log entry,CONTAMINATED
Tahu segar berlendir kekuningan di rak pantry - direject oleh kitchen manager,SPOILED
Steak sapi ribeye kondisi terlalu gosong kecoklatan dari kompor main stove direject oleh kitchen manager.,OVERCOOKED
Chicken stock kondisi excess production batch end of dinner service harus dibuatkan waste log entry.,SURPLUS
"inspeksi menemukan Ayam segar berbau busuk tidak sedap di chiller utama, harus dibuatkan waste log entry",SPOILED
"kondisi aktual: Ujung daun bawang excessive peeling waste pada cutting board, noted dalam daily waste report",PREP_WASTE
Grilled chicken breast kondisi tidak tersentuh customer prepped but unserved wajib segera dibuang sesuai SOP.,SURPLUS
Potongan wortel kondisi terbuang saat pemotongan di prep station direject oleh kitchen manager.,PREP_WASTE
Fresh fruit salad kondisi tidak tersentuh customer in holding warmer disposal required immediately.,SURPLUS
Noodle dish mengalami terkontaminasi hair saat di plating area. Harus wajib segera dibuang sesuai SOP,CONTAMINATED
Soup tomato jatuh ke lantai langsung di service counter - noted dalam daily waste report,CONTAMINATED
Rice bowl tercampur cleaning chemical spray di service counter - wajib segera dibuang sesuai SOP,CONTAMINATED
Minyak zaitun kondisi expired date terlampaui di dry goods shelf noted dalam daily waste report.,EXPIRED
Grilled chicken breast tidak terjual hari ini after lunch rush - disposal required immediately,SURPLUS
Laporan: Saus tiram ditemukan expired date hari ini di pada cold storage rack. noted dalam daily waste report,EXPIRED
Laporan: Tahu segar ditemukan berbau busuk tidak sedap di di chiller utama. disposal required immediately,SPOILED
"kondisi aktual: Daging sapi cincang berlendir keputihan dalam freezer, noted dalam daily waste report",SPOILED
Saus tiram kondisi expired date terlampaui pada cold storage rack wajib segera dibuang sesuai SOP.,EXPIRED
Ketchup mengalami terlewat 1 minggu dari expiry saat in cooler cabinet. Harus disposal required immediately,EXPIRED
"catatan chef: Grilled chicken breast tidak terjual hari ini end of dinner service, harus dibuatkan waste log entry",SURPLUS
Laporan: Kentang goreng ditemukan terlalu gosong kecoklatan di dari deep fryer. harus dibuatkan waste log entry,OVERCOOKED
Ujung daun bawang over-trimmed during prep during vegetable prep - harus dibuatkan waste log entry,PREP_WASTE
Telur ayam kondisi berlendir kekuningan dalam freezer direject oleh kitchen manager.,SPOILED
Daging sapi cincang berbau busuk tidak sedap di rak pantry - noted dalam daily waste report,SPOILED
Portion rice kondisi leftover setelah shift end of dinner service disposal required immediately.,SURPLUS
"catatan chef: Steak sapi ribeye kering berlebihan terlalu hard dari kompor main stove, noted dalam daily waste report",OVERCOOKED
Ketchup telah lewat expired date 3 hari di dry goods shelf - disposal required immediately,EXPIRED
" Kulit kentang excessive peeling waste di sink area, noted dalam daily waste report",PREP_WASTE
"inspeksi menemukan Tahu segar berubah warna kehijauan di rak pantry, direject oleh kitchen manager",SPOILED
Fresh fruit salad leftover setelah shift in holding warmer - harus dibuatkan waste log entry,SURPLUS
"inspeksi menemukan Steamed broccoli over-prepared untuk service prepped but unserved, wajib segera dibuang sesuai SOP",SURPLUS
Rice bowl tercampur cleaning chemical spray di plating area - direject oleh kitchen manager,CONTAMINATED
Mayonaise terlewat 1 minggu dari expiry di dry goods shelf - wajib segera dibuang sesuai SOP,EXPIRED
Keju cheddar mengalami expired date terlampaui saat pada cold storage rack. Harus wajib segera dibuang sesuai SOP,EXPIRED
Laporan: Potongan wortel ditemukan terbuang saat pemotongan di di prep station. direject oleh kitchen manager,PREP_WASTE
Laporan: Keju cheddar ditemukan expired date hari ini di di refrigerated section. noted dalam daily waste report,EXPIRED
Tahu segar mengalami berlendir kekuningan saat di chiller utama. Harus harus dibuatkan waste log entry,SPOILED
Laporan: Steamed broccoli ditemukan over-prepared untuk service di in holding warmer. direject oleh kitchen manager,SURPLUS
Saus tiram kondisi expired date hari ini di dry goods shelf noted dalam daily waste report.,EXPIRED
Laporan: Susu cream ditemukan terlewat 1 minggu dari expiry di di dry goods shelf. disposal required immediately,EXPIRED
"kondisi aktual: Steamed broccoli tidak terjual hari ini after lunch rush, direject oleh kitchen manager",SURPLUS
Mayonaise mengalami sudah melewati MHD 2 minggu saat di dry goods shelf. Harus disposal required immediately,EXPIRED
"laporan staff shift: Ikan salmon berbau busuk tidak sedap dalam freezer, wajib segera dibuang sesuai SOP",SPOILED
Daging sapi cincang berjamur hijau kebiruan di counter prep station - noted dalam daily waste report,SPOILED
" Daging sapi cincang berjamur hijau kebiruan di rak pantry, disposal required immediately",SPOILED
Mayonaise expired date hari ini pada cold storage rack - harus dibuatkan waste log entry,EXPIRED
Fresh fruit salad leftover setelah shift end of dinner service - wajib segera dibuang sesuai SOP,SURPLUS
Portion rice mengalami tidak tersentuh customer saat prepped but unserved. Harus harus dibuatkan waste log entry,SURPLUS
Chicken stock kondisi tidak terjual hari ini in holding warmer harus dibuatkan waste log entry.,SURPLUS
" Mayonaise sudah melewati MHD 2 minggu in cooler cabinet, noted dalam daily waste report",EXPIRED
Chicken stock mengalami leftover setelah shift saat after lunch rush. Harus harus dibuatkan waste log entry,SURPLUS
Saus tiram kondisi telah lewat expired date 3 hari in cooler cabinet direject oleh kitchen manager.,EXPIRED
Laporan: Salad Caesar ditemukan tersentuh paper towel kotor di during food assembly. harus dibuatkan waste log entry,CONTAMINATED
Ranting parsley terbuang saat pemotongan di prep station - disposal required immediately,PREP_WASTE
Mayonaise telah lewat expired date 3 hari in cooler cabinet - noted dalam daily waste report,EXPIRED
Saus tiram mengalami expired date terlampaui saat di refrigerated section. Harus disposal required immediately,EXPIRED
Rice pilaf terlalu gosong kecoklatan dari deep fryer - direject oleh kitchen manager,OVERCOOKED
Sayuran brokoli mengalami terlalu gosong kecoklatan saat setelah oven baking. Harus wajib segera dibuang sesuai SOP,OVERCOOKED
Kulit kentang over-trimmed during prep di prep station - harus dibuatkan waste log entry,PREP_WASTE
Potongan wortel kondisi sisa trimming yang banyak di prep station disposal required immediately.,PREP_WASTE
Mayonaise kondisi sudah melewati MHD 2 minggu di dry goods shelf direject oleh kitchen manager.,EXPIRED
"catatan chef: Kulit kentang terbuang saat pemotongan during vegetable prep, wajib segera dibuang sesuai SOP",PREP_WASTE
Laporan: Susu cream ditemukan terlewat 1 minggu dari expiry di pada cold storage rack. disposal required immediately,EXPIRED
Telur ayam berbau busuk tidak sedap di dry storage - wajib segera dibuang sesuai SOP,SPOILED
Saus tiram mengalami terlewat 1 minggu dari expiry saat di refrigerated section. Harus disposal required immediately,EXPIRED
Mayonaise kondisi expired date terlampaui di dry goods shelf wajib segera dibuang sesuai SOP.,EXPIRED
Laporan: Minyak zaitun ditemukan terlewat 1 minggu dari expiry di in cooler cabinet. noted dalam daily waste report,EXPIRED
Soup tomato tersentuh oleh hands bare at garnish station - direject oleh kitchen manager,CONTAMINATED
Portion rice mengalami leftover setelah shift saat end of dinner service. Harus wajib segera dibuang sesuai SOP,SURPLUS
"laporan staff shift: Fresh fruit salad over-prepared untuk service in holding warmer, wajib segera dibuang sesuai SOP",SURPLUS
Ayam grilled kering berlebihan terlalu hard dari kompor main stove - noted dalam daily waste report,OVERCOOKED
Soup tomato kondisi tercampur cleaning chemical spray di service counter disposal required immediately.,CONTAMINATED
Tahu segar mengalami berubah warna kehijauan saat di dry storage. Harus direject oleh kitchen manager,SPOILED
Ketchup mengalami telah lewat expired date 3 hari saat pada cold storage rack. Harus disposal required immediately,EXPIRED
Laporan: Chicken stock ditemukan tidak tersentuh customer di prepped but unserved. noted dalam daily waste report,SURPLUS
Noodle dish tersentuh paper towel kotor during food assembly - disposal required immediately,CONTAMINATED
Ujung daun bawang mengalami sisa trimming yang banyak saat di sink area. Harus direject oleh kitchen manager,PREP_WASTE
Mayonaise mengalami expired date terlampaui saat pada cold storage rack. Harus noted dalam daily waste report,EXPIRED
" Steak sapi ribeye keras sekali terlalu overdone grilled on BBQ, disposal required immediately",OVERCOOKED
Susu cream mengalami sudah melewati MHD 2 minggu saat di refrigerated section. Harus wajib segera dibuang sesuai SOP,EXPIRED
Laporan: Batang seledri ditemukan sisa trimming yang banyak di di prep station. direject oleh kitchen manager,PREP_WASTE
Mayonaise sudah melewati MHD 2 minggu in cooler cabinet - direject oleh kitchen manager,EXPIRED
Kentang goreng kondisi kekuatan tekstur berubah keras grilled on BBQ direject oleh kitchen manager.,OVERCOOKED
Laporan: Telur ayam ditemukan berbau busuk tidak sedap di di dry storage. disposal required immediately,SPOILED
Minyak zaitun kondisi expired date terlampaui di refrigerated section noted dalam daily waste report.,EXPIRED
Rice pilaf mengalami keras sekali terlalu overdone saat dari kompor main stove. Harus disposal required immediately,OVERCOOKED
Laporan: Telur ayam ditemukan berjamur hijau kebiruan di di rak pantry. noted dalam daily waste report,SPOILED
Sandwich club mengalami tersentuh oleh hands bare saat during food assembly. Harus disposal required immediately,CONTAMINATED
Saus tiram telah lewat expired date 3 hari pada cold storage rack - harus dibuatkan waste log entry,EXPIRED
Laporan: Ujung daun bawang ditemukan over-trimmed during prep di during vegetable prep. wajib segera dibuang sesuai SOP,PREP_WASTE
"laporan staff shift: Ayam grilled kering berlebihan terlalu hard dari deep fryer, disposal required immediately",OVERCOOKED
Chicken stock tidak terjual hari ini prepped but unserved - harus dibuatkan waste log entry,SURPLUS
Batang asparagus mengalami over-trimmed during prep saat during vegetable prep. Harus disposal required immediately,PREP_WASTE
Ayam grilled kering berlebihan terlalu hard grilled on BBQ - direject oleh kitchen manager,OVERCOOKED
Portion rice kondisi leftover setelah shift after lunch rush disposal required immediately.,SURPLUS
"catatan chef: Grilled chicken breast tidak tersentuh customer after lunch rush, direject oleh kitchen manager",SURPLUS
Noodle dish kondisi tersentuh oleh hands bare di plating area noted dalam daily waste report.,CONTAMINATED
Fresh fruit salad tidak tersentuh customer prepped but unserved - noted dalam daily waste report,SURPLUS
"kondisi aktual: Ayam segar berubah warna kehijauan dalam freezer, direject oleh kitchen manager",SPOILED
Laporan: Tahu segar ditemukan berlendir kekuningan di di chiller utama. wajib segera dibuang sesuai SOP,SPOILED
Batang asparagus kondisi terbuang saat pemotongan pada cutting board wajib segera dibuang sesuai SOP.,PREP_WASTE
Ranting parsley bagian tak terpakai dari prep pada cutting board - noted dalam daily waste report,PREP_WASTE
"laporan staff shift: Susu cream telah lewat expired date 3 hari in cooler cabinet, harus dibuatkan waste log entry",EXPIRED
Telur ayam mengalami berjamur hijau kebiruan saat di counter prep station. Harus noted dalam daily waste report,SPOILED
Ranting parsley mengalami sisa trimming yang banyak saat pada cutting board. Harus disposal required immediately,PREP_WASTE
Daging sapi cincang berlendir keputihan di rak pantry - harus dibuatkan waste log entry,SPOILED
Laporan: Portion rice ditemukan tidak tersentuh customer di end of dinner service. wajib segera dibuang sesuai SOP,SURPLUS
Laporan: Salad Caesar ditemukan tersentuh paper towel kotor di at garnish station. disposal required immediately,CONTAMINATED
Ujung daun bawang mengalami over-trimmed during prep saat pada cutting board. Harus disposal required immediately,PREP_WASTE
Laporan: Kulit kentang ditemukan sisa trimming yang banyak di during vegetable prep. disposal required immediately,PREP_WASTE
Fresh fruit salad mengalami excess production batch saat in holding warmer. Harus harus dibuatkan waste log entry,SURPLUS
Mayonaise kondisi terlewat 1 minggu dari expiry pada cold storage rack wajib segera dibuang sesuai SOP.,EXPIRED
Ranting parsley over-trimmed during prep di sink area - disposal required immediately,PREP_WASTE
"laporan staff shift: Batang asparagus bagian tak terpakai dari prep pada cutting board, noted dalam daily waste report",PREP_WASTE
Laporan: Batang asparagus ditemukan over-trimmed during prep di during vegetable prep. disposal required immediately,PREP_WASTE
Batang asparagus kondisi excessive peeling waste during vegetable prep harus dibuatkan waste log entry.,PREP_WASTE
Sandwich club kondisi tersentuh oleh hands bare di plating area harus dibuatkan waste log entry.,CONTAMINATED
Laporan: Ikan salmon ditemukan berlendir keputihan di di dry storage. disposal required immediately,SPOILED
"kondisi aktual: Grilled chicken breast tidak tersentuh customer end of dinner service, noted dalam daily waste report",SURPLUS
Steak sapi ribeye kering berlebihan terlalu hard dari deep fryer - direject oleh kitchen manager,OVERCOOKED
Steamed broccoli kondisi tidak terjual hari ini prepped but unserved noted dalam daily waste report.,SURPLUS
Laporan: Sandwich club ditemukan tersentuh oleh hands bare di di service counter. harus dibuatkan waste log entry,CONTAMINATED
Kulit kentang excessive peeling waste pada cutting board - disposal required immediately,PREP_WASTE
" Rice bowl tercampur cleaning chemical spray at garnish station, harus dibuatkan waste log entry",CONTAMINATED
" Salad Caesar jatuh ke lantai langsung di plating area, harus dibuatkan waste log entry",CONTAMINATED
Ranting parsley mengalami sisa trimming yang banyak saat during vegetable prep. Harus direject oleh kitchen manager,PREP_WASTE
Sandwich club kondisi jatuh ke lantai langsung at garnish station disposal required immediately.,CONTAMINATED
Kulit kentang mengalami excessive peeling waste saat di sink area. Harus harus dibuatkan waste log entry,PREP_WASTE
"kondisi aktual: Noodle dish tercampur cleaning chemical spray di service counter, wajib segera dibuang sesuai SOP",CONTAMINATED
Ayam segar mengalami berjamur hijau kebiruan saat di counter prep station. Harus harus dibuatkan waste log entry,SPOILED
Salad Caesar tersentuh paper towel kotor during food assembly - harus dibuatkan waste log entry,CONTAMINATED
Sandwich club terkontaminasi hair di service counter - disposal required immediately,CONTAMINATED
Chicken stock mengalami leftover setelah shift saat after lunch rush. Harus direject oleh kitchen manager,SURPLUS
Laporan: Susu cream ditemukan terlewat 1 minggu dari expiry di di dry goods shelf. wajib segera dibuang sesuai SOP,EXPIRED
Keju cheddar mengalami expired date hari ini saat di dry goods shelf. Harus disposal required immediately,EXPIRED
Ayam grilled mengalami keras sekali terlalu overdone saat dari deep fryer. Harus direject oleh kitchen manager,OVERCOOKED
"kondisi aktual: Sandwich club tersentuh oleh hands bare di plating area, disposal required immediately",CONTAMINATED
Sandwich club tercampur cleaning chemical spray di service counter - disposal required immediately,CONTAMINATED
Telur ayam berbau busuk tidak sedap di counter prep station - noted dalam daily waste report,SPOILED
Sayuran brokoli hangus kehitaman setelah oven baking - noted dalam daily waste report,OVERCOOKED
"laporan staff shift: Ayam grilled terlalu gosong kecoklatan setelah oven baking, wajib segera dibuang sesuai SOP",OVERCOOKED
Fresh fruit salad mengalami leftover setelah shift saat after lunch rush. Harus direject oleh kitchen manager,SURPLUS
"inspeksi menemukan Kentang goreng kekuatan tekstur berubah keras dari kompor main stove, harus dibuatkan waste log entry",OVERCOOKED
"catatan chef: Batang asparagus bagian tak terpakai dari prep di sink area, noted dalam daily waste report",PREP_WASTE
Ujung daun bawang kondisi terbuang saat pemotongan di prep station noted dalam daily waste report.,PREP_WASTE
"catatan chef: Telur ayam berbau busuk tidak sedap di dry storage, wajib segera dibuang sesuai SOP",SPOILED
Steak sapi ribeye kondisi keras sekali terlalu overdone dari deep fryer harus dibuatkan waste log entry.,OVERCOOKED
Laporan: Ikan salmon ditemukan berbau busuk tidak sedap di di counter prep station. wajib segera dibuang sesuai SOP,SPOILED
Laporan: Steamed broccoli ditemukan leftover setelah shift di in holding warmer. wajib segera dibuang sesuai SOP,SURPLUS
Ikan cod fillet keras sekali terlalu overdone dari kompor main stove - wajib segera dibuang sesuai SOP,OVERCOOKED
Laporan: Steamed broccoli ditemukan tidak tersentuh customer di after lunch rush. harus dibuatkan waste log entry,SURPLUS
"inspeksi menemukan Saus tiram expired date terlampaui in cooler cabinet, direject oleh kitchen manager",EXPIRED
Grilled chicken breast kondisi tidak terjual hari ini after lunch rush disposal required immediately.,SURPLUS
Laporan: Sandwich club ditemukan tersentuh paper towel kotor di during food assembly. noted dalam daily waste report,CONTAMINATED
Chicken stock mengalami leftover setelah shift saat prepped but unserved. Harus direject oleh kitchen manager,SURPLUS
Ikan salmon mengalami berjamur hijau kebiruan saat di chiller utama. Harus wajib segera dibuang sesuai SOP,SPOILED
Ayam grilled kondisi kekuatan tekstur berubah keras dari deep fryer harus dibuatkan waste log entry.,OVERCOOKED
Laporan: Sayuran brokoli ditemukan terlalu gosong kecoklatan di setelah oven baking. noted dalam daily waste report,OVERCOOKED
"catatan chef: Minyak zaitun expired date hari ini di dry goods shelf, direject oleh kitchen manager",EXPIRED
" Salad Caesar tersentuh oleh hands bare di plating area, harus dibuatkan waste log entry",CONTAMINATED
" Kentang goreng kekuatan tekstur berubah keras dari kompor main stove, noted dalam daily waste report",OVERCOOKED
Soup tomato kondisi tersentuh paper towel kotor di service counter disposal required immediately.,CONTAMINATED
Sayuran brokoli mengalami terlalu gosong kecoklatan saat dari deep fryer. Harus noted dalam daily waste report,OVERCOOKED
Ikan salmon mengalami berjamur hijau kebiruan saat di chiller utama. Harus wajib segera dibuang sesuai SOP,SPOILED
Ayam grilled mengalami kekuatan tekstur berubah keras saat setelah oven baking. Harus noted dalam daily waste report,OVERCOOKED
Laporan: Steamed broccoli ditemukan leftover setelah shift di in holding warmer. noted dalam daily waste report,SURPLUS
Ikan salmon mengalami berbau busuk tidak sedap saat dalam freezer. Harus direject oleh kitchen manager,SPOILED
Ayam segar mengalami berlendir keputihan saat di chiller utama. Harus disposal required immediately,SPOILED
Saus tiram mengalami sudah melewati MHD 2 minggu saat di dry goods shelf. Harus disposal required immediately,EXPIRED
Ketchup kondisi sudah melewati MHD 2 minggu di dry goods shelf harus dibuatkan waste log entry.,EXPIRED
"laporan staff shift: Ayam grilled hangus kehitaman dari kompor main stove, disposal required immediately",OVERCOOKED
" Batang asparagus over-trimmed during prep di prep station, disposal required immediately",PREP_WASTE
Laporan: Ikan salmon ditemukan berlendir kekuningan di dalam freezer. disposal required immediately,SPOILED
"kondisi aktual: Batang seledri over-trimmed during prep pada cutting board, noted dalam daily waste report",PREP_WASTE
"kondisi aktual: Steak sapi ribeye hangus kehitaman setelah oven baking, disposal required immediately",OVERCOOKED
Laporan: Telur ayam ditemukan berlendir kekuningan di di chiller utama. harus dibuatkan waste log entry,SPOILED
Telur ayam berlendir keputihan di dry storage - direject oleh kitchen manager,SPOILED
Noodle dish mengalami terkontaminasi hair saat during food assembly. Harus wajib segera dibuang sesuai SOP,CONTAMINATED
Ketchup sudah melewati MHD 2 minggu di refrigerated section - direject oleh kitchen manager,EXPIRED
Kentang goreng kondisi keras sekali terlalu overdone dari deep fryer direject oleh kitchen manager.,OVERCOOKED
Laporan: Salad Caesar ditemukan tersentuh paper towel kotor di at garnish station. direject oleh kitchen manager,CONTAMINATED
Laporan: Saus tiram ditemukan expired date hari ini di di refrigerated section. noted dalam daily waste report,EXPIRED
Portion rice excess production batch end of dinner service - wajib segera dibuang sesuai SOP,SURPLUS
Laporan: Mayonaise ditemukan expired date hari ini di in cooler cabinet. direject oleh kitchen manager,EXPIRED
"inspeksi menemukan Soup tomato tersentuh oleh hands bare during food assembly, harus dibuatkan waste log entry",CONTAMINATED
Soup tomato kondisi terkontaminasi hair during food assembly disposal required immediately.,CONTAMINATED
" Daging sapi cincang berlendir keputihan di dry storage, direject oleh kitchen manager",SPOILED
Kulit kentang mengalami terbuang saat pemotongan saat di sink area. Harus harus dibuatkan waste log entry,PREP_WASTE
Laporan: Ikan salmon ditemukan berubah warna kehijauan di di dry storage. noted dalam daily waste report,SPOILED
"laporan staff shift: Susu cream sudah melewati MHD 2 minggu in cooler cabinet, harus dibuatkan waste log entry",EXPIRED
Sayuran brokoli mengalami keras sekali terlalu overdone saat grilled on BBQ. Harus disposal required immediately,OVERCOOKED
" Potongan wortel terbuang saat pemotongan pada cutting board, harus dibuatkan waste log entry",PREP_WASTE
Rice pilaf mengalami kering berlebihan terlalu hard saat grilled on BBQ. Harus harus dibuatkan waste log entry,OVERCOOKED
Steamed broccoli kondisi tidak terjual hari ini in holding warmer harus dibuatkan waste log entry.,SURPLUS
"laporan staff shift: Chicken stock leftover setelah shift end of dinner service, harus dibuatkan waste log entry",SURPLUS
Sandwich club kondisi jatuh ke lantai langsung di plating area disposal required immediately.,CONTAMINATED
Sandwich club kondisi tersentuh paper towel kotor di service counter harus dibuatkan waste log entry.,CONTAMINATED
Sayuran brokoli terlalu gosong kecoklatan grilled on BBQ - noted dalam daily waste report,OVERCOOKED
"inspeksi menemukan Steamed broccoli leftover setelah shift prepped but unserved, harus dibuatkan waste log entry",SURPLUS
"kondisi aktual: Telur ayam berbau busuk tidak sedap di chiller utama, harus dibuatkan waste log entry",SPOILED
Ayam grilled hangus kehitaman dari deep fryer - harus dibuatkan waste log entry,OVERCOOKED
"catatan chef: Ketchup sudah melewati MHD 2 minggu in cooler cabinet, wajib segera dibuang sesuai SOP",EXPIRED
Laporan: Salad Caesar ditemukan tersentuh oleh hands bare di during food assembly. wajib segera dibuang sesuai SOP,CONTAMINATED
Grilled chicken breast kondisi leftover setelah shift end of dinner service noted dalam daily waste report.,SURPLUS
"catatan chef: Grilled chicken breast tidak tersentuh customer end of dinner service, harus dibuatkan waste log entry",SURPLUS
Laporan: Susu cream ditemukan expired date terlampaui di in cooler cabinet. harus dibuatkan waste log entry,EXPIRED
Telur ayam berlendir kekuningan di chiller utama - direject oleh kitchen manager,SPOILED
" Rice pilaf hangus kehitaman dari kompor main stove, disposal required immediately",OVERCOOKED
Grilled chicken breast mengalami excess production batch saat in holding warmer. Harus noted dalam daily waste report,SURPLUS
Potongan wortel over-trimmed during prep di prep station - wajib segera dibuang sesuai SOP,PREP_WASTE
" Rice bowl jatuh ke lantai langsung at garnish station, harus dibuatkan waste log entry",CONTAMINATED
" Portion rice tidak terjual hari ini after lunch rush, harus dibuatkan waste log entry",SURPLUS
Minyak zaitun kondisi terlewat 1 minggu dari expiry di dry goods shelf harus dibuatkan waste log entry.,EXPIRED
"inspeksi menemukan Batang asparagus terbuang saat pemotongan during vegetable prep, direject oleh kitchen manager",PREP_WASTE
Ranting parsley mengalami terbuang saat pemotongan saat di sink area. Harus noted dalam daily waste report,PREP_WASTE
Sandwich club kondisi jatuh ke lantai langsung at garnish station wajib segera dibuang sesuai SOP.,CONTAMINATED
Mayonaise kondisi telah lewat expired date 3 hari di dry goods shelf direject oleh kitchen manager.,EXPIRED
"kondisi aktual: Mayonaise telah lewat expired date 3 hari pada cold storage rack, harus dibuatkan waste log entry",EXPIRED
Sandwich club mengalami terkontaminasi hair saat at garnish station. Harus noted dalam daily waste report,CONTAMINATED
Rice bowl mengalami jatuh ke lantai langsung saat at garnish station. Harus noted dalam daily waste report,CONTAMINATED
Sandwich club terkontaminasi hair during food assembly - wajib segera dibuang sesuai SOP,CONTAMINATED
Laporan: Saus tiram ditemukan terlewat 1 minggu dari expiry di in cooler cabinet. wajib segera dibuang sesuai SOP,EXPIRED
Laporan: Chicken stock ditemukan tidak terjual hari ini di prepped but unserved. wajib segera dibuang sesuai SOP,SURPLUS
Laporan: Ujung daun bawang ditemukan bagian tak terpakai dari prep di pada cutting board. disposal required immediately,PREP_WASTE
Kulit kentang bagian tak terpakai dari prep di sink area - noted dalam daily waste report,PREP_WASTE
Mayonaise kondisi sudah melewati MHD 2 minggu pada cold storage rack noted dalam daily waste report.,EXPIRED
"laporan staff shift: Ranting parsley terbuang saat pemotongan pada cutting board, disposal required immediately",PREP_WASTE
Laporan: Ayam segar ditemukan berjamur hijau kebiruan di di chiller utama. noted dalam daily waste report,SPOILED
Steak sapi ribeye kering berlebihan terlalu hard setelah oven baking - direject oleh kitchen manager,OVERCOOKED
Ayam segar berubah warna kehijauan di counter prep station - wajib segera dibuang sesuai SOP,SPOILED
Potongan wortel mengalami sisa trimming yang banyak saat di sink area. Harus direject oleh kitchen manager,PREP_WASTE
Laporan: Ikan salmon ditemukan berbau busuk tidak sedap di dalam freezer. noted dalam daily waste report,SPOILED
Laporan: Kentang goreng ditemukan kekuatan tekstur berubah keras di dari kompor main stove. direject oleh kitchen manager,OVERCOOKED
Laporan: Sayuran brokoli ditemukan kekuatan tekstur berubah keras di setelah oven baking. noted dalam daily waste report,OVERCOOKED
Laporan: Kulit kentang ditemukan sisa trimming yang banyak di di sink area. disposal required immediately,PREP_WASTE
Laporan: Mayonaise ditemukan terlewat 1 minggu dari expiry di in cooler cabinet. disposal required immediately,EXPIRED
Telur ayam kondisi berubah warna kehijauan dalam freezer noted dalam daily waste report.,SPOILED
Ketchup telah lewat expired date 3 hari in cooler cabinet - disposal required immediately,EXPIRED
"inspeksi menemukan Telur ayam berbau busuk tidak sedap di chiller utama, noted dalam daily waste report",SPOILED
"inspeksi menemukan Ikan salmon berubah warna kehijauan di chiller utama, harus dibuatkan waste log entry",SPOILED
Ketchup kondisi terlewat 1 minggu dari expiry in cooler cabinet noted dalam daily waste report.,EXPIRED
"inspeksi menemukan Saus tiram sudah melewati MHD 2 minggu di refrigerated section, direject oleh kitchen manager",EXPIRED
"laporan staff shift: Saus tiram expired date terlampaui di dry goods shelf, noted dalam daily waste report",EXPIRED
Noodle dish mengalami tercampur cleaning chemical spray saat di plating area. Harus disposal required immediately,CONTAMINATED
Soup tomato tersentuh paper towel kotor di service counter - wajib segera dibuang sesuai SOP,CONTAMINATED
Ayam grilled kekuatan tekstur berubah keras dari deep fryer - noted dalam daily waste report,OVERCOOKED
Laporan: Chicken stock ditemukan leftover setelah shift di prepped but unserved. direject oleh kitchen manager,SURPLUS
Grilled chicken breast mengalami tidak terjual hari ini saat prepped but unserved. Harus noted dalam daily waste report,SURPLUS
"catatan chef: Ikan cod fillet kering berlebihan terlalu hard dari kompor main stove, harus dibuatkan waste log entry",OVERCOOKED
Laporan: Rice bowl ditemukan tercampur cleaning chemical spray di at garnish station. harus dibuatkan waste log entry,CONTAMINATED
Steak sapi ribeye kondisi terlalu gosong kecoklatan setelah oven baking direject oleh kitchen manager.,OVERCOOKED
Sandwich club kondisi tercampur cleaning chemical spray di plating area disposal required immediately.,CONTAMINATED
Susu cream kondisi terlewat 1 minggu dari expiry di refrigerated section harus dibuatkan waste log entry.,EXPIRED
Minyak zaitun kondisi sudah melewati MHD 2 minggu in cooler cabinet disposal required immediately.,EXPIRED
Minyak zaitun kondisi expired date terlampaui di dry goods shelf harus dibuatkan waste log entry.,EXPIRED
"catatan chef: Batang asparagus sisa trimming yang banyak di prep station, direject oleh kitchen manager",PREP_WASTE
Fresh fruit salad kondisi leftover setelah shift after lunch rush harus dibuatkan waste log entry.,SURPLUS
"kondisi aktual: Ketchup expired date hari ini pada cold storage rack, wajib segera dibuang sesuai SOP",EXPIRED
Tahu segar berbau busuk tidak sedap di chiller utama - direject oleh kitchen manager,SPOILED
Salad Caesar mengalami terkontaminasi hair saat di plating area. Harus disposal required immediately,CONTAMINATED
Batang seledri mengalami excessive peeling waste saat di sink area. Harus harus dibuatkan waste log entry,PREP_WASTE
Laporan: Grilled chicken breast ditemukan excess production batch di in holding warmer. wajib segera dibuang sesuai SOP,SURPLUS
Batang seledri mengalami terbuang saat pemotongan saat di sink area. Harus harus dibuatkan waste log entry,PREP_WASTE
Keju cheddar kondisi sudah melewati MHD 2 minggu di refrigerated section harus dibuatkan waste log entry.,EXPIRED
" Steak sapi ribeye hangus kehitaman dari deep fryer, harus dibuatkan waste log entry",OVERCOOKED
Laporan: Tahu segar ditemukan berjamur hijau kebiruan di di rak pantry. disposal required immediately,SPOILED
Laporan: Telur ayam ditemukan berubah warna kehijauan di dalam freezer. disposal required immediately,SPOILED
"inspeksi menemukan Potongan wortel terbuang saat pemotongan during vegetable prep, disposal required immediately",PREP_WASTE
Tahu segar kondisi berlendir kekuningan di counter prep station direject oleh kitchen manager.,SPOILED
"laporan staff shift: Soup tomato tercampur cleaning chemical spray di plating area, wajib segera dibuang sesuai SOP",CONTAMINATED
Steak sapi ribeye mengalami kering berlebihan terlalu hard saat dari kompor main stove. Harus disposal required immediately,OVERCOOKED
Laporan: Noodle dish ditemukan tersentuh oleh hands bare di during food assembly. direject oleh kitchen manager,CONTAMINATED
Rice bowl kondisi terkontaminasi hair di plating area wajib segera dibuang sesuai SOP.,CONTAMINATED
Rice bowl kondisi tercampur cleaning chemical spray at garnish station noted dalam daily waste report.,CONTAMINATED
Noodle dish kondisi tersentuh oleh hands bare di plating area disposal required immediately.,CONTAMINATED
Rice pilaf kekuatan tekstur berubah keras dari deep fryer - wajib segera dibuang sesuai SOP,OVERCOOKED
Ranting parsley bagian tak terpakai dari prep during vegetable prep - direject oleh kitchen manager,PREP_WASTE
Laporan: Steamed broccoli ditemukan leftover setelah shift di prepped but unserved. wajib segera dibuang sesuai SOP,SURPLUS
" Sandwich club terkontaminasi hair di service counter, noted dalam daily waste report",CONTAMINATED
Ayam segar mengalami berbau busuk tidak sedap saat di dry storage. Harus harus dibuatkan waste log entry,SPOILED
Laporan: Minyak zaitun ditemukan telah lewat expired date 3 hari di in cooler cabinet. noted dalam daily waste report,EXPIRED
Rice pilaf mengalami kekuatan tekstur berubah keras saat setelah oven baking. Harus disposal required immediately,OVERCOOKED
Sandwich club mengalami jatuh ke lantai langsung saat during food assembly. Harus direject oleh kitchen manager,CONTAMINATED
Soup tomato terkontaminasi hair at garnish station - direject oleh kitchen manager,CONTAMINATED
" Mayonaise expired date hari ini di refrigerated section, disposal required immediately",EXPIRED
"kondisi aktual: Kentang goreng hangus kehitaman dari deep fryer, noted dalam daily waste report",OVERCOOKED
Laporan: Kulit kentang ditemukan excessive peeling waste di di sink area. direject oleh kitchen manager,PREP_WASTE
" Kulit kentang over-trimmed during prep di prep station, noted dalam daily waste report",PREP_WASTE
"laporan staff shift: Steak sapi ribeye terlalu gosong kecoklatan grilled on BBQ, disposal required immediately",OVERCOOKED
Noodle dish kondisi tersentuh oleh hands bare di service counter disposal required immediately.,CONTAMINATED
" Mayonaise expired date hari ini in cooler cabinet, disposal required immediately",EXPIRED
Steak sapi ribeye kondisi keras sekali terlalu overdone dari deep fryer direject oleh kitchen manager.,OVERCOOKED
Laporan: Ikan salmon ditemukan berlendir keputihan di di chiller utama. direject oleh kitchen manager,SPOILED
Chicken stock mengalami tidak terjual hari ini saat in holding warmer. Harus disposal required immediately,SURPLUS
Saus tiram mengalami expired date hari ini saat pada cold storage rack. Harus harus dibuatkan waste log entry,EXPIRED
Noodle dish kondisi jatuh ke lantai langsung di plating area noted dalam daily waste report.,CONTAMINATED
Ketchup mengalami terlewat 1 minggu dari expiry saat in cooler cabinet. Harus wajib segera dibuang sesuai SOP,EXPIRED
Portion rice mengalami tidak terjual hari ini saat in holding warmer. Harus wajib segera dibuang sesuai SOP,SURPLUS
"kondisi aktual: Keju cheddar expired date terlampaui pada cold storage rack, noted dalam daily waste report",EXPIRED
Potongan wortel kondisi terbuang saat pemotongan during vegetable prep harus dibuatkan waste log entry.,PREP_WASTE
Sandwich club jatuh ke lantai langsung at garnish station - disposal required immediately,CONTAMINATED
"catatan chef: Grilled chicken breast excess production batch end of dinner service, wajib segera dibuang sesuai SOP",SURPLUS
"laporan staff shift: Noodle dish tersentuh paper towel kotor di service counter, direject oleh kitchen manager",CONTAMINATED
Noodle dish mengalami tercampur cleaning chemical spray saat di service counter. Harus harus dibuatkan waste log entry,CONTAMINATED
Laporan: Potongan wortel ditemukan excessive peeling waste di di prep station. harus dibuatkan waste log entry,PREP_WASTE
Ujung daun bawang over-trimmed during prep di sink area - disposal required immediately,PREP_WASTE
"inspeksi menemukan Kentang goreng terlalu gosong kecoklatan grilled on BBQ, direject oleh kitchen manager",OVERCOOKED
Ujung daun bawang kondisi excessive peeling waste di sink area noted dalam daily waste report.,PREP_WASTE
Minyak zaitun expired date hari ini di refrigerated section - disposal required immediately,EXPIRED
Tahu segar kondisi berbau busuk tidak sedap dalam freezer noted dalam daily waste report.,SPOILED
"kondisi aktual: Noodle dish jatuh ke lantai langsung at garnish station, wajib segera dibuang sesuai SOP",CONTAMINATED
Potongan wortel kondisi over-trimmed during prep di prep station direject oleh kitchen manager.,PREP_WASTE
Soup tomato jatuh ke lantai langsung di service counter - noted dalam daily waste report,CONTAMINATED
Laporan: Susu cream ditemukan expired date hari ini di di dry goods shelf. harus dibuatkan waste log entry,EXPIRED
Batang asparagus kondisi bagian tak terpakai dari prep pada cutting board wajib segera dibuang sesuai SOP.,PREP_WASTE
Ujung daun bawang over-trimmed during prep during vegetable prep - harus dibuatkan waste log entry,PREP_WASTE
Batang asparagus mengalami over-trimmed during prep saat di sink area. Harus disposal required immediately,PREP_WASTE
Salad Caesar tercampur cleaning chemical spray at garnish station - harus dibuatkan waste log entry,CONTAMINATED
Tahu segar mengalami berubah warna kehijauan saat di dry storage. Harus disposal required immediately,SPOILED
Tahu segar berlendir kekuningan di rak pantry - harus dibuatkan waste log entry,SPOILED
Ikan salmon kondisi berlendir keputihan dalam freezer disposal required immediately.,SPOILED
Mayonaise mengalami terlewat 1 minggu dari expiry saat in cooler cabinet. Harus noted dalam daily waste report,EXPIRED
Rice pilaf kering berlebihan terlalu hard dari kompor main stove - direject oleh kitchen manager,OVERCOOKED
Batang seledri terbuang saat pemotongan pada cutting board - harus dibuatkan waste log entry,PREP_WASTE
"laporan staff shift: Chicken stock tidak tersentuh customer prepped but unserved, noted dalam daily waste report",SURPLUS
Batang seledri kondisi sisa trimming yang banyak di prep station disposal required immediately.,PREP_WASTE
Sandwich club kondisi jatuh ke lantai langsung di service counter wajib segera dibuang sesuai SOP.,CONTAMINATED
Mayonaise sudah melewati MHD 2 minggu di refrigerated section - wajib segera dibuang sesuai SOP,EXPIRED
Ikan cod fillet kondisi terlalu gosong kecoklatan dari kompor main stove disposal required immediately.,OVERCOOKED
Ketchup sudah melewati MHD 2 minggu pada cold storage rack - disposal required immediately,EXPIRED
"catatan chef: Ikan salmon berjamur hijau kebiruan di counter prep station, direject oleh kitchen manager",SPOILED
Laporan: Kulit kentang ditemukan terbuang saat pemotongan di di prep station. noted dalam daily waste report,PREP_WASTE
Laporan: Ayam grilled ditemukan hangus kehitaman di dari kompor main stove. disposal required immediately,OVERCOOKED
Steamed broccoli mengalami over-prepared untuk service saat in holding warmer. Harus direject oleh kitchen manager,SURPLUS
Laporan: Rice pilaf ditemukan hangus kehitaman di grilled on BBQ. wajib segera dibuang sesuai SOP,OVERCOOKED
Noodle dish tersentuh paper towel kotor di service counter - noted dalam daily waste report,CONTAMINATED
Rice bowl kondisi jatuh ke lantai langsung di service counter harus dibuatkan waste log entry.,CONTAMINATED
"kondisi aktual: Steak sapi ribeye terlalu gosong kecoklatan dari kompor main stove, noted dalam daily waste report",OVERCOOKED
Rice pilaf kondisi hangus kehitaman setelah oven baking wajib segera dibuang sesuai SOP.,OVERCOOKED
Laporan: Steamed broccoli ditemukan over-prepared untuk service di prepped but unserved. harus dibuatkan waste log entry,SURPLUS
Ketchup mengalami expired date hari ini saat pada cold storage rack. Harus harus dibuatkan waste log entry,EXPIRED
Soup tomato mengalami terkontaminasi hair saat during food assembly. Harus wajib segera dibuang sesuai SOP,CONTAMINATED
Laporan: Kentang goreng ditemukan kering berlebihan terlalu hard di grilled on BBQ. noted dalam daily waste report,OVERCOOKED
Laporan: Saus tiram ditemukan expired date hari ini di di dry goods shelf. noted dalam daily waste report,EXPIRED
Ikan salmon berjamur hijau kebiruan dalam freezer - wajib segera dibuang sesuai SOP,SPOILED
"laporan staff shift: Minyak zaitun expired date terlampaui in cooler cabinet, noted dalam daily waste report",EXPIRED
" Minyak zaitun terlewat 1 minggu dari expiry di refrigerated section, harus dibuatkan waste log entry",EXPIRED
Mayonaise kondisi expired date hari ini pada cold storage rack harus dibuatkan waste log entry.,EXPIRED
Laporan: Telur ayam ditemukan berlendir kekuningan di di rak pantry. wajib segera dibuang sesuai SOP,SPOILED
"laporan staff shift: Daging sapi cincang berubah warna kehijauan di dry storage, disposal required immediately",SPOILED
Laporan: Ayam segar ditemukan berlendir keputihan di di dry storage. disposal required immediately,SPOILED
Sandwich club jatuh ke lantai langsung at garnish station - direject oleh kitchen manager,CONTAMINATED
Minyak zaitun mengalami telah lewat expired date 3 hari saat in cooler cabinet. Harus wajib segera dibuang sesuai SOP,EXPIRED
Ikan salmon berubah warna kehijauan di dry storage - direject oleh kitchen manager,SPOILED
Rice pilaf mengalami keras sekali terlalu overdone saat dari kompor main stove. Harus direject oleh kitchen manager,OVERCOOKED
Ayam segar berlendir kekuningan di counter prep station - harus dibuatkan waste log entry,SPOILED
Chicken stock over-prepared untuk service prepped but unserved - direject oleh kitchen manager,SURPLUS
" Grilled chicken breast tidak tersentuh customer in holding warmer, harus dibuatkan waste log entry",SURPLUS
"laporan staff shift: Batang asparagus excessive peeling waste pada cutting board, direject oleh kitchen manager",PREP_WASTE
"laporan staff shift: Soup tomato jatuh ke lantai langsung di plating area, wajib segera dibuang sesuai SOP",CONTAMINATED
Potongan wortel mengalami over-trimmed during prep saat di sink area. Harus wajib segera dibuang sesuai SOP,PREP_WASTE
" Minyak zaitun telah lewat expired date 3 hari di refrigerated section, direject oleh kitchen manager",EXPIRED
Chicken stock kondisi tidak tersentuh customer prepped but unserved harus dibuatkan waste log entry.,SURPLUS
Ayam grilled kondisi kekuatan tekstur berubah keras dari kompor main stove wajib segera dibuang sesuai SOP.,OVERCOOKED
Ikan cod fillet kondisi kekuatan tekstur berubah keras dari deep fryer disposal required immediately.,OVERCOOKED
" Ikan salmon berlendir keputihan di chiller utama, wajib segera dibuang sesuai SOP",SPOILED
Salad Caesar kondisi tersentuh paper towel kotor di service counter harus dibuatkan waste log entry.,CONTAMINATED
Laporan: Keju cheddar ditemukan sudah melewati MHD 2 minggu di di dry goods shelf. harus dibuatkan waste log entry,EXPIRED
Minyak zaitun kondisi expired date hari ini pada cold storage rack direject oleh kitchen manager.,EXPIRED
Grilled chicken breast mengalami over-prepared untuk service saat end of dinner service. Harus noted dalam daily waste report,SURPLUS
" Sayuran brokoli hangus kehitaman grilled on BBQ, harus dibuatkan waste log entry",OVERCOOKED
Ranting parsley mengalami terbuang saat pemotongan saat di sink area. Harus harus dibuatkan waste log entry,PREP_WASTE
Salad Caesar jatuh ke lantai langsung at garnish station - wajib segera dibuang sesuai SOP,CONTAMINATED
Laporan: Ikan cod fillet ditemukan kering berlebihan terlalu hard di grilled on BBQ. noted dalam daily waste report,OVERCOOKED
Sandwich club jatuh ke lantai langsung di service counter - harus dibuatkan waste log entry,CONTAMINATED
"catatan chef: Ayam grilled kekuatan tekstur berubah keras dari kompor main stove, wajib segera dibuang sesuai SOP",OVERCOOKED
Laporan: Potongan wortel ditemukan terbuang saat pemotongan di during vegetable prep. harus dibuatkan waste log entry,PREP_WASTE
Noodle dish kondisi jatuh ke lantai langsung di plating area noted dalam daily waste report.,CONTAMINATED
" Noodle dish tersentuh paper towel kotor at garnish station, wajib segera dibuang sesuai SOP",CONTAMINATED
" Ikan cod fillet kekuatan tekstur berubah keras setelah oven baking, wajib segera dibuang sesuai SOP",OVERCOOKED
Laporan: Ujung daun bawang ditemukan terbuang saat pemotongan di di sink area. wajib segera dibuang sesuai SOP,PREP_WASTE
Kentang goreng mengalami kekuatan tekstur berubah keras saat setelah oven baking. Harus noted dalam daily waste report,OVERCOOKED
Ikan cod fillet kondisi hangus kehitaman grilled on BBQ direject oleh kitchen manager.,OVERCOOKED
Laporan: Mayonaise ditemukan expired date terlampaui di in cooler cabinet. wajib segera dibuang sesuai SOP,EXPIRED
Noodle dish mengalami tersentuh paper towel kotor saat at garnish station. Harus wajib segera dibuang sesuai SOP,CONTAMINATED
Laporan: Noodle dish ditemukan terkontaminasi hair di at garnish station. disposal required immediately,CONTAMINATED
Portion rice mengalami over-prepared untuk service saat in holding warmer. Harus direject oleh kitchen manager,SURPLUS
Mayonaise expired date terlampaui pada cold storage rack - harus dibuatkan waste log entry,EXPIRED
Minyak zaitun kondisi expired date terlampaui di refrigerated section harus dibuatkan waste log entry.,EXPIRED
Mayonaise expired date terlampaui di refrigerated section - disposal required immediately,EXPIRED
Laporan: Daging sapi cincang ditemukan berlendir kekuningan di di chiller utama. disposal required immediately,SPOILED
Ikan salmon kondisi berlendir keputihan di dry storage disposal required immediately.,SPOILED
Laporan: Batang seledri ditemukan sisa trimming yang banyak di pada cutting board. disposal required immediately,PREP_WASTE
Steamed broccoli kondisi tidak terjual hari ini prepped but unserved harus dibuatkan waste log entry.,SURPLUS
Ketchup kondisi sudah melewati MHD 2 minggu di refrigerated section disposal required immediately.,EXPIRED
Daging sapi cincang kondisi berlendir keputihan dalam freezer harus dibuatkan waste log entry.,SPOILED
Kulit kentang kondisi terbuang saat pemotongan pada cutting board disposal required immediately.,PREP_WASTE
"laporan staff shift: Batang seledri terbuang saat pemotongan during vegetable prep, noted dalam daily waste report",PREP_WASTE
Ikan salmon kondisi berlendir kekuningan dalam freezer harus dibuatkan waste log entry.,SPOILED
Ayam segar mengalami berlendir keputihan saat dalam freezer. Harus noted dalam daily waste report,SPOILED
Soup tomato mengalami tersentuh paper towel kotor saat at garnish station. Harus disposal required immediately,CONTAMINATED
Ikan cod fillet kering berlebihan terlalu hard dari deep fryer - harus dibuatkan waste log entry,OVERCOOKED
"kondisi aktual: Keju cheddar expired date terlampaui pada cold storage rack, harus dibuatkan waste log entry",EXPIRED
"kondisi aktual: Steamed broccoli excess production batch after lunch rush, direject oleh kitchen manager",SURPLUS
Salad Caesar tercampur cleaning chemical spray di plating area - harus dibuatkan waste log entry,CONTAMINATED
Laporan: Minyak zaitun ditemukan terlewat 1 minggu dari expiry di pada cold storage rack. harus dibuatkan waste log entry,EXPIRED
Laporan: Tahu segar ditemukan berubah warna kehijauan di di chiller utama. wajib segera dibuang sesuai SOP,SPOILED
Sayuran brokoli kondisi kering berlebihan terlalu hard grilled on BBQ harus dibuatkan waste log entry.,OVERCOOKED
Keju cheddar expired date terlampaui pada cold storage rack - harus dibuatkan waste log entry,EXPIRED
Grilled chicken breast mengalami leftover setelah shift saat prepped but unserved. Harus noted dalam daily waste report,SURPLUS
Laporan: Ikan salmon ditemukan berbau busuk tidak sedap di di chiller utama. direject oleh kitchen manager,SPOILED
Steamed broccoli mengalami over-prepared untuk service saat in holding warmer. Harus noted dalam daily waste report,SURPLUS
"inspeksi menemukan Fresh fruit salad leftover setelah shift end of dinner service, disposal required immediately",SURPLUS
Sandwich club mengalami tersentuh paper towel kotor saat during food assembly. Harus wajib segera dibuang sesuai SOP,CONTAMINATED
"kondisi aktual: Mayonaise expired date terlampaui di refrigerated section, harus dibuatkan waste log entry",EXPIRED
Ujung daun bawang kondisi excessive peeling waste during vegetable prep harus dibuatkan waste log entry.,PREP_WASTE
"inspeksi menemukan Ikan cod fillet kering berlebihan terlalu hard dari kompor main stove, wajib segera dibuang sesuai SOP",OVERCOOKED
"inspeksi menemukan Kentang goreng keras sekali terlalu overdone dari kompor main stove, wajib segera dibuang sesuai SOP",OVERCOOKED
Soup tomato kondisi tersentuh paper towel kotor di plating area wajib segera dibuang sesuai SOP.,CONTAMINATED
Sandwich club kondisi tersentuh oleh hands bare di plating area disposal required immediately.,CONTAMINATED
Grilled chicken breast kondisi excess production batch end of dinner service direject oleh kitchen manager.,SURPLUS
Soup tomato kondisi tersentuh oleh hands bare di plating area wajib segera dibuang sesuai SOP.,CONTAMINATED
Steak sapi ribeye kondisi terlalu gosong kecoklatan setelah oven baking disposal required immediately.,OVERCOOKED
Grilled chicken breast mengalami over-prepared untuk service saat in holding warmer. Harus harus dibuatkan waste log entry,SURPLUS
"laporan staff shift: Ranting parsley sisa trimming yang banyak during vegetable prep, wajib segera dibuang sesuai SOP",PREP_WASTE
Ayam segar berlendir kekuningan di rak pantry - disposal required immediately,SPOILED
"inspeksi menemukan Chicken stock tidak tersentuh customer after lunch rush, direject oleh kitchen manager",SURPLUS
Telur ayam mengalami berjamur hijau kebiruan saat dalam freezer. Harus wajib segera dibuang sesuai SOP,SPOILED
Sandwich club tersentuh paper towel kotor di plating area - disposal required immediately,CONTAMINATED
"kondisi aktual: Soup tomato jatuh ke lantai langsung di service counter, wajib segera dibuang sesuai SOP",CONTAMINATED
Noodle dish mengalami tercampur cleaning chemical spray saat di plating area. Harus noted dalam daily waste report,CONTAMINATED
Steamed broccoli mengalami excess production batch saat after lunch rush. Harus wajib segera dibuang sesuai SOP,SURPLUS
Minyak zaitun terlewat 1 minggu dari expiry in cooler cabinet - disposal required immediately,EXPIRED
Laporan: Sandwich club ditemukan terkontaminasi hair di during food assembly. noted dalam daily waste report,CONTAMINATED
Ketchup kondisi telah lewat expired date 3 hari di refrigerated section direject oleh kitchen manager.,EXPIRED
"inspeksi menemukan Rice bowl tersentuh oleh hands bare during food assembly, disposal required immediately",CONTAMINATED
Laporan: Ikan cod fillet ditemukan keras sekali terlalu overdone di setelah oven baking. wajib segera dibuang sesuai SOP,OVERCOOKED
"catatan chef: Susu cream terlewat 1 minggu dari expiry in cooler cabinet, wajib segera dibuang sesuai SOP",EXPIRED
Rice bowl tercampur cleaning chemical spray di plating area - wajib segera dibuang sesuai SOP,CONTAMINATED
Laporan: Saus tiram ditemukan expired date hari ini di in cooler cabinet. noted dalam daily waste report,EXPIRED
"inspeksi menemukan Noodle dish tersentuh oleh hands bare di plating area, wajib segera dibuang sesuai SOP",CONTAMINATED
Laporan: Kulit kentang ditemukan bagian tak terpakai dari prep di pada cutting board. direject oleh kitchen manager,PREP_WASTE
Steak sapi ribeye kekuatan tekstur berubah keras dari deep fryer - direject oleh kitchen manager,OVERCOOKED
Sayuran brokoli kondisi terlalu gosong kecoklatan grilled on BBQ harus dibuatkan waste log entry.,OVERCOOKED
Laporan: Ujung daun bawang ditemukan sisa trimming yang banyak di pada cutting board. direject oleh kitchen manager,PREP_WASTE
Laporan: Steamed broccoli ditemukan over-prepared untuk service di in holding warmer. harus dibuatkan waste log entry,SURPLUS
Soup tomato kondisi tersentuh oleh hands bare at garnish station direject oleh kitchen manager.,CONTAMINATED
"catatan chef: Batang asparagus terbuang saat pemotongan di prep station, noted dalam daily waste report",PREP_WASTE
Kulit kentang mengalami over-trimmed during prep saat pada cutting board. Harus direject oleh kitchen manager,PREP_WASTE
Laporan: Chicken stock ditemukan excess production batch di end of dinner service. disposal required immediately,SURPLUS
Ikan cod fillet mengalami keras sekali terlalu overdone saat dari deep fryer. Harus noted dalam daily waste report,OVERCOOKED
Tahu segar berbau busuk tidak sedap di chiller utama - direject oleh kitchen manager,SPOILED
Laporan: Batang asparagus ditemukan excessive peeling waste di di prep station. disposal required immediately,PREP_WASTE
"kondisi aktual: Ayam grilled keras sekali terlalu overdone dari deep fryer, wajib segera dibuang sesuai SOP",OVERCOOKED
Salad Caesar terkontaminasi hair at garnish station - direject oleh kitchen manager,CONTAMINATED
Sayuran brokoli kondisi hangus kehitaman dari deep fryer noted dalam daily waste report.,OVERCOOKED
Rice bowl kondisi tersentuh oleh hands bare at garnish station harus dibuatkan waste log entry.,CONTAMINATED
Steak sapi ribeye hangus kehitaman grilled on BBQ - noted dalam daily waste report,OVERCOOKED
Keju cheddar mengalami expired date hari ini saat pada cold storage rack. Harus wajib segera dibuang sesuai SOP,EXPIRED
Ikan cod fillet kondisi terlalu gosong kecoklatan dari kompor main stove disposal required immediately.,OVERCOOKED
Tahu segar kondisi berlendir keputihan dalam freezer harus dibuatkan waste log entry.,SPOILED
Portion rice kondisi over-prepared untuk service after lunch rush harus dibuatkan waste log entry.,SURPLUS
Laporan: Minyak zaitun ditemukan telah lewat expired date 3 hari di pada cold storage rack. disposal required immediately,EXPIRED
"catatan chef: Kentang goreng terlalu gosong kecoklatan grilled on BBQ, harus dibuatkan waste log entry",OVERCOOKED
Ayam segar berbau busuk tidak sedap di chiller utama - disposal required immediately,SPOILED
"catatan chef: Grilled chicken breast over-prepared untuk service prepped but unserved, harus dibuatkan waste log entry",SURPLUS
Telur ayam mengalami berjamur hijau kebiruan saat di chiller utama. Harus wajib segera dibuang sesuai SOP,SPOILED
Sandwich club tersentuh oleh hands bare di plating area - noted dalam daily waste report,CONTAMINATED
Noodle dish kondisi terkontaminasi hair di plating area noted dalam daily waste report.,CONTAMINATED
"inspeksi menemukan Ikan salmon berjamur hijau kebiruan di chiller utama, wajib segera dibuang sesuai SOP",SPOILED
Rice bowl mengalami tersentuh oleh hands bare saat di service counter. Harus direject oleh kitchen manager,CONTAMINATED
Salad Caesar terkontaminasi hair during food assembly - harus dibuatkan waste log entry,CONTAMINATED
Saus tiram kondisi terlewat 1 minggu dari expiry di dry goods shelf direject oleh kitchen manager.,EXPIRED
" Ikan cod fillet hangus kehitaman setelah oven baking, wajib segera dibuang sesuai SOP",OVERCOOKED
Laporan: Kulit kentang ditemukan excessive peeling waste di during vegetable prep. disposal required immediately,PREP_WASTE
"catatan chef: Rice pilaf terlalu gosong kecoklatan grilled on BBQ, harus dibuatkan waste log entry",OVERCOOKED
" Grilled chicken breast over-prepared untuk service end of dinner service, harus dibuatkan waste log entry",SURPLUS
Steak sapi ribeye kering berlebihan terlalu hard grilled on BBQ - harus dibuatkan waste log entry,OVERCOOKED
Ujung daun bawang kondisi bagian tak terpakai dari prep di sink area harus dibuatkan waste log entry.,PREP_WASTE
Laporan: Kentang goreng ditemukan terlalu gosong kecoklatan di grilled on BBQ. wajib segera dibuang sesuai SOP,OVERCOOKED
Steamed broccoli kondisi excess production batch end of dinner service harus dibuatkan waste log entry.,SURPLUS
Laporan: Ikan salmon ditemukan berlendir kekuningan di di rak pantry. wajib segera dibuang sesuai SOP,SPOILED
"laporan staff shift: Chicken stock leftover setelah shift in holding warmer, disposal required immediately",SURPLUS
"catatan chef: Batang asparagus excessive peeling waste di sink area, disposal required immediately",PREP_WASTE
Ketchup expired date terlampaui in cooler cabinet - harus dibuatkan waste log entry,EXPIRED
Keju cheddar mengalami terlewat 1 minggu dari expiry saat di dry goods shelf. Harus direject oleh kitchen manager,EXPIRED
Ayam segar mengalami berlendir keputihan saat di dry storage. Harus harus dibuatkan waste log entry,SPOILED
"inspeksi menemukan Kulit kentang sisa trimming yang banyak di prep station, noted dalam daily waste report",PREP_WASTE
Laporan: Ketchup ditemukan expired date hari ini di pada cold storage rack. disposal required immediately,EXPIRED
Portion rice tidak terjual hari ini after lunch rush - wajib segera dibuang sesuai SOP,SURPLUS
" Daging sapi cincang berubah warna kehijauan di chiller utama, disposal required immediately",SPOILED
"inspeksi menemukan Steamed broccoli tidak tersentuh customer end of dinner service, wajib segera dibuang sesuai SOP",SURPLUS
Laporan: Grilled chicken breast ditemukan tidak terjual hari ini di prepped but unserved. noted dalam daily waste report,SURPLUS
"inspeksi menemukan Steak sapi ribeye kekuatan tekstur berubah keras grilled on BBQ, direject oleh kitchen manager",OVERCOOKED
Batang seledri mengalami bagian tak terpakai dari prep saat during vegetable prep. Harus wajib segera dibuang sesuai SOP,PREP_WASTE
"inspeksi menemukan Sayuran brokoli terlalu gosong kecoklatan dari deep fryer, harus dibuatkan waste log entry",OVERCOOKED
"catatan chef: Batang asparagus terbuang saat pemotongan di sink area, wajib segera dibuang sesuai SOP",PREP_WASTE
Laporan: Ranting parsley ditemukan over-trimmed during prep di pada cutting board. direject oleh kitchen manager,PREP_WASTE
Keju cheddar mengalami terlewat 1 minggu dari expiry saat in cooler cabinet. Harus disposal required immediately,EXPIRED
"inspeksi menemukan Ketchup telah lewat expired date 3 hari di dry goods shelf, wajib segera dibuang sesuai SOP",EXPIRED
Portion rice excess production batch end of dinner service - noted dalam daily waste report,SURPLUS
Laporan: Ikan salmon ditemukan berubah warna kehijauan di dalam freezer. wajib segera dibuang sesuai SOP,SPOILED
"inspeksi menemukan Kentang goreng kekuatan tekstur berubah keras dari kompor main stove, disposal required immediately",OVERCOOKED
Portion rice excess production batch end of dinner service - direject oleh kitchen manager,SURPLUS
Noodle dish jatuh ke lantai langsung during food assembly - direject oleh kitchen manager,CONTAMINATED
Ayam grilled kekuatan tekstur berubah keras grilled on BBQ - direject oleh kitchen manager,OVERCOOKED
Rice bowl tersentuh oleh hands bare during food assembly - noted dalam daily waste report,CONTAMINATED
Salad Caesar mengalami terkontaminasi hair saat di plating area. Harus disposal required immediately,CONTAMINATED
Ayam grilled kondisi kekuatan tekstur berubah keras dari kompor main stove direject oleh kitchen manager.,OVERCOOKED
Sandwich club mengalami tersentuh paper towel kotor saat during food assembly. Harus noted dalam daily waste report,CONTAMINATED
Salad Caesar tersentuh oleh hands bare during food assembly - wajib segera dibuang sesuai SOP,CONTAMINATED
Susu cream kondisi expired date hari ini di dry goods shelf harus dibuatkan waste log entry.,EXPIRED
Soup tomato mengalami terkontaminasi hair saat di service counter. Harus harus dibuatkan waste log entry,CONTAMINATED
Ikan cod fillet hangus kehitaman setelah oven baking - disposal required immediately,OVERCOOKED
"inspeksi menemukan Steak sapi ribeye kering berlebihan terlalu hard dari kompor main stove, wajib segera dibuang sesuai SOP",OVERCOOKED
Rice bowl terkontaminasi hair at garnish station - noted dalam daily waste report,CONTAMINATED
Kulit kentang mengalami sisa trimming yang banyak saat during vegetable prep. Harus noted dalam daily waste report,PREP_WASTE
Tahu segar mengalami berbau busuk tidak sedap saat di dry storage. Harus wajib segera dibuang sesuai SOP,SPOILED
Laporan: Batang seledri ditemukan terbuang saat pemotongan di during vegetable prep. harus dibuatkan waste log entry,PREP_WASTE
Laporan: Kulit kentang ditemukan over-trimmed during prep di during vegetable prep. disposal required immediately,PREP_WASTE
Telur ayam mengalami berbau busuk tidak sedap saat di chiller utama. Harus direject oleh kitchen manager,SPOILED
Laporan: Sandwich club ditemukan tersentuh oleh hands bare di di plating area. direject oleh kitchen manager,CONTAMINATED
"catatan chef: Grilled chicken breast excess production batch end of dinner service, wajib segera dibuang sesuai SOP",SURPLUS
"inspeksi menemukan Saus tiram expired date hari ini di dry goods shelf, direject oleh kitchen manager",EXPIRED
"kondisi aktual: Ayam segar berjamur hijau kebiruan di dry storage, noted dalam daily waste report",SPOILED
Rice bowl mengalami tersentuh oleh hands bare saat at garnish station. Harus direject oleh kitchen manager,CONTAMINATED
" Ikan salmon berubah warna kehijauan di counter prep station, direject oleh kitchen manager",SPOILED
Laporan: Daging sapi cincang ditemukan berubah warna kehijauan di di counter prep station. disposal required immediately,SPOILED
Steamed broccoli mengalami leftover setelah shift saat prepped but unserved. Harus noted dalam daily waste report,SURPLUS
"catatan chef: Rice pilaf terlalu gosong kecoklatan dari deep fryer, harus dibuatkan waste log entry",OVERCOOKED
Batang seledri kondisi sisa trimming yang banyak di sink area harus dibuatkan waste log entry.,PREP_WASTE
Tahu segar mengalami berubah warna kehijauan saat di dry storage. Harus direject oleh kitchen manager,SPOILED
Chicken stock kondisi tidak terjual hari ini end of dinner service harus dibuatkan waste log entry.,SURPLUS
"inspeksi menemukan Soup tomato jatuh ke lantai langsung during food assembly, direject oleh kitchen manager",CONTAMINATED
Tahu segar mengalami berlendir kekuningan saat di counter prep station. Harus direject oleh kitchen manager,SPOILED
"catatan chef: Minyak zaitun terlewat 1 minggu dari expiry di refrigerated section, harus dibuatkan waste log entry",EXPIRED
Soup tomato terkontaminasi hair during food assembly - wajib segera dibuang sesuai SOP,CONTAMINATED
"kondisi aktual: Ikan salmon berlendir kekuningan dalam freezer, disposal required immediately",SPOILED
Noodle dish kondisi tersentuh oleh hands bare di service counter disposal required immediately.,CONTAMINATED
Minyak zaitun sudah melewati MHD 2 minggu di refrigerated section - noted dalam daily waste report,EXPIRED
Laporan: Soup tomato ditemukan terkontaminasi hair di during food assembly. harus dibuatkan waste log entry,CONTAMINATED
Rice bowl mengalami jatuh ke lantai langsung saat di plating area. Harus direject oleh kitchen manager,CONTAMINATED
Tahu segar mengalami berlendir kekuningan saat di dry storage. Harus direject oleh kitchen manager,SPOILED
Rice pilaf kekuatan tekstur berubah keras setelah oven baking - noted dalam daily waste report,OVERCOOKED
"kondisi aktual: Steamed broccoli tidak tersentuh customer in holding warmer, disposal required immediately",SURPLUS
Tahu segar mengalami berlendir kekuningan saat dalam freezer. Harus harus dibuatkan waste log entry,SPOILED
"laporan staff shift: Kulit kentang excessive peeling waste di prep station, noted dalam daily waste report",PREP_WASTE
Laporan: Keju cheddar ditemukan expired date hari ini di di dry goods shelf. harus dibuatkan waste log entry,EXPIRED
"inspeksi menemukan Mayonaise expired date hari ini di dry goods shelf, harus dibuatkan waste log entry",EXPIRED
Ikan cod fillet kekuatan tekstur berubah keras dari kompor main stove - wajib segera dibuang sesuai SOP,OVERCOOKED
"kondisi aktual: Soup tomato jatuh ke lantai langsung at garnish station, harus dibuatkan waste log entry",CONTAMINATED
Sandwich club terkontaminasi hair during food assembly - harus dibuatkan waste log entry,CONTAMINATED
Laporan: Keju cheddar ditemukan telah lewat expired date 3 hari di pada cold storage rack. wajib segera dibuang sesuai SOP,EXPIRED
Telur ayam mengalami berlendir kekuningan saat di chiller utama. Harus noted dalam daily waste report,SPOILED
" Keju cheddar terlewat 1 minggu dari expiry di refrigerated section, noted dalam daily waste report",EXPIRED
Telur ayam kondisi berubah warna kehijauan dalam freezer wajib segera dibuang sesuai SOP.,SPOILED
Laporan: Ikan salmon ditemukan berlendir kekuningan di di counter prep station. direject oleh kitchen manager,SPOILED
" Ketchup telah lewat expired date 3 hari pada cold storage rack, wajib segera dibuang sesuai SOP",EXPIRED
Laporan: Ikan salmon ditemukan berbau busuk tidak sedap di dalam freezer. disposal required immediately,SPOILED
Portion rice kondisi excess production batch prepped but unserved harus dibuatkan waste log entry.,SURPLUS
Salad Caesar kondisi tersentuh oleh hands bare at garnish station direject oleh kitchen manager.,CONTAMINATED
Sayuran brokoli kondisi hangus kehitaman setelah oven baking disposal required immediately.,OVERCOOKED
"inspeksi menemukan Soup tomato tersentuh oleh hands bare di service counter, disposal required immediately",CONTAMINATED
Mayonaise mengalami expired date hari ini saat di dry goods shelf. Harus wajib segera dibuang sesuai SOP,EXPIRED
Laporan: Tahu segar ditemukan berjamur hijau kebiruan di dalam freezer. direject oleh kitchen manager,SPOILED
Laporan: Salad Caesar ditemukan jatuh ke lantai langsung di di plating area. harus dibuatkan waste log entry,CONTAMINATED
"catatan chef: Grilled chicken breast excess production batch end of dinner service, disposal required immediately",SURPLUS
Potongan wortel kondisi sisa trimming yang banyak during vegetable prep noted dalam daily waste report.,PREP_WASTE
Keju cheddar telah lewat expired date 3 hari in cooler cabinet - disposal required immediately,EXPIRED
Laporan: Minyak zaitun ditemukan sudah melewati MHD 2 minggu di di refrigerated section. harus dibuatkan waste log entry,EXPIRED
Soup tomato jatuh ke lantai langsung di service counter - noted dalam daily waste report,CONTAMINATED
Grilled chicken breast kondisi excess production batch prepped but unserved disposal required immediately.,SURPLUS
Soup tomato kondisi tercampur cleaning chemical spray di plating area noted dalam daily waste report.,CONTAMINATED
"kondisi aktual: Ayam grilled kekuatan tekstur berubah keras dari deep fryer, direject oleh kitchen manager",OVERCOOKED
Sandwich club tersentuh paper towel kotor di service counter - noted dalam daily waste report,CONTAMINATED
Ranting parsley terbuang saat pemotongan di sink area - disposal required immediately,PREP_WASTE
Kulit kentang mengalami excessive peeling waste saat di sink area. Harus noted dalam daily waste report,PREP_WASTE
Laporan: Ikan salmon ditemukan berjamur hijau kebiruan di di counter prep station. harus dibuatkan waste log entry,SPOILED
"kondisi aktual: Potongan wortel sisa trimming yang banyak pada cutting board, wajib segera dibuang sesuai SOP",PREP_WASTE
Laporan: Soup tomato ditemukan tercampur cleaning chemical spray di di service counter. disposal required immediately,CONTAMINATED
Ketchup kondisi expired date hari ini pada cold storage rack direject oleh kitchen manager.,EXPIRED
Laporan: Susu cream ditemukan sudah melewati MHD 2 minggu di in cooler cabinet. wajib segera dibuang sesuai SOP,EXPIRED
"kondisi aktual: Fresh fruit salad tidak tersentuh customer prepped but unserved, wajib segera dibuang sesuai SOP",SURPLUS
Laporan: Soup tomato ditemukan tersentuh paper towel kotor di di service counter. direject oleh kitchen manager,CONTAMINATED
Laporan: Susu cream ditemukan sudah melewati MHD 2 minggu di in cooler cabinet. disposal required immediately,EXPIRED
Minyak zaitun terlewat 1 minggu dari expiry pada cold storage rack - harus dibuatkan waste log entry,EXPIRED
"inspeksi menemukan Ketchup terlewat 1 minggu dari expiry in cooler cabinet, direject oleh kitchen manager",EXPIRED
Ketchup telah lewat expired date 3 hari di dry goods shelf - direject oleh kitchen manager,EXPIRED
"laporan staff shift: Chicken stock leftover setelah shift in holding warmer, harus dibuatkan waste log entry",SURPLUS
Telur ayam berjamur hijau kebiruan di chiller utama - direject oleh kitchen manager,SPOILED
Steamed broccoli excess production batch in holding warmer - noted dalam daily waste report,SURPLUS
Ranting parsley mengalami terbuang saat pemotongan saat di prep station. Harus harus dibuatkan waste log entry,PREP_WASTE
Laporan: Ranting parsley ditemukan terbuang saat pemotongan di di sink area. noted dalam daily waste report,PREP_WASTE
Sayuran brokoli kondisi kekuatan tekstur berubah keras dari deep fryer harus dibuatkan waste log entry.,OVERCOOKED
Ujung daun bawang kondisi sisa trimming yang banyak pada cutting board harus dibuatkan waste log entry.,PREP_WASTE
Laporan: Grilled chicken breast ditemukan over-prepared untuk service di in holding warmer. disposal required immediately,SURPLUS
Daging sapi cincang mengalami berubah warna kehijauan saat di rak pantry. Harus disposal required immediately,SPOILED
Ranting parsley mengalami over-trimmed during prep saat di prep station. Harus disposal required immediately,PREP_WASTE
Laporan: Ketchup ditemukan telah lewat expired date 3 hari di pada cold storage rack. wajib segera dibuang sesuai SOP,EXPIRED
Steak sapi ribeye kondisi terlalu gosong kecoklatan setelah oven baking disposal required immediately.,OVERCOOKED
"inspeksi menemukan Rice pilaf hangus kehitaman grilled on BBQ, harus dibuatkan waste log entry",OVERCOOKED
Mayonaise kondisi sudah melewati MHD 2 minggu di dry goods shelf noted dalam daily waste report.,EXPIRED
"catatan chef: Sandwich club tersentuh oleh hands bare di plating area, direject oleh kitchen manager",CONTAMINATED
Ayam segar kondisi berubah warna kehijauan di rak pantry wajib segera dibuang sesuai SOP.,SPOILED
Telur ayam kondisi berlendir keputihan di rak pantry wajib segera dibuang sesuai SOP.,SPOILED
Laporan: Rice pilaf ditemukan kering berlebihan terlalu hard di setelah oven baking. harus dibuatkan waste log entry,OVERCOOKED
Laporan: Potongan wortel ditemukan excessive peeling waste di di sink area. direject oleh kitchen manager,PREP_WASTE
Laporan: Keju cheddar ditemukan expired date hari ini di pada cold storage rack. noted dalam daily waste report,EXPIRED
Salad Caesar mengalami terkontaminasi hair saat di plating area. Harus disposal required immediately,CONTAMINATED
Noodle dish mengalami tersentuh paper towel kotor saat at garnish station. Harus wajib segera dibuang sesuai SOP,CONTAMINATED
Sayuran brokoli mengalami terlalu gosong kecoklatan saat dari deep fryer. Harus harus dibuatkan waste log entry,OVERCOOKED
Telur ayam kondisi berjamur hijau kebiruan di chiller utama harus dibuatkan waste log entry.,SPOILED
Kulit kentang sisa trimming yang banyak during vegetable prep - direject oleh kitchen manager,PREP_WASTE
Ikan salmon berlendir keputihan di dry storage - direject oleh kitchen manager,SPOILED
Rice bowl mengalami terkontaminasi hair saat di service counter. Harus disposal required immediately,CONTAMINATED
Laporan: Sandwich club ditemukan tersentuh oleh hands bare di during food assembly. noted dalam daily waste report,CONTAMINATED
Sayuran brokoli kondisi hangus kehitaman dari kompor main stove disposal required immediately.,OVERCOOKED
"laporan staff shift: Sandwich club tercampur cleaning chemical spray di service counter, noted dalam daily waste report",CONTAMINATED
"kondisi aktual: Portion rice tidak terjual hari ini after lunch rush, direject oleh kitchen manager",SURPLUS
Batang seledri kondisi sisa trimming yang banyak pada cutting board direject oleh kitchen manager.,PREP_WASTE
Ikan cod fillet kondisi kekuatan tekstur berubah keras dari deep fryer direject oleh kitchen manager.,OVERCOOKED
Laporan: Batang asparagus ditemukan terbuang saat pemotongan di pada cutting board. disposal required immediately,PREP_WASTE
Batang asparagus mengalami over-trimmed during prep saat during vegetable prep. Harus noted dalam daily waste report,PREP_WASTE
Telur ayam kondisi berlendir kekuningan di chiller utama direject oleh kitchen manager.,SPOILED
Portion rice tidak terjual hari ini after lunch rush - direject oleh kitchen manager,SURPLUS
"catatan chef: Sandwich club jatuh ke lantai langsung at garnish station, direject oleh kitchen manager",CONTAMINATED
Tahu segar mengalami berlendir keputihan saat dalam freezer. Harus direject oleh kitchen manager,SPOILED
Telur ayam mengalami berubah warna kehijauan saat di counter prep station. Harus noted dalam daily waste report,SPOILED
Kulit kentang mengalami over-trimmed during prep saat pada cutting board. Harus wajib segera dibuang sesuai SOP,PREP_WASTE
"kondisi aktual: Rice bowl tersentuh paper towel kotor at garnish station, noted dalam daily waste report",CONTAMINATED
Ayam grilled kondisi keras sekali terlalu overdone dari kompor main stove noted dalam daily waste report.,OVERCOOKED
Tahu segar mengalami berubah warna kehijauan saat di counter prep station. Harus wajib segera dibuang sesuai SOP,SPOILED
Steak sapi ribeye mengalami kering berlebihan terlalu hard saat dari deep fryer. Harus wajib segera dibuang sesuai SOP,OVERCOOKED
"catatan chef: Ketchup expired date terlampaui di dry goods shelf, disposal required immediately",EXPIRED
Ikan cod fillet keras sekali terlalu overdone grilled on BBQ - noted dalam daily waste report,OVERCOOKED
Potongan wortel over-trimmed during prep di prep station - wajib segera dibuang sesuai SOP,PREP_WASTE
Laporan: Portion rice ditemukan tidak tersentuh customer di end of dinner service. direject oleh kitchen manager,SURPLUS
"kondisi aktual: Portion rice leftover setelah shift prepped but unserved, disposal required immediately",SURPLUS
Ujung daun bawang mengalami bagian tak terpakai dari prep saat pada cutting board. Harus direject oleh kitchen manager,PREP_WASTE
Laporan: Steamed broccoli ditemukan tidak terjual hari ini di in holding warmer. disposal required immediately,SURPLUS
Ayam grilled keras sekali terlalu overdone dari kompor main stove - harus dibuatkan waste log entry,OVERCOOKED
Laporan: Soup tomato ditemukan jatuh ke lantai langsung di di service counter. direject oleh kitchen manager,CONTAMINATED
"catatan chef: Salad Caesar terkontaminasi hair di plating area, harus dibuatkan waste log entry",CONTAMINATED
Tahu segar mengalami berjamur hijau kebiruan saat di rak pantry. Harus harus dibuatkan waste log entry,SPOILED
Batang seledri kondisi bagian tak terpakai dari prep during vegetable prep harus dibuatkan waste log entry.,PREP_WASTE
Batang seledri terbuang saat pemotongan di prep station - wajib segera dibuang sesuai SOP,PREP_WASTE
Keju cheddar terlewat 1 minggu dari expiry di dry goods shelf - disposal required immediately,EXPIRED
Soup tomato kondisi tersentuh paper towel kotor di service counter noted dalam daily waste report.,CONTAMINATED
Ketchup telah lewat expired date 3 hari pada cold storage rack - disposal required immediately,EXPIRED
Ayam segar mengalami berubah warna kehijauan saat di dry storage. Harus direject oleh kitchen manager,SPOILED
"catatan chef: Steamed broccoli tidak terjual hari ini after lunch rush, wajib segera dibuang sesuai SOP",SURPLUS
Grilled chicken breast kondisi excess production batch end of dinner service harus dibuatkan waste log entry.,SURPLUS
Mayonaise expired date terlampaui di refrigerated section - direject oleh kitchen manager,EXPIRED
Ikan salmon berubah warna kehijauan di dry storage - harus dibuatkan waste log entry,SPOILED
Laporan: Kulit kentang ditemukan terbuang saat pemotongan di di prep station. wajib segera dibuang sesuai SOP,PREP_WASTE
Laporan: Ranting parsley ditemukan terbuang saat pemotongan di di sink area. harus dibuatkan waste log entry,PREP_WASTE
Laporan: Tahu segar ditemukan berlendir kekuningan di di chiller utama. disposal required immediately,SPOILED
Keju cheddar expired date terlampaui di refrigerated section - wajib segera dibuang sesuai SOP,EXPIRED
Laporan: Portion rice ditemukan tidak tersentuh customer di after lunch rush. direject oleh kitchen manager,SURPLUS
"inspeksi menemukan Saus tiram telah lewat expired date 3 hari pada cold storage rack, noted dalam daily waste report",EXPIRED
Portion rice kondisi over-prepared untuk service prepped but unserved wajib segera dibuang sesuai SOP.,SURPLUS
Ranting parsley sisa trimming yang banyak di sink area - direject oleh kitchen manager,PREP_WASTE
Ranting parsley mengalami over-trimmed during prep saat during vegetable prep. Harus noted dalam daily waste report,PREP_WASTE
Portion rice excess production batch after lunch rush - wajib segera dibuang sesuai SOP,SURPLUS
"catatan chef: Grilled chicken breast tidak tersentuh customer in holding warmer, disposal required immediately",SURPLUS
Ketchup expired date terlampaui di dry goods shelf - harus dibuatkan waste log entry,EXPIRED
Steak sapi ribeye kondisi terlalu gosong kecoklatan grilled on BBQ disposal required immediately.,OVERCOOKED
"laporan staff shift: Tahu segar berubah warna kehijauan di counter prep station, direject oleh kitchen manager",SPOILED
Mayonaise mengalami sudah melewati MHD 2 minggu saat in cooler cabinet. Harus harus dibuatkan waste log entry,EXPIRED
"catatan chef: Keju cheddar expired date hari ini di dry goods shelf, disposal required immediately",EXPIRED
Rice bowl kondisi terkontaminasi hair during food assembly wajib segera dibuang sesuai SOP.,CONTAMINATED
Laporan: Portion rice ditemukan tidak tersentuh customer di end of dinner service. noted dalam daily waste report,SURPLUS
Soup tomato tercampur cleaning chemical spray at garnish station - direject oleh kitchen manager,CONTAMINATED
Noodle dish kondisi jatuh ke lantai langsung at garnish station disposal required immediately.,CONTAMINATED
"catatan chef: Chicken stock excess production batch after lunch rush, direject oleh kitchen manager",SURPLUS
Laporan: Grilled chicken breast ditemukan over-prepared untuk service di in holding warmer. noted dalam daily waste report,SURPLUS
" Kulit kentang excessive peeling waste di sink area, noted dalam daily waste report",PREP_WASTE
Potongan wortel over-trimmed during prep pada cutting board - harus dibuatkan waste log entry,PREP_WASTE
Laporan: Ujung daun bawang ditemukan excessive peeling waste di di sink area. direject oleh kitchen manager,PREP_WASTE
Telur ayam berjamur hijau kebiruan di chiller utama - harus dibuatkan waste log entry,SPOILED
"catatan chef: Rice bowl tercampur cleaning chemical spray during food assembly, harus dibuatkan waste log entry",CONTAMINATED
Rice bowl jatuh ke lantai langsung di plating area - direject oleh kitchen manager,CONTAMINATED
Laporan: Mayonaise ditemukan sudah melewati MHD 2 minggu di di dry goods shelf. wajib segera dibuang sesuai SOP,EXPIRED
Laporan: Ujung daun bawang ditemukan sisa trimming yang banyak di during vegetable prep. disposal required immediately,PREP_WASTE
Laporan: Noodle dish ditemukan jatuh ke lantai langsung di di plating area. harus dibuatkan waste log entry,CONTAMINATED
Steamed broccoli tidak tersentuh customer in holding warmer - direject oleh kitchen manager,SURPLUS
"catatan chef: Potongan wortel over-trimmed during prep di prep station, noted dalam daily waste report",PREP_WASTE
Ayam segar berlendir kekuningan di chiller utama - direject oleh kitchen manager,SPOILED
"inspeksi menemukan Potongan wortel bagian tak terpakai dari prep pada cutting board, direject oleh kitchen manager",PREP_WASTE
Portion rice kondisi tidak tersentuh customer end of dinner service direject oleh kitchen manager.,SURPLUS
" Tahu segar berbau busuk tidak sedap di counter prep station, harus dibuatkan waste log entry",SPOILED
Telur ayam kondisi berjamur hijau kebiruan dalam freezer harus dibuatkan waste log entry.,SPOILED
"catatan chef: Fresh fruit salad over-prepared untuk service end of dinner service, disposal required immediately",SURPLUS
Laporan: Portion rice ditemukan tidak tersentuh customer di in holding warmer. noted dalam daily waste report,SURPLUS
Tahu segar berlendir keputihan di chiller utama - noted dalam daily waste report,SPOILED
Sandwich club kondisi tersentuh oleh hands bare di service counter disposal required immediately.,CONTAMINATED
Potongan wortel sisa trimming yang banyak pada cutting board - harus dibuatkan waste log entry,PREP_WASTE
Steak sapi ribeye keras sekali terlalu overdone grilled on BBQ - direject oleh kitchen manager,OVERCOOKED
"catatan chef: Steamed broccoli excess production batch end of dinner service, harus dibuatkan waste log entry",SURPLUS
Ayam grilled kondisi hangus kehitaman setelah oven baking disposal required immediately.,OVERCOOKED
Daging sapi cincang mengalami berbau busuk tidak sedap saat di chiller utama. Harus harus dibuatkan waste log entry,SPOILED
" Ujung daun bawang sisa trimming yang banyak di prep station, direject oleh kitchen manager",PREP_WASTE
Ayam segar kondisi berjamur hijau kebiruan di rak pantry wajib segera dibuang sesuai SOP.,SPOILED
Chicken stock excess production batch after lunch rush - noted dalam daily waste report,SURPLUS
Batang asparagus excessive peeling waste di sink area - direject oleh kitchen manager,PREP_WASTE
Laporan: Keju cheddar ditemukan sudah melewati MHD 2 minggu di pada cold storage rack. wajib segera dibuang sesuai SOP,EXPIRED
"inspeksi menemukan Minyak zaitun sudah melewati MHD 2 minggu di refrigerated section, direject oleh kitchen manager",EXPIRED
Potongan wortel kondisi over-trimmed during prep di sink area disposal required immediately.,PREP_WASTE
Fresh fruit salad leftover setelah shift in holding warmer - disposal required immediately,SURPLUS
"kondisi aktual: Kentang goreng keras sekali terlalu overdone grilled on BBQ, disposal required immediately",OVERCOOKED
Soup tomato kondisi jatuh ke lantai langsung di plating area noted dalam daily waste report.,CONTAMINATED
" Portion rice leftover setelah shift prepped but unserved, direject oleh kitchen manager",SURPLUS
Laporan: Batang asparagus ditemukan sisa trimming yang banyak di di sink area. direject oleh kitchen manager,PREP_WASTE
Laporan: Saus tiram ditemukan terlewat 1 minggu dari expiry di in cooler cabinet. harus dibuatkan waste log entry,EXPIRED
Mayonaise expired date terlampaui di dry goods shelf - disposal required immediately,EXPIRED
Saus tiram expired date terlampaui di refrigerated section - direject oleh kitchen manager,EXPIRED
Grilled chicken breast leftover setelah shift prepped but unserved - wajib segera dibuang sesuai SOP,SURPLUS
Grilled chicken breast tidak terjual hari ini prepped but unserved - direject oleh kitchen manager,SURPLUS
Soup tomato kondisi terkontaminasi hair during food assembly direject oleh kitchen manager.,CONTAMINATED
Chicken stock mengalami tidak tersentuh customer saat prepped but unserved. Harus wajib segera dibuang sesuai SOP,SURPLUS
"kondisi aktual: Rice pilaf keras sekali terlalu overdone grilled on BBQ, harus dibuatkan waste log entry",OVERCOOKED
Laporan: Chicken stock ditemukan excess production batch di prepped but unserved. wajib segera dibuang sesuai SOP,SURPLUS
Sayuran brokoli mengalami terlalu gosong kecoklatan saat dari deep fryer. Harus disposal required immediately,OVERCOOKED
Steamed broccoli kondisi tidak terjual hari ini prepped but unserved harus dibuatkan waste log entry.,SURPLUS
Keju cheddar kondisi expired date hari ini di dry goods shelf disposal required immediately.,EXPIRED
Kentang goreng terlalu gosong kecoklatan dari deep fryer - direject oleh kitchen manager,OVERCOOKED
Saus tiram mengalami expired date terlampaui saat pada cold storage rack. Harus disposal required immediately,EXPIRED
Laporan: Salad Caesar ditemukan tersentuh paper towel kotor di di service counter. wajib segera dibuang sesuai SOP,CONTAMINATED
Soup tomato mengalami tersentuh paper towel kotor saat di service counter. Harus wajib segera dibuang sesuai SOP,CONTAMINATED
Laporan: Chicken stock ditemukan over-prepared untuk service di end of dinner service. direject oleh kitchen manager,SURPLUS
Tahu segar berlendir keputihan di rak pantry - wajib segera dibuang sesuai SOP,SPOILED
" Ikan salmon berlendir kekuningan dalam freezer, harus dibuatkan waste log entry",SPOILED
Ikan salmon berlendir kekuningan di rak pantry - noted dalam daily waste report,SPOILED
Ujung daun bawang kondisi over-trimmed during prep during vegetable prep harus dibuatkan waste log entry.,PREP_WASTE
Tahu segar mengalami berlendir kekuningan saat dalam freezer. Harus disposal required immediately,SPOILED
Sandwich club mengalami terkontaminasi hair saat di plating area. Harus noted dalam daily waste report,CONTAMINATED
Chicken stock mengalami tidak terjual hari ini saat prepped but unserved. Harus wajib segera dibuang sesuai SOP,SURPLUS
Batang asparagus terbuang saat pemotongan pada cutting board - disposal required immediately,PREP_WASTE
"catatan chef: Ayam segar berlendir keputihan di dry storage, wajib segera dibuang sesuai SOP",SPOILED
Kentang goreng terlalu gosong kecoklatan setelah oven baking - noted dalam daily waste report,OVERCOOKED
Ayam segar mengalami berbau busuk tidak sedap saat di rak pantry. Harus disposal required immediately,SPOILED
Saus tiram telah lewat expired date 3 hari in cooler cabinet - direject oleh kitchen manager,EXPIRED
Batang seledri mengalami bagian tak terpakai dari prep saat during vegetable prep. Harus disposal required immediately,PREP_WASTE
"kondisi aktual: Sandwich club tercampur cleaning chemical spray during food assembly, direject oleh kitchen manager",CONTAMINATED
Rice pilaf mengalami terlalu gosong kecoklatan saat dari kompor main stove. Harus disposal required immediately,OVERCOOKED
" Ayam grilled keras sekali terlalu overdone dari kompor main stove, disposal required immediately",OVERCOOKED
Susu cream mengalami terlewat 1 minggu dari expiry saat di refrigerated section. Harus direject oleh kitchen manager,EXPIRED
Ikan salmon berlendir keputihan di counter prep station - direject oleh kitchen manager,SPOILED
Portion rice tidak terjual hari ini in holding warmer - noted dalam daily waste report,SURPLUS
Ketchup mengalami telah lewat expired date 3 hari saat pada cold storage rack. Harus direject oleh kitchen manager,EXPIRED
Ikan salmon berlendir kekuningan dalam freezer - noted dalam daily waste report,SPOILED
"kondisi aktual: Kulit kentang over-trimmed during prep di sink area, disposal required immediately",PREP_WASTE
"catatan chef: Ujung daun bawang terbuang saat pemotongan pada cutting board, noted dalam daily waste report",PREP_WASTE
Ujung daun bawang excessive peeling waste di prep station - harus dibuatkan waste log entry,PREP_WASTE
Laporan: Ketchup ditemukan expired date hari ini di di refrigerated section. harus dibuatkan waste log entry,EXPIRED
Ketchup kondisi sudah melewati MHD 2 minggu pada cold storage rack harus dibuatkan waste log entry.,EXPIRED
Sayuran brokoli kondisi hangus kehitaman dari kompor main stove noted dalam daily waste report.,OVERCOOKED
Tahu segar kondisi berlendir keputihan di dry storage noted dalam daily waste report.,SPOILED
Rice pilaf kondisi keras sekali terlalu overdone dari kompor main stove direject oleh kitchen manager.,OVERCOOKED
Sayuran brokoli mengalami terlalu gosong kecoklatan saat dari kompor main stove. Harus noted dalam daily waste report,OVERCOOKED
Steak sapi ribeye kondisi kekuatan tekstur berubah keras dari kompor main stove wajib segera dibuang sesuai SOP.,OVERCOOKED
"catatan chef: Fresh fruit salad over-prepared untuk service end of dinner service, harus dibuatkan waste log entry",SURPLUS
Laporan: Batang seledri ditemukan bagian tak terpakai dari prep di pada cutting board. direject oleh kitchen manager,PREP_WASTE
Telur ayam mengalami berlendir kekuningan saat di counter prep station. Harus noted dalam daily waste report,SPOILED
Keju cheddar expired date hari ini in cooler cabinet - disposal required immediately,EXPIRED
Keju cheddar mengalami telah lewat expired date 3 hari saat pada cold storage rack. Harus noted dalam daily waste report,EXPIRED
Minyak zaitun mengalami expired date terlampaui saat in cooler cabinet. Harus harus dibuatkan waste log entry,EXPIRED
Potongan wortel bagian tak terpakai dari prep during vegetable prep - harus dibuatkan waste log entry,PREP_WASTE
"catatan chef: Steak sapi ribeye terlalu gosong kecoklatan dari kompor main stove, direject oleh kitchen manager",OVERCOOKED
Fresh fruit salad over-prepared untuk service in holding warmer - wajib segera dibuang sesuai SOP,SURPLUS
Laporan: Ayam segar ditemukan berbau busuk tidak sedap di di counter prep station. harus dibuatkan waste log entry,SPOILED
Laporan: Ayam grilled ditemukan kering berlebihan terlalu hard di setelah oven baking. direject oleh kitchen manager,OVERCOOKED
Kentang goreng hangus kehitaman dari deep fryer - disposal required immediately,OVERCOOKED
Ketchup sudah melewati MHD 2 minggu pada cold storage rack - wajib segera dibuang sesuai SOP,EXPIRED
Laporan: Mayonaise ditemukan expired date terlampaui di di refrigerated section. noted dalam daily waste report,EXPIRED
"laporan staff shift: Ayam segar berubah warna kehijauan di chiller utama, noted dalam daily waste report",SPOILED
"laporan staff shift: Ayam segar berjamur hijau kebiruan di counter prep station, noted dalam daily waste report",SPOILED
"catatan chef: Susu cream terlewat 1 minggu dari expiry pada cold storage rack, direject oleh kitchen manager",EXPIRED
Laporan: Ikan salmon ditemukan berbau busuk tidak sedap di di rak pantry. noted dalam daily waste report,SPOILED
Daging sapi cincang berlendir keputihan dalam freezer - direject oleh kitchen manager,SPOILED
Saus tiram mengalami sudah melewati MHD 2 minggu saat di refrigerated section. Harus direject oleh kitchen manager,EXPIRED
Tahu segar kondisi berjamur hijau kebiruan di rak pantry noted dalam daily waste report.,SPOILED
Laporan: Fresh fruit salad ditemukan leftover setelah shift di after lunch rush. disposal required immediately,SURPLUS
"kondisi aktual: Ikan salmon berbau busuk tidak sedap di rak pantry, direject oleh kitchen manager",SPOILED
Steak sapi ribeye kondisi hangus kehitaman setelah oven baking disposal required immediately.,OVERCOOKED
Grilled chicken breast mengalami excess production batch saat in holding warmer. Harus direject oleh kitchen manager,SURPLUS
Rice bowl mengalami terkontaminasi hair saat during food assembly. Harus wajib segera dibuang sesuai SOP,CONTAMINATED
"laporan staff shift: Soup tomato terkontaminasi hair di service counter, harus dibuatkan waste log entry",CONTAMINATED
Batang seledri mengalami sisa trimming yang banyak saat during vegetable prep. Harus disposal required immediately,PREP_WASTE
Laporan: Saus tiram ditemukan terlewat 1 minggu dari expiry di di refrigerated section. harus dibuatkan waste log entry,EXPIRED
Ujung daun bawang excessive peeling waste di sink area - harus dibuatkan waste log entry,PREP_WASTE
Steak sapi ribeye kondisi kering berlebihan terlalu hard dari kompor main stove direject oleh kitchen manager.,OVERCOOKED
Chicken stock mengalami tidak tersentuh customer saat end of dinner service. Harus harus dibuatkan waste log entry,SURPLUS
Ayam grilled mengalami kering berlebihan terlalu hard saat setelah oven baking. Harus wajib segera dibuang sesuai SOP,OVERCOOKED
Chicken stock mengalami over-prepared untuk service saat end of dinner service. Harus direject oleh kitchen manager,SURPLUS
Laporan: Mayonaise ditemukan terlewat 1 minggu dari expiry di di dry goods shelf. wajib segera dibuang sesuai SOP,EXPIRED
Grilled chicken breast tidak terjual hari ini prepped but unserved - wajib segera dibuang sesuai SOP,SURPLUS
" Portion rice over-prepared untuk service end of dinner service, harus dibuatkan waste log entry",SURPLUS
Potongan wortel mengalami terbuang saat pemotongan saat pada cutting board. Harus noted dalam daily waste report,PREP_WASTE
" Keju cheddar expired date terlampaui di dry goods shelf, harus dibuatkan waste log entry",EXPIRED
"kondisi aktual: Grilled chicken breast over-prepared untuk service after lunch rush, harus dibuatkan waste log entry",SURPLUS
Saus tiram mengalami sudah melewati MHD 2 minggu saat di refrigerated section. Harus direject oleh kitchen manager,EXPIRED
Salad Caesar mengalami tersentuh oleh hands bare saat di plating area. Harus noted dalam daily waste report,CONTAMINATED
Laporan: Ketchup ditemukan terlewat 1 minggu dari expiry di pada cold storage rack. disposal required immediately,EXPIRED
Laporan: Ketchup ditemukan expired date hari ini di in cooler cabinet. direject oleh kitchen manager,EXPIRED
Ikan cod fillet terlalu gosong kecoklatan dari deep fryer - disposal required immediately,OVERCOOKED
Laporan: Keju cheddar ditemukan sudah melewati MHD 2 minggu di pada cold storage rack. harus dibuatkan waste log entry,EXPIRED
Ikan salmon kondisi berjamur hijau kebiruan di dry storage direject oleh kitchen manager.,SPOILED
"inspeksi menemukan Kentang goreng kekuatan tekstur berubah keras setelah oven baking, noted dalam daily waste report",OVERCOOKED
Laporan: Rice bowl ditemukan tersentuh paper towel kotor di at garnish station. noted dalam daily waste report,CONTAMINATED
Grilled chicken breast kondisi tidak terjual hari ini prepped but unserved wajib segera dibuang sesuai SOP.,SURPLUS
Minyak zaitun expired date terlampaui pada cold storage rack - noted dalam daily waste report,EXPIRED
Saus tiram kondisi terlewat 1 minggu dari expiry di dry goods shelf harus dibuatkan waste log entry.,EXPIRED
Minyak zaitun mengalami terlewat 1 minggu dari expiry saat pada cold storage rack. Harus disposal required immediately,EXPIRED
Grilled chicken breast mengalami over-prepared untuk service saat end of dinner service. Harus noted dalam daily waste report,SURPLUS
Keju cheddar expired date terlampaui pada cold storage rack - disposal required immediately,EXPIRED
Sandwich club mengalami tersentuh paper towel kotor saat di plating area. Harus disposal required immediately,CONTAMINATED
Laporan: Rice pilaf ditemukan kering berlebihan terlalu hard di dari kompor main stove. direject oleh kitchen manager,OVERCOOKED
Sandwich club mengalami jatuh ke lantai langsung saat di service counter. Harus wajib segera dibuang sesuai SOP,CONTAMINATED
Rice bowl tersentuh paper towel kotor di service counter - direject oleh kitchen manager,CONTAMINATED
Rice bowl mengalami tersentuh oleh hands bare saat at garnish station. Harus direject oleh kitchen manager,CONTAMINATED
Ikan salmon mengalami berlendir kekuningan saat di counter prep station. Harus noted dalam daily waste report,SPOILED
Sayuran brokoli hangus kehitaman dari deep fryer - wajib segera dibuang sesuai SOP,OVERCOOKED
Sayuran brokoli kondisi kekuatan tekstur berubah keras setelah oven baking direject oleh kitchen manager.,OVERCOOKED
Steamed broccoli mengalami leftover setelah shift saat end of dinner service. Harus wajib segera dibuang sesuai SOP,SURPLUS
Rice pilaf kondisi kekuatan tekstur berubah keras dari deep fryer disposal required immediately.,OVERCOOKED
Daging sapi cincang mengalami berbau busuk tidak sedap saat di counter prep station. Harus direject oleh kitchen manager,SPOILED
Saus tiram kondisi expired date hari ini di dry goods shelf noted dalam daily waste report.,EXPIRED
Susu cream kondisi sudah melewati MHD 2 minggu di refrigerated section direject oleh kitchen manager.,EXPIRED
Tahu segar mengalami berbau busuk tidak sedap saat dalam freezer. Harus harus dibuatkan waste log entry,SPOILED
Tahu segar kondisi berjamur hijau kebiruan di rak pantry noted dalam daily waste report.,SPOILED
Laporan: Rice bowl ditemukan terkontaminasi hair di during food assembly. wajib segera dibuang sesuai SOP,CONTAMINATED
Daging sapi cincang kondisi berbau busuk tidak sedap dalam freezer noted dalam daily waste report.,SPOILED
Keju cheddar kondisi terlewat 1 minggu dari expiry in cooler cabinet wajib segera dibuang sesuai SOP.,EXPIRED
Potongan wortel kondisi over-trimmed during prep during vegetable prep direject oleh kitchen manager.,PREP_WASTE
Kentang goreng terlalu gosong kecoklatan grilled on BBQ - direject oleh kitchen manager,OVERCOOKED
"catatan chef: Sayuran brokoli terlalu gosong kecoklatan setelah oven baking, disposal required immediately",OVERCOOKED
Daging sapi cincang mengalami berbau busuk tidak sedap saat di counter prep station. Harus wajib segera dibuang sesuai SOP,SPOILED
Chicken stock tidak tersentuh customer end of dinner service - wajib segera dibuang sesuai SOP,SURPLUS
"kondisi aktual: Tahu segar berubah warna kehijauan dalam freezer, wajib segera dibuang sesuai SOP",SPOILED
Laporan: Ayam grilled ditemukan kering berlebihan terlalu hard di dari kompor main stove. direject oleh kitchen manager,OVERCOOKED
Rice bowl mengalami jatuh ke lantai langsung saat at garnish station. Harus disposal required immediately,CONTAMINATED
Laporan: Ikan cod fillet ditemukan hangus kehitaman di dari deep fryer. disposal required immediately,OVERCOOKED
Laporan: Fresh fruit salad ditemukan over-prepared untuk service di after lunch rush. wajib segera dibuang sesuai SOP,SURPLUS
Batang asparagus mengalami bagian tak terpakai dari prep saat di prep station. Harus wajib segera dibuang sesuai SOP,PREP_WASTE
Salad Caesar mengalami jatuh ke lantai langsung saat di service counter. Harus disposal required immediately,CONTAMINATED
"kondisi aktual: Steamed broccoli over-prepared untuk service end of dinner service, disposal required immediately",SURPLUS
"catatan chef: Steak sapi ribeye terlalu gosong kecoklatan dari deep fryer, wajib segera dibuang sesuai SOP",OVERCOOKED
Laporan: Sandwich club ditemukan terkontaminasi hair di during food assembly. noted dalam daily waste report,CONTAMINATED
Ikan cod fillet kondisi kekuatan tekstur berubah keras setelah oven baking noted dalam daily waste report.,OVERCOOKED
"catatan chef: Mayonaise telah lewat expired date 3 hari di dry goods shelf, wajib segera dibuang sesuai SOP",EXPIRED
Ayam segar berlendir keputihan di rak pantry - harus dibuatkan waste log entry,SPOILED
Kentang goreng kondisi keras sekali terlalu overdone setelah oven baking harus dibuatkan waste log entry.,OVERCOOKED
Laporan: Chicken stock ditemukan tidak tersentuh customer di prepped but unserved. disposal required immediately,SURPLUS
"inspeksi menemukan Mayonaise telah lewat expired date 3 hari in cooler cabinet, disposal required immediately",EXPIRED
Salad Caesar mengalami tersentuh oleh hands bare saat at garnish station. Harus harus dibuatkan waste log entry,CONTAMINATED
Batang seledri terbuang saat pemotongan di prep station - harus dibuatkan waste log entry,PREP_WASTE
Ayam segar mengalami berlendir kekuningan saat di counter prep station. Harus wajib segera dibuang sesuai SOP,SPOILED
Laporan: Telur ayam ditemukan berbau busuk tidak sedap di di dry storage. disposal required immediately,SPOILED
Laporan: Ikan cod fillet ditemukan kekuatan tekstur berubah keras di dari kompor main stove. harus dibuatkan waste log entry,OVERCOOKED
"kondisi aktual: Mayonaise terlewat 1 minggu dari expiry in cooler cabinet, wajib segera dibuang sesuai SOP",EXPIRED
Salad Caesar terkontaminasi hair during food assembly - direject oleh kitchen manager,CONTAMINATED
Ikan cod fillet keras sekali terlalu overdone setelah oven baking - wajib segera dibuang sesuai SOP,OVERCOOKED
Potongan wortel mengalami sisa trimming yang banyak saat pada cutting board. Harus disposal required immediately,PREP_WASTE
Minyak zaitun kondisi sudah melewati MHD 2 minggu di dry goods shelf direject oleh kitchen manager.,EXPIRED
Laporan: Portion rice ditemukan leftover setelah shift di in holding warmer. noted dalam daily waste report,SURPLUS
"laporan staff shift: Daging sapi cincang berlendir kekuningan dalam freezer, noted dalam daily waste report",SPOILED
" Steamed broccoli tidak tersentuh customer prepped but unserved, harus dibuatkan waste log entry",SURPLUS
" Ayam segar berlendir keputihan di counter prep station, wajib segera dibuang sesuai SOP",SPOILED
Laporan: Portion rice ditemukan tidak tersentuh customer di prepped but unserved. noted dalam daily waste report,SURPLUS
" Minyak zaitun expired date hari ini di dry goods shelf, direject oleh kitchen manager",EXPIRED
"laporan staff shift: Chicken stock tidak terjual hari ini after lunch rush, disposal required immediately",SURPLUS
"inspeksi menemukan Rice pilaf hangus kehitaman setelah oven baking, harus dibuatkan waste log entry",OVERCOOKED
Kulit kentang mengalami sisa trimming yang banyak saat pada cutting board. Harus direject oleh kitchen manager,PREP_WASTE
Mayonaise kondisi telah lewat expired date 3 hari di dry goods shelf direject oleh kitchen manager.,EXPIRED
Potongan wortel kondisi over-trimmed during prep pada cutting board disposal required immediately.,PREP_WASTE
Ranting parsley kondisi bagian tak terpakai dari prep di sink area harus dibuatkan waste log entry.,PREP_WASTE
Portion rice mengalami tidak tersentuh customer saat prepped but unserved. Harus noted dalam daily waste report,SURPLUS
"inspeksi menemukan Sandwich club tersentuh paper towel kotor at garnish station, disposal required immediately",CONTAMINATED
Ujung daun bawang kondisi excessive peeling waste pada cutting board harus dibuatkan waste log entry.,PREP_WASTE
Laporan: Ayam segar ditemukan berbau busuk tidak sedap di di counter prep station. wajib segera dibuang sesuai SOP,SPOILED
Daging sapi cincang berjamur hijau kebiruan di counter prep station - noted dalam daily waste report,SPOILED
Batang asparagus mengalami sisa trimming yang banyak saat during vegetable prep. Harus direject oleh kitchen manager,PREP_WASTE
"inspeksi menemukan Telur ayam berubah warna kehijauan di dry storage, harus dibuatkan waste log entry",SPOILED
Susu cream kondisi expired date hari ini di dry goods shelf noted dalam daily waste report.,EXPIRED
Laporan: Susu cream ditemukan terlewat 1 minggu dari expiry di di refrigerated section. direject oleh kitchen manager,EXPIRED
Laporan: Tahu segar ditemukan berlendir keputihan di dalam freezer. wajib segera dibuang sesuai SOP,SPOILED
Laporan: Soup tomato ditemukan jatuh ke lantai langsung di di plating area. direject oleh kitchen manager,CONTAMINATED
Laporan: Telur ayam ditemukan berjamur hijau kebiruan di di dry storage. wajib segera dibuang sesuai SOP,SPOILED
Susu cream kondisi telah lewat expired date 3 hari pada cold storage rack noted dalam daily waste report.,EXPIRED
Ikan salmon mengalami berjamur hijau kebiruan saat di rak pantry. Harus noted dalam daily waste report,SPOILED
Ayam segar kondisi berlendir keputihan dalam freezer wajib segera dibuang sesuai SOP.,SPOILED
"catatan chef: Daging sapi cincang berubah warna kehijauan di chiller utama, wajib segera dibuang sesuai SOP",SPOILED
Tahu segar berjamur hijau kebiruan di counter prep station - disposal required immediately,SPOILED
Sayuran brokoli terlalu gosong kecoklatan dari deep fryer - harus dibuatkan waste log entry,OVERCOOKED
"laporan staff shift: Ikan cod fillet hangus kehitaman grilled on BBQ, noted dalam daily waste report",OVERCOOKED
Batang seledri mengalami bagian tak terpakai dari prep saat during vegetable prep. Harus disposal required immediately,PREP_WASTE
Laporan: Daging sapi cincang ditemukan berubah warna kehijauan di di counter prep station. direject oleh kitchen manager,SPOILED
"catatan chef: Rice pilaf kekuatan tekstur berubah keras dari deep fryer, disposal required immediately",OVERCOOKED
Ujung daun bawang mengalami excessive peeling waste saat di sink area. Harus disposal required immediately,PREP_WASTE
Portion rice kondisi tidak tersentuh customer end of dinner service wajib segera dibuang sesuai SOP.,SURPLUS
Ayam segar mengalami berlendir kekuningan saat dalam freezer. Harus noted dalam daily waste report,SPOILED
Sayuran brokoli kering berlebihan terlalu hard grilled on BBQ - noted dalam daily waste report,OVERCOOKED
Salad Caesar tersentuh oleh hands bare during food assembly - noted dalam daily waste report,CONTAMINATED
Tahu segar kondisi berbau busuk tidak sedap di counter prep station harus dibuatkan waste log entry.,SPOILED
Laporan: Portion rice ditemukan tidak tersentuh customer di in holding warmer. direject oleh kitchen manager,SURPLUS
Susu cream mengalami telah lewat expired date 3 hari saat pada cold storage rack. Harus harus dibuatkan waste log entry,EXPIRED
Telur ayam kondisi berbau busuk tidak sedap di rak pantry direject oleh kitchen manager.,SPOILED
"kondisi aktual: Batang seledri sisa trimming yang banyak pada cutting board, harus dibuatkan waste log entry",PREP_WASTE
Sandwich club mengalami tersentuh paper towel kotor saat during food assembly. Harus harus dibuatkan waste log entry,CONTAMINATED
Salad Caesar terkontaminasi hair during food assembly - disposal required immediately,CONTAMINATED
Rice pilaf kering berlebihan terlalu hard grilled on BBQ - wajib segera dibuang sesuai SOP,OVERCOOKED
Laporan: Minyak zaitun ditemukan telah lewat expired date 3 hari di di refrigerated section. disposal required immediately,EXPIRED
Portion rice kondisi leftover setelah shift end of dinner service wajib segera dibuang sesuai SOP.,SURPLUS
Laporan: Sandwich club ditemukan terkontaminasi hair di during food assembly. disposal required immediately,CONTAMINATED
Potongan wortel sisa trimming yang banyak di prep station - direject oleh kitchen manager,PREP_WASTE
Keju cheddar mengalami expired date hari ini saat di refrigerated section. Harus noted dalam daily waste report,EXPIRED
Steamed broccoli tidak terjual hari ini prepped but unserved - direject oleh kitchen manager,SURPLUS
"laporan staff shift: Ujung daun bawang bagian tak terpakai dari prep pada cutting board, noted dalam daily waste report",PREP_WASTE
Laporan: Chicken stock ditemukan excess production batch di end of dinner service. disposal required immediately,SURPLUS
"laporan staff shift: Salad Caesar terkontaminasi hair di service counter, direject oleh kitchen manager",CONTAMINATED
"kondisi aktual: Ikan cod fillet terlalu gosong kecoklatan grilled on BBQ, disposal required immediately",OVERCOOKED
Laporan: Daging sapi cincang ditemukan berjamur hijau kebiruan di di counter prep station. direject oleh kitchen manager,SPOILED
"inspeksi menemukan Rice pilaf hangus kehitaman dari kompor main stove, noted dalam daily waste report",OVERCOOKED
Portion rice mengalami tidak terjual hari ini saat prepped but unserved. Harus noted dalam daily waste report,SURPLUS
Laporan: Telur ayam ditemukan berlendir kekuningan di di counter prep station. harus dibuatkan waste log entry,SPOILED
Batang seledri kondisi terbuang saat pemotongan pada cutting board direject oleh kitchen manager.,PREP_WASTE
Ikan cod fillet mengalami keras sekali terlalu overdone saat dari deep fryer. Harus wajib segera dibuang sesuai SOP,OVERCOOKED
Fresh fruit salad mengalami tidak tersentuh customer saat in holding warmer. Harus wajib segera dibuang sesuai SOP,SURPLUS
" Daging sapi cincang berlendir keputihan di dry storage, disposal required immediately",SPOILED
Daging sapi cincang mengalami berubah warna kehijauan saat di counter prep station. Harus noted dalam daily waste report,SPOILED
Laporan: Kulit kentang ditemukan excessive peeling waste di di prep station. disposal required immediately,PREP_WASTE
Laporan: Steak sapi ribeye ditemukan hangus kehitaman di dari deep fryer. noted dalam daily waste report,OVERCOOKED
" Keju cheddar terlewat 1 minggu dari expiry pada cold storage rack, noted dalam daily waste report",EXPIRED
Steamed broccoli mengalami leftover setelah shift saat prepped but unserved. Harus wajib segera dibuang sesuai SOP,SURPLUS
Mayonaise kondisi expired date hari ini pada cold storage rack harus dibuatkan waste log entry.,EXPIRED
Salad Caesar tersentuh oleh hands bare di plating area - direject oleh kitchen manager,CONTAMINATED
Sandwich club mengalami tercampur cleaning chemical spray saat at garnish station. Harus wajib segera dibuang sesuai SOP,CONTAMINATED
Noodle dish kondisi jatuh ke lantai langsung di plating area wajib segera dibuang sesuai SOP.,CONTAMINATED
Grilled chicken breast tidak tersentuh customer prepped but unserved - wajib segera dibuang sesuai SOP,SURPLUS
" Potongan wortel over-trimmed during prep during vegetable prep, wajib segera dibuang sesuai SOP",PREP_WASTE
Ayam segar mengalami berjamur hijau kebiruan saat di counter prep station. Harus disposal required immediately,SPOILED
"kondisi aktual: Salad Caesar terkontaminasi hair di service counter, direject oleh kitchen manager",CONTAMINATED
Laporan: Chicken stock ditemukan tidak tersentuh customer di prepped but unserved. harus dibuatkan waste log entry,SURPLUS
Ayam segar kondisi berubah warna kehijauan di chiller utama wajib segera dibuang sesuai SOP.,SPOILED
Kentang goreng kondisi kering berlebihan terlalu hard dari kompor main stove direject oleh kitchen manager.,OVERCOOKED
Laporan: Rice bowl ditemukan tersentuh paper towel kotor di at garnish station. direject oleh kitchen manager,CONTAMINATED
Laporan: Ikan cod fillet ditemukan terlalu gosong kecoklatan di dari kompor main stove. noted dalam daily waste report,OVERCOOKED
Daging sapi cincang kondisi berlendir keputihan di rak pantry noted dalam daily waste report.,SPOILED
Potongan wortel kondisi sisa trimming yang banyak pada cutting board disposal required immediately.,PREP_WASTE
Ayam segar berlendir kekuningan di dry storage - disposal required immediately,SPOILED
Ikan salmon berlendir keputihan di chiller utama - harus dibuatkan waste log entry,SPOILED
Rice bowl kondisi terkontaminasi hair di service counter disposal required immediately.,CONTAMINATED
Daging sapi cincang berjamur hijau kebiruan di counter prep station - wajib segera dibuang sesuai SOP,SPOILED
Soup tomato mengalami tercampur cleaning chemical spray saat di plating area. Harus harus dibuatkan waste log entry,CONTAMINATED
Laporan: Ketchup ditemukan sudah melewati MHD 2 minggu di di refrigerated section. noted dalam daily waste report,EXPIRED
Ikan salmon berlendir keputihan di dry storage - noted dalam daily waste report,SPOILED
Ayam grilled kondisi kekuatan tekstur berubah keras setelah oven baking harus dibuatkan waste log entry.,OVERCOOKED
Fresh fruit salad over-prepared untuk service in holding warmer - wajib segera dibuang sesuai SOP,SURPLUS
Ketchup mengalami expired date hari ini saat pada cold storage rack. Harus noted dalam daily waste report,EXPIRED
"inspeksi menemukan Soup tomato tersentuh paper towel kotor during food assembly, wajib segera dibuang sesuai SOP",CONTAMINATED
Saus tiram expired date hari ini in cooler cabinet - wajib segera dibuang sesuai SOP,EXPIRED
Steak sapi ribeye mengalami terlalu gosong kecoklatan saat dari deep fryer. Harus wajib segera dibuang sesuai SOP,OVERCOOKED
"kondisi aktual: Telur ayam berlendir keputihan di dry storage, harus dibuatkan waste log entry",SPOILED
Ikan salmon kondisi berlendir keputihan di dry storage noted dalam daily waste report.,SPOILED
Ujung daun bawang kondisi bagian tak terpakai dari prep during vegetable prep harus dibuatkan waste log entry.,PREP_WASTE
Laporan: Batang asparagus ditemukan terbuang saat pemotongan di during vegetable prep. disposal required immediately,PREP_WASTE
Ikan salmon kondisi berjamur hijau kebiruan dalam freezer direject oleh kitchen manager.,SPOILED
Telur ayam berjamur hijau kebiruan di chiller utama - wajib segera dibuang sesuai SOP,SPOILED
Soup tomato tersentuh oleh hands bare di service counter - noted dalam daily waste report,CONTAMINATED
Susu cream telah lewat expired date 3 hari di dry goods shelf - direject oleh kitchen manager,EXPIRED
"laporan staff shift: Grilled chicken breast excess production batch after lunch rush, harus dibuatkan waste log entry",SURPLUS
Ayam grilled kondisi hangus kehitaman dari kompor main stove disposal required immediately.,OVERCOOKED
Tahu segar kondisi berjamur hijau kebiruan di chiller utama disposal required immediately.,SPOILED
Laporan: Tahu segar ditemukan berbau busuk tidak sedap di di counter prep station. harus dibuatkan waste log entry,SPOILED
Ketchup mengalami terlewat 1 minggu dari expiry saat di refrigerated section. Harus direject oleh kitchen manager,EXPIRED
Ikan cod fillet mengalami keras sekali terlalu overdone saat dari deep fryer. Harus wajib segera dibuang sesuai SOP,OVERCOOKED
Batang seledri excessive peeling waste di prep station - harus dibuatkan waste log entry,PREP_WASTE
"laporan staff shift: Steak sapi ribeye kekuatan tekstur berubah keras dari kompor main stove, direject oleh kitchen manager",OVERCOOKED
Laporan: Telur ayam ditemukan berubah warna kehijauan di di chiller utama. harus dibuatkan waste log entry,SPOILED
Laporan: Chicken stock ditemukan tidak tersentuh customer di in holding warmer. noted dalam daily waste report,SURPLUS
Laporan: Ujung daun bawang ditemukan sisa trimming yang banyak di di prep station. direject oleh kitchen manager,PREP_WASTE
"laporan staff shift: Kentang goreng terlalu gosong kecoklatan dari deep fryer, wajib segera dibuang sesuai SOP",OVERCOOKED
"catatan chef: Telur ayam berbau busuk tidak sedap di chiller utama, wajib segera dibuang sesuai SOP",SPOILED
"catatan chef: Ketchup expired date terlampaui pada cold storage rack, noted dalam daily waste report",EXPIRED
Telur ayam kondisi berbau busuk tidak sedap di dry storage wajib segera dibuang sesuai SOP.,SPOILED
Grilled chicken breast tidak terjual hari ini in holding warmer - direject oleh kitchen manager,SURPLUS
Laporan: Steak sapi ribeye ditemukan hangus kehitaman di setelah oven baking. noted dalam daily waste report,OVERCOOKED
" Ikan cod fillet terlalu gosong kecoklatan dari deep fryer, noted dalam daily waste report",OVERCOOKED
Portion rice kondisi excess production batch in holding warmer harus dibuatkan waste log entry.,SURPLUS
Steamed broccoli excess production batch after lunch rush - harus dibuatkan waste log entry,SURPLUS
Portion rice over-prepared untuk service prepped but unserved - noted dalam daily waste report,SURPLUS
Laporan: Potongan wortel ditemukan bagian tak terpakai dari prep di pada cutting board. harus dibuatkan waste log entry,PREP_WASTE
Laporan: Steak sapi ribeye ditemukan keras sekali terlalu overdone di setelah oven baking. wajib segera dibuang sesuai SOP,OVERCOOKED
Mayonaise kondisi expired date hari ini pada cold storage rack wajib segera dibuang sesuai SOP.,EXPIRED
"kondisi aktual: Ikan salmon berjamur hijau kebiruan di counter prep station, harus dibuatkan waste log entry",SPOILED
Ayam segar berjamur hijau kebiruan dalam freezer - harus dibuatkan waste log entry,SPOILED
"kondisi aktual: Ikan cod fillet kering berlebihan terlalu hard setelah oven baking, wajib segera dibuang sesuai SOP",OVERCOOKED
Laporan: Tahu segar ditemukan berubah warna kehijauan di di rak pantry. wajib segera dibuang sesuai SOP,SPOILED
Laporan: Salad Caesar ditemukan tercampur cleaning chemical spray di during food assembly. direject oleh kitchen manager,CONTAMINATED
Potongan wortel mengalami bagian tak terpakai dari prep saat during vegetable prep. Harus harus dibuatkan waste log entry,PREP_WASTE
"laporan staff shift: Telur ayam berubah warna kehijauan di chiller utama, direject oleh kitchen manager",SPOILED
Sandwich club kondisi jatuh ke lantai langsung during food assembly direject oleh kitchen manager.,CONTAMINATED
Laporan: Ikan salmon ditemukan berbau busuk tidak sedap di di dry storage. noted dalam daily waste report,SPOILED
Daging sapi cincang berjamur hijau kebiruan dalam freezer - noted dalam daily waste report,SPOILED
Laporan: Soup tomato ditemukan jatuh ke lantai langsung di di service counter. wajib segera dibuang sesuai SOP,CONTAMINATED
Portion rice tidak terjual hari ini prepped but unserved - direject oleh kitchen manager,SURPLUS
"catatan chef: Saus tiram terlewat 1 minggu dari expiry di refrigerated section, wajib segera dibuang sesuai SOP",EXPIRED
"kondisi aktual: Ujung daun bawang excessive peeling waste pada cutting board, disposal required immediately",PREP_WASTE
Salad Caesar kondisi terkontaminasi hair at garnish station direject oleh kitchen manager.,CONTAMINATED
Laporan: Fresh fruit salad ditemukan tidak tersentuh customer di prepped but unserved. direject oleh kitchen manager,SURPLUS
Ayam segar berubah warna kehijauan di rak pantry - disposal required immediately,SPOILED
Rice bowl tersentuh paper towel kotor di service counter - harus dibuatkan waste log entry,CONTAMINATED
Daging sapi cincang kondisi berlendir keputihan dalam freezer direject oleh kitchen manager.,SPOILED
Portion rice mengalami excess production batch saat prepped but unserved. Harus noted dalam daily waste report,SURPLUS
Laporan: Ujung daun bawang ditemukan bagian tak terpakai dari prep di pada cutting board. noted dalam daily waste report,PREP_WASTE
Salad Caesar jatuh ke lantai langsung di service counter - noted dalam daily waste report,CONTAMINATED
Laporan: Rice pilaf ditemukan kering berlebihan terlalu hard di setelah oven baking. harus dibuatkan waste log entry,OVERCOOKED
"inspeksi menemukan Potongan wortel terbuang saat pemotongan di sink area, direject oleh kitchen manager",PREP_WASTE
"laporan staff shift: Rice pilaf kering berlebihan terlalu hard dari deep fryer, noted dalam daily waste report",OVERCOOKED
"kondisi aktual: Sayuran brokoli kering berlebihan terlalu hard dari deep fryer, noted dalam daily waste report",OVERCOOKED
Salad Caesar kondisi jatuh ke lantai langsung at garnish station direject oleh kitchen manager.,CONTAMINATED
Laporan: Sandwich club ditemukan tersentuh oleh hands bare di di plating area. noted dalam daily waste report,CONTAMINATED
" Saus tiram terlewat 1 minggu dari expiry in cooler cabinet, disposal required immediately",EXPIRED
Steamed broccoli kondisi tidak terjual hari ini prepped but unserved disposal required immediately.,SURPLUS
Steak sapi ribeye kondisi kering berlebihan terlalu hard grilled on BBQ harus dibuatkan waste log entry.,OVERCOOKED
Daging sapi cincang kondisi berbau busuk tidak sedap dalam freezer noted dalam daily waste report.,SPOILED
" Batang asparagus excessive peeling waste pada cutting board, wajib segera dibuang sesuai SOP",PREP_WASTE
Rice pilaf kondisi hangus kehitaman dari kompor main stove direject oleh kitchen manager.,OVERCOOKED
Laporan: Batang seledri ditemukan sisa trimming yang banyak di during vegetable prep. direject oleh kitchen manager,PREP_WASTE
Ayam segar mengalami berbau busuk tidak sedap saat di counter prep station. Harus direject oleh kitchen manager,SPOILED
Potongan wortel terbuang saat pemotongan di prep station - direject oleh kitchen manager,PREP_WASTE
Laporan: Grilled chicken breast ditemukan tidak terjual hari ini di after lunch rush. wajib segera dibuang sesuai SOP,SURPLUS
Telur ayam kondisi berbau busuk tidak sedap dalam freezer noted dalam daily waste report.,SPOILED
Ayam segar berlendir kekuningan di chiller utama - direject oleh kitchen manager,SPOILED
Steak sapi ribeye mengalami hangus kehitaman saat dari deep fryer. Harus disposal required immediately,OVERCOOKED
Laporan: Minyak zaitun ditemukan terlewat 1 minggu dari expiry di di refrigerated section. harus dibuatkan waste log entry,EXPIRED
Salad Caesar mengalami tercampur cleaning chemical spray saat di service counter. Harus harus dibuatkan waste log entry,CONTAMINATED
Laporan: Portion rice ditemukan tidak tersentuh customer di end of dinner service. harus dibuatkan waste log entry,SURPLUS
"inspeksi menemukan Rice bowl terkontaminasi hair di service counter, wajib segera dibuang sesuai SOP",CONTAMINATED
"kondisi aktual: Steamed broccoli tidak terjual hari ini end of dinner service, disposal required immediately",SURPLUS
Ayam grilled mengalami terlalu gosong kecoklatan saat dari kompor main stove. Harus wajib segera dibuang sesuai SOP,OVERCOOKED
Laporan: Ikan salmon ditemukan berlendir kekuningan di di dry storage. wajib segera dibuang sesuai SOP,SPOILED
Ketchup mengalami sudah melewati MHD 2 minggu saat pada cold storage rack. Harus wajib segera dibuang sesuai SOP,EXPIRED
Ujung daun bawang over-trimmed during prep di sink area - harus dibuatkan waste log entry,PREP_WASTE
Laporan: Daging sapi cincang ditemukan berubah warna kehijauan di di counter prep station. disposal required immediately,SPOILED
Batang asparagus mengalami sisa trimming yang banyak saat di sink area. Harus disposal required immediately,PREP_WASTE
"kondisi aktual: Keju cheddar expired date terlampaui pada cold storage rack, disposal required immediately",EXPIRED
Ikan cod fillet mengalami kekuatan tekstur berubah keras saat dari deep fryer. Harus wajib segera dibuang sesuai SOP,OVERCOOKED
Laporan: Sayuran brokoli ditemukan keras sekali terlalu overdone di grilled on BBQ. wajib segera dibuang sesuai SOP,OVERCOOKED
"laporan staff shift: Chicken stock over-prepared untuk service end of dinner service, harus dibuatkan waste log entry",SURPLUS
Steamed broccoli tidak tersentuh customer end of dinner service - harus dibuatkan waste log entry,SURPLUS
Saus tiram sudah melewati MHD 2 minggu di refrigerated section - disposal required immediately,EXPIRED
Laporan: Ikan cod fillet ditemukan keras sekali terlalu overdone di dari kompor main stove. harus dibuatkan waste log entry,OVERCOOKED
Kentang goreng kondisi hangus kehitaman setelah oven baking harus dibuatkan waste log entry.,OVERCOOKED
Laporan: Ketchup ditemukan expired date terlampaui di di refrigerated section. harus dibuatkan waste log entry,EXPIRED
Batang asparagus terbuang saat pemotongan during vegetable prep - noted dalam daily waste report,PREP_WASTE
Grilled chicken breast kondisi tidak tersentuh customer in holding warmer noted dalam daily waste report.,SURPLUS
"inspeksi menemukan Batang seledri terbuang saat pemotongan during vegetable prep, harus dibuatkan waste log entry",PREP_WASTE
Laporan: Batang seledri ditemukan bagian tak terpakai dari prep di di prep station. wajib segera dibuang sesuai SOP,PREP_WASTE
Minyak zaitun mengalami expired date terlampaui saat pada cold storage rack. Harus disposal required immediately,EXPIRED
"kondisi aktual: Ranting parsley bagian tak terpakai dari prep pada cutting board, harus dibuatkan waste log entry",PREP_WASTE
Laporan: Sandwich club ditemukan terkontaminasi hair di di service counter. noted dalam daily waste report,CONTAMINATED
Sandwich club kondisi jatuh ke lantai langsung di plating area harus dibuatkan waste log entry.,CONTAMINATED
" Kentang goreng kering berlebihan terlalu hard grilled on BBQ, harus dibuatkan waste log entry",OVERCOOKED
Ketchup mengalami sudah melewati MHD 2 minggu saat di refrigerated section. Harus disposal required immediately,EXPIRED
Kulit kentang excessive peeling waste during vegetable prep - wajib segera dibuang sesuai SOP,PREP_WASTE
Rice bowl kondisi terkontaminasi hair during food assembly disposal required immediately.,CONTAMINATED
" Susu cream telah lewat expired date 3 hari in cooler cabinet, direject oleh kitchen manager",EXPIRED
Rice pilaf mengalami terlalu gosong kecoklatan saat setelah oven baking. Harus disposal required immediately,OVERCOOKED
Potongan wortel mengalami bagian tak terpakai dari prep saat pada cutting board. Harus harus dibuatkan waste log entry,PREP_WASTE
Batang asparagus kondisi terbuang saat pemotongan di prep station harus dibuatkan waste log entry.,PREP_WASTE
Laporan: Steak sapi ribeye ditemukan terlalu gosong kecoklatan di dari kompor main stove. harus dibuatkan waste log entry,OVERCOOKED
Laporan: Sayuran brokoli ditemukan kekuatan tekstur berubah keras di grilled on BBQ. wajib segera dibuang sesuai SOP,OVERCOOKED
Noodle dish kondisi tersentuh paper towel kotor at garnish station harus dibuatkan waste log entry.,CONTAMINATED
Salad Caesar kondisi terkontaminasi hair di plating area disposal required immediately.,CONTAMINATED
Sandwich club kondisi terkontaminasi hair di plating area direject oleh kitchen manager.,CONTAMINATED
Laporan: Chicken stock ditemukan excess production batch di prepped but unserved. wajib segera dibuang sesuai SOP,SURPLUS
Grilled chicken breast kondisi leftover setelah shift end of dinner service wajib segera dibuang sesuai SOP.,SURPLUS
Ranting parsley excessive peeling waste di sink area - harus dibuatkan waste log entry,PREP_WASTE
Ayam segar berjamur hijau kebiruan di dry storage - wajib segera dibuang sesuai SOP,SPOILED
Potongan wortel mengalami terbuang saat pemotongan saat di prep station. Harus direject oleh kitchen manager,PREP_WASTE
Ikan cod fillet kering berlebihan terlalu hard dari deep fryer - disposal required immediately,OVERCOOKED
Laporan: Kulit kentang ditemukan terbuang saat pemotongan di di sink area. noted dalam daily waste report,PREP_WASTE
Salad Caesar kondisi tersentuh oleh hands bare di service counter noted dalam daily waste report.,CONTAMINATED
Ikan salmon berubah warna kehijauan di chiller utama - noted dalam daily waste report,SPOILED
" Daging sapi cincang berlendir keputihan di chiller utama, disposal required immediately",SPOILED
Kentang goreng kondisi kekuatan tekstur berubah keras setelah oven baking noted dalam daily waste report.,OVERCOOKED
Sayuran brokoli kering berlebihan terlalu hard setelah oven baking - direject oleh kitchen manager,OVERCOOKED
Laporan: Chicken stock ditemukan over-prepared untuk service di prepped but unserved. harus dibuatkan waste log entry,SURPLUS
Ranting parsley sisa trimming yang banyak di prep station - harus dibuatkan waste log entry,PREP_WASTE
" Ketchup expired date hari ini di refrigerated section, noted dalam daily waste report",EXPIRED
"kondisi aktual: Grilled chicken breast leftover setelah shift in holding warmer, direject oleh kitchen manager",SURPLUS
Keju cheddar expired date terlampaui in cooler cabinet - harus dibuatkan waste log entry,EXPIRED
Minyak zaitun expired date hari ini di dry goods shelf - disposal required immediately,EXPIRED
Ikan cod fillet mengalami kering berlebihan terlalu hard saat grilled on BBQ. Harus noted dalam daily waste report,OVERCOOKED
Kulit kentang mengalami excessive peeling waste saat during vegetable prep. Harus harus dibuatkan waste log entry,PREP_WASTE
Potongan wortel sisa trimming yang banyak di sink area - noted dalam daily waste report,PREP_WASTE
Grilled chicken breast kondisi tidak terjual hari ini in holding warmer disposal required immediately.,SURPLUS
" Ketchup expired date hari ini di dry goods shelf, direject oleh kitchen manager",EXPIRED
Laporan: Noodle dish ditemukan tersentuh oleh hands bare di at garnish station. direject oleh kitchen manager,CONTAMINATED
Laporan: Grilled chicken breast ditemukan over-prepared untuk service di in holding warmer. direject oleh kitchen manager,SURPLUS
"catatan chef: Batang seledri over-trimmed during prep di sink area, noted dalam daily waste report",PREP_WASTE
"laporan staff shift: Ayam segar berlendir keputihan di rak pantry, wajib segera dibuang sesuai SOP",SPOILED
Steak sapi ribeye mengalami keras sekali terlalu overdone saat dari deep fryer. Harus disposal required immediately,OVERCOOKED
Telur ayam mengalami berlendir kekuningan saat di chiller utama. Harus harus dibuatkan waste log entry,SPOILED
"inspeksi menemukan Potongan wortel terbuang saat pemotongan during vegetable prep, direject oleh kitchen manager",PREP_WASTE
Telur ayam berlendir kekuningan di rak pantry - direject oleh kitchen manager,SPOILED
Portion rice mengalami tidak terjual hari ini saat end of dinner service. Harus direject oleh kitchen manager,SURPLUS
Ranting parsley sisa trimming yang banyak pada cutting board - harus dibuatkan waste log entry,PREP_WASTE
" Grilled chicken breast tidak terjual hari ini prepped but unserved, direject oleh kitchen manager",SURPLUS
Ikan cod fillet kondisi keras sekali terlalu overdone grilled on BBQ disposal required immediately.,OVERCOOKED
Laporan: Ikan cod fillet ditemukan kering berlebihan terlalu hard di dari kompor main stove. harus dibuatkan waste log entry,OVERCOOKED
Steamed broccoli mengalami over-prepared untuk service saat after lunch rush. Harus disposal required immediately,SURPLUS
Laporan: Chicken stock ditemukan excess production batch di end of dinner service. noted dalam daily waste report,SURPLUS
Saus tiram expired date terlampaui di dry goods shelf - harus dibuatkan waste log entry,EXPIRED
Laporan: Keju cheddar ditemukan expired date hari ini di pada cold storage rack. harus dibuatkan waste log entry,EXPIRED
Ayam segar mengalami berlendir kekuningan saat dalam freezer. Harus direject oleh kitchen manager,SPOILED
Rice pilaf hangus kehitaman setelah oven baking - noted dalam daily waste report,OVERCOOKED
Laporan: Grilled chicken breast ditemukan tidak terjual hari ini di prepped but unserved. harus dibuatkan waste log entry,SURPLUS
Laporan: Sayuran brokoli ditemukan hangus kehitaman di grilled on BBQ. noted dalam daily waste report,OVERCOOKED
Ikan salmon mengalami berubah warna kehijauan saat di rak pantry. Harus noted dalam daily waste report,SPOILED
Laporan: Rice pilaf ditemukan kekuatan tekstur berubah keras di dari kompor main stove. harus dibuatkan waste log entry,OVERCOOKED
Laporan: Ketchup ditemukan sudah melewati MHD 2 minggu di in cooler cabinet. direject oleh kitchen manager,EXPIRED
Steak sapi ribeye mengalami terlalu gosong kecoklatan saat dari deep fryer. Harus noted dalam daily waste report,OVERCOOKED
"kondisi aktual: Ayam grilled keras sekali terlalu overdone grilled on BBQ, harus dibuatkan waste log entry",OVERCOOKED
Rice pilaf keras sekali terlalu overdone grilled on BBQ - harus dibuatkan waste log entry,OVERCOOKED
"catatan chef: Ketchup telah lewat expired date 3 hari in cooler cabinet, wajib segera dibuang sesuai SOP",EXPIRED
Kulit kentang mengalami bagian tak terpakai dari prep saat pada cutting board. Harus direject oleh kitchen manager,PREP_WASTE
Kulit kentang sisa trimming yang banyak di sink area - direject oleh kitchen manager,PREP_WASTE
"laporan staff shift: Daging sapi cincang berubah warna kehijauan di counter prep station, harus dibuatkan waste log entry",SPOILED
Batang asparagus mengalami over-trimmed during prep saat di sink area. Harus harus dibuatkan waste log entry,PREP_WASTE
"inspeksi menemukan Salad Caesar tersentuh paper towel kotor at garnish station, wajib segera dibuang sesuai SOP",CONTAMINATED
Ikan cod fillet kondisi keras sekali terlalu overdone grilled on BBQ disposal required immediately.,OVERCOOKED
" Salad Caesar terkontaminasi hair di service counter, noted dalam daily waste report",CONTAMINATED
Rice bowl kondisi tersentuh oleh hands bare during food assembly noted dalam daily waste report.,CONTAMINATED
Sayuran brokoli kondisi kekuatan tekstur berubah keras grilled on BBQ wajib segera dibuang sesuai SOP.,OVERCOOKED
Ayam grilled keras sekali terlalu overdone dari deep fryer - direject oleh kitchen manager,OVERCOOKED
Laporan: Daging sapi cincang ditemukan berlendir keputihan di di rak pantry. noted dalam daily waste report,SPOILED
Sandwich club tercampur cleaning chemical spray di service counter - direject oleh kitchen manager,CONTAMINATED
"kondisi aktual: Ketchup telah lewat expired date 3 hari di dry goods shelf, direject oleh kitchen manager",EXPIRED
Ikan cod fillet kondisi kekuatan tekstur berubah keras dari deep fryer disposal required immediately.,OVERCOOKED
Steak sapi ribeye terlalu gosong kecoklatan grilled on BBQ - disposal required immediately,OVERCOOKED
Batang seledri kondisi terbuang saat pemotongan pada cutting board harus dibuatkan waste log entry.,PREP_WASTE
Rice pilaf kering berlebihan terlalu hard dari kompor main stove - wajib segera dibuang sesuai SOP,OVERCOOKED
Laporan: Steak sapi ribeye ditemukan hangus kehitaman di grilled on BBQ. harus dibuatkan waste log entry,OVERCOOKED
"kondisi aktual: Soup tomato terkontaminasi hair during food assembly, wajib segera dibuang sesuai SOP",CONTAMINATED
Sandwich club jatuh ke lantai langsung at garnish station - harus dibuatkan waste log entry,CONTAMINATED
"laporan staff shift: Salad Caesar tersentuh oleh hands bare di plating area, direject oleh kitchen manager",CONTAMINATED
Potongan wortel kondisi terbuang saat pemotongan di sink area harus dibuatkan waste log entry.,PREP_WASTE
Grilled chicken breast mengalami tidak terjual hari ini saat end of dinner service. Harus direject oleh kitchen manager,SURPLUS
Ranting parsley mengalami over-trimmed during prep saat di prep station. Harus noted dalam daily waste report,PREP_WASTE
Kulit kentang excessive peeling waste di prep station - direject oleh kitchen manager,PREP_WASTE
Batang seledri over-trimmed during prep during vegetable prep - wajib segera dibuang sesuai SOP,PREP_WASTE
Laporan: Minyak zaitun ditemukan expired date hari ini di di refrigerated section. noted dalam daily waste report,EXPIRED
"inspeksi menemukan Tahu segar berubah warna kehijauan di rak pantry, noted dalam daily waste report",SPOILED
Daging sapi cincang berubah warna kehijauan di rak pantry - harus dibuatkan waste log entry,SPOILED
"laporan staff shift: Susu cream sudah melewati MHD 2 minggu di refrigerated section, noted dalam daily waste report",EXPIRED
Susu cream mengalami telah lewat expired date 3 hari saat pada cold storage rack. Harus disposal required immediately,EXPIRED
Daging sapi cincang mengalami berubah warna kehijauan saat di dry storage. Harus disposal required immediately,SPOILED
Sayuran brokoli mengalami keras sekali terlalu overdone saat setelah oven baking. Harus disposal required immediately,OVERCOOKED
Chicken stock mengalami tidak terjual hari ini saat in holding warmer. Harus noted dalam daily waste report,SURPLUS
Noodle dish kondisi tersentuh oleh hands bare di service counter direject oleh kitchen manager.,CONTAMINATED
"laporan staff shift: Sandwich club jatuh ke lantai langsung at garnish station, direject oleh kitchen manager",CONTAMINATED
Laporan: Susu cream ditemukan expired date terlampaui di di refrigerated section. direject oleh kitchen manager,EXPIRED
Ayam segar berlendir kekuningan di chiller utama - harus dibuatkan waste log entry,SPOILED
Ranting parsley kondisi excessive peeling waste di sink area direject oleh kitchen manager.,PREP_WASTE
Salad Caesar kondisi tercampur cleaning chemical spray di service counter noted dalam daily waste report.,CONTAMINATED
Portion rice mengalami tidak terjual hari ini saat prepped but unserved. Harus noted dalam daily waste report,SURPLUS
Ikan salmon mengalami berbau busuk tidak sedap saat di chiller utama. Harus harus dibuatkan waste log entry,SPOILED
Ayam segar kondisi berbau busuk tidak sedap di dry storage direject oleh kitchen manager.,SPOILED
Salad Caesar kondisi tersentuh oleh hands bare di service counter noted dalam daily waste report.,CONTAMINATED
Ranting parsley mengalami sisa trimming yang banyak saat di prep station. Harus disposal required immediately,PREP_WASTE
Laporan: Grilled chicken breast ditemukan leftover setelah shift di prepped but unserved. noted dalam daily waste report,SURPLUS
Sandwich club tercampur cleaning chemical spray during food assembly - harus dibuatkan waste log entry,CONTAMINATED
Laporan: Rice pilaf ditemukan kering berlebihan terlalu hard di dari deep fryer. wajib segera dibuang sesuai SOP,OVERCOOKED
"laporan staff shift: Sandwich club tersentuh oleh hands bare di plating area, noted dalam daily waste report",CONTAMINATED
Potongan wortel mengalami over-trimmed during prep saat di sink area. Harus wajib segera dibuang sesuai SOP,PREP_WASTE
Daging sapi cincang berjamur hijau kebiruan di chiller utama - direject oleh kitchen manager,SPOILED
Kentang goreng mengalami kering berlebihan terlalu hard saat grilled on BBQ. Harus wajib segera dibuang sesuai SOP,OVERCOOKED
Laporan: Keju cheddar ditemukan telah lewat expired date 3 hari di di dry goods shelf. wajib segera dibuang sesuai SOP,EXPIRED
Laporan: Batang asparagus ditemukan over-trimmed during prep di during vegetable prep. direject oleh kitchen manager,PREP_WASTE
Potongan wortel kondisi terbuang saat pemotongan di prep station wajib segera dibuang sesuai SOP.,PREP_WASTE
Chicken stock leftover setelah shift end of dinner service - harus dibuatkan waste log entry,SURPLUS
"kondisi aktual: Ranting parsley sisa trimming yang banyak during vegetable prep, noted dalam daily waste report",PREP_WASTE
Ketchup mengalami expired date hari ini saat in cooler cabinet. Harus disposal required immediately,EXPIRED
"laporan staff shift: Kentang goreng kering berlebihan terlalu hard dari kompor main stove, noted dalam daily waste report",OVERCOOKED
Batang seledri terbuang saat pemotongan during vegetable prep - disposal required immediately,PREP_WASTE
"inspeksi menemukan Noodle dish tercampur cleaning chemical spray during food assembly, harus dibuatkan waste log entry",CONTAMINATED
Potongan wortel kondisi terbuang saat pemotongan di prep station harus dibuatkan waste log entry.,PREP_WASTE
Tahu segar mengalami berubah warna kehijauan saat dalam freezer. Harus wajib segera dibuang sesuai SOP,SPOILED
Mayonaise kondisi expired date hari ini in cooler cabinet wajib segera dibuang sesuai SOP.,EXPIRED
Fresh fruit salad mengalami leftover setelah shift saat end of dinner service. Harus disposal required immediately,SURPLUS
Ikan cod fillet kondisi keras sekali terlalu overdone dari kompor main stove noted dalam daily waste report.,OVERCOOKED
Batang asparagus kondisi sisa trimming yang banyak di sink area wajib segera dibuang sesuai SOP.,PREP_WASTE
"inspeksi menemukan Chicken stock leftover setelah shift prepped but unserved, disposal required immediately",SURPLUS
"kondisi aktual: Daging sapi cincang berlendir keputihan dalam freezer, disposal required immediately",SPOILED
Laporan: Kulit kentang ditemukan over-trimmed during prep di during vegetable prep. disposal required immediately,PREP_WASTE
Steamed broccoli kondisi tidak terjual hari ini in holding warmer noted dalam daily waste report.,SURPLUS
Chicken stock kondisi over-prepared untuk service after lunch rush noted dalam daily waste report.,SURPLUS
Potongan wortel over-trimmed during prep di prep station - harus dibuatkan waste log entry,PREP_WASTE
Mayonaise mengalami terlewat 1 minggu dari expiry saat in cooler cabinet. Harus disposal required immediately,EXPIRED
Ayam segar kondisi berlendir keputihan di chiller utama wajib segera dibuang sesuai SOP.,SPOILED
Susu cream sudah melewati MHD 2 minggu in cooler cabinet - disposal required immediately,EXPIRED
Telur ayam mengalami berjamur hijau kebiruan saat dalam freezer. Harus wajib segera dibuang sesuai SOP,SPOILED
Ikan cod fillet mengalami terlalu gosong kecoklatan saat setelah oven baking. Harus noted dalam daily waste report,OVERCOOKED
"catatan chef: Ayam grilled hangus kehitaman grilled on BBQ, wajib segera dibuang sesuai SOP",OVERCOOKED
"laporan staff shift: Kulit kentang excessive peeling waste during vegetable prep, disposal required immediately",PREP_WASTE
" Sandwich club tersentuh oleh hands bare di service counter, disposal required immediately",CONTAMINATED
Laporan: Chicken stock ditemukan tidak terjual hari ini di end of dinner service. noted dalam daily waste report,SURPLUS
Batang seledri bagian tak terpakai dari prep pada cutting board - harus dibuatkan waste log entry,PREP_WASTE
Laporan: Kulit kentang ditemukan terbuang saat pemotongan di pada cutting board. harus dibuatkan waste log entry,PREP_WASTE
Laporan: Ayam segar ditemukan berlendir kekuningan di di chiller utama. noted dalam daily waste report,SPOILED
Laporan: Batang seledri ditemukan terbuang saat pemotongan di pada cutting board. wajib segera dibuang sesuai SOP,PREP_WASTE
Laporan: Rice bowl ditemukan tersentuh oleh hands bare di di plating area. disposal required immediately,CONTAMINATED
"inspeksi menemukan Ayam segar berbau busuk tidak sedap di counter prep station, wajib segera dibuang sesuai SOP",SPOILED
Ketchup mengalami expired date terlampaui saat di refrigerated section. Harus disposal required immediately,EXPIRED
Portion rice excess production batch end of dinner service - noted dalam daily waste report,SURPLUS
Rice pilaf hangus kehitaman grilled on BBQ - direject oleh kitchen manager,OVERCOOKED
" Minyak zaitun expired date hari ini di dry goods shelf, harus dibuatkan waste log entry",EXPIRED
Steak sapi ribeye kondisi keras sekali terlalu overdone dari deep fryer disposal required immediately.,OVERCOOKED
Potongan wortel mengalami over-trimmed during prep saat during vegetable prep. Harus wajib segera dibuang sesuai SOP,PREP_WASTE
" Chicken stock leftover setelah shift prepped but unserved, disposal required immediately",SURPLUS
Kulit kentang kondisi over-trimmed during prep during vegetable prep disposal required immediately.,PREP_WASTE
" Salad Caesar jatuh ke lantai langsung during food assembly, harus dibuatkan waste log entry",CONTAMINATED
Soup tomato tersentuh paper towel kotor at garnish station - wajib segera dibuang sesuai SOP,CONTAMINATED
Chicken stock kondisi over-prepared untuk service prepped but unserved direject oleh kitchen manager.,SURPLUS
Chicken stock mengalami tidak terjual hari ini saat in holding warmer. Harus noted dalam daily waste report,SURPLUS
Saus tiram kondisi terlewat 1 minggu dari expiry di dry goods shelf direject oleh kitchen manager.,EXPIRED
Daging sapi cincang berlendir kekuningan di chiller utama - direject oleh kitchen manager,SPOILED
Saus tiram mengalami expired date terlampaui saat di dry goods shelf. Harus disposal required immediately,EXPIRED
Laporan: Rice bowl ditemukan jatuh ke lantai langsung di during food assembly. direject oleh kitchen manager,CONTAMINATED
Chicken stock kondisi leftover setelah shift in holding warmer noted dalam daily waste report.,SURPLUS
Laporan: Mayonaise ditemukan sudah melewati MHD 2 minggu di di refrigerated section. noted dalam daily waste report,EXPIRED
Saus tiram expired date terlampaui in cooler cabinet - direject oleh kitchen manager,EXPIRED
Laporan: Susu cream ditemukan expired date hari ini di in cooler cabinet. wajib segera dibuang sesuai SOP,EXPIRED
"catatan chef: Ayam segar berlendir kekuningan di dry storage, disposal required immediately",SPOILED
Kentang goreng keras sekali terlalu overdone grilled on BBQ - disposal required immediately,OVERCOOKED
Rice bowl kondisi tersentuh paper towel kotor during food assembly noted dalam daily waste report.,CONTAMINATED
Laporan: Steamed broccoli ditemukan excess production batch di end of dinner service. noted dalam daily waste report,SURPLUS
"kondisi aktual: Sayuran brokoli kekuatan tekstur berubah keras setelah oven baking, noted dalam daily waste report",OVERCOOKED
Laporan: Grilled chicken breast ditemukan leftover setelah shift di after lunch rush. direject oleh kitchen manager,SURPLUS
Telur ayam berbau busuk tidak sedap di dry storage - noted dalam daily waste report,SPOILED
Steak sapi ribeye kondisi hangus kehitaman setelah oven baking harus dibuatkan waste log entry.,OVERCOOKED
Ayam grilled kering berlebihan terlalu hard setelah oven baking - harus dibuatkan waste log entry,OVERCOOKED
"inspeksi menemukan Ayam grilled terlalu gosong kecoklatan grilled on BBQ, wajib segera dibuang sesuai SOP",OVERCOOKED
"catatan chef: Fresh fruit salad over-prepared untuk service after lunch rush, harus dibuatkan waste log entry",SURPLUS
Laporan: Ranting parsley ditemukan bagian tak terpakai dari prep di during vegetable prep. direject oleh kitchen manager,PREP_WASTE
"catatan chef: Steamed broccoli tidak terjual hari ini after lunch rush, noted dalam daily waste report",SURPLUS
Laporan: Sayuran brokoli ditemukan hangus kehitaman di grilled on BBQ. wajib segera dibuang sesuai SOP,OVERCOOKED
"laporan staff shift: Telur ayam berubah warna kehijauan di dry storage, disposal required immediately",SPOILED
Laporan: Ikan cod fillet ditemukan terlalu gosong kecoklatan di setelah oven baking. noted dalam daily waste report,OVERCOOKED
"catatan chef: Portion rice leftover setelah shift in holding warmer, direject oleh kitchen manager",SURPLUS
Fresh fruit salad mengalami over-prepared untuk service saat prepped but unserved. Harus disposal required immediately,SURPLUS
Batang asparagus kondisi terbuang saat pemotongan pada cutting board wajib segera dibuang sesuai SOP.,PREP_WASTE
Saus tiram mengalami expired date terlampaui saat pada cold storage rack. Harus noted dalam daily waste report,EXPIRED
Laporan: Potongan wortel ditemukan terbuang saat pemotongan di during vegetable prep. noted dalam daily waste report,PREP_WASTE
Sandwich club terkontaminasi hair during food assembly - harus dibuatkan waste log entry,CONTAMINATED
Noodle dish kondisi tersentuh oleh hands bare di service counter harus dibuatkan waste log entry.,CONTAMINATED
Portion rice kondisi tidak tersentuh customer after lunch rush noted dalam daily waste report.,SURPLUS
Salad Caesar kondisi tercampur cleaning chemical spray during food assembly wajib segera dibuang sesuai SOP.,CONTAMINATED
"kondisi aktual: Mayonaise sudah melewati MHD 2 minggu di refrigerated section, wajib segera dibuang sesuai SOP",EXPIRED
Susu cream mengalami expired date hari ini saat di dry goods shelf. Harus direject oleh kitchen manager,EXPIRED
Kentang goreng keras sekali terlalu overdone grilled on BBQ - disposal required immediately,OVERCOOKED
Sayuran brokoli mengalami keras sekali terlalu overdone saat dari kompor main stove. Harus noted dalam daily waste report,OVERCOOKED
Ujung daun bawang kondisi over-trimmed during prep pada cutting board disposal required immediately.,PREP_WASTE
Susu cream expired date hari ini pada cold storage rack - wajib segera dibuang sesuai SOP,EXPIRED
Ranting parsley kondisi terbuang saat pemotongan di prep station noted dalam daily waste report.,PREP_WASTE
"catatan chef: Rice bowl tersentuh paper towel kotor di plating area, noted dalam daily waste report",CONTAMINATED
Grilled chicken breast mengalami tidak tersentuh customer saat after lunch rush. Harus noted dalam daily waste report,SURPLUS
Ayam grilled mengalami kekuatan tekstur berubah keras saat grilled on BBQ. Harus disposal required immediately,OVERCOOKED
Kulit kentang kondisi terbuang saat pemotongan pada cutting board harus dibuatkan waste log entry.,PREP_WASTE
Ikan salmon kondisi berbau busuk tidak sedap di chiller utama noted dalam daily waste report.,SPOILED
Laporan: Potongan wortel ditemukan sisa trimming yang banyak di during vegetable prep. harus dibuatkan waste log entry,PREP_WASTE
Laporan: Sayuran brokoli ditemukan hangus kehitaman di grilled on BBQ. wajib segera dibuang sesuai SOP,OVERCOOKED
Laporan: Ujung daun bawang ditemukan sisa trimming yang banyak di pada cutting board. disposal required immediately,PREP_WASTE
Ayam segar berubah warna kehijauan di dry storage - harus dibuatkan waste log entry,SPOILED
Kulit kentang mengalami excessive peeling waste saat di sink area. Harus disposal required immediately,PREP_WASTE
Laporan: Steamed broccoli ditemukan tidak terjual hari ini di end of dinner service. noted dalam daily waste report,SURPLUS
Ujung daun bawang mengalami over-trimmed during prep saat di sink area. Harus disposal required immediately,PREP_WASTE
Ketchup kondisi expired date terlampaui pada cold storage rack noted dalam daily waste report.,EXPIRED
Telur ayam mengalami berjamur hijau kebiruan saat di chiller utama. Harus wajib segera dibuang sesuai SOP,SPOILED
Kulit kentang kondisi sisa trimming yang banyak pada cutting board harus dibuatkan waste log entry.,PREP_WASTE
Steak sapi ribeye mengalami terlalu gosong kecoklatan saat setelah oven baking. Harus disposal required immediately,OVERCOOKED
Batang seledri mengalami over-trimmed during prep saat pada cutting board. Harus harus dibuatkan waste log entry,PREP_WASTE
Batang asparagus bagian tak terpakai dari prep di sink area - wajib segera dibuang sesuai SOP,PREP_WASTE
Ayam segar berbau busuk tidak sedap di dry storage - direject oleh kitchen manager,SPOILED
"catatan chef: Steamed broccoli tidak terjual hari ini end of dinner service, noted dalam daily waste report",SURPLUS
Kentang goreng terlalu gosong kecoklatan setelah oven baking - wajib segera dibuang sesuai SOP,OVERCOOKED
Laporan: Batang asparagus ditemukan excessive peeling waste di pada cutting board. wajib segera dibuang sesuai SOP,PREP_WASTE
Ujung daun bawang terbuang saat pemotongan di sink area - direject oleh kitchen manager,PREP_WASTE
Soup tomato mengalami tersentuh oleh hands bare saat at garnish station. Harus noted dalam daily waste report,CONTAMINATED
"kondisi aktual: Steamed broccoli over-prepared untuk service prepped but unserved, direject oleh kitchen manager",SURPLUS
Laporan: Tahu segar ditemukan berlendir kekuningan di dalam freezer. disposal required immediately,SPOILED
Sayuran brokoli kondisi kekuatan tekstur berubah keras dari deep fryer wajib segera dibuang sesuai SOP.,OVERCOOKED
Fresh fruit salad over-prepared untuk service prepped but unserved - noted dalam daily waste report,SURPLUS
Laporan: Daging sapi cincang ditemukan berjamur hijau kebiruan di di dry storage. harus dibuatkan waste log entry,SPOILED
Laporan: Noodle dish ditemukan terkontaminasi hair di during food assembly. direject oleh kitchen manager,CONTAMINATED
Laporan: Grilled chicken breast ditemukan over-prepared untuk service di after lunch rush. wajib segera dibuang sesuai SOP,SURPLUS
Saus tiram mengalami terlewat 1 minggu dari expiry saat pada cold storage rack. Harus disposal required immediately,EXPIRED
Sayuran brokoli kekuatan tekstur berubah keras dari kompor main stove - disposal required immediately,OVERCOOKED
Steak sapi ribeye kondisi terlalu gosong kecoklatan dari kompor main stove wajib segera dibuang sesuai SOP.,OVERCOOKED
Laporan: Ujung daun bawang ditemukan terbuang saat pemotongan di di sink area. direject oleh kitchen manager,PREP_WASTE
Steamed broccoli tidak tersentuh customer in holding warmer - harus dibuatkan waste log entry,SURPLUS
Laporan: Keju cheddar ditemukan expired date hari ini di in cooler cabinet. harus dibuatkan waste log entry,EXPIRED
Rice bowl kondisi terkontaminasi hair during food assembly harus dibuatkan waste log entry.,CONTAMINATED
Minyak zaitun expired date hari ini pada cold storage rack - harus dibuatkan waste log entry,EXPIRED
Laporan: Tahu segar ditemukan berbau busuk tidak sedap di di rak pantry. wajib segera dibuang sesuai SOP,SPOILED
"kondisi aktual: Ayam grilled terlalu gosong kecoklatan dari deep fryer, direject oleh kitchen manager",OVERCOOKED
" Sandwich club tersentuh paper towel kotor during food assembly, disposal required immediately",CONTAMINATED
Laporan: Mayonaise ditemukan sudah melewati MHD 2 minggu di in cooler cabinet. disposal required immediately,EXPIRED
Ikan salmon kondisi berjamur hijau kebiruan di dry storage disposal required immediately.,SPOILED
Grilled chicken breast kondisi tidak tersentuh customer after lunch rush direject oleh kitchen manager.,SURPLUS
"catatan chef: Ujung daun bawang terbuang saat pemotongan di sink area, direject oleh kitchen manager",PREP_WASTE
Laporan: Kulit kentang ditemukan over-trimmed during prep di di sink area. noted dalam daily waste report,PREP_WASTE
Ayam grilled kondisi terlalu gosong kecoklatan setelah oven baking harus dibuatkan waste log entry.,OVERCOOKED
" Ikan cod fillet terlalu gosong kecoklatan grilled on BBQ, noted dalam daily waste report",OVERCOOKED
Laporan: Keju cheddar ditemukan terlewat 1 minggu dari expiry di pada cold storage rack. harus dibuatkan waste log entry,EXPIRED
Ayam grilled terlalu gosong kecoklatan grilled on BBQ - disposal required immediately,OVERCOOKED
Ranting parsley kondisi bagian tak terpakai dari prep di prep station wajib segera dibuang sesuai SOP.,PREP_WASTE
" Keju cheddar sudah melewati MHD 2 minggu pada cold storage rack, wajib segera dibuang sesuai SOP",EXPIRED
"kondisi aktual: Susu cream terlewat 1 minggu dari expiry pada cold storage rack, wajib segera dibuang sesuai SOP",EXPIRED
Minyak zaitun kondisi terlewat 1 minggu dari expiry pada cold storage rack noted dalam daily waste report.,EXPIRED
Laporan: Daging sapi cincang ditemukan berbau busuk tidak sedap di di rak pantry. direject oleh kitchen manager,SPOILED
"kondisi aktual: Potongan wortel terbuang saat pemotongan during vegetable prep, direject oleh kitchen manager",PREP_WASTE
Ayam segar kondisi berbau busuk tidak sedap dalam freezer wajib segera dibuang sesuai SOP.,SPOILED
Laporan: Kentang goreng ditemukan terlalu gosong kecoklatan di setelah oven baking. harus dibuatkan waste log entry,OVERCOOKED
Ranting parsley mengalami terbuang saat pemotongan saat during vegetable prep. Harus wajib segera dibuang sesuai SOP,PREP_WASTE
Steamed broccoli mengalami tidak tersentuh customer saat after lunch rush. Harus noted dalam daily waste report,SURPLUS
"laporan staff shift: Keju cheddar terlewat 1 minggu dari expiry pada cold storage rack, noted dalam daily waste report",EXPIRED
Sayuran brokoli kekuatan tekstur berubah keras dari deep fryer - noted dalam daily waste report,OVERCOOKED
"inspeksi menemukan Keju cheddar sudah melewati MHD 2 minggu di dry goods shelf, disposal required immediately",EXPIRED
Ranting parsley excessive peeling waste pada cutting board - noted dalam daily waste report,PREP_WASTE
Ikan cod fillet kering berlebihan terlalu hard dari deep fryer - disposal required immediately,OVERCOOKED
"inspeksi menemukan Steak sapi ribeye kering berlebihan terlalu hard dari deep fryer, disposal required immediately",OVERCOOKED
Laporan: Daging sapi cincang ditemukan berlendir kekuningan di di dry storage. direject oleh kitchen manager,SPOILED
Sayuran brokoli mengalami terlalu gosong kecoklatan saat dari deep fryer. Harus harus dibuatkan waste log entry,OVERCOOKED
Potongan wortel bagian tak terpakai dari prep di sink area - disposal required immediately,PREP_WASTE
"catatan chef: Saus tiram expired date hari ini di dry goods shelf, disposal required immediately",EXPIRED
Laporan: Telur ayam ditemukan berlendir kekuningan di dalam freezer. harus dibuatkan waste log entry,SPOILED
Ikan cod fillet hangus kehitaman dari deep fryer - disposal required immediately,OVERCOOKED
"inspeksi menemukan Batang asparagus bagian tak terpakai dari prep pada cutting board, wajib segera dibuang sesuai SOP",PREP_WASTE
Salad Caesar kondisi terkontaminasi hair di plating area noted dalam daily waste report.,CONTAMINATED
"laporan staff shift: Batang asparagus terbuang saat pemotongan pada cutting board, direject oleh kitchen manager",PREP_WASTE
Ranting parsley mengalami sisa trimming yang banyak saat during vegetable prep. Harus disposal required immediately,PREP_WASTE
Soup tomato mengalami jatuh ke lantai langsung saat during food assembly. Harus wajib segera dibuang sesuai SOP,CONTAMINATED
Saus tiram mengalami terlewat 1 minggu dari expiry saat di refrigerated section. Harus noted dalam daily waste report,EXPIRED
Steamed broccoli kondisi excess production batch after lunch rush direject oleh kitchen manager.,SURPLUS
"kondisi aktual: Telur ayam berlendir kekuningan di chiller utama, disposal required immediately",SPOILED
Telur ayam mengalami berubah warna kehijauan saat dalam freezer. Harus direject oleh kitchen manager,SPOILED
Noodle dish terkontaminasi hair di plating area - direject oleh kitchen manager,CONTAMINATED
Noodle dish mengalami tersentuh oleh hands bare saat di plating area. Harus disposal required immediately,CONTAMINATED
"catatan chef: Chicken stock excess production batch end of dinner service, noted dalam daily waste report",SURPLUS
Laporan: Sayuran brokoli ditemukan keras sekali terlalu overdone di grilled on BBQ. noted dalam daily waste report,OVERCOOKED
Kentang goreng mengalami hangus kehitaman saat dari kompor main stove. Harus disposal required immediately,OVERCOOKED
Portion rice kondisi tidak terjual hari ini after lunch rush noted dalam daily waste report.,SURPLUS
Telur ayam berlendir kekuningan di rak pantry - harus dibuatkan waste log entry,SPOILED
Ikan cod fillet kondisi kering berlebihan terlalu hard dari deep fryer direject oleh kitchen manager.,OVERCOOKED
Ayam grilled terlalu gosong kecoklatan setelah oven baking - noted dalam daily waste report,OVERCOOKED
"laporan staff shift: Fresh fruit salad leftover setelah shift in holding warmer, noted dalam daily waste report",SURPLUS
" Chicken stock tidak tersentuh customer end of dinner service, harus dibuatkan waste log entry",SURPLUS
Potongan wortel kondisi over-trimmed during prep pada cutting board disposal required immediately.,PREP_WASTE
Daging sapi cincang mengalami berlendir kekuningan saat di rak pantry. Harus wajib segera dibuang sesuai SOP,SPOILED
Minyak zaitun kondisi telah lewat expired date 3 hari pada cold storage rack wajib segera dibuang sesuai SOP.,EXPIRED
"inspeksi menemukan Saus tiram sudah melewati MHD 2 minggu pada cold storage rack, disposal required immediately",EXPIRED
Laporan: Chicken stock ditemukan excess production batch di prepped but unserved. noted dalam daily waste report,SURPLUS
Chicken stock over-prepared untuk service in holding warmer - disposal required immediately,SURPLUS
Grilled chicken breast kondisi tidak terjual hari ini prepped but unserved wajib segera dibuang sesuai SOP.,SURPLUS
Fresh fruit salad mengalami excess production batch saat end of dinner service. Harus wajib segera dibuang sesuai SOP,SURPLUS
Susu cream expired date terlampaui in cooler cabinet - disposal required immediately,EXPIRED
Laporan: Steamed broccoli ditemukan tidak terjual hari ini di prepped but unserved. disposal required immediately,SURPLUS
"kondisi aktual: Rice pilaf kekuatan tekstur berubah keras setelah oven baking, wajib segera dibuang sesuai SOP",OVERCOOKED
"inspeksi menemukan Saus tiram telah lewat expired date 3 hari pada cold storage rack, wajib segera dibuang sesuai SOP",EXPIRED
Laporan: Ikan salmon ditemukan berjamur hijau kebiruan di di dry storage. wajib segera dibuang sesuai SOP,SPOILED
Soup tomato terkontaminasi hair di service counter - disposal required immediately,CONTAMINATED
Laporan: Sayuran brokoli ditemukan terlalu gosong kecoklatan di setelah oven baking. noted dalam daily waste report,OVERCOOKED
Telur ayam berbau busuk tidak sedap dalam freezer - direject oleh kitchen manager,SPOILED
Laporan: Steak sapi ribeye ditemukan hangus kehitaman di dari kompor main stove. direject oleh kitchen manager,OVERCOOKED
Laporan: Portion rice ditemukan tidak tersentuh customer di prepped but unserved. harus dibuatkan waste log entry,SURPLUS
Keju cheddar mengalami terlewat 1 minggu dari expiry saat in cooler cabinet. Harus harus dibuatkan waste log entry,EXPIRED
Batang seledri sisa trimming yang banyak pada cutting board - noted dalam daily waste report,PREP_WASTE
Laporan: Rice bowl ditemukan tersentuh paper towel kotor di di service counter. disposal required immediately,CONTAMINATED
" Ikan cod fillet hangus kehitaman dari kompor main stove, disposal required immediately",OVERCOOKED
Laporan: Chicken stock ditemukan excess production batch di prepped but unserved. noted dalam daily waste report,SURPLUS
Laporan: Steak sapi ribeye ditemukan hangus kehitaman di dari deep fryer. disposal required immediately,OVERCOOKED
Fresh fruit salad tidak terjual hari ini end of dinner service - direject oleh kitchen manager,SURPLUS
Tahu segar berlendir kekuningan di counter prep station - direject oleh kitchen manager,SPOILED
Ujung daun bawang mengalami over-trimmed during prep saat di prep station. Harus noted dalam daily waste report,PREP_WASTE
Laporan: Noodle dish ditemukan tercampur cleaning chemical spray di di service counter. noted dalam daily waste report,CONTAMINATED
Telur ayam berlendir keputihan di chiller utama - direject oleh kitchen manager,SPOILED
Ayam segar berjamur hijau kebiruan di counter prep station - harus dibuatkan waste log entry,SPOILED
Portion rice leftover setelah shift prepped but unserved - noted dalam daily waste report,SURPLUS
Mayonaise mengalami terlewat 1 minggu dari expiry saat in cooler cabinet. Harus direject oleh kitchen manager,EXPIRED
" Grilled chicken breast tidak tersentuh customer prepped but unserved, harus dibuatkan waste log entry",SURPLUS
Soup tomato mengalami jatuh ke lantai langsung saat at garnish station. Harus direject oleh kitchen manager,CONTAMINATED
Ayam segar berjamur hijau kebiruan di counter prep station - noted dalam daily waste report,SPOILED
Tahu segar mengalami berbau busuk tidak sedap saat di rak pantry. Harus harus dibuatkan waste log entry,SPOILED
Batang asparagus bagian tak terpakai dari prep during vegetable prep - harus dibuatkan waste log entry,PREP_WASTE
Kentang goreng mengalami kekuatan tekstur berubah keras saat dari kompor main stove. Harus wajib segera dibuang sesuai SOP,OVERCOOKED
Rice bowl kondisi tersentuh oleh hands bare at garnish station disposal required immediately.,CONTAMINATED
Ketchup sudah melewati MHD 2 minggu di dry goods shelf - direject oleh kitchen manager,EXPIRED
Grilled chicken breast over-prepared untuk service after lunch rush - noted dalam daily waste report,SURPLUS
"catatan chef: Steamed broccoli over-prepared untuk service in holding warmer, wajib segera dibuang sesuai SOP",SURPLUS
"laporan staff shift: Potongan wortel terbuang saat pemotongan pada cutting board, harus dibuatkan waste log entry",PREP_WASTE
Grilled chicken breast kondisi tidak tersentuh customer in holding warmer wajib segera dibuang sesuai SOP.,SURPLUS
Laporan: Kulit kentang ditemukan sisa trimming yang banyak di di sink area. wajib segera dibuang sesuai SOP,PREP_WASTE
Portion rice kondisi tidak tersentuh customer after lunch rush wajib segera dibuang sesuai SOP.,SURPLUS
Laporan: Sandwich club ditemukan tercampur cleaning chemical spray di di plating area. noted dalam daily waste report,CONTAMINATED
Kentang goreng mengalami terlalu gosong kecoklatan saat grilled on BBQ. Harus noted dalam daily waste report,OVERCOOKED
"kondisi aktual: Noodle dish terkontaminasi hair di plating area, wajib segera dibuang sesuai SOP",CONTAMINATED
Sandwich club tersentuh paper towel kotor at garnish station - harus dibuatkan waste log entry,CONTAMINATED
Noodle dish kondisi tersentuh oleh hands bare di service counter disposal required immediately.,CONTAMINATED
Steamed broccoli tidak terjual hari ini in holding warmer - disposal required immediately,SURPLUS
Batang asparagus over-trimmed during prep di prep station - direject oleh kitchen manager,PREP_WASTE
Telur ayam berubah warna kehijauan dalam freezer - noted dalam daily waste report,SPOILED
Laporan: Ikan cod fillet ditemukan hangus kehitaman di grilled on BBQ. wajib segera dibuang sesuai SOP,OVERCOOKED
Sayuran brokoli kondisi kering berlebihan terlalu hard setelah oven baking direject oleh kitchen manager.,OVERCOOKED
Laporan: Batang asparagus ditemukan excessive peeling waste di di prep station. direject oleh kitchen manager,PREP_WASTE
Grilled chicken breast mengalami tidak terjual hari ini saat prepped but unserved. Harus noted dalam daily waste report,SURPLUS
Potongan wortel sisa trimming yang banyak di prep station - harus dibuatkan waste log entry,PREP_WASTE
"catatan chef: Rice pilaf keras sekali terlalu overdone dari deep fryer, harus dibuatkan waste log entry",OVERCOOKED
Ayam segar mengalami berubah warna kehijauan saat di counter prep station. Harus direject oleh kitchen manager,SPOILED
"catatan chef: Portion rice excess production batch end of dinner service, direject oleh kitchen manager",SURPLUS
Ketchup mengalami terlewat 1 minggu dari expiry saat di dry goods shelf. Harus direject oleh kitchen manager,EXPIRED
Rice pilaf kondisi terlalu gosong kecoklatan dari kompor main stove harus dibuatkan waste log entry.,OVERCOOKED
Salad Caesar mengalami terkontaminasi hair saat during food assembly. Harus harus dibuatkan waste log entry,CONTAMINATED
"laporan staff shift: Portion rice excess production batch in holding warmer, disposal required immediately",SURPLUS
"laporan staff shift: Ayam segar berbau busuk tidak sedap di counter prep station, noted dalam daily waste report",SPOILED
Sandwich club jatuh ke lantai langsung di service counter - direject oleh kitchen manager,CONTAMINATED
"laporan staff shift: Sandwich club jatuh ke lantai langsung di service counter, noted dalam daily waste report",CONTAMINATED
Susu cream mengalami expired date terlampaui saat di refrigerated section. Harus wajib segera dibuang sesuai SOP,EXPIRED
Portion rice mengalami excess production batch saat end of dinner service. Harus disposal required immediately,SURPLUS
"inspeksi menemukan Ikan cod fillet hangus kehitaman dari kompor main stove, disposal required immediately",OVERCOOKED
Telur ayam mengalami berjamur hijau kebiruan saat dalam freezer. Harus wajib segera dibuang sesuai SOP,SPOILED
Ayam segar kondisi berjamur hijau kebiruan di dry storage noted dalam daily waste report.,SPOILED
Laporan: Mayonaise ditemukan terlewat 1 minggu dari expiry di in cooler cabinet. direject oleh kitchen manager,EXPIRED
Steamed broccoli kondisi tidak tersentuh customer in holding warmer disposal required immediately.,SURPLUS
"kondisi aktual: Ikan salmon berubah warna kehijauan di counter prep station, noted dalam daily waste report",SPOILED
Chicken stock mengalami over-prepared untuk service saat after lunch rush. Harus disposal required immediately,SURPLUS
Laporan: Ayam grilled ditemukan kering berlebihan terlalu hard di dari kompor main stove. harus dibuatkan waste log entry,OVERCOOKED
Portion rice mengalami leftover setelah shift saat end of dinner service. Harus direject oleh kitchen manager,SURPLUS
Ikan salmon berjamur hijau kebiruan di rak pantry - noted dalam daily waste report,SPOILED
Kentang goreng kekuatan tekstur berubah keras dari deep fryer - direject oleh kitchen manager,OVERCOOKED
Portion rice excess production batch in holding warmer - direject oleh kitchen manager,SURPLUS
" Ayam grilled kering berlebihan terlalu hard grilled on BBQ, wajib segera dibuang sesuai SOP",OVERCOOKED
Laporan: Ketchup ditemukan telah lewat expired date 3 hari di pada cold storage rack. harus dibuatkan waste log entry,EXPIRED
Ikan salmon kondisi berlendir kekuningan di rak pantry direject oleh kitchen manager.,SPOILED
Rice bowl terkontaminasi hair at garnish station - wajib segera dibuang sesuai SOP,CONTAMINATED
Laporan: Kulit kentang ditemukan terbuang saat pemotongan di during vegetable prep. noted dalam daily waste report,PREP_WASTE
Chicken stock mengalami leftover setelah shift saat prepped but unserved. Harus wajib segera dibuang sesuai SOP,SURPLUS
"laporan staff shift: Kulit kentang sisa trimming yang banyak pada cutting board, noted dalam daily waste report",PREP_WASTE
Fresh fruit salad mengalami excess production batch saat prepped but unserved. Harus disposal required immediately,SURPLUS
Kulit kentang kondisi over-trimmed during prep pada cutting board noted dalam daily waste report.,PREP_WASTE
Keju cheddar mengalami terlewat 1 minggu dari expiry saat in cooler cabinet. Harus wajib segera dibuang sesuai SOP,EXPIRED
Grilled chicken breast excess production batch prepped but unserved - direject oleh kitchen manager,SURPLUS
"kondisi aktual: Tahu segar berjamur hijau kebiruan di dry storage, direject oleh kitchen manager",SPOILED
" Noodle dish jatuh ke lantai langsung at garnish station, wajib segera dibuang sesuai SOP",CONTAMINATED
Salad Caesar mengalami terkontaminasi hair saat at garnish station. Harus disposal required immediately,CONTAMINATED
"kondisi aktual: Ayam segar berubah warna kehijauan di rak pantry, direject oleh kitchen manager",SPOILED
Ketchup expired date hari ini di refrigerated section - wajib segera dibuang sesuai SOP,EXPIRED
"kondisi aktual: Batang seledri terbuang saat pemotongan during vegetable prep, noted dalam daily waste report",PREP_WASTE
Chicken stock mengalami tidak terjual hari ini saat prepped but unserved. Harus direject oleh kitchen manager,SURPLUS
Portion rice mengalami over-prepared untuk service saat in holding warmer. Harus direject oleh kitchen manager,SURPLUS
Keju cheddar kondisi expired date hari ini in cooler cabinet direject oleh kitchen manager.,EXPIRED
Sayuran brokoli mengalami terlalu gosong kecoklatan saat setelah oven baking. Harus harus dibuatkan waste log entry,OVERCOOKED
"inspeksi menemukan Keju cheddar terlewat 1 minggu dari expiry in cooler cabinet, disposal required immediately",EXPIRED
Chicken stock mengalami leftover setelah shift saat prepped but unserved. Harus harus dibuatkan waste log entry,SURPLUS
Rice pilaf mengalami kekuatan tekstur berubah keras saat grilled on BBQ. Harus disposal required immediately,OVERCOOKED
Telur ayam berjamur hijau kebiruan di chiller utama - wajib segera dibuang sesuai SOP,SPOILED
Fresh fruit salad mengalami leftover setelah shift saat prepped but unserved. Harus disposal required immediately,SURPLUS
Ketchup mengalami telah lewat expired date 3 hari saat in cooler cabinet. Harus wajib segera dibuang sesuai SOP,EXPIRED
Laporan: Kentang goreng ditemukan keras sekali terlalu overdone di dari deep fryer. noted dalam daily waste report,OVERCOOKED
"laporan staff shift: Chicken stock leftover setelah shift in holding warmer, disposal required immediately",SURPLUS
Batang asparagus mengalami over-trimmed during prep saat pada cutting board. Harus disposal required immediately,PREP_WASTE
" Salad Caesar jatuh ke lantai langsung di plating area, disposal required immediately",CONTAMINATED
Keju cheddar telah lewat expired date 3 hari di refrigerated section - disposal required immediately,EXPIRED
Soup tomato mengalami jatuh ke lantai langsung saat during food assembly. Harus noted dalam daily waste report,CONTAMINATED
"catatan chef: Tahu segar berlendir keputihan di dry storage, noted dalam daily waste report",SPOILED
Rice pilaf terlalu gosong kecoklatan dari kompor main stove - disposal required immediately,OVERCOOKED
Soup tomato jatuh ke lantai langsung di service counter - noted dalam daily waste report,CONTAMINATED
Potongan wortel sisa trimming yang banyak during vegetable prep - harus dibuatkan waste log entry,PREP_WASTE
Laporan: Daging sapi cincang ditemukan berjamur hijau kebiruan di di dry storage. harus dibuatkan waste log entry,SPOILED
Potongan wortel bagian tak terpakai dari prep during vegetable prep - wajib segera dibuang sesuai SOP,PREP_WASTE
"kondisi aktual: Grilled chicken breast leftover setelah shift after lunch rush, direject oleh kitchen manager",SURPLUS
Ayam grilled kondisi terlalu gosong kecoklatan grilled on BBQ disposal required immediately.,OVERCOOKED
Ayam segar kondisi berlendir keputihan di rak pantry noted dalam daily waste report.,SPOILED
Batang seledri kondisi sisa trimming yang banyak di prep station harus dibuatkan waste log entry.,PREP_WASTE
Telur ayam kondisi berlendir kekuningan di rak pantry direject oleh kitchen manager.,SPOILED
Daging sapi cincang kondisi berlendir keputihan dalam freezer wajib segera dibuang sesuai SOP.,SPOILED
Steamed broccoli mengalami excess production batch saat in holding warmer. Harus direject oleh kitchen manager,SURPLUS
Ketchup mengalami expired date terlampaui saat di refrigerated section. Harus harus dibuatkan waste log entry,EXPIRED
Ikan salmon kondisi berlendir kekuningan di rak pantry harus dibuatkan waste log entry.,SPOILED
Laporan: Soup tomato ditemukan terkontaminasi hair di di service counter. harus dibuatkan waste log entry,CONTAMINATED
"inspeksi menemukan Ayam segar berjamur hijau kebiruan di rak pantry, noted dalam daily waste report",SPOILED
Sandwich club jatuh ke lantai langsung di plating area - noted dalam daily waste report,CONTAMINATED
Ranting parsley kondisi over-trimmed during prep pada cutting board noted dalam daily waste report.,PREP_WASTE
Tahu segar mengalami berubah warna kehijauan saat dalam freezer. Harus noted dalam daily waste report,SPOILED
" Rice bowl tercampur cleaning chemical spray di service counter, harus dibuatkan waste log entry",CONTAMINATED
Grilled chicken breast over-prepared untuk service end of dinner service - harus dibuatkan waste log entry,SURPLUS
Laporan: Fresh fruit salad ditemukan leftover setelah shift di after lunch rush. wajib segera dibuang sesuai SOP,SURPLUS
Laporan: Ikan cod fillet ditemukan kering berlebihan terlalu hard di dari deep fryer. disposal required immediately,OVERCOOKED
Noodle dish mengalami jatuh ke lantai langsung saat at garnish station. Harus direject oleh kitchen manager,CONTAMINATED
Minyak zaitun mengalami terlewat 1 minggu dari expiry saat pada cold storage rack. Harus harus dibuatkan waste log entry,EXPIRED
Portion rice kondisi over-prepared untuk service prepped but unserved noted dalam daily waste report.,SURPLUS
Laporan: Potongan wortel ditemukan excessive peeling waste di di prep station. wajib segera dibuang sesuai SOP,PREP_WASTE
Laporan: Daging sapi cincang ditemukan berjamur hijau kebiruan di di counter prep station. disposal required immediately,SPOILED
Ranting parsley mengalami sisa trimming yang banyak saat di sink area. Harus harus dibuatkan waste log entry,PREP_WASTE
"catatan chef: Telur ayam berlendir kekuningan di rak pantry, direject oleh kitchen manager",SPOILED
"inspeksi menemukan Ayam segar berjamur hijau kebiruan dalam freezer, disposal required immediately",SPOILED
Laporan: Potongan wortel ditemukan bagian tak terpakai dari prep di during vegetable prep. noted dalam daily waste report,PREP_WASTE
"inspeksi menemukan Grilled chicken breast leftover setelah shift end of dinner service, harus dibuatkan waste log entry",SURPLUS
Rice pilaf kondisi kekuatan tekstur berubah keras dari deep fryer harus dibuatkan waste log entry.,OVERCOOKED
Portion rice kondisi tidak terjual hari ini in holding warmer wajib segera dibuang sesuai SOP.,SURPLUS
" Rice bowl jatuh ke lantai langsung at garnish station, disposal required immediately",CONTAMINATED
Rice bowl kondisi tercampur cleaning chemical spray di service counter wajib segera dibuang sesuai SOP.,CONTAMINATED
Laporan: Fresh fruit salad ditemukan over-prepared untuk service di prepped but unserved. wajib segera dibuang sesuai SOP,SURPLUS
Sandwich club terkontaminasi hair di service counter - noted dalam daily waste report,CONTAMINATED
Chicken stock kondisi tidak terjual hari ini after lunch rush disposal required immediately.,SURPLUS
Laporan: Saus tiram ditemukan terlewat 1 minggu dari expiry di di dry goods shelf. direject oleh kitchen manager,EXPIRED
Steamed broccoli excess production batch in holding warmer - wajib segera dibuang sesuai SOP,SURPLUS
Laporan: Steak sapi ribeye ditemukan kering berlebihan terlalu hard di dari kompor main stove. disposal required immediately,OVERCOOKED
"laporan staff shift: Rice bowl tercampur cleaning chemical spray at garnish station, direject oleh kitchen manager",CONTAMINATED
Portion rice mengalami tidak terjual hari ini saat after lunch rush. Harus wajib segera dibuang sesuai SOP,SURPLUS
Sandwich club mengalami terkontaminasi hair saat at garnish station. Harus harus dibuatkan waste log entry,CONTAMINATED
Batang asparagus mengalami excessive peeling waste saat pada cutting board. Harus noted dalam daily waste report,PREP_WASTE
Grilled chicken breast mengalami tidak terjual hari ini saat in holding warmer. Harus direject oleh kitchen manager,SURPLUS
Laporan: Soup tomato ditemukan tercampur cleaning chemical spray di during food assembly. disposal required immediately,CONTAMINATED
Chicken stock kondisi tidak terjual hari ini prepped but unserved harus dibuatkan waste log entry.,SURPLUS
Ketchup kondisi expired date hari ini pada cold storage rack disposal required immediately.,EXPIRED
"kondisi aktual: Potongan wortel sisa trimming yang banyak pada cutting board, direject oleh kitchen manager",PREP_WASTE
Rice bowl mengalami tercampur cleaning chemical spray saat at garnish station. Harus noted dalam daily waste report,CONTAMINATED
Sandwich club mengalami terkontaminasi hair saat during food assembly. Harus harus dibuatkan waste log entry,CONTAMINATED
Laporan: Ranting parsley ditemukan sisa trimming yang banyak di during vegetable prep. noted dalam daily waste report,PREP_WASTE
Sandwich club mengalami tercampur cleaning chemical spray saat during food assembly. Harus harus dibuatkan waste log entry,CONTAMINATED
Rice bowl tersentuh oleh hands bare di service counter - noted dalam daily waste report,CONTAMINATED
Rice pilaf mengalami kekuatan tekstur berubah keras saat dari deep fryer. Harus wajib segera dibuang sesuai SOP,OVERCOOKED
"catatan chef: Batang seledri bagian tak terpakai dari prep di prep station, harus dibuatkan waste log entry",PREP_WASTE
Kulit kentang kondisi terbuang saat pemotongan pada cutting board wajib segera dibuang sesuai SOP.,PREP_WASTE
Soup tomato mengalami terkontaminasi hair saat di service counter. Harus wajib segera dibuang sesuai SOP,CONTAMINATED
"kondisi aktual: Soup tomato terkontaminasi hair di service counter, direject oleh kitchen manager",CONTAMINATED
Soup tomato kondisi jatuh ke lantai langsung di plating area disposal required immediately.,CONTAMINATED
Salad Caesar kondisi tersentuh oleh hands bare at garnish station noted dalam daily waste report.,CONTAMINATED
Laporan: Portion rice ditemukan tidak terjual hari ini di end of dinner service. harus dibuatkan waste log entry,SURPLUS
Noodle dish tercampur cleaning chemical spray di service counter - harus dibuatkan waste log entry,CONTAMINATED
Sandwich club mengalami tersentuh paper towel kotor saat di plating area. Harus noted dalam daily waste report,CONTAMINATED
" Soup tomato terkontaminasi hair di plating area, noted dalam daily waste report",CONTAMINATED
Steamed broccoli kondisi leftover setelah shift after lunch rush wajib segera dibuang sesuai SOP.,SURPLUS
Sandwich club kondisi tersentuh oleh hands bare di service counter noted dalam daily waste report.,CONTAMINATED
Steamed broccoli kondisi leftover setelah shift prepped but unserved direject oleh kitchen manager.,SURPLUS
Laporan: Chicken stock ditemukan excess production batch di after lunch rush. disposal required immediately,SURPLUS
Fresh fruit salad kondisi tidak terjual hari ini end of dinner service harus dibuatkan waste log entry.,SURPLUS
Kulit kentang mengalami bagian tak terpakai dari prep saat di prep station. Harus direject oleh kitchen manager,PREP_WASTE
Ujung daun bawang mengalami excessive peeling waste saat di sink area. Harus noted dalam daily waste report,PREP_WASTE
"inspeksi menemukan Steak sapi ribeye keras sekali terlalu overdone setelah oven baking, disposal required immediately",OVERCOOKED
Steamed broccoli mengalami leftover setelah shift saat after lunch rush. Harus wajib segera dibuang sesuai SOP,SURPLUS
Laporan: Mayonaise ditemukan telah lewat expired date 3 hari di di refrigerated section. disposal required immediately,EXPIRED
Batang seledri excessive peeling waste during vegetable prep - direject oleh kitchen manager,PREP_WASTE
"inspeksi menemukan Susu cream expired date terlampaui di refrigerated section, disposal required immediately",EXPIRED
"laporan staff shift: Ayam grilled kekuatan tekstur berubah keras setelah oven baking, direject oleh kitchen manager",OVERCOOKED
Sandwich club tersentuh paper towel kotor at garnish station - noted dalam daily waste report,CONTAMINATED
Steak sapi ribeye mengalami kering berlebihan terlalu hard saat dari kompor main stove. Harus direject oleh kitchen manager,OVERCOOKED
Mayonaise mengalami expired date hari ini saat pada cold storage rack. Harus harus dibuatkan waste log entry,EXPIRED
Kentang goreng kondisi keras sekali terlalu overdone dari kompor main stove harus dibuatkan waste log entry.,OVERCOOKED
Susu cream expired date terlampaui di refrigerated section - disposal required immediately,EXPIRED
Laporan: Sayuran brokoli ditemukan kekuatan tekstur berubah keras di dari kompor main stove. wajib segera dibuang sesuai SOP,OVERCOOKED
Laporan: Batang seledri ditemukan sisa trimming yang banyak di di prep station. disposal required immediately,PREP_WASTE
Steamed broccoli over-prepared untuk service after lunch rush - harus dibuatkan waste log entry,SURPLUS
Laporan: Rice bowl ditemukan tersentuh oleh hands bare di di service counter. noted dalam daily waste report,CONTAMINATED
Saus tiram mengalami terlewat 1 minggu dari expiry saat di dry goods shelf. Harus wajib segera dibuang sesuai SOP,EXPIRED
" Daging sapi cincang berlendir kekuningan di counter prep station, direject oleh kitchen manager",SPOILED
Laporan: Rice pilaf ditemukan terlalu gosong kecoklatan di dari kompor main stove. noted dalam daily waste report,OVERCOOKED
Mayonaise mengalami sudah melewati MHD 2 minggu saat di dry goods shelf. Harus disposal required immediately,EXPIRED
Noodle dish mengalami tercampur cleaning chemical spray saat di plating area. Harus disposal required immediately,CONTAMINATED
" Ujung daun bawang sisa trimming yang banyak during vegetable prep, wajib segera dibuang sesuai SOP",PREP_WASTE
Ranting parsley mengalami sisa trimming yang banyak saat pada cutting board. Harus wajib segera dibuang sesuai SOP,PREP_WASTE
Fresh fruit salad over-prepared untuk service in holding warmer - wajib segera dibuang sesuai SOP,SURPLUS
Salad Caesar mengalami terkontaminasi hair saat di service counter. Harus wajib segera dibuang sesuai SOP,CONTAMINATED
Potongan wortel mengalami over-trimmed during prep saat pada cutting board. Harus wajib segera dibuang sesuai SOP,PREP_WASTE
Fresh fruit salad tidak terjual hari ini end of dinner service - harus dibuatkan waste log entry,SURPLUS
Sayuran brokoli kondisi terlalu gosong kecoklatan grilled on BBQ harus dibuatkan waste log entry.,OVERCOOKED
"laporan staff shift: Daging sapi cincang berbau busuk tidak sedap di counter prep station, wajib segera dibuang sesuai SOP",SPOILED
Susu cream expired date hari ini pada cold storage rack - noted dalam daily waste report,EXPIRED
Ujung daun bawang mengalami excessive peeling waste saat di prep station. Harus noted dalam daily waste report,PREP_WASTE
Ujung daun bawang mengalami bagian tak terpakai dari prep saat pada cutting board. Harus noted dalam daily waste report,PREP_WASTE
Keju cheddar kondisi expired date terlampaui di refrigerated section noted dalam daily waste report.,EXPIRED
Laporan: Potongan wortel ditemukan sisa trimming yang banyak di during vegetable prep. disposal required immediately,PREP_WASTE
"inspeksi menemukan Grilled chicken breast over-prepared untuk service after lunch rush, noted dalam daily waste report",SURPLUS
Salad Caesar tersentuh oleh hands bare during food assembly - disposal required immediately,CONTAMINATED
Ikan cod fillet kondisi keras sekali terlalu overdone dari kompor main stove noted dalam daily waste report.,OVERCOOKED
Ranting parsley mengalami over-trimmed during prep saat during vegetable prep. Harus noted dalam daily waste report,PREP_WASTE
Portion rice mengalami over-prepared untuk service saat in holding warmer. Harus direject oleh kitchen manager,SURPLUS
Laporan: Batang seledri ditemukan excessive peeling waste di di sink area. noted dalam daily waste report,PREP_WASTE
"catatan chef: Steak sapi ribeye terlalu gosong kecoklatan grilled on BBQ, disposal required immediately",OVERCOOKED
Laporan: Fresh fruit salad ditemukan tidak tersentuh customer di after lunch rush. noted dalam daily waste report,SURPLUS
Batang asparagus mengalami excessive peeling waste saat di sink area. Harus harus dibuatkan waste log entry,PREP_WASTE
"catatan chef: Potongan wortel terbuang saat pemotongan di prep station, noted dalam daily waste report",PREP_WASTE
Laporan: Tahu segar ditemukan berjamur hijau kebiruan di di counter prep station. harus dibuatkan waste log entry,SPOILED
Batang asparagus terbuang saat pemotongan di sink area - disposal required immediately,PREP_WASTE
"catatan chef: Steamed broccoli tidak terjual hari ini in holding warmer, disposal required immediately",SURPLUS
Minyak zaitun terlewat 1 minggu dari expiry in cooler cabinet - direject oleh kitchen manager,EXPIRED
Mayonaise terlewat 1 minggu dari expiry in cooler cabinet - noted dalam daily waste report,EXPIRED
Ayam grilled kekuatan tekstur berubah keras dari kompor main stove - harus dibuatkan waste log entry,OVERCOOKED
Ikan cod fillet mengalami kering berlebihan terlalu hard saat dari deep fryer. Harus noted dalam daily waste report,OVERCOOKED
Rice pilaf mengalami terlalu gosong kecoklatan saat dari deep fryer. Harus wajib segera dibuang sesuai SOP,OVERCOOKED
Ujung daun bawang kondisi over-trimmed during prep during vegetable prep disposal required immediately.,PREP_WASTE
Ayam segar berlendir keputihan di counter prep station - disposal required immediately,SPOILED
" Telur ayam berubah warna kehijauan di dry storage, wajib segera dibuang sesuai SOP",SPOILED
Laporan: Ikan cod fillet ditemukan terlalu gosong kecoklatan di grilled on BBQ. harus dibuatkan waste log entry,OVERCOOKED
Ikan salmon berbau busuk tidak sedap di chiller utama - harus dibuatkan waste log entry,SPOILED
Ikan cod fillet kondisi kekuatan tekstur berubah keras dari kompor main stove harus dibuatkan waste log entry.,OVERCOOKED
Daging sapi cincang berubah warna kehijauan dalam freezer - wajib segera dibuang sesuai SOP,SPOILED
"inspeksi menemukan Chicken stock tidak terjual hari ini in holding warmer, wajib segera dibuang sesuai SOP",SURPLUS
Susu cream sudah melewati MHD 2 minggu di dry goods shelf - harus dibuatkan waste log entry,EXPIRED
Ikan salmon kondisi berbau busuk tidak sedap di rak pantry direject oleh kitchen manager.,SPOILED
Ketchup expired date terlampaui di refrigerated section - direject oleh kitchen manager,EXPIRED
Keju cheddar kondisi expired date hari ini in cooler cabinet harus dibuatkan waste log entry.,EXPIRED
Ketchup telah lewat expired date 3 hari in cooler cabinet - harus dibuatkan waste log entry,EXPIRED
Laporan: Steamed broccoli ditemukan over-prepared untuk service di after lunch rush. wajib segera dibuang sesuai SOP,SURPLUS
Kentang goreng mengalami terlalu gosong kecoklatan saat setelah oven baking. Harus disposal required immediately,OVERCOOKED
Kentang goreng kondisi keras sekali terlalu overdone dari kompor main stove wajib segera dibuang sesuai SOP.,OVERCOOKED
Rice bowl terkontaminasi hair di service counter - disposal required immediately,CONTAMINATED
Potongan wortel mengalami excessive peeling waste saat during vegetable prep. Harus direject oleh kitchen manager,PREP_WASTE
Ikan cod fillet kekuatan tekstur berubah keras dari deep fryer - disposal required immediately,OVERCOOKED
Noodle dish tercampur cleaning chemical spray di service counter - harus dibuatkan waste log entry,CONTAMINATED
Saus tiram mengalami terlewat 1 minggu dari expiry saat pada cold storage rack. Harus disposal required immediately,EXPIRED
Laporan: Ikan salmon ditemukan berubah warna kehijauan di di dry storage. harus dibuatkan waste log entry,SPOILED
Laporan: Ayam segar ditemukan berbau busuk tidak sedap di di rak pantry. wajib segera dibuang sesuai SOP,SPOILED
"inspeksi menemukan Sayuran brokoli keras sekali terlalu overdone setelah oven baking, wajib segera dibuang sesuai SOP",OVERCOOKED
"inspeksi menemukan Ayam grilled kekuatan tekstur berubah keras setelah oven baking, noted dalam daily waste report",OVERCOOKED
Susu cream kondisi telah lewat expired date 3 hari in cooler cabinet wajib segera dibuang sesuai SOP.,EXPIRED
Ketchup mengalami expired date hari ini saat di dry goods shelf. Harus noted dalam daily waste report,EXPIRED
Laporan: Telur ayam ditemukan berbau busuk tidak sedap di dalam freezer. wajib segera dibuang sesuai SOP,SPOILED
Potongan wortel kondisi bagian tak terpakai dari prep during vegetable prep wajib segera dibuang sesuai SOP.,PREP_WASTE
Daging sapi cincang mengalami berbau busuk tidak sedap saat di dry storage. Harus harus dibuatkan waste log entry,SPOILED
Kulit kentang mengalami over-trimmed during prep saat di prep station. Harus noted dalam daily waste report,PREP_WASTE
Laporan: Rice pilaf ditemukan hangus kehitaman di grilled on BBQ. harus dibuatkan waste log entry,OVERCOOKED
Ujung daun bawang excessive peeling waste di prep station - direject oleh kitchen manager,PREP_WASTE
Mayonaise mengalami terlewat 1 minggu dari expiry saat pada cold storage rack. Harus wajib segera dibuang sesuai SOP,EXPIRED
Batang asparagus kondisi over-trimmed during prep during vegetable prep disposal required immediately.,PREP_WASTE
Laporan: Ikan salmon ditemukan berlendir keputihan di di dry storage. wajib segera dibuang sesuai SOP,SPOILED
Steak sapi ribeye keras sekali terlalu overdone setelah oven baking - direject oleh kitchen manager,OVERCOOKED
Noodle dish terkontaminasi hair di service counter - noted dalam daily waste report,CONTAMINATED
Soup tomato terkontaminasi hair during food assembly - direject oleh kitchen manager,CONTAMINATED
Laporan: Minyak zaitun ditemukan expired date terlampaui di in cooler cabinet. disposal required immediately,EXPIRED
Fresh fruit salad mengalami tidak tersentuh customer saat end of dinner service. Harus disposal required immediately,SURPLUS
Ranting parsley kondisi excessive peeling waste pada cutting board harus dibuatkan waste log entry.,PREP_WASTE
"kondisi aktual: Tahu segar berlendir keputihan di chiller utama, direject oleh kitchen manager",SPOILED
"inspeksi menemukan Steak sapi ribeye hangus kehitaman setelah oven baking, direject oleh kitchen manager",OVERCOOKED
"laporan staff shift: Tahu segar berjamur hijau kebiruan di chiller utama, direject oleh kitchen manager",SPOILED
Ayam segar kondisi berjamur hijau kebiruan di dry storage disposal required immediately.,SPOILED
"inspeksi menemukan Portion rice tidak terjual hari ini after lunch rush, noted dalam daily waste report",SURPLUS
Batang asparagus mengalami over-trimmed during prep saat di sink area. Harus wajib segera dibuang sesuai SOP,PREP_WASTE
"inspeksi menemukan Keju cheddar terlewat 1 minggu dari expiry di dry goods shelf, harus dibuatkan waste log entry",EXPIRED
"catatan chef: Ujung daun bawang sisa trimming yang banyak pada cutting board, disposal required immediately",PREP_WASTE
Portion rice mengalami tidak terjual hari ini saat prepped but unserved. Harus noted dalam daily waste report,SURPLUS
Kentang goreng kering berlebihan terlalu hard setelah oven baking - harus dibuatkan waste log entry,OVERCOOKED
Saus tiram terlewat 1 minggu dari expiry in cooler cabinet - harus dibuatkan waste log entry,EXPIRED
Sandwich club tercampur cleaning chemical spray during food assembly - disposal required immediately,CONTAMINATED
Laporan: Ikan cod fillet ditemukan keras sekali terlalu overdone di setelah oven baking. harus dibuatkan waste log entry,OVERCOOKED
"inspeksi menemukan Steak sapi ribeye hangus kehitaman dari kompor main stove, noted dalam daily waste report",OVERCOOKED
Laporan: Noodle dish ditemukan tersentuh paper towel kotor di di service counter. noted dalam daily waste report,CONTAMINATED
Portion rice leftover setelah shift after lunch rush - noted dalam daily waste report,SURPLUS
Sayuran brokoli mengalami hangus kehitaman saat dari deep fryer. Harus wajib segera dibuang sesuai SOP,OVERCOOKED
Daging sapi cincang berbau busuk tidak sedap di dry storage - wajib segera dibuang sesuai SOP,SPOILED
Ikan salmon mengalami berubah warna kehijauan saat di dry storage. Harus noted dalam daily waste report,SPOILED
Ujung daun bawang mengalami bagian tak terpakai dari prep saat pada cutting board. Harus direject oleh kitchen manager,PREP_WASTE
Minyak zaitun terlewat 1 minggu dari expiry pada cold storage rack - wajib segera dibuang sesuai SOP,EXPIRED
Sandwich club mengalami tercampur cleaning chemical spray saat di plating area. Harus noted dalam daily waste report,CONTAMINATED
Sandwich club kondisi tersentuh paper towel kotor at garnish station noted dalam daily waste report.,CONTAMINATED
Chicken stock kondisi leftover setelah shift after lunch rush wajib segera dibuang sesuai SOP.,SURPLUS
"kondisi aktual: Rice bowl jatuh ke lantai langsung at garnish station, noted dalam daily waste report",CONTAMINATED
Telur ayam kondisi berjamur hijau kebiruan di rak pantry noted dalam daily waste report.,SPOILED
Rice bowl mengalami tersentuh paper towel kotor saat at garnish station. Harus wajib segera dibuang sesuai SOP,CONTAMINATED
Kulit kentang kondisi terbuang saat pemotongan di sink area noted dalam daily waste report.,PREP_WASTE
Laporan: Keju cheddar ditemukan expired date terlampaui di pada cold storage rack. direject oleh kitchen manager,EXPIRED
Salad Caesar kondisi jatuh ke lantai langsung di service counter noted dalam daily waste report.,CONTAMINATED
Laporan: Batang seledri ditemukan excessive peeling waste di during vegetable prep. direject oleh kitchen manager,PREP_WASTE
"inspeksi menemukan Tahu segar berlendir keputihan di chiller utama, disposal required immediately",SPOILED
Ikan salmon kondisi berubah warna kehijauan di chiller utama wajib segera dibuang sesuai SOP.,SPOILED
Keju cheddar mengalami telah lewat expired date 3 hari saat in cooler cabinet. Harus wajib segera dibuang sesuai SOP,EXPIRED
Ranting parsley kondisi over-trimmed during prep during vegetable prep wajib segera dibuang sesuai SOP.,PREP_WASTE
Susu cream expired date terlampaui pada cold storage rack - wajib segera dibuang sesuai SOP,EXPIRED
Soup tomato tersentuh oleh hands bare di plating area - wajib segera dibuang sesuai SOP,CONTAMINATED
Ikan salmon kondisi berjamur hijau kebiruan di chiller utama direject oleh kitchen manager.,SPOILED
Batang asparagus mengalami over-trimmed during prep saat di sink area. Harus direject oleh kitchen manager,PREP_WASTE
Tahu segar mengalami berlendir keputihan saat dalam freezer. Harus wajib segera dibuang sesuai SOP,SPOILED
Kulit kentang mengalami bagian tak terpakai dari prep saat pada cutting board. Harus noted dalam daily waste report,PREP_WASTE
Grilled chicken breast over-prepared untuk service after lunch rush - direject oleh kitchen manager,SURPLUS
"kondisi aktual: Steak sapi ribeye kekuatan tekstur berubah keras dari deep fryer, disposal required immediately",OVERCOOKED
Chicken stock over-prepared untuk service after lunch rush - direject oleh kitchen manager,SURPLUS
Ranting parsley mengalami terbuang saat pemotongan saat during vegetable prep. Harus disposal required immediately,PREP_WASTE
Rice bowl mengalami tersentuh oleh hands bare saat at garnish station. Harus harus dibuatkan waste log entry,CONTAMINATED
Portion rice mengalami tidak tersentuh customer saat in holding warmer. Harus wajib segera dibuang sesuai SOP,SURPLUS
Saus tiram sudah melewati MHD 2 minggu pada cold storage rack - disposal required immediately,EXPIRED
Fresh fruit salad excess production batch after lunch rush - disposal required immediately,SURPLUS
Kulit kentang excessive peeling waste di prep station - noted dalam daily waste report,PREP_WASTE
Ikan cod fillet terlalu gosong kecoklatan setelah oven baking - harus dibuatkan waste log entry,OVERCOOKED
Ayam segar berlendir keputihan di chiller utama - harus dibuatkan waste log entry,SPOILED
Laporan: Steak sapi ribeye ditemukan terlalu gosong kecoklatan di setelah oven baking. direject oleh kitchen manager,OVERCOOKED
"catatan chef: Ranting parsley over-trimmed during prep during vegetable prep, noted dalam daily waste report",PREP_WASTE
"catatan chef: Rice bowl tercampur cleaning chemical spray di plating area, disposal required immediately",CONTAMINATED
Laporan: Grilled chicken breast ditemukan tidak tersentuh customer di after lunch rush. wajib segera dibuang sesuai SOP,SURPLUS
Laporan: Minyak zaitun ditemukan sudah melewati MHD 2 minggu di di refrigerated section. direject oleh kitchen manager,EXPIRED
"kondisi aktual: Sayuran brokoli hangus kehitaman setelah oven baking, wajib segera dibuang sesuai SOP",OVERCOOKED
Mayonaise mengalami expired date hari ini saat di dry goods shelf. Harus direject oleh kitchen manager,EXPIRED
"kondisi aktual: Grilled chicken breast tidak tersentuh customer end of dinner service, direject oleh kitchen manager",SURPLUS
"laporan staff shift: Batang seledri excessive peeling waste di sink area, disposal required immediately",PREP_WASTE
Kulit kentang mengalami terbuang saat pemotongan saat di sink area. Harus disposal required immediately,PREP_WASTE
Telur ayam mengalami berubah warna kehijauan saat di dry storage. Harus harus dibuatkan waste log entry,SPOILED
Ayam segar mengalami berlendir keputihan saat di chiller utama. Harus harus dibuatkan waste log entry,SPOILED
Rice bowl mengalami terkontaminasi hair saat di service counter. Harus direject oleh kitchen manager,CONTAMINATED
Minyak zaitun mengalami telah lewat expired date 3 hari saat di dry goods shelf. Harus wajib segera dibuang sesuai SOP,EXPIRED
"catatan chef: Ayam grilled kekuatan tekstur berubah keras dari deep fryer, wajib segera dibuang sesuai SOP",OVERCOOKED
Daging sapi cincang kondisi berlendir keputihan di chiller utama harus dibuatkan waste log entry.,SPOILED
Rice pilaf kondisi keras sekali terlalu overdone dari deep fryer disposal required immediately.,OVERCOOKED
"laporan staff shift: Sandwich club tercampur cleaning chemical spray during food assembly, disposal required immediately",CONTAMINATED
Minyak zaitun kondisi sudah melewati MHD 2 minggu pada cold storage rack noted dalam daily waste report.,EXPIRED
Ranting parsley kondisi sisa trimming yang banyak during vegetable prep direject oleh kitchen manager.,PREP_WASTE
Sandwich club jatuh ke lantai langsung at garnish station - wajib segera dibuang sesuai SOP,CONTAMINATED
Grilled chicken breast over-prepared untuk service end of dinner service - noted dalam daily waste report,SURPLUS
Keju cheddar mengalami sudah melewati MHD 2 minggu saat pada cold storage rack. Harus wajib segera dibuang sesuai SOP,EXPIRED
Ranting parsley over-trimmed during prep during vegetable prep - harus dibuatkan waste log entry,PREP_WASTE
" Soup tomato terkontaminasi hair di service counter, direject oleh kitchen manager",CONTAMINATED
Fresh fruit salad kondisi over-prepared untuk service after lunch rush harus dibuatkan waste log entry.,SURPLUS
Ayam segar mengalami berlendir kekuningan saat di counter prep station. Harus harus dibuatkan waste log entry,SPOILED
"laporan staff shift: Portion rice over-prepared untuk service in holding warmer, noted dalam daily waste report",SURPLUS
Potongan wortel kondisi excessive peeling waste pada cutting board wajib segera dibuang sesuai SOP.,PREP_WASTE
Kentang goreng kondisi keras sekali terlalu overdone dari deep fryer direject oleh kitchen manager.,OVERCOOKED
"kondisi aktual: Noodle dish tersentuh paper towel kotor at garnish station, disposal required immediately",CONTAMINATED
Daging sapi cincang mengalami berlendir keputihan saat di dry storage. Harus direject oleh kitchen manager,SPOILED
"catatan chef: Rice bowl jatuh ke lantai langsung at garnish station, disposal required immediately",CONTAMINATED
Keju cheddar mengalami sudah melewati MHD 2 minggu saat di dry goods shelf. Harus noted dalam daily waste report,EXPIRED
Sandwich club mengalami tercampur cleaning chemical spray saat during food assembly. Harus direject oleh kitchen manager,CONTAMINATED
Saus tiram expired date hari ini in cooler cabinet - wajib segera dibuang sesuai SOP,EXPIRED
Ayam segar kondisi berubah warna kehijauan di counter prep station direject oleh kitchen manager.,SPOILED
"inspeksi menemukan Chicken stock excess production batch after lunch rush, wajib segera dibuang sesuai SOP",SURPLUS
Ikan cod fillet mengalami kering berlebihan terlalu hard saat grilled on BBQ. Harus wajib segera dibuang sesuai SOP,OVERCOOKED
Chicken stock mengalami over-prepared untuk service saat after lunch rush. Harus noted dalam daily waste report,SURPLUS
Sayuran brokoli terlalu gosong kecoklatan dari kompor main stove - noted dalam daily waste report,OVERCOOKED
Ayam grilled mengalami kekuatan tekstur berubah keras saat setelah oven baking. Harus wajib segera dibuang sesuai SOP,OVERCOOKED
Rice bowl mengalami tersentuh paper towel kotor saat at garnish station. Harus wajib segera dibuang sesuai SOP,CONTAMINATED
Batang seledri over-trimmed during prep pada cutting board - harus dibuatkan waste log entry,PREP_WASTE
Rice bowl mengalami tercampur cleaning chemical spray saat during food assembly. Harus disposal required immediately,CONTAMINATED
Sayuran brokoli kekuatan tekstur berubah keras dari kompor main stove - wajib segera dibuang sesuai SOP,OVERCOOKED
